drugbank_id	inchikey	inchikey14
DB00006	OIRCOABEOLEUMC-GEJPAHFPSA-N	OIRCOABEOLEUMC
DB00007	GFIJNRVAKGFPGQ-LIJARHBVSA-N	GFIJNRVAKGFPGQ
DB00014	BLCLNMBMMGCOAS-URPVMXJPSA-N	BLCLNMBMMGCOAS
DB00027	NDAYQJDHGXTBJL-MWWSRJDJSA-N	NDAYQJDHGXTBJL
DB00035	NFLWUMRGJYTJIN-PNIOQBSNSA-N	NFLWUMRGJYTJIN
DB00050	SBNPWPIBESPSIF-MHWMIDJBSA-N	SBNPWPIBESPSIF
DB00067	KBZOIRJILGZLEJ-UHFFFAOYSA-N	KBZOIRJILGZLEJ
DB00080	DOAKLVKFURWEDJ-QCMAZARJSA-N	DOAKLVKFURWEDJ
DB00091	PMATZTZNYRCHOR-CGLBZJNRSA-N	PMATZTZNYRCHOR
DB00093	SFKQVVDKFKYTNA-DZCXQCEKSA-N	SFKQVVDKFKYTNA
DB00104	DEQANNDTNATYII-OULOTJBUSA-N	DEQANNDTNATYII
DB00106	AIWRTTMUVOZGPW-HSPKUQOVSA-N	AIWRTTMUVOZGPW
DB00114	NGVDGCNFYWLIFO-UHFFFAOYSA-N	NGVDGCNFYWLIFO
DB00115	RHYVGCKRBKDRDX-RQJMMSBLSA-L	RHYVGCKRBKDRDX
DB00116	MSTNYGQPCMXVAQ-KIYNQFGBSA-N	MSTNYGQPCMXVAQ
DB00117	HNDVDQJCIGZPNO-YFKPBYRVSA-N	HNDVDQJCIGZPNO
DB00118	MEFKEPWMEQBLKI-AIRLBKTGSA-N	MEFKEPWMEQBLKI
DB00119	LCTONWCANYUPML-UHFFFAOYSA-N	LCTONWCANYUPML
DB00120	COLNVLDHVKWLRT-QMMMGPOBSA-N	COLNVLDHVKWLRT
DB00121	YBJHBAHKTGYVGT-ZKWXMUAHSA-N	YBJHBAHKTGYVGT
DB00122	OEYIOHPDSNJKLS-UHFFFAOYSA-N	OEYIOHPDSNJKLS
DB00123	KDXKERNSBIXSRK-YFKPBYRVSA-N	KDXKERNSBIXSRK
DB00125	ODKSFYDXXFIFQN-BYPYZUCNSA-N	ODKSFYDXXFIFQN
DB00126	CIWBSHSKHKDKBQ-JLAZNSOCSA-N	CIWBSHSKHKDKBQ
DB00127	PFNFFQXMRSDOHW-UHFFFAOYSA-N	PFNFFQXMRSDOHW
DB00128	CKLJMWTZIZZHCS-REOHCLBHSA-N	CKLJMWTZIZZHCS
DB00129	AHLPHDHHMVZTML-BYPYZUCNSA-N	AHLPHDHHMVZTML
DB00130	ZDXPYRJPNDTMRX-VKHMYHEASA-N	ZDXPYRJPNDTMRX
DB00131	UDMBCSSLTHHNCD-KQYNXXCUSA-N	UDMBCSSLTHHNCD
DB00132	DTOSIQBPPRVQHS-PDBXOOCHSA-N	DTOSIQBPPRVQHS
DB00133	MTCFGRXMJLQNBG-REOHCLBHSA-N	MTCFGRXMJLQNBG
DB00134	FFEARJCKVFRZRR-BYPYZUCNSA-N	FFEARJCKVFRZRR
DB00135	OUYCCCASQSFEME-QMMMGPOBSA-N	OUYCCCASQSFEME
DB00136	GMRQFYUYWCNGIN-NKMMMXOESA-N	GMRQFYUYWCNGIN
DB00137	KBPHJBAIARWVSC-RGZFRNHPSA-N	KBPHJBAIARWVSC
DB00138	LEVWYRKDKASIDU-IMJSIDKUSA-N	LEVWYRKDKASIDU
DB00139	KDYFGRWQOYBRFD-UHFFFAOYSA-N	KDYFGRWQOYBRFD
DB00140	AUNGANRZJHBGPY-SCRDCRAPSA-N	AUNGANRZJHBGPY
DB00141	MBLBDJOUHNCFQT-LXGUWJNJSA-N	MBLBDJOUHNCFQT
DB00142	WHUUTDBJXJRKMK-VKHMYHEASA-N	WHUUTDBJXJRKMK
DB00143	RWSXRVCMGQZWBV-WDSKDSINSA-N	RWSXRVCMGQZWBV
DB00144	UNJJBGNPUUVVFQ-ZJUUUORDSA-N	UNJJBGNPUUVVFQ
DB00145	DHMQDGOQFOQNFH-UHFFFAOYSA-N	DHMQDGOQFOQNFH
DB00146	JWUBBDSIWDLEOM-DTOXIADCSA-N	JWUBBDSIWDLEOM
DB00147	RADKZDMFGJYCBB-UHFFFAOYSA-N	RADKZDMFGJYCBB
DB00148	CVSVTCORWBXHQV-UHFFFAOYSA-N	CVSVTCORWBXHQV
DB00149	ROHFNLRQFUQHCH-YFKPBYRVSA-N	ROHFNLRQFUQHCH
DB00150	QIVBCDIJIAJPQS-VIFPVBQESA-N	QIVBCDIJIAJPQS
DB00151	XUJNEKJLAYXESH-REOHCLBHSA-N	XUJNEKJLAYXESH
DB00152	JZRWCGZRTZMZEH-UHFFFAOYSA-N	JZRWCGZRTZMZEH
DB00153	MECHNRXZTMCUDQ-RKHKHRCZSA-N	MECHNRXZTMCUDQ
DB00154	HOBAELRKJCKHQD-QNEBEIHSSA-N	HOBAELRKJCKHQD
DB00155	RHGKLRLOHDJJDR-BYPYZUCNSA-N	RHGKLRLOHDJJDR
DB00156	AYFVYJQAPQTCCC-GBXIJSLDSA-N	AYFVYJQAPQTCCC
DB00157	BOPGDPNILDQYTO-NNYOXOHSSA-N	BOPGDPNILDQYTO
DB00158	OVBPIULPVIDEAO-LBPRGKRZSA-N	OVBPIULPVIDEAO
DB00159	JAZBEHYOTPTENJ-JLNKQSITSA-N	JAZBEHYOTPTENJ
DB00160	QNAYBMKLOCPYGJ-REOHCLBHSA-N	QNAYBMKLOCPYGJ
DB00161	KZSNJWFQEVHDMF-BYPYZUCNSA-N	KZSNJWFQEVHDMF
DB00162	FPIPGXGPPPQFEQ-OVSJKPMPSA-N	FPIPGXGPPPQFEQ
DB00163	GVJHHUAWPYXKBD-IEOSBIPESA-N	GVJHHUAWPYXKBD
DB00165	LXNHXLLTXMVWPM-UHFFFAOYSA-N	LXNHXLLTXMVWPM
DB00166	AGBQKNBQESQNJD-SSDOTTSWSA-N	AGBQKNBQESQNJD
DB00167	AGPKZVBTJJNPAG-WHFBIAKZSA-N	AGPKZVBTJJNPAG
DB00168	IAOZJIPTCAWIRG-QWRGUYRKSA-N	IAOZJIPTCAWIRG
DB00169	QYSXJUFSXHHAJI-YRZJJWOYSA-N	QYSXJUFSXHHAJI
DB00170	MJVAVZPDRWSRRC-UHFFFAOYSA-N	MJVAVZPDRWSRRC
DB00171	ZKHQWZAMYRWXGA-KQYNXXCUSA-N	ZKHQWZAMYRWXGA
DB00172	ONIBWKKTOPOVIA-BYPYZUCNSA-N	ONIBWKKTOPOVIA
DB00173	GFFGJBXGBJISGV-UHFFFAOYSA-N	GFFGJBXGBJISGV
DB00174	DCXYFEDJOCDNAF-REOHCLBHSA-N	DCXYFEDJOCDNAF
DB00175	TUZYXOIXSAXUGO-PZAWKZKUSA-N	TUZYXOIXSAXUGO
DB00176	CJOFXWAVKWHTFT-XSFVSMFZSA-N	CJOFXWAVKWHTFT
DB00177	ACWBQPMHZXGDFX-QFIPXVFZSA-N	ACWBQPMHZXGDFX
DB00178	HDACQVRGBOVJII-JBDAPHQKSA-N	HDACQVRGBOVJII
DB00179	HCZKYJDFEPMADG-TXEJJXNPSA-N	HCZKYJDFEPMADG
DB00180	XSFJVAJPIHIPKU-XWCQMRHXSA-N	XSFJVAJPIHIPKU
DB00181	KPYSYYIEGFHWSV-UHFFFAOYSA-N	KPYSYYIEGFHWSV
DB00182	KWTSXDURSIMDCE-UHFFFAOYSA-N	KWTSXDURSIMDCE
DB00183	NEYNJQRKHLUJRU-DZUOILHNSA-N	NEYNJQRKHLUJRU
DB00184	SNICXCGAKADSCV-JTQLQIEISA-N	SNICXCGAKADSCV
DB00185	WUTYZMFRCNBCHQ-LHIURRSHSA-N	WUTYZMFRCNBCHQ
DB00186	DIWRORZWFLOCLC-UHFFFAOYSA-N	DIWRORZWFLOCLC
DB00187	AQNDDEOPVVGCPG-UHFFFAOYSA-N	AQNDDEOPVVGCPG
DB00188	GXJABQQUPOEUTA-RDJZCZTQSA-N	GXJABQQUPOEUTA
DB00189	ZEHYJZXQEQOSON-AATRIKPKSA-N	ZEHYJZXQEQOSON
DB00190	TZFNLOMSOLWIDK-JTQLQIEISA-N	TZFNLOMSOLWIDK
DB00191	DHHVAGZRUROJKS-UHFFFAOYSA-N	DHHVAGZRUROJKS
DB00192	UCEWGESNIULAGX-UHFFFAOYSA-N	UCEWGESNIULAGX
DB00193	TVYLLZQTGLZFBW-ZBFHGGJFSA-N	TVYLLZQTGLZFBW
DB00194	OIRDTQYFTABQOQ-UHTZMRCNSA-N	OIRDTQYFTABQOQ
DB00195	NWIUTZDMDHAVTP-UHFFFAOYSA-N	NWIUTZDMDHAVTP
DB00196	RFHAOTPXVQNOHP-UHFFFAOYSA-N	RFHAOTPXVQNOHP
DB00197	GXPHKUHSUJUWKP-UHFFFAOYSA-N	GXPHKUHSUJUWKP
DB00198	VSZGPKBBMSAYNT-RRFJBIMHSA-N	VSZGPKBBMSAYNT
DB00199	ULGZDMOVFRHVEP-RWJQBGPGSA-N	ULGZDMOVFRHVEP
DB00200	RHYVGCKRBKDRDX-RQJMMSBLSA-L	RHYVGCKRBKDRDX
DB00201	RYYVLZVUVIJVGH-UHFFFAOYSA-N	RYYVLZVUVIJVGH
DB00202	AXOIZCJOOAYSMI-UHFFFAOYSA-N	AXOIZCJOOAYSMI
DB00203	BNRNXUUZRGQAQC-UHFFFAOYSA-N	BNRNXUUZRGQAQC
DB00204	IXTMWRCNAAVVAI-UHFFFAOYSA-N	IXTMWRCNAAVVAI
DB00205	WKSAUQYGYAYLPV-UHFFFAOYSA-N	WKSAUQYGYAYLPV
DB00206	QEVHRUUCFGRFIF-MDEJGZGSSA-N	QEVHRUUCFGRFIF
DB00207	MQTOSJVFKKJCRP-BICOPXKESA-N	MQTOSJVFKKJCRP
DB00208	PHWBOXQYWZNQIN-UHFFFAOYSA-N	PHWBOXQYWZNQIN
DB00209	OYYDSUSKLWTMMQ-AIZNXBIQSA-N	OYYDSUSKLWTMMQ
DB00210	LZCDAPDGXCYOEH-UHFFFAOYSA-N	LZCDAPDGXCYOEH
DB00211	PTKSEFOSCHHMPD-UHFFFAOYSA-N	PTKSEFOSCHHMPD
DB00212	UXIGZRQVLGFTOU-VQXQMPIVSA-N	UXIGZRQVLGFTOU
DB00213	IQPSEEYGBUAQFF-UHFFFAOYSA-N	IQPSEEYGBUAQFF
DB00214	NGBFQHCMQULJNZ-UHFFFAOYSA-N	NGBFQHCMQULJNZ
DB00215	WSEQXVZVJXJVFP-UHFFFAOYSA-N	WSEQXVZVJXJVFP
DB00216	PWVXXGRKLHYWKM-LJQANCHMSA-N	PWVXXGRKLHYWKM
DB00217	NIVZHWNOUVJHKV-UHFFFAOYSA-N	NIVZHWNOUVJHKV
DB00218	FABPRXSRWADJSP-MEDUHNTESA-N	FABPRXSRWADJSP
DB00219	GFRUPHOKLBPHTQ-UHFFFAOYSA-N	GFRUPHOKLBPHTQ
DB00220	QAGYKUNXZHXKMR-HKWSIXNMSA-N	QAGYKUNXZHXKMR
DB00221	HUYWAWARQUIQLE-UHFFFAOYSA-N	HUYWAWARQUIQLE
DB00222	WIGIZIANZCJQQY-UHFFFAOYSA-N	WIGIZIANZCJQQY
DB00223	WXURHACBFYSXBI-XHIJKXOTSA-N	WXURHACBFYSXBI
DB00224	CBVCZFGXHXORBI-PXQQMZJSSA-N	CBVCZFGXHXORBI
DB00225	RZESKRXOCXWCFX-UHFFFAOYSA-K	RZESKRXOCXWCFX
DB00226	HPBNRIOWIXYZFK-UHFFFAOYSA-N	HPBNRIOWIXYZFK
DB00227	PCZOHLXUXFIOCF-BXMDZJJMSA-N	PCZOHLXUXFIOCF
DB00228	JPGQOUSTVILISH-UHFFFAOYSA-N	JPGQOUSTVILISH
DB00229	QYQDKDWGWDOFFU-IUODEOHRSA-N	QYQDKDWGWDOFFU
DB00230	AYXYPKUFHZROOJ-ZETCQYMHSA-N	AYXYPKUFHZROOJ
DB00231	SEQDDYPDSLOBDC-UHFFFAOYSA-N	SEQDDYPDSLOBDC
DB00232	CESYKOGBSMNBPD-UHFFFAOYSA-N	CESYKOGBSMNBPD
DB00233	WUBBRNOQWQTFEX-UHFFFAOYSA-N	WUBBRNOQWQTFEX
DB00234	CBQGYUDMJHNJBX-RTBURBONSA-N	CBQGYUDMJHNJBX
DB00235	PZRHRDRVRGEVNW-UHFFFAOYSA-N	PZRHRDRVRGEVNW
DB00236	NJBFOOCLYDNZJN-UHFFFAOYSA-N	NJBFOOCLYDNZJN
DB00237	ZRIHAIZYIMGOAB-UHFFFAOYSA-N	ZRIHAIZYIMGOAB
DB00238	NQDJXKOVJZTUJA-UHFFFAOYSA-N	NQDJXKOVJZTUJA
DB00239	QRJJEGAJXVEBNE-HKOYGPOVSA-N	QRJJEGAJXVEBNE
DB00240	FJXOGVLKCZQRDN-PHCHRAKRSA-N	FJXOGVLKCZQRDN
DB00241	UZVHFVZFNXBMQJ-UHFFFAOYSA-N	UZVHFVZFNXBMQJ
DB00242	PTOAARAWEBMLNO-KVQBGUIXSA-N	PTOAARAWEBMLNO
DB00243	XKLMZUWKNUAPSZ-UHFFFAOYSA-N	XKLMZUWKNUAPSZ
DB00244	KBOPZPXVLCULAV-UHFFFAOYSA-N	KBOPZPXVLCULAV
DB00245	GIJXKZJWITVLHI-YOFSQIOKSA-N	GIJXKZJWITVLHI
DB00246	MVWVFYHBGMAFLY-UHFFFAOYSA-N	MVWVFYHBGMAFLY
DB00247	KPJZHOPZRAFDTN-NQUBZZJWSA-N	KPJZHOPZRAFDTN
DB00248	KORNTPPJEAJQIU-KJXAQDMKSA-N	KORNTPPJEAJQIU
DB00249	XQFRJNBWHJMXHO-RRKCRQDMSA-N	XQFRJNBWHJMXHO
DB00250	MQJKPEGWNLWLTK-UHFFFAOYSA-N	MQJKPEGWNLWLTK
DB00251	BLSQLHNBWJLIBQ-OZXSUGGESA-N	BLSQLHNBWJLIBQ
DB00252	CXOFVDLJLONNDW-UHFFFAOYSA-N	CXOFVDLJLONNDW
DB00253	GZENKSODFLBBHQ-ILSZZQPISA-N	GZENKSODFLBBHQ
DB00254	SGKRLCUYIXIAHR-AKNGSSGZSA-N	SGKRLCUYIXIAHR
DB00255	RGLYKWWBQGJZGM-ISLYRVAYSA-N	RGLYKWWBQGJZGM
DB00256	PZTCVADFMACKLU-UEPZRUIBSA-N	PZTCVADFMACKLU
DB00257	VNFPBHJOKIVQEB-UHFFFAOYSA-N	VNFPBHJOKIVQEB
DB00258	QTBSBXVTEAMEQO-UHFFFAOYSA-M	QTBSBXVTEAMEQO
DB00259	FDDDEECHVMSUSB-UHFFFAOYSA-N	FDDDEECHVMSUSB
DB00260	DYDCUQKUCUHJBH-UWTATZPHSA-N	DYDCUQKUCUHJBH
DB00261	OTBXOEAOVRKTNQ-UHFFFAOYSA-N	OTBXOEAOVRKTNQ
DB00262	DLGOEMSEDOSKAD-UHFFFAOYSA-N	DLGOEMSEDOSKAD
DB00263	NHUHCSRWZMLRLA-UHFFFAOYSA-N	NHUHCSRWZMLRLA
DB00264	IUBSYMUCCVWXPE-UHFFFAOYSA-N	IUBSYMUCCVWXPE
DB00265	DNTGGZPQPQTDQF-UHFFFAOYSA-N	DNTGGZPQPQTDQF
DB00266	DOBMPNYZJYQDGZ-UHFFFAOYSA-N	DOBMPNYZJYQDGZ
DB00267	HJJDBAOLQAWBMH-YCRCPZNHSA-N	HJJDBAOLQAWBMH
DB00268	UHSKFQJFRQCDBE-UHFFFAOYSA-N	UHSKFQJFRQCDBE
DB00269	BFPSDSIWYFKGBC-UHFFFAOYSA-N	BFPSDSIWYFKGBC
DB00270	HMJIYCCIJYRONP-UHFFFAOYSA-N	HMJIYCCIJYRONP
DB00271	YVPYQUNUQOZFHG-UHFFFAOYSA-N	YVPYQUNUQOZFHG
DB00272	JXDFEQONERDKSS-UHFFFAOYSA-N	JXDFEQONERDKSS
DB00273	KJADKKWYZYXHBB-XBWDGYHZSA-N	KJADKKWYZYXHBB
DB00274	SNBUBQHDYVFSQF-HIFRSBDPSA-N	SNBUBQHDYVFSQF
DB00275	VTRAEEWXHOVJFV-UHFFFAOYSA-N	VTRAEEWXHOVJFV
DB00276	XCPGHVQEEXUHNC-UHFFFAOYSA-N	XCPGHVQEEXUHNC
DB00277	ZFXYFBGIUFBOJW-UHFFFAOYSA-N	ZFXYFBGIUFBOJW
DB00278	KXNPVXPOPUZYGB-IOVMHBDKSA-N	KXNPVXPOPUZYGB
DB00279	AUYYCJSJGJYCDS-LBPRGKRZSA-N	AUYYCJSJGJYCDS
DB00280	UVTNFZQICZKOEM-UHFFFAOYSA-N	UVTNFZQICZKOEM
DB00281	NNJVILVZKWQKPM-UHFFFAOYSA-N	NNJVILVZKWQKPM
DB00282	WRUUGTRCQOWXEG-UHFFFAOYSA-N	WRUUGTRCQOWXEG
DB00283	YNNUSGIPVFPVBX-NHCUHLMSSA-N	YNNUSGIPVFPVBX
DB00284	CEMXHAPUFJOOSV-XGWNLRGSSA-N	CEMXHAPUFJOOSV
DB00285	PNVNVHUZROJLTJ-UHFFFAOYSA-N	PNVNVHUZROJLTJ
DB00287	MKPLKVHSHYCHOC-AHTXBMBWSA-N	MKPLKVHSHYCHOC
DB00288	ILKJAFIWWBXGDU-MOGDOJJUSA-N	ILKJAFIWWBXGDU
DB00289	VHGCDTVCOLNTBX-QGZVFWFLSA-N	VHGCDTVCOLNTBX
DB00290	OYVAGSVQBOHSSS-WXFSZRTFSA-O	OYVAGSVQBOHSSS
DB00291	JCKYGMPEJWAADB-UHFFFAOYSA-N	JCKYGMPEJWAADB
DB00292	NPUKDXXFDDZOKR-LLVKDONJSA-N	NPUKDXXFDDZOKR
DB00293	IVTVGDXNLFLDRM-HNNXBMFYSA-N	IVTVGDXNLFLDRM
DB00294	GCKFUYQCUCGESZ-BPIQYHPVSA-N	GCKFUYQCUCGESZ
DB00295	BQJCRHHNABKAKU-KBQPJGBKSA-N	BQJCRHHNABKAKU
DB00296	ZKMNUMMKYBVTFN-HNNXBMFYSA-N	ZKMNUMMKYBVTFN
DB00297	LEBVLXFERQHONN-UHFFFAOYSA-N	LEBVLXFERQHONN
DB00298	RFWZESUMWJKKRN-UHFFFAOYSA-N	RFWZESUMWJKKRN
DB00299	JNTOCHDNEULJHD-UHFFFAOYSA-N	JNTOCHDNEULJHD
DB00300	JFVZFKDSXNQEJW-CQSZACIVSA-N	JFVZFKDSXNQEJW
DB00301	UIOFUWFRIANQPC-JKIFEVAISA-N	UIOFUWFRIANQPC
DB00302	GYDJEQRTZSCIOI-UHFFFAOYSA-N	GYDJEQRTZSCIOI
DB00303	JUZNIMUFDBIJCM-ANEDZVCMSA-N	JUZNIMUFDBIJCM
DB00304	RPLCPCMSCLEKRS-BPIQYHPVSA-N	RPLCPCMSCLEKRS
DB00305	NWIBSHFKIJFRCO-WUDYKRTCSA-N	NWIBSHFKIJFRCO
DB00306	BJVVMKUXKQHWJK-UHFFFAOYSA-N	BJVVMKUXKQHWJK
DB00307	NAVMQTYZDKMPEU-UHFFFAOYSA-N	NAVMQTYZDKMPEU
DB00308	ALOBUEHUHMBRLE-UHFFFAOYSA-N	ALOBUEHUHMBRLE
DB00309	HHJUWIANJFBDHT-ZVTSDNJWSA-N	HHJUWIANJFBDHT
DB00310	JIVPVXMEBJLZRO-UHFFFAOYSA-N	JIVPVXMEBJLZRO
DB00311	OUZWUKMCLIBBOG-UHFFFAOYSA-N	OUZWUKMCLIBBOG
DB00312	WEXRUCMBJFQVBZ-UHFFFAOYSA-N	WEXRUCMBJFQVBZ
DB00313	NIJJYAXOARWZEE-UHFFFAOYSA-N	NIJJYAXOARWZEE
DB00314	JNIIDKODPGHQSS-MCKTVZHLSA-N	JNIIDKODPGHQSS
DB00315	ULSDMUVEXKOYBU-ZDUSSCGKSA-N	ULSDMUVEXKOYBU
DB00316	RZVAJINKPMORJF-UHFFFAOYSA-N	RZVAJINKPMORJF
DB00317	XGALLCVXEZPNRQ-UHFFFAOYSA-N	XGALLCVXEZPNRQ
DB00318	OROGSEYTTFOCAN-DNJOTXNNSA-N	OROGSEYTTFOCAN
DB00319	IVBHGBMCVLDMKU-GXNBUGAJSA-N	IVBHGBMCVLDMKU
DB00320	LUZRJRNZXALNLM-JGRZULCMSA-N	LUZRJRNZXALNLM
DB00321	KRMDCWKBEZIMAB-UHFFFAOYSA-N	KRMDCWKBEZIMAB
DB00322	ODKNJVUHOIMIIZ-RRKCRQDMSA-N	ODKNJVUHOIMIIZ
DB00323	MIQPIUSUKVNLNT-UHFFFAOYSA-N	MIQPIUSUKVNLNT
DB00324	FAOZLTXFLGPHNG-KNAQIMQKSA-N	FAOZLTXFLGPHNG
DB00325	XFXPMWWXUTWYJX-UHFFFAOYSA-N	XFXPMWWXUTWYJX
DB00326	KWMLJOLKUYYJFJ-GASJEMHNSA-M	KWMLJOLKUYYJFJ
DB00327	WVLOADHCBXTIJK-YNHQPCIGSA-N	WVLOADHCBXTIJK
DB00328	CGIGDMFJXJATDK-UHFFFAOYSA-N	CGIGDMFJXJATDK
DB00330	AEUTYOVWOVBAKS-UWVGGRQHSA-N	AEUTYOVWOVBAKS
DB00331	XZWYZXLIPXDOLR-UHFFFAOYSA-N	XZWYZXLIPXDOLR
DB00332	OEXHQOGQTVQTAT-BZQJJPTISA-N	OEXHQOGQTVQTAT
DB00333	USSIQXCVUWKGNF-UHFFFAOYSA-N	USSIQXCVUWKGNF
DB00334	KVWDHTXUZHCGIO-UHFFFAOYSA-N	KVWDHTXUZHCGIO
DB00335	METKIMKYRPQLGS-UHFFFAOYSA-N	METKIMKYRPQLGS
DB00336	IAIWVQXQOWNYOU-FPYGCLRLSA-N	IAIWVQXQOWNYOU
DB00337	KASDHRXLYQOAKZ-XDSKOBMDSA-N	KASDHRXLYQOAKZ
DB00338	SUBDBMMJDZJVOS-UHFFFAOYSA-N	SUBDBMMJDZJVOS
DB00339	IPEHBUMCGVEMRF-UHFFFAOYSA-N	IPEHBUMCGVEMRF
DB00340	MJFJKKXQDNNUJF-UHFFFAOYSA-N	MJFJKKXQDNNUJF
DB00341	ZKLPARSLTMPFCP-UHFFFAOYSA-N	ZKLPARSLTMPFCP
DB00342	GUGOEEXESWIERI-UHFFFAOYSA-N	GUGOEEXESWIERI
DB00343	HSUGRBWQSSZJOP-RTWAWAEBSA-N	HSUGRBWQSSZJOP
DB00344	BWPIARFWQZKAIA-UHFFFAOYSA-N	BWPIARFWQZKAIA
DB00345	HSMNQINEKMPTIC-UHFFFAOYSA-N	HSMNQINEKMPTIC
DB00346	WNMJYKCGWZFFKR-UHFFFAOYSA-N	WNMJYKCGWZFFKR
DB00347	IRYJRGCIQBGHIV-UHFFFAOYSA-N	IRYJRGCIQBGHIV
DB00348	OUBCNLGXQFSTLU-UHFFFAOYSA-N	OUBCNLGXQFSTLU
DB00349	CXOXHMZGEKVPMT-UHFFFAOYSA-N	CXOXHMZGEKVPMT
DB00350	ZIMGGGWCDYVHOY-UHFFFAOYSA-N	ZIMGGGWCDYVHOY
DB00351	RQZAXGRLVPAYTJ-GQFGMJRRSA-N	RQZAXGRLVPAYTJ
DB00352	WYWHKKSPHMUBEB-UHFFFAOYSA-N	WYWHKKSPHMUBEB
DB00353	UNBRKDKAWYKMIV-QWQRMKEZSA-N	UNBRKDKAWYKMIV
DB00354	MOYGZHXDRJNJEP-UHFFFAOYSA-N	MOYGZHXDRJNJEP
DB00355	WZPBZJONDBGPKJ-VEHQQRBSSA-N	WZPBZJONDBGPKJ
DB00356	TZFWDZFKRBELIQ-UHFFFAOYSA-N	TZFWDZFKRBELIQ
DB00357	ROBVIMPUHSLWNV-UHFFFAOYSA-N	ROBVIMPUHSLWNV
DB00358	XEEQGYMUWCZPDN-UHFFFAOYSA-N	XEEQGYMUWCZPDN
DB00359	SEEPANYCNGTZFQ-UHFFFAOYSA-N	SEEPANYCNGTZFQ
DB00360	FNKQXYHWGSIFBK-RPDRRWSUSA-N	FNKQXYHWGSIFBK
DB00361	GBABOYUKABKIAF-IELIFDKJSA-N	GBABOYUKABKIAF
DB00362	JHVAMHSQVVQIOT-MFAJLEFUSA-N	JHVAMHSQVVQIOT
DB00363	QZUDBNBUXVUHMW-UHFFFAOYSA-N	QZUDBNBUXVUHMW
DB00364	MPCLXZPBHKCSSN-QRDGSJRXSA-F	MPCLXZPBHKCSSN
DB00365	AIJTTZAVMXIJGM-UHFFFAOYSA-N	AIJTTZAVMXIJGM
DB00366	HCFDWZZGGLSKEP-UHFFFAOYSA-N	HCFDWZZGGLSKEP
DB00367	WWYNJERNGUHSAO-XUDSTZEESA-N	WWYNJERNGUHSAO
DB00368	SFLSHLFXELFNJZ-QMMMGPOBSA-N	SFLSHLFXELFNJZ
DB00369	VWFCHDSQECPREK-LURJTMIESA-N	VWFCHDSQECPREK
DB00370	RONZAEMNMFQXRA-UHFFFAOYSA-N	RONZAEMNMFQXRA
DB00371	NPPQSCRMBWNHMW-UHFFFAOYSA-N	NPPQSCRMBWNHMW
DB00372	XCTYLCDETUVOIP-UHFFFAOYSA-N	XCTYLCDETUVOIP
DB00373	BLJRIMJGRPQVNF-JTQLQIEISA-N	BLJRIMJGRPQVNF
DB00374	PAJMKGZZBBTTOY-ZFORQUDYSA-N	PAJMKGZZBBTTOY
DB00376	HWHLPVGTWGOCJO-UHFFFAOYSA-N	HWHLPVGTWGOCJO
DB00377	CPZBLNMUGSZIPR-NVXWUHKLSA-N	CPZBLNMUGSZIPR
DB00378	JGMOKGBVKVMRFX-HQZYFCCVSA-N	JGMOKGBVKVMRFX
DB00379	VLPIATFUUWWMKC-UHFFFAOYSA-N	VLPIATFUUWWMKC
DB00380	BMKDZUISNHGIBY-ZETCQYMHSA-N	BMKDZUISNHGIBY
DB00381	HTIQEAQVCYTUBX-UHFFFAOYSA-N	HTIQEAQVCYTUBX
DB00382	YLJREFDVOIBQDA-UHFFFAOYSA-N	YLJREFDVOIBQDA
DB00383	DUDKAZCAISNGQN-UHFFFAOYSA-N	DUDKAZCAISNGQN
DB00384	FNYLWPVRPXGIIP-UHFFFAOYSA-N	FNYLWPVRPXGIIP
DB00385	ZOCKGBMQLCSHFP-KQRAQHLDSA-N	ZOCKGBMQLCSHFP
DB00387	WYDUSKDSKCASEF-UHFFFAOYSA-N	WYDUSKDSKCASEF
DB00388	SONNWYBIRXJNDC-VIFPVBQESA-N	SONNWYBIRXJNDC
DB00389	CFOYWRHIYXMDOT-UHFFFAOYSA-N	CFOYWRHIYXMDOT
DB00390	LTMHDMANZUZIPE-PUGKRICDSA-N	LTMHDMANZUZIPE
DB00391	BGRJTUBHPOOWDU-UHFFFAOYSA-N	BGRJTUBHPOOWDU
DB00392	CDOZDBSBBXSXLB-UHFFFAOYSA-N	CDOZDBSBBXSXLB
DB00393	UIAGMCDKSXEBJQ-UHFFFAOYSA-N	UIAGMCDKSXEBJQ
DB00394	KUVIULQEHSCUHY-XYWKZLDCSA-N	KUVIULQEHSCUHY
DB00395	OFZCIYFFPZCNJE-UHFFFAOYSA-N	OFZCIYFFPZCNJE
DB00396	RJKFOVLPORLFTN-LEKSSAKUSA-N	RJKFOVLPORLFTN
DB00397	DLNKOYKMWOXYQA-CBAPKCEASA-N	DLNKOYKMWOXYQA
DB00398	MLDQJTXFUGDVEO-UHFFFAOYSA-N	MLDQJTXFUGDVEO
DB00399	XRASPMIURGNCCH-UHFFFAOYSA-N	XRASPMIURGNCCH
DB00400	DDUHZTYCFQRHIY-RBHXEPJQSA-N	DDUHZTYCFQRHIY
DB00401	VKQFCGNPDRICFG-UHFFFAOYSA-N	VKQFCGNPDRICFG
DB00402	GBBSUAFBMRNDJC-INIZCTEOSA-N	GBBSUAFBMRNDJC
DB00403	YRALAIOMGQZKOW-HYAOXDFASA-N	YRALAIOMGQZKOW
DB00404	VREFGVBLTWBCJP-UHFFFAOYSA-N	VREFGVBLTWBCJP
DB00405	ZDIGNSYAACHWNL-HNNXBMFYSA-N	ZDIGNSYAACHWNL
DB00406	LGLFFNDHMLKUMI-UHFFFAOYSA-N	LGLFFNDHMLKUMI
DB00408	XJGVXQDUIWGIRW-UHFFFAOYSA-N	XJGVXQDUIWGIRW
DB00409	GUJRSXAPGDDABA-NSHDSACASA-N	GUJRSXAPGDDABA
DB00410	MINDHVHHQZYEEK-HBBNESRFSA-N	MINDHVHHQZYEEK
DB00411	VPJXQGSRWJZDOB-UHFFFAOYSA-O	VPJXQGSRWJZDOB
DB00412	YASAKCUCGLMORW-UHFFFAOYSA-N	YASAKCUCGLMORW
DB00413	FASDKYOPVNHBLU-ZETCQYMHSA-N	FASDKYOPVNHBLU
DB00414	VGZSUPCWNCWDAN-UHFFFAOYSA-N	VGZSUPCWNCWDAN
DB00415	AVKUERGKIZMTKX-NJBDSQKTSA-N	AVKUERGKIZMTKX
DB00416	JFXBEKISTKFVAB-AJQTZOPKSA-N	JFXBEKISTKFVAB
DB00417	BPLBGHOLXOTWMN-MBNYWOFBSA-N	BPLBGHOLXOTWMN
DB00418	KQPKPCNLIDLUMF-UHFFFAOYSA-N	KQPKPCNLIDLUMF
DB00419	UQRORFVVSGFNRO-UTINFBMNSA-N	UQRORFVVSGFNRO
DB00420	ZGUGWUXLJSTTMA-UHFFFAOYSA-N	ZGUGWUXLJSTTMA
DB00421	LXMSZDCAJNLERA-ZHYRCANASA-N	LXMSZDCAJNLERA
DB00422	DUGOZIWVEXMGBE-UHFFFAOYSA-N	DUGOZIWVEXMGBE
DB00423	GNXFOGHNGIVQEH-UHFFFAOYSA-N	GNXFOGHNGIVQEH
DB00424	RKUNBYITZUJHSG-VFSICIBPSA-N	RKUNBYITZUJHSG
DB00425	ZAFYATHCZYHLPB-UHFFFAOYSA-N	ZAFYATHCZYHLPB
DB00426	GGXKWVWZWMLJEH-UHFFFAOYSA-N	GGXKWVWZWMLJEH
DB00427	CBEQULMOCCWAQT-WOJGMQOQSA-N	CBEQULMOCCWAQT
DB00428	ZSJLQEPLLKMAKR-GKHCUFPYSA-N	ZSJLQEPLLKMAKR
DB00429	DLJKPYFALUEJCK-WJDSMEDOSA-M	DLJKPYFALUEJCK
DB00430	PWAUCHMQEXVFJR-PMAPCBKXSA-N	PWAUCHMQEXVFJR
DB00431	JLYXXMFPNIAWKQ-UHFFFAOYSA-N	JLYXXMFPNIAWKQ
DB00432	VSQQQLOSPVPRAZ-RRKCRQDMSA-N	VSQQQLOSPVPRAZ
DB00433	WIKYUJGCLQQFNW-UHFFFAOYSA-N	WIKYUJGCLQQFNW
DB00434	JJCFRYNCJDLXIK-UHFFFAOYSA-N	JJCFRYNCJDLXIK
DB00435	MWUXSHHQAYIFBG-UHFFFAOYSA-N	MWUXSHHQAYIFBG
DB00436	HDWIHXWEUNVBIY-UHFFFAOYSA-N	HDWIHXWEUNVBIY
DB00437	OFCNXPDARWKPPY-UHFFFAOYSA-N	OFCNXPDARWKPPY
DB00438	ORFOPKXBNMVMKC-DWVKKRMSSA-N	ORFOPKXBNMVMKC
DB00439	SEERZIQQUAZTOL-ANMDKAQQSA-N	SEERZIQQUAZTOL
DB00440	IEDVJHCEMCRBQM-UHFFFAOYSA-N	IEDVJHCEMCRBQM
DB00441	SDUQYLNIPVEERB-QPPQHZFASA-N	SDUQYLNIPVEERB
DB00442	QDGZDCVAUDNJFG-FXQIFTODSA-N	QDGZDCVAUDNJFG
DB00443	UREBDLICKHMUKA-DVTGEIKXSA-N	UREBDLICKHMUKA
DB00444	NRUKOCRGYNPUPR-QBPJDGROSA-N	NRUKOCRGYNPUPR
DB00445	AOJJSUZBOXZQNB-VTZDEGQISA-N	AOJJSUZBOXZQNB
DB00446	WIIZWVCIJKGZOK-RKDXNWHRSA-N	WIIZWVCIJKGZOK
DB00447	JAPHQRWPEGVNBT-UTUOFQBUSA-N	JAPHQRWPEGVNBT
DB00448	MJIHNNLFOKEZEW-UHFFFAOYSA-N	MJIHNNLFOKEZEW
DB00449	OCUJLLGVOUDECM-UHFFFAOYSA-N	OCUJLLGVOUDECM
DB00450	RMEDXOLNCUSCGS-UHFFFAOYSA-N	RMEDXOLNCUSCGS
DB00451	XUIIKFGFIJCVMT-LBPRGKRZSA-N	XUIIKFGFIJCVMT
DB00452	PGBHMTALBVVCIT-VCIWKGPPSA-N	PGBHMTALBVVCIT
DB00453	BXTHDFJCJQJHKD-KMVLDZISSA-N	BXTHDFJCJQJHKD
DB00454	XADCESSVHJOZHK-UHFFFAOYSA-N	XADCESSVHJOZHK
DB00455	JCCNYMKQOSZNPW-UHFFFAOYSA-N	JCCNYMKQOSZNPW
DB00456	XIURVHNZVLADCM-IUODEOHRSA-N	XIURVHNZVLADCM
DB00457	IENZQIKPVFGBNW-UHFFFAOYSA-N	IENZQIKPVFGBNW
DB00458	BCGWQEUPMDMJNV-UHFFFAOYSA-N	BCGWQEUPMDMJNV
DB00459	IHUNBGSDBOWDMA-AQFIFDHZSA-N	IHUNBGSDBOWDMA
DB00460	YTZALCGQUPRCGW-ZSFNYQMMSA-N	YTZALCGQUPRCGW
DB00461	BLXXJMDCKKHMKV-UHFFFAOYSA-N	BLXXJMDCKKHMKV
DB00462	LZCOQTDXKCNBEE-SSOILNFBSA-N	LZCOQTDXKCNBEE
DB00463	FWJKNZONDWOGMI-UHFFFAOYSA-N	FWJKNZONDWOGMI
DB00464	GROJOWHVXQYQGN-UHFFFAOYSA-M	GROJOWHVXQYQGN
DB00465	OZWKMVRBQXNZKK-UHFFFAOYSA-N	OZWKMVRBQXNZKK
DB00466	RYEFFICCPKWYML-TZWFEERXSA-N	RYEFFICCPKWYML
DB00467	IDYZIJYBMGIQMJ-UHFFFAOYSA-N	IDYZIJYBMGIQMJ
DB00468	LOUPRKONTZGTKE-WZBLMQSHSA-N	LOUPRKONTZGTKE
DB00469	LZNWYQJJBLGYLT-UHFFFAOYSA-N	LZNWYQJJBLGYLT
DB00470	CYQFCXCEBYINGO-IAGOWNOFSA-N	CYQFCXCEBYINGO
DB00471	UCHDWCPVSPXUMX-TZIWLTJVSA-N	UCHDWCPVSPXUMX
DB00472	RTHCYVBBDHJXIQ-UHFFFAOYSA-N	RTHCYVBBDHJXIQ
DB00473	DKLKMKYDWHYZTD-UHFFFAOYSA-N	DKLKMKYDWHYZTD
DB00474	NZXKDOXHBHYTKP-UHFFFAOYSA-N	NZXKDOXHBHYTKP
DB00475	BUCORZSTKDOEKQ-UHFFFAOYSA-N	BUCORZSTKDOEKQ
DB00476	ZEUITGRIYCTCEM-KRWDZBQOSA-N	ZEUITGRIYCTCEM
DB00477	ZPEIMTDSQAKGNT-UHFFFAOYSA-N	ZPEIMTDSQAKGNT
DB00478	UBCHPRBFMUDMNC-UHFFFAOYSA-N	UBCHPRBFMUDMNC
DB00479	LKCWBDHBTVXHDL-RMDFUYIESA-N	LKCWBDHBTVXHDL
DB00480	GOTYRUGSSMKFNF-UHFFFAOYSA-N	GOTYRUGSSMKFNF
DB00481	GZUITABIAKMVPG-UHFFFAOYSA-N	GZUITABIAKMVPG
DB00482	RZEKVGVHFLEQIL-UHFFFAOYSA-N	RZEKVGVHFLEQIL
DB00483	OZLPUNFFCJDMJD-UHFFFAOYSA-N	OZLPUNFFCJDMJD
DB00484	XYLJNLCSTIOKRM-UHFFFAOYSA-N	XYLJNLCSTIOKRM
DB00485	YFAGHNZHGGCZAX-JKIFEVAISA-N	YFAGHNZHGGCZAX
DB00486	GECBBEABIDMGGL-RTBURBONSA-N	GECBBEABIDMGGL
DB00487	FHFYDNQZQSQIAI-UHFFFAOYSA-N	FHFYDNQZQSQIAI
DB00488	UUVWYPNAQBNQJQ-UHFFFAOYSA-N	UUVWYPNAQBNQJQ
DB00489	ZBMZVLHSJCTVON-UHFFFAOYSA-N	ZBMZVLHSJCTVON
DB00490	QWCRAEMEVRGPNT-UHFFFAOYSA-N	QWCRAEMEVRGPNT
DB00491	IBAQFPQHRJAVAV-ULAWRXDQSA-N	IBAQFPQHRJAVAV
DB00492	BIDNLKIUORFRQP-XYGFDPSESA-N	BIDNLKIUORFRQP
DB00493	GPRBEKHLDVQUJE-QSWIMTSFSA-N	GPRBEKHLDVQUJE
DB00494	JRURYQJSLYLRLN-BJMVGYQFSA-N	JRURYQJSLYLRLN
DB00495	HBOMLICNUCNMMY-XLPZGREQSA-N	HBOMLICNUCNMMY
DB00496	HXGBXQDTNZMWGS-RUZDIDTESA-N	HXGBXQDTNZMWGS
DB00497	BRUQQQPBMZOVGD-XFKAJCMBSA-N	BRUQQQPBMZOVGD
DB00498	NFBAXHOPROOJAW-UHFFFAOYSA-N	NFBAXHOPROOJAW
DB00499	MKXKFYHWDHIYRV-UHFFFAOYSA-N	MKXKFYHWDHIYRV
DB00500	UPSPUYADGBWSHF-UHFFFAOYSA-N	UPSPUYADGBWSHF
DB00501	AQIXAKUUQRKLND-UHFFFAOYSA-N	AQIXAKUUQRKLND
DB00502	LNEPOXFFQSENCJ-UHFFFAOYSA-N	LNEPOXFFQSENCJ
DB00503	NCDNCNXCDXHOMX-XGKFQTDJSA-N	NCDNCNXCDXHOMX
DB00504	OZYUPQUCAUTOBP-QXAKKESOSA-N	OZYUPQUCAUTOBP
DB00505	NPRHVSBSZMAEIN-UHFFFAOYSA-N	NPRHVSBSZMAEIN
DB00507	YQNQNVDNTFHQSW-UHFFFAOYSA-N	YQNQNVDNTFHQSW
DB00508	XSCGXQMFQXDFCW-UHFFFAOYSA-N	XSCGXQMFQXDFCW
DB00509	XUIIKFGFIJCVMT-GFCCVEGCSA-N	XUIIKFGFIJCVMT
DB00511	HPMZBILYSWLILX-UMDUKNJSSA-N	HPMZBILYSWLILX
DB00512	MYPYJXKWCTUITO-LYRMYLQWSA-N	MYPYJXKWCTUITO
DB00513	SLXKOJJOQWFEFD-UHFFFAOYSA-N	SLXKOJJOQWFEFD
DB00514	MKXZASYAUGDDCJ-NJAFHUGGSA-N	MKXZASYAUGDDCJ
DB00515	DLBNRDWREIUHLD-UHFFFAOYSA-L	DLBNRDWREIUHLD
DB00517	XGGHHHBGPSNXFE-UHFFFAOYSA-N	XGGHHHBGPSNXFE
DB00518	HXHWSAZORRCQMX-UHFFFAOYSA-N	HXHWSAZORRCQMX
DB00519	VXFJYXUZANRPDJ-WTNASJBWSA-N	VXFJYXUZANRPDJ
DB00520	JYIKNQVWKBUSNH-QWDBRQCVSA-N	JYIKNQVWKBUSNH
DB00521	LWAFSWPYPHEXKX-UHFFFAOYSA-N	LWAFSWPYPHEXKX
DB00522	SPPTWHFVYKCNNK-FQEVSTJZSA-N	SPPTWHFVYKCNNK
DB00523	SHGAZHPCJJPHSC-ZVCIMWCZSA-N	SHGAZHPCJJPHSC
DB00524	AQCHWTWZEMGIFD-UHFFFAOYSA-N	AQCHWTWZEMGIFD
DB00525	FUSNMLFNXJSCDI-UHFFFAOYSA-N	FUSNMLFNXJSCDI
DB00526	SSJXIUAHEKJCMH-PHDIDXHHSA-N	SSJXIUAHEKJCMH
DB00527	PUFQVTATUTYEAL-UHFFFAOYSA-N	PUFQVTATUTYEAL
DB00528	ZDXUKAKRHYTAKV-UHFFFAOYSA-N	ZDXUKAKRHYTAKV
DB00529	ZJAOAACCNHFJAH-UHFFFAOYSA-N	ZJAOAACCNHFJAH
DB00530	AAKJLRGGTJKAMG-UHFFFAOYSA-N	AAKJLRGGTJKAMG
DB00531	CMSMOCZEIVJLDB-UHFFFAOYSA-N	CMSMOCZEIVJLDB
DB00532	GMHKMTDVRCWUDX-UHFFFAOYSA-N	GMHKMTDVRCWUDX
DB00533	RZJQGNCSTQAWON-UHFFFAOYSA-N	RZJQGNCSTQAWON
DB00534	BJFGVYCULWBXKF-UHFFFAOYSA-M	BJFGVYCULWBXKF
DB00535	RTXOFQZKPXMALH-GHXIOONMSA-N	RTXOFQZKPXMALH
DB00536	ZRALSGWEFCBTJO-UHFFFAOYSA-N	ZRALSGWEFCBTJO
DB00537	MYSWGUAQZAJSOK-UHFFFAOYSA-N	MYSWGUAQZAJSOK
DB00538	AXFGWXLCWCNPHP-UHFFFAOYSA-K	AXFGWXLCWCNPHP
DB00539	XFCLJVABOIYOMF-QPLCGJKRSA-N	XFCLJVABOIYOMF
DB00540	PHVGLTMQBUFIQQ-UHFFFAOYSA-N	PHVGLTMQBUFIQQ
DB00541	OGWKCGZFUXNPDA-CFWMRBGOSA-N	OGWKCGZFUXNPDA
DB00542	XPCFTKFZXHTYIP-PMACEKPBSA-N	XPCFTKFZXHTYIP
DB00543	QWGDMFLQWFTERH-UHFFFAOYSA-N	QWGDMFLQWFTERH
DB00544	GHASVSINZRGABV-UHFFFAOYSA-N	GHASVSINZRGABV
DB00545	RVOLLAQWKVFTGE-UHFFFAOYSA-N	RVOLLAQWKVFTGE
DB00546	GJSLOMWRLALDCT-UHFFFAOYSA-N	GJSLOMWRLALDCT
DB00547	VWVSBHGCDBMOOT-IIEHVVJPSA-N	VWVSBHGCDBMOOT
DB00548	BDJRBEYXGGNYIS-UHFFFAOYSA-N	BDJRBEYXGGNYIS
DB00549	YEEZWCHGZNKEEK-UHFFFAOYSA-N	YEEZWCHGZNKEEK
DB00550	KNAHARQHSZJURB-UHFFFAOYSA-N	KNAHARQHSZJURB
DB00551	RRUDCFGSUDOHDG-UHFFFAOYSA-N	RRUDCFGSUDOHDG
DB00552	FPVKHBSQESCIEP-JQCXWYLXSA-N	FPVKHBSQESCIEP
DB00553	QXKHYNVANLEOEG-UHFFFAOYSA-N	QXKHYNVANLEOEG
DB00554	QYSPLQLAKJAUJT-UHFFFAOYSA-N	QYSPLQLAKJAUJT
DB00555	PYZRQGJRPPTADH-UHFFFAOYSA-N	PYZRQGJRPPTADH
DB00556	QYSGYZVSCZSLHT-UHFFFAOYSA-N	QYSGYZVSCZSLHT
DB00557	ZQDWXGKKHFNSQK-UHFFFAOYSA-N	ZQDWXGKKHFNSQK
DB00558	ARAIBEBZBOPLMB-UFGQHTETSA-N	ARAIBEBZBOPLMB
DB00559	GJPICJJJRGTNOD-UHFFFAOYSA-N	GJPICJJJRGTNOD
DB00560	SOVUOXKZCCAWOJ-HJYUBDRYSA-N	SOVUOXKZCCAWOJ
DB00561	XFDJYSQDBULQSI-UHFFFAOYSA-N	XFDJYSQDBULQSI
DB00562	NDTSRXAMMQDVSW-UHFFFAOYSA-N	NDTSRXAMMQDVSW
DB00563	FBOZXECLQNJBKD-ZDUSSCGKSA-N	FBOZXECLQNJBKD
DB00564	FFGPTBGBLSHEPO-UHFFFAOYSA-N	FFGPTBGBLSHEPO
DB00565	YXSLJKQTIDHPOT-LJCJQEJUSA-N	YXSLJKQTIDHPOT
DB00566	ACTRVOBWPAIOHC-XIXRPRMCSA-N	ACTRVOBWPAIOHC
DB00567	ZAIPMKNFIOOWCQ-UEKVPHQBSA-N	ZAIPMKNFIOOWCQ
DB00568	DERZBLKQOCDDDZ-UHFFFAOYSA-N	DERZBLKQOCDDDZ
DB00569	KANJSNBRCNMZMV-ABRZTLGGSA-N	KANJSNBRCNMZMV
DB00570	JXLYSJRDGCGARV-CFWMRBGOSA-N	JXLYSJRDGCGARV
DB00571	AQHHHDLHHXJYJD-UHFFFAOYSA-N	AQHHHDLHHXJYJD
DB00572	RKUNBYITZUJHSG-PJPHBNEVSA-N	RKUNBYITZUJHSG
DB00573	RDJGLLICXDHJDY-UHFFFAOYSA-N	RDJGLLICXDHJDY
DB00574	DBGIVFWFUFKIQN-UHFFFAOYSA-N	DBGIVFWFUFKIQN
DB00575	GJSURZIOUXUGAL-UHFFFAOYSA-N	GJSURZIOUXUGAL
DB00576	VACCAVUAMIDAGB-UHFFFAOYSA-N	VACCAVUAMIDAGB
DB00577	HDOVUKNUBWVHOX-QMMMGPOBSA-N	HDOVUKNUBWVHOX
DB00578	FPPNZSSZRUTDAP-UWFZAAFLSA-N	FPPNZSSZRUTDAP
DB00579	ZPXSCAKFGYXMGA-UHFFFAOYSA-N	ZPXSCAKFGYXMGA
DB00580	LNPDTQAFDNKSHK-UHFFFAOYSA-N	LNPDTQAFDNKSHK
DB00581	JCQLYHFGKNRPGE-FCVZTGTOSA-N	JCQLYHFGKNRPGE
DB00582	BCEHBSKCWLPMDN-MGPLVRAMSA-N	BCEHBSKCWLPMDN
DB00583	PHIQHXFUZVPYII-ZCFIWIBFSA-N	PHIQHXFUZVPYII
DB00584	GBXSMTUPTTWBMN-XIRDDKMYSA-N	GBXSMTUPTTWBMN
DB00585	SGXXNSQHWDMGGP-IZZDOVSWSA-N	SGXXNSQHWDMGGP
DB00586	DCOPUUMXTXDBNB-UHFFFAOYSA-N	DCOPUUMXTXDBNB
DB00587	BZMKNPGKXJAIDV-VAWYXSNFSA-N	BZMKNPGKXJAIDV
DB00588	WMWTYOKRWGGJOA-CENSZEJFSA-N	WMWTYOKRWGGJOA
DB00589	BKRGVLQUQGGVSM-KBXCAEBGSA-N	BKRGVLQUQGGVSM
DB00590	RUZYUOTYCVRMRZ-UHFFFAOYSA-N	RUZYUOTYCVRMRZ
DB00591	FEBLZLNTKCEFIT-VSXGLTOVSA-N	FEBLZLNTKCEFIT
DB00592	GLUUGHFHXGJENI-UHFFFAOYSA-N	GLUUGHFHXGJENI
DB00593	HAPOVYFOVVWLRS-UHFFFAOYSA-N	HAPOVYFOVVWLRS
DB00594	XSDQTOBWRPYKKA-UHFFFAOYSA-N	XSDQTOBWRPYKKA
DB00595	OWFJMIVZYSDULZ-PXOLEDIWSA-N	OWFJMIVZYSDULZ
DB00596	LEHFPXVYPMWYQD-XHIJKXOTSA-N	LEHFPXVYPMWYQD
DB00597	IQUHNCOJRJBMSU-UHFFFAOYSA-K	IQUHNCOJRJBMSU
DB00598	SGUAFYQXFOLMHL-UHFFFAOYSA-N	SGUAFYQXFOLMHL
DB00599	IUJDSEJGGMCXSG-UHFFFAOYSA-N	IUJDSEJGGMCXSG
DB00600	VYQNWZOUAUKGHI-UHFFFAOYSA-N	VYQNWZOUAUKGHI
DB00601	TYZROVQLWOKYKF-ZDUSSCGKSA-N	TYZROVQLWOKYKF
DB00602	AZSNMRSAGSSBNP-ZGXOMDHGSA-N	AZSNMRSAGSSBNP
DB00603	PSGAAPLEWMOORI-PEINSRQWSA-N	PSGAAPLEWMOORI
DB00604	DCSUBABJRXZOMT-IRLDBZIGSA-N	DCSUBABJRXZOMT
DB00605	MLKXDPUZXIRXEP-MFOYZWKCSA-N	MLKXDPUZXIRXEP
DB00606	BOCUKUHCLICSIY-UHFFFAOYSA-N	BOCUKUHCLICSIY
DB00607	GPXLMGHLHQJAGZ-JTDSTZFVSA-N	GPXLMGHLHQJAGZ
DB00608	WHTVZRBIWZFKQO-UHFFFAOYSA-N	WHTVZRBIWZFKQO
DB00609	AEOCXXJPGCBFJA-UHFFFAOYSA-N	AEOCXXJPGCBFJA
DB00610	WXFIGDLSSYIKKV-RCOVLWMOSA-N	WXFIGDLSSYIKKV
DB00611	IFKLAQQSCNILHL-PWRODBHTSA-N	IFKLAQQSCNILHL
DB00612	VHYCDWMUTMEGQY-UHFFFAOYSA-N	VHYCDWMUTMEGQY
DB00613	OVCDSSHSILBFBN-UHFFFAOYSA-N	OVCDSSHSILBFBN
DB00614	PLHJDBGFXBMTGZ-WEVVVXLNSA-N	PLHJDBGFXBMTGZ
DB00615	ZWBTYMGEBZUQTK-PVLSIAFMSA-N	ZWBTYMGEBZUQTK
DB00616	ZTWZVMIYIIVABD-RZMWZJFBSA-N	ZTWZVMIYIIVABD
DB00617	VQASKUSHBVDKGU-UHFFFAOYSA-N	VQASKUSHBVDKGU
DB00618	GUXHBMASAHGULD-SEYHBJAFSA-N	GUXHBMASAHGULD
DB00619	KTUFNOKKBVMGRW-UHFFFAOYSA-N	KTUFNOKKBVMGRW
DB00620	GFNANZIMVAIWHM-OBYCQNJPSA-N	GFNANZIMVAIWHM
DB00621	QSLJIVKCVHQPLV-PEMPUTJUSA-N	QSLJIVKCVHQPLV
DB00622	ZBBHBTPTTSWHBA-UHFFFAOYSA-N	ZBBHBTPTTSWHBA
DB00623	PLDUPXSUYLZYBN-UHFFFAOYSA-N	PLDUPXSUYLZYBN
DB00624	MUMGGOZAMZWBJJ-DYKIIFRCSA-N	MUMGGOZAMZWBJJ
DB00625	XPOQHMRABVBWPR-ZDUSSCGKSA-N	XPOQHMRABVBWPR
DB00626	CLKOFPXJLQSYAH-ABRJDSQDSA-N	CLKOFPXJLQSYAH
DB00627	PVNIIMVLHYAWGP-UHFFFAOYSA-N	PVNIIMVLHYAWGP
DB00628	XDDJGVMJFWAHJX-UHFFFAOYSA-N	XDDJGVMJFWAHJX
DB00629	WDZVGELJXXEGPV-UHFFFAOYSA-N	WDZVGELJXXEGPV
DB00630	OGSPWJRAVKPPFI-UHFFFAOYSA-N	OGSPWJRAVKPPFI
DB00631	WDDPHFBMKLOVOX-AYQXTPAHSA-N	WDDPHFBMKLOVOX
DB00632	NOPFSRXAKWQILS-UHFFFAOYSA-N	NOPFSRXAKWQILS
DB00633	CUHVIMMYOGQXCV-NSHDSACASA-N	CUHVIMMYOGQXCV
DB00634	SKIVFJLNDNKQPD-UHFFFAOYSA-N	SKIVFJLNDNKQPD
DB00635	XOFYZVNMUHMLCC-ZPOLXVRWSA-N	XOFYZVNMUHMLCC
DB00636	KNHUKKLJHYUCFP-UHFFFAOYSA-N	KNHUKKLJHYUCFP
DB00637	GXDALQBWZGODGZ-UHFFFAOYSA-N	GXDALQBWZGODGZ
DB00638	JYJIGFIDKWBXDU-MNNPPOADSA-N	JYJIGFIDKWBXDU
DB00639	SWLMUYACZKCSHZ-UHFFFAOYSA-N	SWLMUYACZKCSHZ
DB00640	OIRDTQYFTABQOQ-KQYNXXCUSA-N	OIRDTQYFTABQOQ
DB00641	RYMZZMVNJRMUDD-HGQWONQESA-N	RYMZZMVNJRMUDD
DB00642	WBXPDJSOTKVWSJ-ZDUSSCGKSA-N	WBXPDJSOTKVWSJ
DB00643	OPXLLQIJSORQAM-UHFFFAOYSA-N	OPXLLQIJSORQAM
DB00644	XLXSAKCOAKORKW-UHFFFAOYSA-N	XLXSAKCOAKORKW
DB00645	BZEWSEKUUPWQDQ-UHFFFAOYSA-N	BZEWSEKUUPWQDQ
DB00646	VQOXZBDYSJBXMA-RKEBNKJGSA-N	VQOXZBDYSJBXMA
DB00647	XLMALTXPSGQGBX-GCJKJVERSA-N	XLMALTXPSGQGBX
DB00648	JWBOIMRXGHLCPP-UHFFFAOYSA-N	JWBOIMRXGHLCPP
DB00649	XNKLLVCARDGLGL-JGVFFNPUSA-N	XNKLLVCARDGLGL
DB00650	VVIAGPKUTFNRDU-ABLWVSNPSA-N	VVIAGPKUTFNRDU
DB00651	KSCFJBIXMNOVSH-UHFFFAOYSA-N	KSCFJBIXMNOVSH
DB00652	VOKSWYLNZZRQPF-GDIGMMSISA-N	VOKSWYLNZZRQPF
DB00653	QAOWNCQODCNURD-UHFFFAOYSA-L	QAOWNCQODCNURD
DB00654	GGXICVAJURFBLW-CEYXHVGTSA-N	GGXICVAJURFBLW
DB00655	DNXHEGUUPJUMQT-CBZIJGRNSA-N	DNXHEGUUPJUMQT
DB00656	PHLBKPHSAVXXEF-UHFFFAOYSA-N	PHLBKPHSAVXXEF
DB00657	IMYZQPCYWPFTAG-UHFFFAOYSA-N	IMYZQPCYWPFTAG
DB00658	BRLQWZUYTZBJKN-UHFFFAOYSA-N	BRLQWZUYTZBJKN
DB00659	AFCGFAGUEYAMAO-UHFFFAOYSA-N	AFCGFAGUEYAMAO
DB00660	IMWZZHHPURKASS-UHFFFAOYSA-N	IMWZZHHPURKASS
DB00661	SGTNSNPWRIOYBX-UHFFFAOYSA-N	SGTNSNPWRIOYBX
DB00662	FEZBIKUBAYAZIU-UHFFFAOYSA-N	FEZBIKUBAYAZIU
DB00663	WXURHACBFYSXBI-GQKYHHCASA-N	WXURHACBFYSXBI
DB00664	KXRZBTAEDBELFD-UHFFFAOYSA-N	KXRZBTAEDBELFD
DB00665	XWXYUMMDTVBTOU-UHFFFAOYSA-N	XWXYUMMDTVBTOU
DB00666	RWHUEXWOYVBUCI-ITQXDASVSA-N	RWHUEXWOYVBUCI
DB00668	UCTWMZQNUQWSLP-VIFPVBQESA-N	UCTWMZQNUQWSLP
DB00669	KQKPFRSPSRPDEB-UHFFFAOYSA-N	KQKPFRSPSRPDEB
DB00670	RMHMFHUVIITRHF-UHFFFAOYSA-N	RMHMFHUVIITRHF
DB00671	OKBVVJOGVLARMR-QSWIMTSFSA-N	OKBVVJOGVLARMR
DB00672	RKWGIWYCVPQPMF-UHFFFAOYSA-N	RKWGIWYCVPQPMF
DB00673	ATALOFNDEOCMKK-OITMNORJSA-N	ATALOFNDEOCMKK
DB00674	ASUTZQLVASHGKV-JDFRZJQESA-N	ASUTZQLVASHGKV
DB00675	NKANXQFJJICGDU-QPLCGJKRSA-N	NKANXQFJJICGDU
DB00676	SESFRYSPDFLNCH-UHFFFAOYSA-N	SESFRYSPDFLNCH
DB00677	MUCZHBLJLSDCSD-UHFFFAOYSA-N	MUCZHBLJLSDCSD
DB00678	PSIFNNKUMBGKDQ-UHFFFAOYSA-N	PSIFNNKUMBGKDQ
DB00679	KLBQZWRITKRQQV-UHFFFAOYSA-N	KLBQZWRITKRQQV
DB00680	FUBVWMNBEHXPSU-UHFFFAOYSA-N	FUBVWMNBEHXPSU
DB00681	APKFDSVGJQXUKY-INPOYWNPSA-N	APKFDSVGJQXUKY
DB00682	PJVWKTKQMONHTI-UHFFFAOYSA-N	PJVWKTKQMONHTI
DB00683	DDLIGBOFAVUZHB-UHFFFAOYSA-N	DDLIGBOFAVUZHB
DB00684	NLVFBUXFDBBNBW-PBSUHMDJSA-N	NLVFBUXFDBBNBW
DB00685	WVPSKSLAZQPAKQ-SOSAQKQKSA-N	WVPSKSLAZQPAKQ
DB00686	FCCNSUIJIOOXEZ-SJYYZXOBSA-N	FCCNSUIJIOOXEZ
DB00687	AAXVEMMRQDVLJB-BULBTXNYSA-N	AAXVEMMRQDVLJB
DB00688	RTGDFNSFWBGLEC-SYZQJQIISA-N	RTGDFNSFWBGLEC
DB00689	FUBBGQLTSCSAON-PBFPGSCMSA-N	FUBBGQLTSCSAON
DB00690	SAADBVWGJQAEFS-UHFFFAOYSA-N	SAADBVWGJQAEFS
DB00691	UWWDHYUMIORJTA-HSQYWUDLSA-N	UWWDHYUMIORJTA
DB00692	MRBDMNSDAVCSSF-UHFFFAOYSA-N	MRBDMNSDAVCSSF
DB00693	GNBHRKFJIUUOQI-UHFFFAOYSA-N	GNBHRKFJIUUOQI
DB00694	STQGQHZAVUOBTE-VGBVRHCVSA-N	STQGQHZAVUOBTE
DB00695	ZZUFCTLCJUWOSV-UHFFFAOYSA-N	ZZUFCTLCJUWOSV
DB00696	XCGSFFUVFURLIX-VFGNJEKYSA-N	XCGSFFUVFURLIX
DB00697	XFYDIVBRZNQMJC-UHFFFAOYSA-N	XFYDIVBRZNQMJC
DB00698	NXFQHRVNIOXGAQ-YCRREMRBSA-N	NXFQHRVNIOXGAQ
DB00699	YSEXMKHXIOCEJA-FVFQAYNVSA-N	YSEXMKHXIOCEJA
DB00700	JUKPWJGBANNWMW-VWBFHTRKSA-N	JUKPWJGBANNWMW
DB00701	YMARZQAQMVYCKC-OEMFJLHTSA-N	YMARZQAQMVYCKC
DB00703	FLOSMHQXBMRNHR-UHFFFAOYSA-N	FLOSMHQXBMRNHR
DB00704	DQCKKXVULJGBQN-XFWGSAIBSA-N	DQCKKXVULJGBQN
DB00705	WHBIGIKBNXZKFE-UHFFFAOYSA-N	WHBIGIKBNXZKFE
DB00706	DRHKJLXJIQTDTD-OAHLLOKOSA-N	DRHKJLXJIQTDTD
DB00708	GGCSSNBKKAUURC-UHFFFAOYSA-N	GGCSSNBKKAUURC
DB00709	JTEGQNOMFQHVDC-NKWVEPMBSA-N	JTEGQNOMFQHVDC
DB00710	MPBVHIBUJCELCL-UHFFFAOYSA-N	MPBVHIBUJCELCL
DB00711	RCKMWOKWVGPNJF-UHFFFAOYSA-N	RCKMWOKWVGPNJF
DB00712	SYTBZMRGLBWNTM-UHFFFAOYSA-N	SYTBZMRGLBWNTM
DB00713	UWYHMGVUTGAWSP-JKIFEVAISA-N	UWYHMGVUTGAWSP
DB00714	VMWNQDUVQKEIOC-CYBMUJFWSA-N	VMWNQDUVQKEIOC
DB00715	AHOUBRCZNHFOSL-YOEHRIQHSA-N	AHOUBRCZNHFOSL
DB00716	RQTOOFIXOKYGAN-UHFFFAOYSA-N	RQTOOFIXOKYGAN
DB00717	VIKNJXKGJWUCNN-XGXHKTLJSA-N	VIKNJXKGJWUCNN
DB00718	WOZSCQDILHKSGG-UHFFFAOYSA-N	WOZSCQDILHKSGG
DB00719	SEBMTIQKRHYNIT-UHFFFAOYSA-N	SEBMTIQKRHYNIT
DB00720	ACSIXWWBWUQEHA-UHFFFAOYSA-N	ACSIXWWBWUQEHA
DB00721	MFDFERRIHVXMIY-UHFFFAOYSA-N	MFDFERRIHVXMIY
DB00722	RLAWWYSOJDYHDC-BZSNNMDCSA-N	RLAWWYSOJDYHDC
DB00723	WJAJPNHVVFWKKL-UHFFFAOYSA-N	WJAJPNHVVFWKKL
DB00724	DOUYETYNHWVLEO-UHFFFAOYSA-N	DOUYETYNHWVLEO
DB00725	WKWOJBUWWZTUQV-UHFFFAOYSA-N	WKWOJBUWWZTUQV
DB00726	ZSCDBOWYZJWBIY-UHFFFAOYSA-N	ZSCDBOWYZJWBIY
DB00727	SNIOPGDIGTZGOP-UHFFFAOYSA-N	SNIOPGDIGTZGOP
DB00728	YXRDKMPIGHSVRX-OOJCLDBCSA-N	YXRDKMPIGHSVRX
DB00729	LCTZPQRFOZKZNK-UHFFFAOYSA-N	LCTZPQRFOZKZNK
DB00730	WJCNZQLZVWNLKY-UHFFFAOYSA-N	WJCNZQLZVWNLKY
DB00731	OELFLUMRDSZNSF-OFLPRAFFSA-N	OELFLUMRDSZNSF
DB00732	YXSLJKQTIDHPOT-UHFFFAOYSA-N	YXSLJKQTIDHPOT
DB00733	JBKPUQTUERUYQE-UHFFFAOYSA-O	JBKPUQTUERUYQE
DB00734	RAPZEAPATHNIPO-UHFFFAOYSA-N	RAPZEAPATHNIPO
DB00735	OZGNYLLQHRPOBR-UHFFFAOYSA-N	OZGNYLLQHRPOBR
DB00736	SUBDBMMJDZJVOS-DEOSSOPVSA-N	SUBDBMMJDZJVOS
DB00737	OCJYIGYOJCODJL-UHFFFAOYSA-N	OCJYIGYOJCODJL
DB00738	XDRYMKDFEDOLFX-UHFFFAOYSA-N	XDRYMKDFEDOLFX
DB00739	DXVUYOAEDJXBPY-NFFDBFGFSA-N	DXVUYOAEDJXBPY
DB00740	FTALBRSUTCGOEG-UHFFFAOYSA-N	FTALBRSUTCGOEG
DB00741	JYGXADMDTFJGBT-VWUMJDOOSA-N	JYGXADMDTFJGBT
DB00742	FBPFZTCFMRRESA-KVTDHHQDSA-N	FBPFZTCFMRRESA
DB00743	OEIYJWYTUDFZBH-UHFFFAOYSA-K	OEIYJWYTUDFZBH
DB00744	MWLSOWXNZPKENC-UHFFFAOYSA-N	MWLSOWXNZPKENC
DB00745	YFGHCGITMMYXAQ-UHFFFAOYSA-N	YFGHCGITMMYXAQ
DB00746	UBQYURCVBFRUQT-UHFFFAOYSA-N	UBQYURCVBFRUQT
DB00747	STECJAGHUSJQJN-USLFZFAMSA-N	STECJAGHUSJQJN
DB00748	OJFSXZCBGQGRNV-UHFFFAOYSA-N	OJFSXZCBGQGRNV
DB00749	NNYBQONXHNTVIJ-UHFFFAOYSA-N	NNYBQONXHNTVIJ
DB00750	MVFGUOIZUNYYSO-UHFFFAOYSA-N	MVFGUOIZUNYYSO
DB00751	WHWZLSFABNNENI-UHFFFAOYSA-N	WHWZLSFABNNENI
DB00752	AELCINSCMGFISI-UHFFFAOYSA-N	AELCINSCMGFISI
DB00753	PIWKPBJCKXDKJR-UHFFFAOYSA-N	PIWKPBJCKXDKJR
DB00754	SZQIFWWUIBRPBZ-UHFFFAOYSA-N	SZQIFWWUIBRPBZ
DB00755	SHGAZHPCJJPHSC-YCNIQYBTSA-N	SHGAZHPCJJPHSC
DB00756	ACGUYXCXAPNIKK-UHFFFAOYSA-N	ACGUYXCXAPNIKK
DB00757	UKTAZPQNNNJVKR-AKJUYKBHSA-N	UKTAZPQNNNJVKR
DB00758	GKTWGGQPFAXNFI-HNNXBMFYSA-N	GKTWGGQPFAXNFI
DB00759	NWXMGUDVXFXRIG-WESIUVDSSA-N	NWXMGUDVXFXRIG
DB00760	DMJNNHOOLUXYBV-PQTSNVLCSA-N	DMJNNHOOLUXYBV
DB00761	VEXZGXHMUGYJMC-UHFFFAOYSA-M	VEXZGXHMUGYJMC
DB00762	UWKQSNNFCGGAFS-XIFFEERXSA-N	UWKQSNNFCGGAFS
DB00763	PMRYVIKBURPHAH-UHFFFAOYSA-N	PMRYVIKBURPHAH
DB00764	QLIIKPVHVRXHRI-CXSFZGCWSA-N	QLIIKPVHVRXHRI
DB00765	NHTGHBARYWONDQ-JTQLQIEISA-N	NHTGHBARYWONDQ
DB00766	HZZVJAQRINQKSD-PBFISZAISA-N	HZZVJAQRINQKSD
DB00767	JSZILQVIPPROJI-UHFFFAOYSA-N	JSZILQVIPPROJI
DB00768	JBIMVDZLSHOPLA-LSCVHKIXSA-N	JBIMVDZLSHOPLA
DB00769	FWFVLWGEFDIZMJ-FOMYWIRZSA-N	FWFVLWGEFDIZMJ
DB00770	GMVPRGQOIOIIMI-DWKJAMRDSA-N	GMVPRGQOIOIIMI
DB00771	HOOSGZJRQIVJSZ-UHFFFAOYSA-N	HOOSGZJRQIVJSZ
DB00772	JXSJBGJIGXNWCI-UHFFFAOYSA-N	JXSJBGJIGXNWCI
DB00773	VJJPUSNTGOMMGY-MRVIYFEKSA-N	VJJPUSNTGOMMGY
DB00774	DMDGGSIALPNSEE-UHFFFAOYSA-N	DMDGGSIALPNSEE
DB00775	COKMIXFXJJXBQG-NRFANRHFSA-N	COKMIXFXJJXBQG
DB00776	CTRLABGOLIVAIY-UHFFFAOYSA-N	CTRLABGOLIVAIY
DB00777	UVOIBTBFPOZKGP-UHFFFAOYSA-N	UVOIBTBFPOZKGP
DB00778	RXZBMPWDPOLZGW-XMRMVWPWSA-N	RXZBMPWDPOLZGW
DB00779	MHWLWQUZZRMNGJ-UHFFFAOYSA-N	MHWLWQUZZRMNGJ
DB00780	RMUCZJUITONUFY-UHFFFAOYSA-N	RMUCZJUITONUFY
DB00781	WQVJHHACXVLGBL-BPJDFBQWSA-N	WQVJHHACXVLGBL
DB00782	VVWYOYDLCMFIEM-UHFFFAOYSA-N	VVWYOYDLCMFIEM
DB00783	VOXZDWNPVJITMN-ZBRFXRBCSA-N	VOXZDWNPVJITMN
DB00784	HYYBABOKPJLUIN-UHFFFAOYSA-N	HYYBABOKPJLUIN
DB00786	OCSMOTCMPXTDND-OUAUKWLOSA-N	OCSMOTCMPXTDND
DB00787	MKUXAQIIEYXACX-UHFFFAOYSA-N	MKUXAQIIEYXACX
DB00788	CMWTZPSULFXXJA-VIFPVBQESA-N	CMWTZPSULFXXJA
DB00789	QPCDCPDFJACHGM-UHFFFAOYSA-K	QPCDCPDFJACHGM
DB00790	IPVQLZZIHOAWMC-QXKUPLGCSA-N	IPVQLZZIHOAWMC
DB00791	IDPUKCWIGUEADI-UHFFFAOYSA-N	IDPUKCWIGUEADI
DB00792	UFLGIAIHIAPJJC-UHFFFAOYSA-N	UFLGIAIHIAPJJC
DB00793	CTETYYAZBPJBHE-UHFFFAOYSA-N	CTETYYAZBPJBHE
DB00794	DQMZLTXERSFNPB-UHFFFAOYSA-N	DQMZLTXERSFNPB
DB00795	NCEXYHBECQHGNR-UHFFFAOYSA-N	NCEXYHBECQHGNR
DB00796	GHOSNRCGJFBJIB-UHFFFAOYSA-N	GHOSNRCGJFBJIB
DB00797	JIVZKJJQOZQXQB-UHFFFAOYSA-N	JIVZKJJQOZQXQB
DB00798	CEAZRRDELHUEMR-UHFFFAOYSA-N	CEAZRRDELHUEMR
DB00799	OGQICQVSFDPSEI-UHFFFAOYSA-N	OGQICQVSFDPSEI
DB00800	TVURRHSHRRELCG-UHFFFAOYSA-N	TVURRHSHRRELCG
DB00801	WYCLKVQLVUQKNZ-UHFFFAOYSA-N	WYCLKVQLVUQKNZ
DB00802	IDBPHNDTYPBSNI-UHFFFAOYSA-N	IDBPHNDTYPBSNI
DB00803	YKQOSKADJPQZHB-RGYSVOEGSA-N	YKQOSKADJPQZHB
DB00804	CURUTKGFNZGFSE-UHFFFAOYSA-N	CURUTKGFNZGFSE
DB00805	LDMWSLGGVTVJPG-UHFFFAOYSA-N	LDMWSLGGVTVJPG
DB00806	BYPFEZZEUUWMEJ-UHFFFAOYSA-N	BYPFEZZEUUWMEJ
DB00807	KCLANYCVBBTKTO-UHFFFAOYSA-N	KCLANYCVBBTKTO
DB00808	NDDAHWYSQHTHNT-UHFFFAOYSA-N	NDDAHWYSQHTHNT
DB00809	BGDKAVGWHJFAGW-UHFFFAOYSA-N	BGDKAVGWHJFAGW
DB00810	YSXKPIUOCJLQIE-UHFFFAOYSA-N	YSXKPIUOCJLQIE
DB00811	IWUCXVSUMQZMFG-AFCXAGJDSA-N	IWUCXVSUMQZMFG
DB00812	VYMDGNCVAMGZFE-UHFFFAOYSA-N	VYMDGNCVAMGZFE
DB00813	PJMPHNIQZUBGLI-UHFFFAOYSA-N	PJMPHNIQZUBGLI
DB00814	ZRVUJXDFFKFLMG-UHFFFAOYSA-N	ZRVUJXDFFKFLMG
DB00815	MOTZDAYCYVMXPC-UHFFFAOYSA-M	MOTZDAYCYVMXPC
DB00816	LMOINURANNBYCM-UHFFFAOYSA-N	LMOINURANNBYCM
DB00817	XBPZXDSZHPDXQU-UHFFFAOYSA-N	XBPZXDSZHPDXQU
DB00818	OLBCVFGFOZPWHH-UHFFFAOYSA-N	OLBCVFGFOZPWHH
DB00819	BZKPWHYZMXOIDC-UHFFFAOYSA-N	BZKPWHYZMXOIDC
DB00820	WOXKDUGGOYFFRN-IIBYNOLFSA-N	WOXKDUGGOYFFRN
DB00821	PUXBGTOOZJQSKH-UHFFFAOYSA-N	PUXBGTOOZJQSKH
DB00822	AUZONCFQVSMFAP-UHFFFAOYSA-N	AUZONCFQVSMFAP
DB00823	ONKUMRGIYFNPJW-KIEAKMPYSA-N	ONKUMRGIYFNPJW
DB00824	SIQPXVQCUCHWDI-UHFFFAOYSA-N	SIQPXVQCUCHWDI
DB00825	NOOLISFMXDJSKH-KXUCPTDWSA-N	NOOLISFMXDJSKH
DB00826	NCXMLFZGDNKEPB-FFPOYIOWSA-N	NCXMLFZGDNKEPB
DB00827	VDUWPHTZYNWKRN-UHFFFAOYSA-N	VDUWPHTZYNWKRN
DB00828	YMDXZJFXQJVXBF-STHAYSLISA-N	YMDXZJFXQJVXBF
DB00829	AAOVKJBEBIDNHE-UHFFFAOYSA-N	AAOVKJBEBIDNHE
DB00830	OOBHFESNSZDWIU-UHFFFAOYSA-N	OOBHFESNSZDWIU
DB00831	ZEWQUBUPAILYHI-UHFFFAOYSA-N	ZEWQUBUPAILYHI
DB00832	WLWFNJKHKGIJNW-UHFFFAOYSA-N	WLWFNJKHKGIJNW
DB00833	QYIYFLOTGYLRGG-GPCCPHFNSA-N	QYIYFLOTGYLRGG
DB00834	VKHAHZOOUSRJNA-GCNJZUOMSA-N	VKHAHZOOUSRJNA
DB00835	ZDIGNSYAACHWNL-UHFFFAOYSA-N	ZDIGNSYAACHWNL
DB00836	RDOIQAHITMMDAJ-UHFFFAOYSA-N	RDOIQAHITMMDAJ
DB00837	IBALRBWGSVJPAP-UHFFFAOYSA-N	IBALRBWGSVJPAP
DB00838	YMTMADLUXIRMGX-RFPWEZLHSA-N	YMTMADLUXIRMGX
DB00839	OUDSBRTVNLOZBN-UHFFFAOYSA-N	OUDSBRTVNLOZBN
DB00841	JRWZLRBJNMZMFE-UHFFFAOYSA-N	JRWZLRBJNMZMFE
DB00842	ADIMAYPTOBDMTL-UHFFFAOYSA-N	ADIMAYPTOBDMTL
DB00843	ADEBPBSSDYVVLD-UHFFFAOYSA-N	ADEBPBSSDYVVLD
DB00844	NETZHAKZCGBWSS-CEDHKZHLSA-N	NETZHAKZCGBWSS
DB00845	WDQPAMHFFCXSNU-UHFFFAOYSA-N	WDQPAMHFFCXSNU
DB00846	POPFMWWJOGLOIF-XWCQMRHXSA-N	POPFMWWJOGLOIF
DB00847	UFULAYFCSOUIOV-UHFFFAOYSA-N	UFULAYFCSOUIOV
DB00848	HLFSDGLLUJUHTE-SNVBAGLBSA-N	HLFSDGLLUJUHTE
DB00849	ALARQZQTBTVLJV-UHFFFAOYSA-N	ALARQZQTBTVLJV
DB00850	RGCVKNLCSQQDEP-UHFFFAOYSA-N	RGCVKNLCSQQDEP
DB00851	FDKXTQMXEQVLRF-ZHACJKMWSA-N	FDKXTQMXEQVLRF
DB00852	KWGRBVOPPLSCSI-WCBMZHEXSA-N	KWGRBVOPPLSCSI
DB00853	BPEGJWRSRHCHSN-UHFFFAOYSA-N	BPEGJWRSRHCHSN
DB00854	JAQUASYNZVUNQP-USXIJHARSA-N	JAQUASYNZVUNQP
DB00855	ZGXJTSGNIOSYLO-UHFFFAOYSA-N	ZGXJTSGNIOSYLO
DB00856	MXOAEAUPQDYUQM-UHFFFAOYSA-N	MXOAEAUPQDYUQM
DB00857	DOMXUEMWDBAQBQ-WEVVVXLNSA-N	DOMXUEMWDBAQBQ
DB00858	IKXILDNPCZPPRV-RFMGOVQKSA-N	IKXILDNPCZPPRV
DB00859	VVNCNSJFMMFHPL-VKHMYHEASA-N	VVNCNSJFMMFHPL
DB00860	OIGNJSKKLXVSLS-VWUMJDOOSA-N	OIGNJSKKLXVSLS
DB00861	HUPFGZXOMWLGNK-UHFFFAOYSA-N	HUPFGZXOMWLGNK
DB00862	SECKRCOLJRRGGV-UHFFFAOYSA-N	SECKRCOLJRRGGV
DB00863	VMXUWOKSQNHOCA-UHFFFAOYSA-N	VMXUWOKSQNHOCA
DB00864	QJJXYPPXXYFBGM-LFZNUXCKSA-N	QJJXYPPXXYFBGM
DB00865	YXKTVDFXDRQTKV-HNNXBMFYSA-N	YXKTVDFXDRQTKV
DB00866	PAZJSJFMUHDSTF-UHFFFAOYSA-N	PAZJSJFMUHDSTF
DB00867	IOVGROKTTNBUGK-SJCJKPOMSA-N	IOVGROKTTNBUGK
DB00868	MAFMQEKGGFWBAB-UHFFFAOYSA-N	MAFMQEKGGFWBAB
DB00869	IAVUPMFITXYVAF-XPUUQOCRSA-N	IAVUPMFITXYVAF
DB00870	MDKGKXOCJGEUJW-UHFFFAOYSA-N	MDKGKXOCJGEUJW
DB00871	XWTYSIMOBUGWOL-UHFFFAOYSA-N	XWTYSIMOBUGWOL
DB00872	IKENVDNFQMCRTR-UHFFFAOYSA-N	IKENVDNFQMCRTR
DB00873	YPZVAYHNBBHPTO-MXRBDKCISA-N	YPZVAYHNBBHPTO
DB00874	HSRJKNPTNIJEKV-UHFFFAOYSA-N	HSRJKNPTNIJEKV
DB00875	NJMYODHXAKYRHW-DVZOWYKESA-N	NJMYODHXAKYRHW
DB00876	OROAFUQRIXKEMV-LDADJPATSA-N	OROAFUQRIXKEMV
DB00877	QFJCIRLUMZQUOT-HPLJOQBZSA-N	QFJCIRLUMZQUOT
DB00878	GHXZTYHSJHQHIJ-UHFFFAOYSA-N	GHXZTYHSJHQHIJ
DB00879	XQSPYNMVSIKCOC-NTSWFWBYSA-N	XQSPYNMVSIKCOC
DB00880	JBMKAUGHUNFTOL-UHFFFAOYSA-N	JBMKAUGHUNFTOL
DB00881	JSDRRTOADPPCHY-HSQYWUDLSA-N	JSDRRTOADPPCHY
DB00882	GKIRPKYJQBWNGO-UHFFFAOYSA-N	GKIRPKYJQBWNGO
DB00883	MOYKHGMNXAOIAT-JGWLITMVSA-N	MOYKHGMNXAOIAT
DB00884	IIDJRNMFWXDHID-UHFFFAOYSA-N	IIDJRNMFWXDHID
DB00885	HIANJWSAHKJQTH-UHFFFAOYSA-N	HIANJWSAHKJQTH
DB00886	LVRLSYPNFFBYCZ-VGWMRTNUSA-N	LVRLSYPNFFBYCZ
DB00887	MAEIEVLCKWDQJH-UHFFFAOYSA-N	MAEIEVLCKWDQJH
DB00888	HAWPXGHAZFHHAD-UHFFFAOYSA-N	HAWPXGHAZFHHAD
DB00889	MFWNKCLOYSRHCJ-AGUYFDCRSA-N	MFWNKCLOYSRHCJ
DB00890	NFDFQCUYFHCNBW-SCGPFSFSSA-N	NFDFQCUYFHCNBW
DB00891	GECHUMIMRBOMGK-UHFFFAOYSA-N	GECHUMIMRBOMGK
DB00892	CMHHMUWAYWTMGS-UHFFFAOYSA-N	CMHHMUWAYWTMGS
DB00894	BPEWUONYVDABNZ-DZBHQSCQSA-N	BPEWUONYVDABNZ
DB00895	WJEDAXQWYZLHII-CWGCDAKASA-N	WJEDAXQWYZLHII
DB00896	QTTRZHGPGKRAFB-OOKHYKNYSA-N	QTTRZHGPGKRAFB
DB00897	JOFWLTCLBGQGBO-UHFFFAOYSA-N	JOFWLTCLBGQGBO
DB00898	LFQSCWFLJHTTHZ-UHFFFAOYSA-N	LFQSCWFLJHTTHZ
DB00899	ZTVQQQVZCWLTDF-UHFFFAOYSA-N	ZTVQQQVZCWLTDF
DB00900	BXZVVICBKDXVGW-NKWVEPMBSA-N	BXZVVICBKDXVGW
DB00901	FZGVEKPRDOIXJY-UHFFFAOYSA-N	FZGVEKPRDOIXJY
DB00902	HTMIBDQKFHUPSX-UHFFFAOYSA-N	HTMIBDQKFHUPSX
DB00903	AVOLMBLBETYQHX-UHFFFAOYSA-N	AVOLMBLBETYQHX
DB00904	FELGMEQIXOGIFQ-UHFFFAOYSA-N	FELGMEQIXOGIFQ
DB00905	AQOKCDNYWBIDND-FTOWTWDKSA-N	AQOKCDNYWBIDND
DB00906	PBJUNZJWGZTSKL-MRXNPFEDSA-N	PBJUNZJWGZTSKL
DB00907	ZPUCINDJVBIVPJ-LJISPDSOSA-N	ZPUCINDJVBIVPJ
DB00908	LOUPRKONTZGTKE-LHHVKLHASA-N	LOUPRKONTZGTKE
DB00909	UBQNRHZMVUUOMG-UHFFFAOYSA-N	UBQNRHZMVUUOMG
DB00910	BPKAHTKRCLCHEA-UBFJEZKGSA-N	BPKAHTKRCLCHEA
DB00911	HJLSLZFTEKNLFI-UHFFFAOYSA-N	HJLSLZFTEKNLFI
DB00912	FAEKWTJYAYMJKF-QHCPKHFHSA-N	FAEKWTJYAYMJKF
DB00913	LKYQLAWMNBFNJT-UHFFFAOYSA-N	LKYQLAWMNBFNJT
DB00914	ICFJFFQQTFMIBG-UHFFFAOYSA-N	ICFJFFQQTFMIBG
DB00915	DKNWSYNQZKUICI-UHFFFAOYSA-N	DKNWSYNQZKUICI
DB00916	VAOCPAMSLUNLGC-UHFFFAOYSA-N	VAOCPAMSLUNLGC
DB00917	XEYBRNLFEZDVAW-ARSRFYASSA-N	XEYBRNLFEZDVAW
DB00918	WKEMJKQOLOHJLZ-UHFFFAOYSA-N	WKEMJKQOLOHJLZ
DB00919	UNFWWIHTNXNPBV-WXKVUWSESA-N	UNFWWIHTNXNPBV
DB00920	ZCVMWBYGMWKGHF-UHFFFAOYSA-N	ZCVMWBYGMWKGHF
DB00921	RMRJXGBAOAMLHD-IHFGGWKQSA-N	RMRJXGBAOAMLHD
DB00922	WHXMKTBCFHIYNQ-SECBINFHSA-N	WHXMKTBCFHIYNQ
DB00923	SLAYUXIURFNXPG-CRAIPNDOSA-N	SLAYUXIURFNXPG
DB00924	JURKNVYFZMSNLP-UHFFFAOYSA-N	JURKNVYFZMSNLP
DB00925	QZVCTJOXCFMACW-UHFFFAOYSA-N	QZVCTJOXCFMACW
DB00926	HQMNCQVAMBCHCO-UHFFFAOYSA-N	HQMNCQVAMBCHCO
DB00927	XUFQPHANEAPEMJ-UHFFFAOYSA-N	XUFQPHANEAPEMJ
DB00928	NMUSYJAQQFHJEW-KVTDHHQDSA-N	NMUSYJAQQFHJEW
DB00929	OJLOPKGSLYJEMD-URPKTTJQSA-N	OJLOPKGSLYJEMD
DB00931	XIYOPDCBBDCGOE-IWVLMIASSA-N	XIYOPDCBBDCGOE
DB00932	SUJUHGSWHZTSEU-FYBSXPHGSA-N	SUJUHGSWHZTSEU
DB00933	SLVMESMUVMCQIY-UHFFFAOYSA-N	SLVMESMUVMCQIY
DB00934	QSLMDECMDJKHMQ-UHFFFAOYSA-N	QSLMDECMDJKHMQ
DB00935	WYWIFABBXFUGLM-UHFFFAOYSA-N	WYWIFABBXFUGLM
DB00936	YGSDEFSMJLZEOE-UHFFFAOYSA-N	YGSDEFSMJLZEOE
DB00937	XXEPPPIWZFICOJ-UHFFFAOYSA-N	XXEPPPIWZFICOJ
DB00938	GIIZNNXWQWCKIB-UHFFFAOYSA-N	GIIZNNXWQWCKIB
DB00939	SBDNJUWAMKYJOX-UHFFFAOYSA-N	SBDNJUWAMKYJOX
DB00940	GZHFODJQISUKAY-UHFFFAOYSA-N	GZHFODJQISUKAY
DB00941	HDZAQYPYABGTCL-UHFFFAOYSA-N	HDZAQYPYABGTCL
DB00942	SWRUZBWLEWHWRI-UHFFFAOYSA-N	SWRUZBWLEWHWRI
DB00943	WREGKURFCTUGRC-POYBYMJQSA-N	WREGKURFCTUGRC
DB00944	RWZVPVOZTJJMNU-UHFFFAOYSA-N	RWZVPVOZTJJMNU
DB00945	BSYNRYMUTXBXSQ-UHFFFAOYSA-N	BSYNRYMUTXBXSQ
DB00946	DQDAYGNAKTZFIW-UHFFFAOYSA-N	DQDAYGNAKTZFIW
DB00947	VWUXBMIQPBEWFH-WCCTWKNTSA-N	VWUXBMIQPBEWFH
DB00948	YPBATNHYBCGSSN-VWPFQQQWSA-N	YPBATNHYBCGSSN
DB00949	WKGXYQFOCVYPAC-UHFFFAOYSA-N	WKGXYQFOCVYPAC
DB00950	RWTNPBWLLIMQHL-UHFFFAOYSA-N	RWTNPBWLLIMQHL
DB00951	QRXWMOHMRWLFEY-UHFFFAOYSA-N	QRXWMOHMRWLFEY
DB00952	AMKVXSZCKVJAGH-UHFFFAOYSA-N	AMKVXSZCKVJAGH
DB00953	ULFRLSNUDGIQQP-UHFFFAOYSA-N	ULFRLSNUDGIQQP
DB00954	WLOHNSSYAXHWNR-DWIOZXRMSA-N	WLOHNSSYAXHWNR
DB00955	CIDUJQMULVCIBT-MQDUPKMGSA-N	CIDUJQMULVCIBT
DB00956	LLPOLZWFYMWNKH-CMKMFDCUSA-N	LLPOLZWFYMWNKH
DB00957	KIQQMECNKUGGKA-NMYWJIRASA-N	KIQQMECNKUGGKA
DB00958	CCQPAEQGAVNNIA-UHFFFAOYSA-N	CCQPAEQGAVNNIA
DB00959	VHRSUDSXCMQTMA-PJHHCJLFSA-N	VHRSUDSXCMQTMA
DB00960	JZQKKSLKJUAGIC-UHFFFAOYSA-N	JZQKKSLKJUAGIC
DB00961	INWLQCZOYSRPNW-UHFFFAOYSA-N	INWLQCZOYSRPNW
DB00962	HUNXMJYCHXQEGX-UHFFFAOYSA-N	HUNXMJYCHXQEGX
DB00963	ZBPLOVFIXSTCRZ-UHFFFAOYSA-N	ZBPLOVFIXSTCRZ
DB00964	IEJXVRYNEISIKR-UHFFFAOYSA-N	IEJXVRYNEISIKR
DB00966	RMMXLENWKUUMAY-UHFFFAOYSA-N	RMMXLENWKUUMAY
DB00967	JAUOIFJMECXRGI-UHFFFAOYSA-N	JAUOIFJMECXRGI
DB00968	CJCSPKMFHVPWAR-JTQLQIEISA-N	CJCSPKMFHVPWAR
DB00969	JSWZEAMFRNKZNL-UHFFFAOYSA-N	JSWZEAMFRNKZNL
DB00970	RJURFGZVJUQBHK-IIXSONLDSA-N	RJURFGZVJUQBHK
DB00971	JNMWHTHYDQTDQZ-UHFFFAOYSA-N	JNMWHTHYDQTDQZ
DB00972	MBUVEWMHONZEQD-UHFFFAOYSA-N	MBUVEWMHONZEQD
DB00973	OLNTVTPDXPETLC-XPWALMASSA-N	OLNTVTPDXPETLC
DB00974	KCXVZYZYPLLWCC-UHFFFAOYSA-N	KCXVZYZYPLLWCC
DB00975	IZEKFCXSFNUWAM-UHFFFAOYSA-N	IZEKFCXSFNUWAM
DB00976	LJVAJPDWBABPEJ-PNUFFHFMSA-N	LJVAJPDWBABPEJ
DB00977	BFPYWIDHMRZLRN-SLHNCBLASA-N	BFPYWIDHMRZLRN
DB00978	ZEKZLJVOYLTDKK-UHFFFAOYSA-N	ZEKZLJVOYLTDKK
DB00979	SKYSRIRYMSLOIN-UHFFFAOYSA-N	SKYSRIRYMSLOIN
DB00980	YLXDSYKOBKBWJQ-LBPRGKRZSA-N	YLXDSYKOBKBWJQ
DB00981	PIJVFDBKTWXHHD-HIFRSBDPSA-N	PIJVFDBKTWXHHD
DB00982	SHGAZHPCJJPHSC-XFYACQKRSA-N	SHGAZHPCJJPHSC
DB00983	BPZSYCZIITTYBL-UHFFFAOYSA-N	BPZSYCZIITTYBL
DB00984	UBWXUGDQUBIEIZ-QNTYDACNSA-N	UBWXUGDQUBIEIZ
DB00985	ZZVUWRFHKOJYTH-UHFFFAOYSA-N	ZZVUWRFHKOJYTH
DB00986	ANGKOCUUWGHLCE-UHFFFAOYSA-N	ANGKOCUUWGHLCE
DB00987	UHDGCWIWMRVCDJ-CCXZUQQUSA-N	UHDGCWIWMRVCDJ
DB00988	VYFYYTLLBUKUHU-UHFFFAOYSA-N	VYFYYTLLBUKUHU
DB00989	XSVMFMHYUFZWBK-NSHDSACASA-N	XSVMFMHYUFZWBK
DB00990	BFYIZQONLCFLEV-DAELLWKTSA-N	BFYIZQONLCFLEV
DB00991	OFPXSFXSNFPTHF-UHFFFAOYSA-N	OFPXSFXSNFPTHF
DB00992	YUUAYBAIHCDHHD-UHFFFAOYSA-N	YUUAYBAIHCDHHD
DB00993	LMEKQMALGUDUQG-UHFFFAOYSA-N	LMEKQMALGUDUQG
DB00995	SFOZKJGZNOBSHF-RGDJUOJXSA-M	SFOZKJGZNOBSHF
DB00996	UGJMXCAKCUNAIE-UHFFFAOYSA-N	UGJMXCAKCUNAIE
DB00997	AOJJSUZBOXZQNB-TZSSRYMLSA-N	AOJJSUZBOXZQNB
DB00998	XPSQPHWEGNHMSK-SECBINFHSA-N	XPSQPHWEGNHMSK
DB00999	JZUFKLXOESDKRF-UHFFFAOYSA-N	JZUFKLXOESDKRF
DB01000	HGBLNBBNRORJKI-WCABBAIRSA-N	HGBLNBBNRORJKI
DB01001	NDAUXUAQIAJITI-UHFFFAOYSA-N	NDAUXUAQIAJITI
DB01002	LEBVLXFERQHONN-INIZCTEOSA-N	LEBVLXFERQHONN
DB01003	IMZMKUWMOSJXDT-UHFFFAOYSA-N	IMZMKUWMOSJXDT
DB01004	IRSCQMHQWWYFCW-UHFFFAOYSA-N	IRSCQMHQWWYFCW
DB01005	VSNHCAURESNICA-UHFFFAOYSA-N	VSNHCAURESNICA
DB01006	HPJKCIUCZWXJDR-UHFFFAOYSA-N	HPJKCIUCZWXJDR
DB01007	QXHHHPZILQDDPS-UHFFFAOYSA-N	QXHHHPZILQDDPS
DB01008	COVZYZSDYWQREU-UHFFFAOYSA-N	COVZYZSDYWQREU
DB01009	DKYWVDODHFEZIM-UHFFFAOYSA-N	DKYWVDODHFEZIM
DB01010	VWLHWLSRQJQWRG-UHFFFAOYSA-O	VWLHWLSRQJQWRG
DB01011	FJLBFSROUSIWMA-UHFFFAOYSA-N	FJLBFSROUSIWMA
DB01012	VDHAWDNDOKGFTD-MRXNPFEDSA-N	VDHAWDNDOKGFTD
DB01013	CBGUOGMQLZIXBE-XGQKBEPLSA-N	CBGUOGMQLZIXBE
DB01014	IPOKCKJONYRRHP-UHFFFAOYSA-N	IPOKCKJONYRRHP
DB01015	JLKIGFTWXXRPMT-UHFFFAOYSA-N	JLKIGFTWXXRPMT
DB01016	ZNNLBTZKUZBEKO-UHFFFAOYSA-N	ZNNLBTZKUZBEKO
DB01017	FFTVPQUHLQBXQZ-KVUCHLLUSA-N	FFTVPQUHLQBXQZ
DB01018	INJOMKTZOLKMBF-UHFFFAOYSA-N	INJOMKTZOLKMBF
DB01019	NZUPCNDJBJXXRF-UHFFFAOYSA-O	NZUPCNDJBJXXRF
DB01020	YWXYYJSYQOXTPL-SLPGGIOYSA-N	YWXYYJSYQOXTPL
DB01021	LMJSLTNSBFUCMU-UHFFFAOYSA-N	LMJSLTNSBFUCMU
DB01022	MBWXNTAXLNYFJB-NKFFZRIASA-N	MBWXNTAXLNYFJB
DB01023	RZTAMFZIAATZDJ-UHFFFAOYSA-N	RZTAMFZIAATZDJ
DB01024	HPNSFSBZBAHARI-RUDMXATFSA-N	HPNSFSBZBAHARI
DB01025	SGRYPYWGNKJSDL-UHFFFAOYSA-N	SGRYPYWGNKJSDL
DB01026	XMAYWYJOQHXEEK-UHFFFAOYSA-N	XMAYWYJOQHXEEK
DB01028	RFKMCNOHBTXSMU-UHFFFAOYSA-N	RFKMCNOHBTXSMU
DB01029	YOSHYTLCDANDAN-UHFFFAOYSA-N	YOSHYTLCDANDAN
DB01030	UCFGDBYHRUNTLO-QHCPKHFHSA-N	UCFGDBYHRUNTLO
DB01031	GXRZIMHKGDIBEW-UHFFFAOYSA-N	GXRZIMHKGDIBEW
DB01032	DBABZHXKTCFAPX-UHFFFAOYSA-N	DBABZHXKTCFAPX
DB01033	GLVAUDGFNGKCSF-UHFFFAOYSA-N	GLVAUDGFNGKCSF
DB01034	GVEZIHKRYBHEFX-NQQPLRFYSA-N	GVEZIHKRYBHEFX
DB01035	REQCZEXYDRLIBE-UHFFFAOYSA-N	REQCZEXYDRLIBE
DB01036	OOGJQPCLVADCPB-HXUWFJFHSA-N	OOGJQPCLVADCPB
DB01037	MEZLKOACVSPNER-GFCCVEGCSA-N	MEZLKOACVSPNER
DB01038	XZSMZRXAEFNJCU-UHFFFAOYSA-N	XZSMZRXAEFNJCU
DB01039	YMTINGFKWWXKFG-UHFFFAOYSA-N	YMTINGFKWWXKFG
DB01041	UEJJHQNACJXSKW-UHFFFAOYSA-N	UEJJHQNACJXSKW
DB01042	SGDBTWWWUNNDEQ-LBPRGKRZSA-N	SGDBTWWWUNNDEQ
DB01043	BUGYDGFZZOZRHP-UHFFFAOYSA-N	BUGYDGFZZOZRHP
DB01044	XUBOMFCQGDBHNK-UHFFFAOYSA-N	XUBOMFCQGDBHNK
DB01045	JQXXHWHPUNPDRT-WLSIYKJHSA-N	JQXXHWHPUNPDRT
DB01046	WGFOBBZOWHGYQH-MXHNKVEKSA-N	WGFOBBZOWHGYQH
DB01047	WJOHZNCJWYWUJD-IUGZLZTKSA-N	WJOHZNCJWYWUJD
DB01048	MCGSCOLBFJQGHM-SCZZXKLOSA-N	MCGSCOLBFJQGHM
DB01050	HEFNNWSXXWATRW-UHFFFAOYSA-N	HEFNNWSXXWATRW
DB01051	YJQPYGGHQPGBLI-KGSXXDOSSA-N	YJQPYGGHQPGBLI
DB01053	JGSARLDLIJGVTE-MBNYWOFBSA-N	JGSARLDLIJGVTE
DB01054	PVHUJELLJLJGLN-UHFFFAOYSA-N	PVHUJELLJLJGLN
DB01055	WZNJWVWKTVETCG-YFKPBYRVSA-N	WZNJWVWKTVETCG
DB01056	BUJAGSGYPOAWEI-UHFFFAOYSA-N	BUJAGSGYPOAWEI
DB01057	BJOLKYGKSZKIGU-UHFFFAOYSA-N	BJOLKYGKSZKIGU
DB01058	FSVJFNAIGNNGKK-UHFFFAOYSA-N	FSVJFNAIGNNGKK
DB01059	OGJPXUAPXNRGGI-UHFFFAOYSA-N	OGJPXUAPXNRGGI
DB01060	LSQZJLSUYDQPKJ-NJBDSQKTSA-N	LSQZJLSUYDQPKJ
DB01061	JTWOMNBEOCYFNV-NFFDBFGFSA-N	JTWOMNBEOCYFNV
DB01062	XIQVNETUBQGFHX-UHFFFAOYSA-N	XIQVNETUBQGFHX
DB01063	WNTYBHLDCKXEOT-UHFFFAOYSA-N	WNTYBHLDCKXEOT
DB01064	JWZZKOKVBUJMES-UHFFFAOYSA-N	JWZZKOKVBUJMES
DB01065	DRLFMBDRBRZALE-UHFFFAOYSA-N	DRLFMBDRBRZALE
DB01066	KMIPKYQIOVAHOP-YLGJWRNMSA-N	KMIPKYQIOVAHOP
DB01067	ZJJXGWJIGJFDTL-UHFFFAOYSA-N	ZJJXGWJIGJFDTL
DB01068	DGBIGWXXNGSACT-UHFFFAOYSA-N	DGBIGWXXNGSACT
DB01069	PWWVAXIEGOYWEE-UHFFFAOYSA-N	PWWVAXIEGOYWEE
DB01070	ILYCWAKSDCYMBB-OPCMSESCSA-N	ILYCWAKSDCYMBB
DB01071	HOKDBMAJZXIPGC-UHFFFAOYSA-N	HOKDBMAJZXIPGC
DB01072	AXRYRYVKAWYZBR-GASGPIRDSA-N	AXRYRYVKAWYZBR
DB01073	HBUBKKRHXORPQB-FJFJXFQQSA-N	HBUBKKRHXORPQB
DB01074	CYXKNKQEMFBLER-UHFFFAOYSA-N	CYXKNKQEMFBLER
DB01075	ZZVUWRFHKOJYTH-UHFFFAOYSA-N	ZZVUWRFHKOJYTH
DB01076	XUKUURHRXDUEBC-KAYWLYCHSA-N	XUKUURHRXDUEBC
DB01077	DBVJJBKOTRCVKF-UHFFFAOYSA-N	DBVJJBKOTRCVKF
DB01078	OBATZBGFDSVCJD-LALPQLPRSA-N	OBATZBGFDSVCJD
DB01079	IKBKZGMPCYNSLU-RGVLZGJSSA-N	IKBKZGMPCYNSLU
DB01080	PJDFLNIOAUIZSL-UHFFFAOYSA-N	PJDFLNIOAUIZSL
DB01081	HYPPXZBJBPSRLK-UHFFFAOYSA-N	HYPPXZBJBPSRLK
DB01082	UCSJYZPVAKXKNQ-HZYVHMACSA-N	UCSJYZPVAKXKNQ
DB01083	AHLBNYSZXLDEJQ-FWEHEUNISA-N	AHLBNYSZXLDEJQ
DB01084	KBUZBQVCBVDWKX-UHFFFAOYSA-N	KBUZBQVCBVDWKX
DB01085	QCHFTSOMWOSFHM-WPRPVWTQSA-N	QCHFTSOMWOSFHM
DB01086	BLFLLBZGZJTVJG-UHFFFAOYSA-N	BLFLLBZGZJTVJG
DB01087	INDBQLZJXZLFIT-UHFFFAOYSA-N	INDBQLZJXZLFIT
DB01088	HIFJCPQKFCZDDL-ACWOEMLNSA-N	HIFJCPQKFCZDDL
DB01089	CVBMAZKKCSYWQR-WCGOZPBSSA-N	CVBMAZKKCSYWQR
DB01090	XSBSKEQEUFOSDD-UHFFFAOYSA-N	XSBSKEQEUFOSDD
DB01091	ABJKWBDEJIDSJZ-UHFFFAOYSA-N	ABJKWBDEJIDSJZ
DB01092	LPMXVESGRSUGHW-HBYQJFLCSA-N	LPMXVESGRSUGHW
DB01093	IAZDPXIOMUYVGZ-UHFFFAOYSA-N	IAZDPXIOMUYVGZ
DB01094	AIONOLUJZLIMTK-AWEZNQCLSA-N	AIONOLUJZLIMTK
DB01095	FJLGEFLZQAZZCD-JUFISIKESA-N	FJLGEFLZQAZZCD
DB01096	XCGYUJZMCCFSRP-UHFFFAOYSA-N	XCGYUJZMCCFSRP
DB01097	VHOGYURTWQBHIL-UHFFFAOYSA-N	VHOGYURTWQBHIL
DB01098	BPRHUIZQVSMCRT-VEUZHWNKSA-N	BPRHUIZQVSMCRT
DB01099	XRECTZIEBJDKEO-UHFFFAOYSA-N	XRECTZIEBJDKEO
DB01100	YVUQSNJEYSNKRX-UHFFFAOYSA-N	YVUQSNJEYSNKRX
DB01101	GAGWJHPBXLXJQN-UORFTKCHSA-N	GAGWJHPBXLXJQN
DB01102	IIRWWTKISYTTBL-SFHVURJKSA-N	IIRWWTKISYTTBL
DB01103	GPKJTRJOBQGKQK-UHFFFAOYSA-N	GPKJTRJOBQGKQK
DB01104	VGKDLMBJGBXTGI-SJCJKPOMSA-N	VGKDLMBJGBXTGI
DB01105	UNAANXDKBXWMLN-UHFFFAOYSA-N	UNAANXDKBXWMLN
DB01106	ZCGOMHNNNFPNMX-YHYDXASRSA-N	ZCGOMHNNNFPNMX
DB01107	SIDLZWOQUZRBRU-UHFFFAOYSA-N	SIDLZWOQUZRBRU
DB01108	KVJXBPDAXMEYOA-CXANFOAXSA-N	KVJXBPDAXMEYOA
DB01110	BYBLEWFAAKGYCD-UHFFFAOYSA-N	BYBLEWFAAKGYCD
DB01111	BSSIRFLGSWHWDE-UHFFFAOYSA-I	BSSIRFLGSWHWDE
DB01112	JFPVXVDWJQMJEE-IZRZKJBUSA-N	JFPVXVDWJQMJEE
DB01113	XQYZDYMELSJDRZ-UHFFFAOYSA-N	XQYZDYMELSJDRZ
DB01114	SOYKEARSMXGVTM-UHFFFAOYSA-N	SOYKEARSMXGVTM
DB01115	HYIMSNHJOBLJNT-UHFFFAOYSA-N	HYIMSNHJOBLJNT
DB01116	CHQOEHPMXSHGCL-UHFFFAOYSA-N	CHQOEHPMXSHGCL
DB01117	BSJMWHQBCZFXBR-UHFFFAOYSA-N	BSJMWHQBCZFXBR
DB01118	IYIKLHRQXLHMJQ-UHFFFAOYSA-N	IYIKLHRQXLHMJQ
DB01119	GDLBFKVLRPITMI-UHFFFAOYSA-N	GDLBFKVLRPITMI
DB01120	BOVGTQGAOIONJV-UHFFFAOYSA-N	BOVGTQGAOIONJV
DB01121	XPFRXWCVYUEORT-UHFFFAOYSA-N	XPFRXWCVYUEORT
DB01122	OMHBPUNFVFNHJK-UHFFFAOYSA-P	OMHBPUNFVFNHJK
DB01123	WDVSHHCDHLJJJR-UHFFFAOYSA-N	WDVSHHCDHLJJJR
DB01124	JLRGJRBPOGGCBT-UHFFFAOYSA-N	JLRGJRBPOGGCBT
DB01125	XRCFXMGQEVUZFC-UHFFFAOYSA-N	XRCFXMGQEVUZFC
DB01126	JWJOTENAMICLJG-QWBYCMEYSA-N	JWJOTENAMICLJG
DB01127	LEZWWPYKPKIXLL-UHFFFAOYSA-N	LEZWWPYKPKIXLL
DB01128	LKJPYSCBVHEWIU-UHFFFAOYSA-N	LKJPYSCBVHEWIU
DB01129	YREYEVIYCVEVJK-UHFFFAOYSA-N	YREYEVIYCVEVJK
DB01130	FNPXMHRZILFCKX-KAJVQRHHSA-N	FNPXMHRZILFCKX
DB01131	SSOLNOMRVKKSON-UHFFFAOYSA-N	SSOLNOMRVKKSON
DB01132	HYAFETHFCAUJAY-UHFFFAOYSA-N	HYAFETHFCAUJAY
DB01133	DKJJVAGXPKPDRL-UHFFFAOYSA-N	DKJJVAGXPKPDRL
DB01134	VVOIQBFMTVCINR-WWMZEODYSA-N	VVOIQBFMTVCINR
DB01135	GBLRQXKSCRCLBZ-UHFFFAOYSA-N	GBLRQXKSCRCLBZ
DB01136	OGHNVEJMJSYVRP-UHFFFAOYSA-N	OGHNVEJMJSYVRP
DB01137	GSDSWSVVBLHKDQ-JTQLQIEISA-N	GSDSWSVVBLHKDQ
DB01138	MBGGBVCUIVRRBF-UHFFFAOYSA-N	MBGGBVCUIVRRBF
DB01139	UQLLWWBDSUHNEB-CZUORRHYSA-N	UQLLWWBDSUHNEB
DB01140	BOEGTKLJZSQCCD-UEKVPHQBSA-N	BOEGTKLJZSQCCD
DB01141	PIEUQSKUWLMALL-YABMTYFHSA-N	PIEUQSKUWLMALL
DB01142	ODQWQRRAPPTVAG-BOPFTXTBSA-N	ODQWQRRAPPTVAG
DB01143	JKOQGQFVAUAYPM-UHFFFAOYSA-N	JKOQGQFVAUAYPM
DB01144	GJQPMPFPNINLKP-UHFFFAOYSA-N	GJQPMPFPNINLKP
DB01145	NEDPPCHNEOMTJV-UHFFFAOYSA-N	NEDPPCHNEOMTJV
DB01146	OWQUZNMMYNAXSL-UHFFFAOYSA-N	OWQUZNMMYNAXSL
DB01147	LQOLIRLGBULYKD-JKIFEVAISA-N	LQOLIRLGBULYKD
DB01148	SPIUTQOUKAMGCX-UHFFFAOYSA-N	SPIUTQOUKAMGCX
DB01149	VRBKIVRKKCLPHA-UHFFFAOYSA-N	VRBKIVRKKCLPHA
DB01150	WDLWHQDACQUCJR-ZAMMOSSLSA-N	WDLWHQDACQUCJR
DB01151	HCYAFALTSJYZDH-UHFFFAOYSA-N	HCYAFALTSJYZDH
DB01152	OPGSFDUODIJJGF-JBUZINEHSA-N	OPGSFDUODIJJGF
DB01153	JLGKQTAYUIMGRK-UHFFFAOYSA-N	JLGKQTAYUIMGRK
DB01154	XLOMZPUITCYLMJ-UHFFFAOYSA-N	XLOMZPUITCYLMJ
DB01155	ZRCVYEYHRGVLOC-HYARGMPZSA-N	ZRCVYEYHRGVLOC
DB01156	SNPPWIUOZRMYNY-UHFFFAOYSA-N	SNPPWIUOZRMYNY
DB01157	NOYPYLRCIDNJJB-UHFFFAOYSA-N	NOYPYLRCIDNJJB
DB01158	AAQOQKQBGPPFNS-UHFFFAOYSA-N	AAQOQKQBGPPFNS
DB01159	BCQZXOMGPXTTIC-UHFFFAOYSA-N	BCQZXOMGPXTTIC
DB01160	PXGPLTODNUVGFL-YNNPMVKQSA-N	PXGPLTODNUVGFL
DB01161	VDANGULDQQJODZ-UHFFFAOYSA-N	VDANGULDQQJODZ
DB01162	VCKUSRYTPJJLNI-UHFFFAOYSA-N	VCKUSRYTPJJLNI
DB01163	BWWVAEOLVKTZFQ-NTZNESFSSA-N	BWWVAEOLVKTZFQ
DB01164	VEXZGXHMUGYJMC-UHFFFAOYSA-M	VEXZGXHMUGYJMC
DB01165	GSDSWSVVBLHKDQ-UHFFFAOYSA-N	GSDSWSVVBLHKDQ
DB01166	RRGUKTPIGVIEKM-UHFFFAOYSA-N	RRGUKTPIGVIEKM
DB01167	VHVPQPYKVGDNFY-ZPGVKDDISA-N	VHVPQPYKVGDNFY
DB01168	CPTBDICYNRMXFX-UHFFFAOYSA-N	CPTBDICYNRMXFX
DB01169	IKWTVSLWAPBBKU-UHFFFAOYSA-N	IKWTVSLWAPBBKU
DB01170	ACGDKVXYNVEAGU-UHFFFAOYSA-N	ACGDKVXYNVEAGU
DB01171	YHXISWVBGDMDLQ-UHFFFAOYSA-N	YHXISWVBGDMDLQ
DB01172	SBUJHOSQTJFQJX-NOAMYHISSA-N	SBUJHOSQTJFQJX
DB01173	QVYRGXJJSLMXQH-UHFFFAOYSA-N	QVYRGXJJSLMXQH
DB01174	DDBREPKUVSBGFI-UHFFFAOYSA-N	DDBREPKUVSBGFI
DB01175	WSEQXVZVJXJVFP-FQEVSTJZSA-N	WSEQXVZVJXJVFP
DB01176	UVKZSORBKUEBAZ-UHFFFAOYSA-N	UVKZSORBKUEBAZ
DB01177	XDXDZDZNSLXDNA-TZNDIEGXSA-N	XDXDZDZNSLXDNA
DB01178	WEQAYVWKMWHEJO-UHFFFAOYSA-N	WEQAYVWKMWHEJO
DB01179	YJGVMLPVUAXIQN-XVVDYKMHSA-N	YJGVMLPVUAXIQN
DB01180	SZLZWPPUNLXJEA-LAFLMMDJSA-N	SZLZWPPUNLXJEA
DB01181	HOMGKSMUEGBAAB-UHFFFAOYSA-N	HOMGKSMUEGBAAB
DB01182	JWHAUXFOSRPERK-UHFFFAOYSA-N	JWHAUXFOSRPERK
DB01183	UZHSEJADLWPNLE-GRGSLBFTSA-N	UZHSEJADLWPNLE
DB01184	FGXWKSZFVQUSTL-UHFFFAOYSA-N	FGXWKSZFVQUSTL
DB01185	YLRFCQOZQXIBAB-RBZZARIASA-N	YLRFCQOZQXIBAB
DB01186	YEHCICAEULNIGD-MZMPZRCHSA-N	YEHCICAEULNIGD
DB01187	IWRUDYQZPTVTPA-UHFFFAOYSA-N	IWRUDYQZPTVTPA
DB01188	SCKYRAXSEDYPSA-UHFFFAOYSA-N	SCKYRAXSEDYPSA
DB01189	DPYMFVXJLLWWEU-UHFFFAOYSA-N	DPYMFVXJLLWWEU
DB01190	KDLRVYVGXIQJDK-NOWPCOIGSA-N	KDLRVYVGXIQJDK
DB01191	DBGIVFWFUFKIQN-VIFPVBQESA-N	DBGIVFWFUFKIQN
DB01192	UQCNKQCJZOAFTQ-ISWURRPUSA-N	UQCNKQCJZOAFTQ
DB01193	GOEMGAFJFRBGGG-UHFFFAOYSA-N	GOEMGAFJFRBGGG
DB01194	HCRKCZRJWPKOAR-JTQLQIEISA-N	HCRKCZRJWPKOAR
DB01195	DJBNUMBKLMJRSA-UHFFFAOYSA-N	DJBNUMBKLMJRSA
DB01196	FRPJXPJMRWBBIH-RBRWEJTLSA-N	FRPJXPJMRWBBIH
DB01197	FAKRSMQSSFJEIM-RQJHMYQMSA-N	FAKRSMQSSFJEIM
DB01198	GBBSUAFBMRNDJC-UHFFFAOYSA-N	GBBSUAFBMRNDJC
DB01199	JFJZZMVDLULRGK-URLMMPGGSA-O	JFJZZMVDLULRGK
DB01200	OZVBMTJYIDMWIL-AYFBDAFISA-N	OZVBMTJYIDMWIL
DB01201	WDZCUPBHRAEYDL-GZAUEHORSA-N	WDZCUPBHRAEYDL
DB01202	HPHUVLMMVZITSG-LURJTMIESA-N	HPHUVLMMVZITSG
DB01203	VWPOSFSPZNDTMJ-UCWKZMIHSA-N	VWPOSFSPZNDTMJ
DB01204	KKZJGLLVHKMTCM-UHFFFAOYSA-N	KKZJGLLVHKMTCM
DB01205	OFBIFZUFASYYRE-UHFFFAOYSA-N	OFBIFZUFASYYRE
DB01206	GQYIWUVLTXOXAJ-UHFFFAOYSA-N	GQYIWUVLTXOXAJ
DB01207	GLLPUTYLZIKEGF-HAVVHWLPSA-N	GLLPUTYLZIKEGF
DB01208	DZZWHBIBMUVIIW-DTORHVGOSA-N	DZZWHBIBMUVIIW
DB01209	VTMVHDZWSFQSQP-VBNZEHGJSA-N	VTMVHDZWSFQSQP
DB01210	IXHBTMCLRNMKHZ-LBPRGKRZSA-N	IXHBTMCLRNMKHZ
DB01211	AGOYDEPGAOXOCK-KCBOHYOISA-N	AGOYDEPGAOXOCK
DB01212	VAAUVRVFOQPIGI-SPQHTLEESA-N	VAAUVRVFOQPIGI
DB01213	RIKMMFOAQPJVMX-UHFFFAOYSA-N	RIKMMFOAQPJVMX
DB01214	BQIPXWYNLPYNHW-UHFFFAOYSA-N	BQIPXWYNLPYNHW
DB01215	CDCHDCWJMGXXRH-UHFFFAOYSA-N	CDCHDCWJMGXXRH
DB01216	DBEPLOCGEIEOCV-WSBQPABSSA-N	DBEPLOCGEIEOCV
DB01217	YBBLVLTVTVSKRW-UHFFFAOYSA-N	YBBLVLTVTVSKRW
DB01218	FOHHNHSLJDZUGQ-UHFFFAOYSA-N	FOHHNHSLJDZUGQ
DB01219	OZOMQRBLCMDCEG-VIZOYTHASA-N	OZOMQRBLCMDCEG
DB01220	NZCRJKRKKOLAOJ-XRCRFVBUSA-N	NZCRJKRKKOLAOJ
DB01221	YQEZLKZALYSWHR-UHFFFAOYSA-N	YQEZLKZALYSWHR
DB01222	VOVIALXJUBGFJZ-KWVAZRHASA-N	VOVIALXJUBGFJZ
DB01223	ZFXYFBGIUFBOJW-UHFFFAOYSA-N	ZFXYFBGIUFBOJW
DB01224	URKOMYMAXPYINW-UHFFFAOYSA-N	URKOMYMAXPYINW
DB01226	ILVYCEVXHALBSC-OTBYEXOQSA-N	ILVYCEVXHALBSC
DB01227	XBMIVRRWGCYBTQ-AVRDEDQJSA-N	XBMIVRRWGCYBTQ
DB01228	PJWPNDMDCLXCOM-UHFFFAOYSA-N	PJWPNDMDCLXCOM
DB01229	RCINICONZNJXQF-MZXODVADSA-N	RCINICONZNJXQF
DB01230	NRNCYVBFPDDJNE-UHFFFAOYSA-N	NRNCYVBFPDDJNE
DB01231	OGAKLTJNUQRZJU-UHFFFAOYSA-N	OGAKLTJNUQRZJU
DB01232	QWAXKHKRTORLEM-UGJKXSETSA-N	QWAXKHKRTORLEM
DB01233	TTWJBBZEZQICBI-UHFFFAOYSA-N	TTWJBBZEZQICBI
DB01234	UREBDLICKHMUKA-CXSFZGCWSA-N	UREBDLICKHMUKA
DB01235	WTDRDQBEARUVNC-LURJTMIESA-N	WTDRDQBEARUVNC
DB01236	DFEYYRMXOJXZRJ-UHFFFAOYSA-N	DFEYYRMXOJXZRJ
DB01237	NUNIWXHYABYXKF-UHFFFAOYSA-N	NUNIWXHYABYXKF
DB01238	CEUORZQYGODEFX-UHFFFAOYSA-N	CEUORZQYGODEFX
DB01239	WSPOMRSOLSGNFJ-AUWJEWJLSA-N	WSPOMRSOLSGNFJ
DB01240	KAQKFAOMNZTLHT-OZUDYXHBSA-N	KAQKFAOMNZTLHT
DB01241	HEMJJKBWTPKOJG-UHFFFAOYSA-N	HEMJJKBWTPKOJG
DB01242	GDLIGKIOYRNHDA-UHFFFAOYSA-N	GDLIGKIOYRNHDA
DB01243	WDFKMLRRRCGAKS-UHFFFAOYSA-N	WDFKMLRRRCGAKS
DB01244	UIEATEWHFDRYRU-UHFFFAOYSA-N	UIEATEWHFDRYRU
DB01245	MTCUAOILFDZKCO-UHFFFAOYSA-N	MTCUAOILFDZKCO
DB01246	ZZHLYYDVIOPZBE-UHFFFAOYSA-N	ZZHLYYDVIOPZBE
DB01247	XKFPYPQQHFEXRZ-UHFFFAOYSA-N	XKFPYPQQHFEXRZ
DB01248	ZDZOTLJHXYCWBA-VCVYQWHSSA-N	ZDZOTLJHXYCWBA
DB01249	NBQNWMBBSKPBAY-UHFFFAOYSA-N	NBQNWMBBSKPBAY
DB01250	QQBDLJCYGRGAKP-UHFFFAOYSA-N	QQBDLJCYGRGAKP
DB01251	LLJFMFZYVVLQKT-UHFFFAOYSA-N	LLJFMFZYVVLQKT
DB01252	WPGGHFDDFPHPOB-BBWFWOEESA-N	WPGGHFDDFPHPOB
DB01253	WVVSZNPYNCNODU-XTQGRXLLSA-N	WVVSZNPYNCNODU
DB01254	ZBNZXTGUTAYRHI-UHFFFAOYSA-N	ZBNZXTGUTAYRHI
DB01255	VOBHXZCDAVEXEY-JSGCOSHPSA-N	VOBHXZCDAVEXEY
DB01256	STZYTFJPGGDRJD-FJJJPKKESA-N	STZYTFJPGGDRJD
DB01259	BCFGMOOMADDAQU-UHFFFAOYSA-N	BCFGMOOMADDAQU
DB01260	WBGKWQHBNHJJPZ-LECWWXJVSA-N	WBGKWQHBNHJJPZ
DB01261	MFFMDFFZMYYVKS-SECBINFHSA-N	MFFMDFFZMYYVKS
DB01262	XAUDJQYHKZQPEU-KVQBGUIXSA-N	XAUDJQYHKZQPEU
DB01263	RAGOYPUPXAKGKH-XAKZXMRKSA-N	RAGOYPUPXAKGKH
DB01264	CJBJHOAVZSMMDJ-HEXNFIEUSA-N	CJBJHOAVZSMMDJ
DB01265	IQFYYKKMVGJFEH-CSMHCCOUSA-N	IQFYYKKMVGJFEH
DB01267	PMXMIIMHBWHSKN-UHFFFAOYSA-N	PMXMIIMHBWHSKN
DB01268	WINHZLLDWRZWRT-ATVHPVEESA-N	WINHZLLDWRZWRT
DB01273	JQSHBVHOMNKWFT-UHFFFAOYSA-N	JQSHBVHOMNKWFT
DB01274	BPZSYCZIITTYBL-YJYMSZOUSA-N	BPZSYCZIITTYBL
DB01275	RPTUSVTUFVMDQK-UHFFFAOYSA-N	RPTUSVTUFVMDQK
DB01278	TZIRZGBAFTZREM-MKAGXXMWSA-N	TZIRZGBAFTZREM
DB01280	IXOXBSCIXZEQEQ-UHTZMRCNSA-N	IXOXBSCIXZEQEQ
DB01282	NSTRIRCPWQHTIA-DTRKZRJBSA-N	NSTRIRCPWQHTIA
DB01283	KHPKQFYUPIUARC-UHFFFAOYSA-N	KHPKQFYUPIUARC
DB01284	ZOEFCCMDUURGSE-SQKVDDBVSA-N	ZOEFCCMDUURGSE
DB01288	LSLYOANBFKQKPT-UHFFFAOYSA-N	LSLYOANBFKQKPT
DB01289	ZKUDBRCEOBOWLF-UHFFFAOYSA-N	ZKUDBRCEOBOWLF
DB01291	VQDBNKDJNJQRDG-UHFFFAOYSA-N	VQDBNKDJNJQRDG
DB01294	LMWGJGSFWDSVJG-UHFFFAOYSA-L	LMWGJGSFWDSVJG
DB01295	HXLAFSUPPDYFEO-UHFFFAOYSA-N	HXLAFSUPPDYFEO
DB01296	MSWZFWKMSRAUBD-IVMDWMLBSA-N	MSWZFWKMSRAUBD
DB01297	DURULFYMVIFBIR-UHFFFAOYSA-N	DURULFYMVIFBIR
DB01298	SIBQAECNSSQUOD-UHFFFAOYSA-N	SIBQAECNSSQUOD
DB01299	PJSFRIWCGOHTNF-UHFFFAOYSA-N	PJSFRIWCGOHTNF
DB01301	IKQRPFTXKQQLJF-IAHYZSEUSA-N	IKQRPFTXKQQLJF
DB01303	QWWNRMAXQRZBHT-UHFFFAOYSA-M	QWWNRMAXQRZBHT
DB01319	MLBVMOWEQCZNCC-OEMFJLHTSA-N	MLBVMOWEQCZNCC
DB01320	XWLUWCNOOVRFPX-UHFFFAOYSA-N	XWLUWCNOOVRFPX
DB01321	XJSFLOJWULLJQS-NGVXBBESSA-N	XJSFLOJWULLJQS
DB01324	CYLWJCABXYDINA-UHFFFAOYSA-N	CYLWJCABXYDINA
DB01325	AGMMTXLNIQSRCG-UHFFFAOYSA-N	AGMMTXLNIQSRCG
DB01326	OLVCFLKTBJRLHI-AXAPSJFSSA-N	OLVCFLKTBJRLHI
DB01327	MLYYVTUWGNIJIB-BXKDBHETSA-N	MLYYVTUWGNIJIB
DB01328	DYAIAHUQIPBDIP-AXAPSJFSSA-N	DYAIAHUQIPBDIP
DB01329	GCFBRXLSHGKWDP-XCGNWRKASA-N	GCFBRXLSHGKWDP
DB01330	SRZNHPXWXCNNDU-RHBCBLIFSA-N	SRZNHPXWXCNNDU
DB01331	WZOZEZRFJCJXNZ-ZBFHGGJFSA-N	WZOZEZRFJCJXNZ
DB01332	NNULBSISHYWZJU-LLKWHZGFSA-N	NNULBSISHYWZJU
DB01333	RDLPVSKMFDYCOR-UEKVPHQBSA-N	RDLPVSKMFDYCOR
DB01336	JFXBEKISTKFVAB-AJQTZOPKSA-N	JFXBEKISTKFVAB
DB01337	GVEAYVLWDAFXET-XGHATYIMSA-N	GVEAYVLWDAFXET
DB01338	OWWLUIWOFHMHOQ-XGHATYIMSA-N	OWWLUIWOFHMHOQ
DB01339	BGSZAXLLHYERSY-XQIGCQGXSA-N	BGSZAXLLHYERSY
DB01340	HHHKFGXWKKUNCY-FHWLQOOXSA-N	HHHKFGXWKKUNCY
DB01342	YONOBYIBNBCDSJ-UHFFFAOYSA-N	YONOBYIBNBCDSJ
DB01345	NPYPAHLBTDXSSS-UHFFFAOYSA-N	NPYPAHLBTDXSSS
DB01346	LOUPRKONTZGTKE-UHFFFAOYSA-N	LOUPRKONTZGTKE
DB01347	DUEWVPTZCSAMNB-UHFFFAOYSA-N	DUEWVPTZCSAMNB
DB01348	HRWCVUIFMSZDJS-SZMVWBNQSA-N	HRWCVUIFMSZDJS
DB01349	ADXGNEYLLLSOAR-UHFFFAOYSA-N	ADXGNEYLLLSOAR
DB01351	VIROVYVQCGLCII-UHFFFAOYSA-N	VIROVYVQCGLCII
DB01352	UORJNBVJVRLXMQ-UHFFFAOYSA-N	UORJNBVJVRLXMQ
DB01353	STDBAQMTJLUMFW-UHFFFAOYSA-N	STDBAQMTJLUMFW
DB01354	PAZQYDJGLKSCSI-UHFFFAOYSA-N	PAZQYDJGLKSCSI
DB01355	UYXAWHWODHRRMR-UHFFFAOYSA-N	UYXAWHWODHRRMR
DB01356	HBBGRARXTFLTSG-UHFFFAOYSA-N	HBBGRARXTFLTSG
DB01357	IMSSROKUHAOUJS-MJCUULBUSA-N	IMSSROKUHAOUJS
DB01359	KQXKVJAGOJTNJS-HNNXBMFYSA-N	KQXKVJAGOJTNJS
DB01362	NTHXOOBQLCIOLC-UHFFFAOYSA-N	NTHXOOBQLCIOLC
DB01364	KWGRBVOPPLSCSI-WPRPVWTQSA-N	KWGRBVOPPLSCSI
DB01365	RXQCGGRTAILOIN-UHFFFAOYSA-N	RXQCGGRTAILOIN
DB01366	FKNXQNWAXFXVNW-BLLLJJGKSA-N	FKNXQNWAXFXVNW
DB01367	RUOKEQAAGRXIBM-GFCCVEGCSA-N	RUOKEQAAGRXIBM
DB01369	WTHRRGMBUAHGNI-LCYNINFDSA-N	WTHRRGMBUAHGNI
DB01370	XAGFODPZIPBFFR-UHFFFAOYSA-N	XAGFODPZIPBFFR
DB01373	OYPRJOBELJOOCE-UHFFFAOYSA-N	OYPRJOBELJOOCE
DB01375	RMHMCAVBXYSACO-UHFFFAOYSA-M	RMHMCAVBXYSACO
DB01377	AHKZTVQIVOEVFO-UHFFFAOYSA-N	AHKZTVQIVOEVFO
DB01378	JLVVSXFLKOJNIY-UHFFFAOYSA-N	JLVVSXFLKOJNIY
DB01380	ITRJWOMZKQRYTA-RFZYENFJSA-N	ITRJWOMZKQRYTA
DB01382	QFWPJPIVLCBXFJ-UHFFFAOYSA-N	QFWPJPIVLCBXFJ
DB01384	MKPDWECBUAZOHP-AFYJWTTESA-N	MKPDWECBUAZOHP
DB01388	HBNPJJILLOYFJU-VMPREFPWSA-N	HBNPJJILLOYFJU
DB01390	BVKZGUZCCUSVTD-UHFFFAOYSA-M	BVKZGUZCCUSVTD
DB01392	BLGXFZZNTVWLAY-SCYLSFHTSA-N	BLGXFZZNTVWLAY
DB01393	IIBYAHWJQTYFKB-UHFFFAOYSA-N	IIBYAHWJQTYFKB
DB01394	IAKHMKGGTNLKSZ-UHFFFAOYSA-N	IAKHMKGGTNLKSZ
DB01395	METQSPRSQINEEU-HXCATZOESA-N	METQSPRSQINEEU
DB01396	WDJUZGPOPHTGOT-XUDUSOBPSA-N	WDJUZGPOPHTGOT
DB01397	YGSDEFSMJLZEOE-UHFFFAOYSA-M	YGSDEFSMJLZEOE
DB01399	WVYADZUPLLSGPU-UHFFFAOYSA-N	WVYADZUPLLSGPU
DB01400	ALWKGYPQUAPLQC-UHFFFAOYSA-N	ALWKGYPQUAPLQC
DB01401	YGSDEFSMJLZEOE-UHFFFAOYSA-M	YGSDEFSMJLZEOE
DB01403	VRQVVMDWGGWHTJ-CQSZACIVSA-N	VRQVVMDWGGWHTJ
DB01405	QKDHBVNJCZBTMR-UHFFFAOYSA-N	QKDHBVNJCZBTMR
DB01406	POZRVZJJTULAOH-LHZXLZLDSA-N	POZRVZJJTULAOH
DB01407	STJMRWALKKWQGH-UHFFFAOYSA-N	STJMRWALKKWQGH
DB01408	ANZXOIAKUNOVQU-UHFFFAOYSA-N	ANZXOIAKUNOVQU
DB01409	LERNTVKEWCAPOY-FPISHFTHSA-N	LERNTVKEWCAPOY
DB01410	LUKZNWIVRBCLON-GXOBDPJESA-N	LUKZNWIVRBCLON
DB01411	NBQKINXMPLXUET-UHFFFAOYSA-N	NBQKINXMPLXUET
DB01412	YAPQBXQYLJRXSA-UHFFFAOYSA-N	YAPQBXQYLJRXSA
DB01413	HVFLCNVBZFFHBT-ZKDACBOMSA-N	HVFLCNVBZFFHBT
DB01414	RRYMAQUWDLIUPV-BXKDBHETSA-N	RRYMAQUWDLIUPV
DB01415	UNJFKXSSGBWRBZ-BJCIPQKHSA-N	UNJFKXSSGBWRBZ
DB01416	WYUSVOMTXWRGEK-HBWVYFAYSA-N	WYUSVOMTXWRGEK
DB01418	VABCILAOYCMVPS-UHFFFAOYSA-N	VABCILAOYCMVPS
DB01419	NWGGKKGAFZIVBJ-UHFFFAOYSA-N	NWGGKKGAFZIVBJ
DB01420	PDMMFKSKQVNJMI-BLQWBTBKSA-N	PDMMFKSKQVNJMI
DB01421	UOZODPSAJZTQNH-LSWIJEOBSA-N	UOZODPSAJZTQNH
DB01422	RJIWZDNTCBHXAL-UHFFFAOYSA-N	RJIWZDNTCBHXAL
DB01423	JNYSEDHQJCOWQU-UHFFFAOYSA-N	JNYSEDHQJCOWQU
DB01424	RMMXTBMQSGEXHJ-UHFFFAOYSA-N	RMMXTBMQSGEXHJ
DB01425	KSEYRUGYKHXGFW-UHFFFAOYSA-N	KSEYRUGYKHXGFW
DB01426	CJDRUOGAGYHKKD-HEFSZTOGSA-N	CJDRUOGAGYHKKD
DB01427	RNLQIBCLLYYYFJ-UHFFFAOYSA-N	RNLQIBCLLYYYFJ
DB01428	DXGLGDHPHMLXJC-UHFFFAOYSA-N	DXGLGDHPHMLXJC
DB01429	NZLBHDRPUJLHCE-UHFFFAOYSA-N	NZLBHDRPUJLHCE
DB01430	OBDOVFRMEYHSQB-UHFFFAOYSA-N	OBDOVFRMEYHSQB
DB01431	ATXHVCQZZJYMCF-XUDSTZEESA-N	ATXHVCQZZJYMCF
DB01433	XBMIVRRWGCYBTQ-UHFFFAOYSA-N	XBMIVRRWGCYBTQ
DB01434	JRIZOGLBRPZBLQ-QXUSFIETSA-N	JRIZOGLBRPZBLQ
DB01435	VEQOALNAAJBPNY-UHFFFAOYSA-N	VEQOALNAAJBPNY
DB01436	OFHCOWSQAMBJIW-AVJTYSNKSA-N	OFHCOWSQAMBJIW
DB01437	JMBQKKAJIKAWKF-UHFFFAOYSA-N	JMBQKKAJIKAWKF
DB01438	QPFYXYFORQJZEC-UHFFFAOYSA-N	QPFYXYFORQJZEC
DB01439	SRARDYUHGVMEQI-UHFFFAOYSA-N	SRARDYUHGVMEQI
DB01440	SJZRECIVHVDYJC-UHFFFAOYSA-N	SJZRECIVHVDYJC
DB01442	YQYUWUKDEVZFDB-UHFFFAOYSA-N	YQYUWUKDEVZFDB
DB01444	CANBGVXYBPOLRR-UHFFFAOYSA-N	CANBGVXYBPOLRR
DB01445	VTTONGPRPXSUTJ-UHFFFAOYSA-N	VTTONGPRPXSUTJ
DB01450	BRTSNYPDACNMIP-FAWZKKEFSA-N	BRTSNYPDACNMIP
DB01452	GVGLGOZIDCSQPN-PVHGPHFFSA-N	GVGLGOZIDCSQPN
DB01454	SHXWCVYOXRDMCX-UHFFFAOYSA-N	SHXWCVYOXRDMCX
DB01455	VVUQRXPUVKXAIO-XFUVECHXSA-N	VVUQRXPUVKXAIO
DB01456	SQGZFRITSMYKRH-QAGGRKNESA-N	SQGZFRITSMYKRH
DB01459	FLKWNFFCSSJANB-UHFFFAOYSA-N	FLKWNFFCSSJANB
DB01460	LSSUMOWDTKZHHT-UHFFFAOYSA-N	LSSUMOWDTKZHHT
DB01462	PXDBZSCGSQSKST-UHFFFAOYSA-N	PXDBZSCGSQSKST
DB01463	IKFBPFGUINLYQI-UHFFFAOYSA-N	IKFBPFGUINLYQI
DB01465	LATVFYDIBMDBSY-UHFFFAOYSA-N	LATVFYDIBMDBSY
DB01466	OGDVEMNWJVYAJL-LEPYJNQMSA-N	OGDVEMNWJVYAJL
DB01467	HXJKWPGVENNMCC-UHFFFAOYSA-N	HXJKWPGVENNMCC
DB01471	IVFYLRMMHVYGJH-VLOLGRDOSA-N	IVFYLRMMHVYGJH
DB01472	NEGYEDYHPHMHGK-UHFFFAOYSA-N	NEGYEDYHPHMHGK
DB01481	OKJCFMUGMSVJBG-ABEVXSGRSA-N	OKJCFMUGMSVJBG
DB01482	NMCHYWGKBADVMK-UHFFFAOYSA-N	NMCHYWGKBADVMK
DB01483	FTOAOBMCPZCFFF-UHFFFAOYSA-N	FTOAOBMCPZCFFF
DB01484	FXMWUTGUCAKGQL-UHFFFAOYSA-N	FXMWUTGUCAKGQL
DB01485	BQOIJSIMMIDHMO-FBPKJDBXSA-N	BQOIJSIMMIDHMO
DB01486	DLNKOYKMWOXYQA-IONNQARKSA-N	DLNKOYKMWOXYQA
DB01488	DMULVCHRPCFFGV-UHFFFAOYSA-N	DMULVCHRPCFFGV
DB01489	PXBVEXGRHZFEOF-UHFFFAOYSA-N	PXBVEXGRHZFEOF
DB01491	SVDHSZFEQYXRDC-UHFFFAOYSA-N	SVDHSZFEQYXRDC
DB01493	AOXRBFRFYPMWLR-XGXHKTLJSA-N	AOXRBFRFYPMWLR
DB01494	KWIUHFFTVRNATP-UHFFFAOYSA-N	KWIUHFFTVRNATP
DB01495	VEQOALNAAJBPNY-UHFFFAOYSA-N	VEQOALNAAJBPNY
DB01496	DNZPLHRZXUJATK-UHFFFAOYSA-N	DNZPLHRZXUJATK
DB01497	CAHCBJPUTCKATP-HBDRVVKHSA-N	CAHCBJPUTCKATP
DB01501	UFIVBRCCIRTJTN-UHFFFAOYSA-N	UFIVBRCCIRTJTN
DB01509	NGBBVGZWCFBOGO-UHFFFAOYSA-N	NGBBVGZWCFBOGO
DB01511	CHIFCDOIPRCHCF-UHFFFAOYSA-N	CHIFCDOIPRCHCF
DB01515	GVGYEFKIHJTNQZ-RFQIPJPRSA-N	GVGYEFKIHJTNQZ
DB01520	JUZZEWSCNBCFRL-UHFFFAOYSA-N	JUZZEWSCNBCFRL
DB01521	KCZCIYZKSLLNNH-FBPKJDBXSA-N	KCZCIYZKSLLNNH
DB01524	QADHLRWLCPCEKT-LOVVWNRFSA-N	QADHLRWLCPCEKT
DB01525	PHMBVCPLDPDESM-FKSUSPILSA-N	PHMBVCPLDPDESM
DB01526	BTTWKVFKBPAFDK-LOVVWNRFSA-N	BTTWKVFKBPAFDK
DB01528	NTJQREUGJKIARY-UHFFFAOYSA-N	NTJQREUGJKIARY
DB01529	INUNXTSAACVKJS-OAQYLSRUSA-N	INUNXTSAACVKJS
DB01531	LNNWVNGFPYWNQE-GMIGKAJZSA-N	LNNWVNGFPYWNQE
DB01534	QVFWZNCVPCJQOP-UHFFFAOYSA-N	QVFWZNCVPCJQOP
DB01535	YDSDEBIZUNNPOB-UHFFFAOYSA-N	YDSDEBIZUNNPOB
DB01536	AEMFNILZOJDQLW-QAGGRKNESA-N	AEMFNILZOJDQLW
DB01537	YMHOBZXQZVXHBM-UHFFFAOYSA-N	YMHOBZXQZVXHBM
DB01538	LGGDXXJAGWBUSL-BKRJIHRRSA-N	LGGDXXJAGWBUSL
DB01541	RSIHSRDYCUFFLA-DYKIIFRCSA-N	RSIHSRDYCUFFLA
DB01543	FBYZQDCRLYHHHP-ZOFHRBRSSA-N	FBYZQDCRLYHHHP
DB01544	PPTYJKAXVCCBDU-UHFFFAOYSA-N	PPTYJKAXVCCBDU
DB01545	CUCHJCMWNFEYOM-UHFFFAOYSA-N	CUCHJCMWNFEYOM
DB01547	LCAHPIFLPICNRW-OPGCRTJHSA-N	LCAHPIFLPICNRW
DB01548	OIJXLIIMXHRJJH-KNLIIKEYSA-N	OIJXLIIMXHRJJH
DB01549	FYOWWXMGDATDQY-UHFFFAOYSA-N	FYOWWXMGDATDQY
DB01550	IQUFSXIQAFPIMR-UHFFFAOYSA-N	IQUFSXIQAFPIMR
DB01551	RBOXVHNMENFORY-DNJOTXNNSA-N	RBOXVHNMENFORY
DB01553	ZIXNZOBDFKSQTC-UHFFFAOYSA-N	ZIXNZOBDFKSQTC
DB01554	CMXKUJNZWYTFJN-XFUVECHXSA-N	CMXKUJNZWYTFJN
DB01555	XBMIVRRWGCYBTQ-XMSQKQJNSA-N	XBMIVRRWGCYBTQ
DB01556	ZCKAMNXUHHNZLN-UHFFFAOYSA-N	ZCKAMNXUHHNZLN
DB01558	VMIYHDSEFNYJSL-UHFFFAOYSA-N	VMIYHDSEFNYJSL
DB01559	CHBRHODLKOZEPZ-UHFFFAOYSA-N	CHBRHODLKOZEPZ
DB01560	PUAQLLVFLMYYJJ-ZETCQYMHSA-N	PUAQLLVFLMYYJJ
DB01561	RAJWOBJTTGJROA-WZNAKSSCSA-N	RAJWOBJTTGJROA
DB01562	BVURVTVDNWSNFN-UHFFFAOYSA-N	BVURVTVDNWSNFN
DB01563	RNFNDJAIBTYOQL-UHFFFAOYSA-N	RNFNDJAIBTYOQL
DB01564	IVFYLRMMHVYGJH-PVPPCFLZSA-N	IVFYLRMMHVYGJH
DB01565	IJVCSMSMFSCRME-KBQPJGBKSA-N	IJVCSMSMFSCRME
DB01566	PVXVWWANJIWJOO-UHFFFAOYSA-N	PVXVWWANJIWJOO
DB01567	ROYOYTLGDLIGBX-UHFFFAOYSA-N	ROYOYTLGDLIGBX
DB01569	AMVODTGMYSRMNP-GNIMZFFESA-N	AMVODTGMYSRMNP
DB01571	MLQRZXNZHAOCHQ-UHFFFAOYSA-N	MLQRZXNZHAOCHQ
DB01572	JRNSSSJKIGAFCT-YDSAWKJFSA-N	JRNSSSJKIGAFCT
DB01574	XLYOFNOQVPJJNP-UHFFFAOYSA-N	XLYOFNOQVPJJNP
DB01575	KUDCBYUNCUYIDU-UHFFFAOYSA-N	KUDCBYUNCUYIDU
DB01576	KWTSXDURSIMDCE-QMMMGPOBSA-N	KWTSXDURSIMDCE
DB01577	MYWUZJCMWCOHBA-VIFPVBQESA-N	MYWUZJCMWCOHBA
DB01578	DTZMSDADRKLCQE-RFMXWLSYSA-N	DTZMSDADRKLCQE
DB01579	MFOCDFTXLCYLKU-CMPLNLGQSA-N	MFOCDFTXLCYLKU
DB01580	CEMAWMOMDPGJMB-UHFFFAOYSA-N	CEMAWMOMDPGJMB
DB01581	QPPBRPIAZZHUNT-UHFFFAOYSA-N	QPPBRPIAZZHUNT
DB01582	ASWVTGNCAZCNNR-UHFFFAOYSA-N	ASWVTGNCAZCNNR
DB01583	XUIIKFGFIJCVMT-LBPRGKRZSA-M	XUIIKFGFIJCVMT
DB01586	RUDATBOHQWOJDD-UZVSRGJWSA-N	RUDATBOHQWOJDD
DB01587	PWAJCNITSBZRBL-UHFFFAOYSA-N	PWAJCNITSBZRBL
DB01588	MWQCHHACWWAQLJ-UHFFFAOYSA-N	MWQCHHACWWAQLJ
DB01589	IKMPWMZBZSAONZ-UHFFFAOYSA-N	IKMPWMZBZSAONZ
DB01590	HKVAMNSJSFKALM-GKUWKFKPSA-N	HKVAMNSJSFKALM
DB01591	FBOUYBDGKBSUES-VXKWHMMOSA-N	FBOUYBDGKBSUES
DB01592	XEEYBQQBJWHFJM-UHFFFAOYSA-N	XEEYBQQBJWHFJM
DB01593	HCHKCACWOHOZIP-UHFFFAOYSA-N	HCHKCACWOHOZIP
DB01594	XAXMYHMKTCNRRZ-UHFFFAOYSA-N	XAXMYHMKTCNRRZ
DB01595	KJONHKAYOJNZEC-UHFFFAOYSA-N	KJONHKAYOJNZEC
DB01597	DHSUYTOATWAVLW-WFVMDLQDSA-N	DHSUYTOATWAVLW
DB01598	ZSKVGTPCRGIANV-ZXFLCMHBSA-N	ZSKVGTPCRGIANV
DB01599	FYPMFJGVHOHGLL-UHFFFAOYSA-N	FYPMFJGVHOHGLL
DB01600	GUHPRPJDBZHYCJ-UHFFFAOYSA-N	GUHPRPJDBZHYCJ
DB01601	KJHKTHWMRKYKJE-SUGCFTRWSA-N	KJHKTHWMRKYKJE
DB01602	PFOLLRNADZZWEX-FFGRCDKISA-N	PFOLLRNADZZWEX
DB01603	RJQXTJLFIWVMTO-TYNCELHUSA-N	RJQXTJLFIWVMTO
DB01604	ZEMIJUDPLILVNQ-ZXFNITATSA-N	ZEMIJUDPLILVNQ
DB01605	NPGNOVNWUSPMDP-HLLBOEOZSA-N	NPGNOVNWUSPMDP
DB01606	LPQZKKCYTLCDGQ-WEDXCCLWSA-N	LPQZKKCYTLCDGQ
DB01607	OHKOGUYZJXTSFX-KZFFXBSXSA-N	OHKOGUYZJXTSFX
DB01608	LUALIOATIOESLM-UHFFFAOYSA-N	LUALIOATIOESLM
DB01609	BOFQWVMAQOTZIW-UHFFFAOYSA-N	BOFQWVMAQOTZIW
DB01610	WPVFJKSGQUFQAP-GKAPJAKFSA-N	WPVFJKSGQUFQAP
DB01611	XXSMGPRMXLTPCZ-UHFFFAOYSA-N	XXSMGPRMXLTPCZ
DB01612	CSDTZUBPSYWZDX-UHFFFAOYSA-N	CSDTZUBPSYWZDX
DB01613	SNFOERUNNSHUGP-ZXZARUISSA-N	SNFOERUNNSHUGP
DB01614	NOSIYYJFMPDDSA-UHFFFAOYSA-N	NOSIYYJFMPDDSA
DB01615	XLOQNFNTQIRSOX-UHFFFAOYSA-N	XLOQNFNTQIRSOX
DB01616	ZPFXAOWNKLFJDN-UHFFFAOYSA-N	ZPFXAOWNKLFJDN
DB01618	KLPWJLBORRMFGK-UHFFFAOYSA-N	KLPWJLBORRMFGK
DB01619	ISFHAYSTHMVOJR-UHFFFAOYSA-N	ISFHAYSTHMVOJR
DB01620	IJHNSHDBIRRJRN-UHFFFAOYSA-N	IJHNSHDBIRRJRN
DB01621	JOMHSQGEWSNUKU-UHFFFAOYSA-N	JOMHSQGEWSNUKU
DB01622	VZYCZNZBPPHOFY-UHFFFAOYSA-N	VZYCZNZBPPHOFY
DB01623	GFBKORZTTCHDGY-UWVJOHFNSA-N	GFBKORZTTCHDGY
DB01624	WFPIAZLQTJBIFN-DVZOWYKESA-N	WFPIAZLQTJBIFN
DB01625	JTPUMZTWMWIVPA-UHFFFAOYSA-O	JTPUMZTWMWIVPA
DB01626	DPWPWRLQFGFJFI-UHFFFAOYSA-N	DPWPWRLQFGFJFI
DB01627	OJMMVQQUTAEWLP-KIDUDLJLSA-N	OJMMVQQUTAEWLP
DB01628	MNJVRJDLRVPLFE-UHFFFAOYSA-N	MNJVRJDLRVPLFE
DB01629	FHIDNBAQOFJWCA-UAKXSSHOSA-N	FHIDNBAQOFJWCA
DB01630	YJNCFXPJICILOK-HHHXNRCGSA-N	YJNCFXPJICILOK
DB01631	IJXHLVMUNBOGRR-UHFFFAOYSA-N	IJXHLVMUNBOGRR
DB01632	PQGCEDQWHSBAJP-TXICZTDVSA-N	PQGCEDQWHSBAJP
DB01633	BZNXZJAUEMJQJB-QSCMNUSVSA-N	BZNXZJAUEMJQJB
DB01634	AZUQIXJQZOMXAS-BDAKNGLRSA-N	AZUQIXJQZOMXAS
DB01638	FBPFZTCFMRRESA-JGWLITMVSA-N	FBPFZTCFMRRESA
DB01639	CBNMAKRKGWDQHB-UHFFFAOYSA-O	CBNMAKRKGWDQHB
DB01640	QNURTFDBHAQRSI-OAHLLOKOSA-N	QNURTFDBHAQRSI
DB01642	HOVAGTYPODGVJG-XUUWZHRGSA-N	HOVAGTYPODGVJG
DB01643	GYOZYWVXFNDGLU-XLPZGREQSA-N	GYOZYWVXFNDGLU
DB01644	PFQGLFBMMPZYEU-UHFFFAOYSA-N	PFQGLFBMMPZYEU
DB01645	TZBJGXHYKVUXJN-UHFFFAOYSA-N	TZBJGXHYKVUXJN
DB01646	XUYPXLNMDZIRQH-LURJTMIESA-N	XUYPXLNMDZIRQH
DB01647	PCCPERGCFKIYIS-AWEZNQCLSA-N	PCCPERGCFKIYIS
DB01649	QQOHNVHGNZYSBP-XPWFQUROSA-O	QQOHNVHGNZYSBP
DB01650	PMOWTIHVNWZYFI-AATRIKPKSA-N	PMOWTIHVNWZYFI
DB01651	ZDZVLEQWFATHTF-IJWOWSJNSA-N	ZDZVLEQWFATHTF
DB01652	LTVXPVBFJBTNIJ-TYHXJLICSA-N	LTVXPVBFJBTNIJ
DB01655	BIRSGZKFKXLSJQ-QTBDOELSSA-N	BIRSGZKFKXLSJQ
DB01656	MNDBXUUTURYVHR-UHFFFAOYSA-N	MNDBXUUTURYVHR
DB01657	QDTWKLJWNHRCPJ-UHFFFAOYSA-N	QDTWKLJWNHRCPJ
DB01661	RKNHJBVBFHDXGR-MRUDJCSFSA-N	RKNHJBVBFHDXGR
DB01662	HGNFDPZASRDVLL-SSDOTTSWSA-N	HGNFDPZASRDVLL
DB01663	YLRRMSGNPSBVOA-DQSJHHFOSA-N	YLRRMSGNPSBVOA
DB01664	ZKLGQYGPVBFAQQ-BYPYZUCNSA-N	ZKLGQYGPVBFAQQ
DB01665	DERVZEOWPBCBHO-UHFFFAOYSA-N	DERVZEOWPBCBHO
DB01666	NBTMNFYXJYCQHQ-UHFFFAOYSA-N	NBTMNFYXJYCQHQ
DB01667	LPXQRXLUHJKZIE-UHFFFAOYSA-N	LPXQRXLUHJKZIE
DB01668	XUWPJKDMEZSVTP-UOSCCXBLSA-N	XUWPJKDMEZSVTP
DB01669	DAIKHDNSXMZDCU-FQTGFAPKSA-N	DAIKHDNSXMZDCU
DB01670	YKYONYBAUNKHLG-UHFFFAOYSA-N	YKYONYBAUNKHLG
DB01671	FVFZSVRSDNUCGG-UHFFFAOYSA-N	FVFZSVRSDNUCGG
DB01672	GLDQAMYCGOIJDV-UHFFFAOYSA-N	GLDQAMYCGOIJDV
DB01673	NTMMCWJNQNKACG-KBKUWGQMSA-N	NTMMCWJNQNKACG
DB01675	NPALUEYCDZWBOV-NDZSKPAWSA-N	NPALUEYCDZWBOV
DB01676	SPSSULHKWOKEEL-UHFFFAOYSA-N	SPSSULHKWOKEEL
DB01677	VZCYOOQTPOCHFL-OWOJBTEDSA-N	VZCYOOQTPOCHFL
DB01678	SAFPHFWYRLLBFO-NSOVKSMOSA-N	SAFPHFWYRLLBFO
DB01681	YDSWCNNOKPMOTP-UHFFFAOYSA-N	YDSWCNNOKPMOTP
DB01683	MRXDGVXSWIXTQL-HYHFHBMOSA-N	MRXDGVXSWIXTQL
DB01684	DLQCXFUWHQZWJQ-GSVOUGTGSA-N	DLQCXFUWHQZWJQ
DB01685	UBVZQGOVTLIHLH-UHFFFAOYSA-N	UBVZQGOVTLIHLH
DB01686	YDGMGEXADBMOMJ-LURJTMIESA-N	YDGMGEXADBMOMJ
DB01688	IWDCLRJOBJJRNH-UHFFFAOYSA-N	IWDCLRJOBJJRNH
DB01689	CJKKMQCZOLCXAM-UHFFFAOYSA-N	CJKKMQCZOLCXAM
DB01690	QCICUPZZLIQAPA-XPWFQUROSA-N	QCICUPZZLIQAPA
DB01691	VAZMNDXVXVUKFY-JXMROGBWSA-N	VAZMNDXVXVUKFY
DB01692	VHJLVAABSRFDPM-ZXZARUISSA-N	VHJLVAABSRFDPM
DB01694	FEWJPZIEWOKRBE-LWMBPPNESA-N	FEWJPZIEWOKRBE
DB01695	AKXSFRVADDCWTF-UHFFFAOYSA-L	AKXSFRVADDCWTF
DB01698	IKGXIBQEEMLURG-NVPNHPEKSA-N	IKGXIBQEEMLURG
DB01699	KQFBUAIXCIGKAP-GORDUTHDSA-N	KQFBUAIXCIGKAP
DB01700	NOTGFIUVDGNKRI-UUOKFMHZSA-N	NOTGFIUVDGNKRI
DB01701	KNKRKFALVUDBJE-GSVOUGTGSA-N	KNKRKFALVUDBJE
DB01702	CFFZDZCDUFSOFZ-UHFFFAOYSA-N	CFFZDZCDUFSOFZ
DB01703	FXXDEFFJYNYSBK-UHFFFAOYSA-N	FXXDEFFJYNYSBK
DB01704	HGEFWFBFQKWVMY-DUXPYHPUSA-N	HGEFWFBFQKWVMY
DB01705	QZKOOEFIMWKZPK-UHFFFAOYSA-Q	QZKOOEFIMWKZPK
DB01708	FMGSKLZLMKYGDP-USOAJAOKSA-N	FMGSKLZLMKYGDP
DB01709	GXIURPTVHJPJLF-UWTATZPHSA-N	GXIURPTVHJPJLF
DB01710	DUPQAYLNZVSLAA-UHFFFAOYSA-N	DUPQAYLNZVSLAA
DB01711	PGJYYCIOYBZTPU-UHFFFAOYSA-N	PGJYYCIOYBZTPU
DB01712	NDDSSAGSYFVBTG-SFTDATJTSA-N	NDDSSAGSYFVBTG
DB01713	DQQDLYVHOTZLOR-OCIMBMBZSA-N	DQQDLYVHOTZLOR
DB01715	KCEGBPIYGIWCDH-JGVFFNPUSA-N	KCEGBPIYGIWCDH
DB01717	OIMACDRJUANHTJ-XPWFQUROSA-N	OIMACDRJUANHTJ
DB01718	RLGQACBPNDBWTB-UHFFFAOYSA-N	RLGQACBPNDBWTB
DB01719	HQMKYAZGNUQLJB-DCFYERRSSA-N	HQMKYAZGNUQLJB
DB01720	WLPJLQNKCJWAFL-RGEXLXHISA-N	WLPJLQNKCJWAFL
DB01721	MJIRDPUZGGHJMX-XPYHLXFLSA-N	MJIRDPUZGGHJMX
DB01723	XCCRAOPQCACRFC-OIFRRMEBSA-N	XCCRAOPQCACRFC
DB01725	LMGQGPVCSYOMNS-UHFFFAOYSA-N	LMGQGPVCSYOMNS
DB01726	CDAWCLOXVUBKRW-UHFFFAOYSA-N	CDAWCLOXVUBKRW
DB01727	ODBLHEXUDAPZAU-OKKQSCSOSA-N	ODBLHEXUDAPZAU
DB01728	SLKDGVPOSSLUAI-PGUFJCEWSA-N	SLKDGVPOSSLUAI
DB01731	XUBJEDZHBUPBKL-ZDUSSCGKSA-N	XUBJEDZHBUPBKL
DB01732	SQBOSZXDOHQFAA-ZRTHHSRSSA-N	SQBOSZXDOHQFAA
DB01733	CSZRNWHGZPKNKY-UWTATZPHSA-N	CSZRNWHGZPKNKY
DB01734	DQBLKSRRWDWNKQ-UHFFFAOYSA-N	DQBLKSRRWDWNKQ
DB01735	ASBJGPTTYPEMLP-UWTATZPHSA-N	ASBJGPTTYPEMLP
DB01736	JNGWKQJZIUZUPR-UHFFFAOYSA-N	JNGWKQJZIUZUPR
DB01737	YAEIKQDHLCFGAA-KRWDZBQOSA-N	YAEIKQDHLCFGAA
DB01738	SUHOOTKUPISOBE-UHFFFAOYSA-N	SUHOOTKUPISOBE
DB01740	DOUUMUUUWUAPPC-UHFFFAOYSA-N	DOUUMUUUWUAPPC
DB01741	XCOFROALSAFROV-CQSZACIVSA-L	XCOFROALSAFROV
DB01742	XKFPNHDGLSYZRC-SSDOTTSWSA-N	XKFPNHDGLSYZRC
DB01744	DSSYKIVIOFKYAU-XCBNKYQSSA-N	DSSYKIVIOFKYAU
DB01745	JJLGQWCKMHPBEB-DEOSSOPVSA-N	JJLGQWCKMHPBEB
DB01747	RZRCLBALGCDKCQ-FCRFISLRSA-N	RZRCLBALGCDKCQ
DB01748	CZKNSZUJCJHTTM-UHFFFAOYSA-N	CZKNSZUJCJHTTM
DB01750	PRPINYUDVPFIRX-UHFFFAOYSA-N	PRPINYUDVPFIRX
DB01751	PPJYSSNKSXAVDB-UHFFFAOYSA-N	PPJYSSNKSXAVDB
DB01752	ZJUKTBDSGOFHSH-WFMPWKQPSA-N	ZJUKTBDSGOFHSH
DB01753	PIXSDSMVQQICPA-BYJCYCELSA-O	PIXSDSMVQQICPA
DB01754	BDLJEQMXDNMETQ-UHFFFAOYSA-N	BDLJEQMXDNMETQ
DB01755	XVTRBLLRODNOJV-VBJYJYTRSA-N	XVTRBLLRODNOJV
DB01756	ZCZXOHUILRHRQJ-STHAYSLISA-N	ZCZXOHUILRHRQJ
DB01758	UQTZMGFTRHFAAM-ZETCQYMHSA-N	UQTZMGFTRHFAAM
DB01759	BEJNERDRQOWKJM-UHFFFAOYSA-N	BEJNERDRQOWKJM
DB01760	NTOPKICPEQUPPH-UHFFFAOYSA-N	NTOPKICPEQUPPH
DB01761	QICPQLFMWYQJGX-SFHVURJKSA-N	QICPQLFMWYQJGX
DB01762	WDJHALXBUFZDSR-UHFFFAOYSA-N	WDJHALXBUFZDSR
DB01763	OJNFDOAQUXJWED-NNYOXOHSSA-N	OJNFDOAQUXJWED
DB01764	SUYRLXYYZQTJHF-VMBLUXKRSA-N	SUYRLXYYZQTJHF
DB01765	INSBKYCYLCEBOD-UHFFFAOYSA-N	INSBKYCYLCEBOD
DB01766	JPZXHKDZASGCLU-LBPRGKRZSA-N	JPZXHKDZASGCLU
DB01767	KKJYVDXDZURHMA-UHFFFAOYSA-N	KKJYVDXDZURHMA
DB01768	KKDWIUJBUSOPGC-GKHMPSLRSA-N	KKDWIUJBUSOPGC
DB01771	QXAURVOBXQBPAP-UHFFFAOYSA-N	QXAURVOBXQBPAP
DB01772	RPGZQOOZHIEPJW-HNNXBMFYSA-N	RPGZQOOZHIEPJW
DB01773	JSBQUMXQEBZYPW-NRFANRHFSA-N	JSBQUMXQEBZYPW
DB01774	WFPZSXYXPSUOPY-ROYWQJLOSA-N	WFPZSXYXPSUOPY
DB01775	RXKJFZQQPQGTFL-UHFFFAOYSA-N	RXKJFZQQPQGTFL
DB01776	RLSSMJSEOOYNOY-UHFFFAOYSA-N	RLSSMJSEOOYNOY
DB01777	RFOXOYXMKJPZDH-VTINEICCSA-N	RFOXOYXMKJPZDH
DB01778	ZZESAIGPDOBLKZ-UHFFFAOYSA-N	ZZESAIGPDOBLKZ
DB01779	DHCLVCXQIBBOPH-UHFFFAOYSA-N	DHCLVCXQIBBOPH
DB01780	KXTYBXCEQOANSX-WYKQKOHHSA-N	KXTYBXCEQOANSX
DB01782	ACPOUJIDANTYHO-UHFFFAOYSA-N	ACPOUJIDANTYHO
DB01783	GHOKWGTUZJEAQD-ZETCQYMHSA-N	GHOKWGTUZJEAQD
DB01784	LFLSATHZMYYIAQ-UHFFFAOYSA-N	LFLSATHZMYYIAQ
DB01785	CBIDRCWHNCKSTO-UHFFFAOYSA-N	CBIDRCWHNCKSTO
DB01786	QNAYBMKLOCPYGJ-UWTATZPHSA-N	QNAYBMKLOCPYGJ
DB01788	AXFPKNUSOMMYRV-UHFFFAOYSA-N	AXFPKNUSOMMYRV
DB01789	BMZJPVSGERKRHP-ACZMJKKPSA-N	BMZJPVSGERKRHP
DB01790	SMPNJFHAPJOHPP-JOILOJCLSA-N	SMPNJFHAPJOHPP
DB01791	RRRUXBQSQLKHEL-UHFFFAOYSA-N	RRRUXBQSQLKHEL
DB01792	FZCSEXOMUJFOHQ-KPKSGTNCSA-N	FZCSEXOMUJFOHQ
DB01793	ONVZFCHLOZUXRP-UHFFFAOYSA-N	ONVZFCHLOZUXRP
DB01795	HXITXNWTGFUOAU-UHFFFAOYSA-N	HXITXNWTGFUOAU
DB01796	GJAWHXHKYYXBSV-UHFFFAOYSA-N	GJAWHXHKYYXBSV
DB01799	URURINNTPGGDIV-YFKPBYRVSA-N	URURINNTPGGDIV
DB01800	XMCCOOONGGUOLA-UHFFFAOYSA-N	XMCCOOONGGUOLA
DB01803	VFUGTBZQGUVGEX-UHFFFAOYSA-O	VFUGTBZQGUVGEX
DB01804	RQVLGLPAZTUBKX-GSVOUGTGSA-N	RQVLGLPAZTUBKX
DB01805	DALHHSOTZKMXMV-YFKPBYRVSA-N	DALHHSOTZKMXMV
DB01806	OXPCRXLITLBLEY-ZVNFQBCFSA-N	OXPCRXLITLBLEY
DB01807	XIWRCSVXKPGGAJ-UHFFFAOYSA-N	XIWRCSVXKPGGAJ
DB01808	WXQNNLSPXWYYKD-REOHCLBHSA-N	WXQNNLSPXWYYKD
DB01809	ZVPDNRVYHLRXLX-UHFFFAOYSA-N	ZVPDNRVYHLRXLX
DB01810	NOXVWFAAXREWMI-GURWAVDKSA-N	NOXVWFAAXREWMI
DB01811	SGNZYJXNUURYCH-UHFFFAOYSA-N	SGNZYJXNUURYCH
DB01812	WHTCPDAXWFLDIH-KQYNXXCUSA-N	WHTCPDAXWFLDIH
DB01813	JMRKOGDJNHPMHS-JTQLQIEISA-O	JMRKOGDJNHPMHS
DB01814	WLKQLKMXKFGMQI-SANMLTNESA-N	WLKQLKMXKFGMQI
DB01815	XINFXVVRMYBFMI-YFKPBYRVSA-N	XINFXVVRMYBFMI
DB01816	JDVVGAQPNNXQDW-TVNFTVLESA-N	JDVVGAQPNNXQDW
DB01817	VCAYFLVMRCFGDV-MOJAZDJTSA-N	VCAYFLVMRCFGDV
DB01818	HHRMGTRTCHNCRO-FDROIEKHSA-N	HHRMGTRTCHNCRO
DB01819	DTBNBXWJWCWCIK-UHFFFAOYSA-N	DTBNBXWJWCWCIK
DB01820	UESXELNYBIOROE-QHCPKHFHSA-N	UESXELNYBIOROE
DB01821	KUZKVXUOMSVPOA-BQBZGAKWSA-N	KUZKVXUOMSVPOA
DB01822	YPGMOWHXEQDBBV-IMJSIDKUSA-N	YPGMOWHXEQDBBV
DB01823	QRXBDPYWCAAAAI-UXDJRKLDSA-N	QRXBDPYWCAAAAI
DB01824	BYWKHOXUUACYRY-RJAVELRTSA-N	BYWKHOXUUACYRY
DB01825	NLLZAHIPYDRNRQ-UHFFFAOYSA-N	NLLZAHIPYDRNRQ
DB01826	FSBLVBBRXSCOKU-UHFFFAOYSA-N	FSBLVBBRXSCOKU
DB01827	JTXPTSGPUNTKSM-UHFFFAOYSA-N	JTXPTSGPUNTKSM
DB01828	BAVYZALUXZFZLV-UHFFFAOYSA-N	BAVYZALUXZFZLV
DB01829	ILWZMFJBPIYQKW-IBOSZNHHSA-N	ILWZMFJBPIYQKW
DB01830	SPSGYTWOIGAABK-DQEYMECFSA-N	SPSGYTWOIGAABK
DB01831	IFQVDHDRFCKAAW-SQIXAUHQSA-N	IFQVDHDRFCKAAW
DB01832	MZTALSPOBPYJPG-UHFFFAOYSA-N	MZTALSPOBPYJPG
DB01833	FSBIGDSBMBYOPN-VKHMYHEASA-N	FSBIGDSBMBYOPN
DB01834	JNNIZILNBMPOAC-MOXQZVSFSA-N	JNNIZILNBMPOAC
DB01835	LTCJJIZTKXNFGK-BQBZGAKWSA-N	LTCJJIZTKXNFGK
DB01836	ZLAKCKVFSRSENR-UHFFFAOYSA-N	ZLAKCKVFSRSENR
DB01837	VZXPDPZARILFQX-BYPYZUCNSA-N	VZXPDPZARILFQX
DB01838	GKDYOXMZSXVKPP-UHFFFAOYSA-N	GKDYOXMZSXVKPP
DB01839	DNIAPMSPPWPWGF-UHFFFAOYSA-N	DNIAPMSPPWPWGF
DB01840	CZQSGBWQBMZTMQ-AEVYZNAZSA-N	CZQSGBWQBMZTMQ
DB01841	BJBURJZEESAQPG-MOJAZDJTSA-N	BJBURJZEESAQPG
DB01842	GBBWIZKLHXYJOA-KQYNXXCUSA-N	GBBWIZKLHXYJOA
DB01843	KLJXQBRQPPSXPZ-WWHASAIZSA-N	KLJXQBRQPPSXPZ
DB01844	ZMXDDKWLCZADIW-UHFFFAOYSA-N	ZMXDDKWLCZADIW
DB01846	HWMGJMKHOJKGLQ-IBOSZNHHSA-N	HWMGJMKHOJKGLQ
DB01847	JDXMIYHOSFNZKO-SCSAIBSYSA-N	JDXMIYHOSFNZKO
DB01849	OIVLITBTBDPEFK-UHFFFAOYSA-N	OIVLITBTBDPEFK
DB01851	DZLFLBLQUQXARW-UHFFFAOYSA-N	DZLFLBLQUQXARW
DB01852	IYRMWMYZSQPJKC-UHFFFAOYSA-N	IYRMWMYZSQPJKC
DB01853	UZFGWRDIQMUPPI-XJFCATQNSA-M	UZFGWRDIQMUPPI
DB01854	YOQRXZIMSKLRCY-UHFFFAOYSA-N	YOQRXZIMSKLRCY
DB01856	WLJVNTCWHIRURA-UHFFFAOYSA-N	WLJVNTCWHIRURA
DB01857	IXZNKTPIYKDIGG-REOHCLBHSA-N	IXZNKTPIYKDIGG
DB01858	QTPYRNAKLBXKNP-SFHVURJKSA-N	QTPYRNAKLBXKNP
DB01859	HTJXTKBIUVFUAR-XHIBXCGHSA-N	HTJXTKBIUVFUAR
DB01860	NLIHPCYXRYQPSD-BAJZRUMYSA-N	NLIHPCYXRYQPSD
DB01861	HSCJRCZFDFQWRP-JZMIEXBBSA-N	HSCJRCZFDFQWRP
DB01862	BPHPUYQFMNQIOC-NXRLNHOXSA-N	BPHPUYQFMNQIOC
DB01863	CIPFCGZLFXVXBG-FTSGZOCFSA-N	CIPFCGZLFXVXBG
DB01864	XOFLBQFBSOEHOG-UUOKFMHZSA-N	XOFLBQFBSOEHOG
DB01865	AKFPMLBVLWZSQX-CSKARUKUSA-N	AKFPMLBVLWZSQX
DB01866	USNMCXDGQQVYSW-SSDOTTSWSA-N	USNMCXDGQQVYSW
DB01868	DREJXTKPUGMERN-YUMQZZPRSA-M	DREJXTKPUGMERN
DB01870	MUOMBPNNVXJUGT-QZABAPFNSA-N	MUOMBPNNVXJUGT
DB01871	OACUXIVGLLCILS-ZEQRLZLVSA-N	OACUXIVGLLCILS
DB01872	WHCJUIFHMJFEFZ-FMDGEEDCSA-N	WHCJUIFHMJFEFZ
DB01873	XOZIUKBZLSUILX-GIQCAXHBSA-N	XOZIUKBZLSUILX
DB01875	KVGVQTOQSNJTJI-UHFFFAOYSA-N	KVGVQTOQSNJTJI
DB01876	VVVXDHROXQUONB-UHFFFAOYSA-N	VVVXDHROXQUONB
DB01877	OJLWCTMBGWSVFC-JOYOIKCWSA-N	OJLWCTMBGWSVFC
DB01878	RWCCWEUUXYIKHB-UHFFFAOYSA-N	RWCCWEUUXYIKHB
DB01879	JOAALZBSMWLOPQ-LJAQVGFWSA-N	JOAALZBSMWLOPQ
DB01880	QAIPRVGONGVQAS-DUXPYHPUSA-N	QAIPRVGONGVQAS
DB01881	OMXLSJPESIOAGG-WDSKDSINSA-N	OMXLSJPESIOAGG
DB01882	JPZQHIBHGCCNKS-QMMMGPOBSA-N	JPZQHIBHGCCNKS
DB01883	LNLWXWOYQHAKTD-ULQDDVLXSA-N	LNLWXWOYQHAKTD
DB01884	IHBAVXVTGLANPI-QMMMGPOBSA-N	IHBAVXVTGLANPI
DB01885	PHOQVHQSTUBQQK-MGCNEYSASA-N	PHOQVHQSTUBQQK
DB01887	HLBCBFBFJWGTFR-QKXNMUHCSA-N	HLBCBFBFJWGTFR
DB01888	MDIWBYRNTPTYQI-UHFFFAOYSA-N	MDIWBYRNTPTYQI
DB01889	KRVXMNNRSSQZJP-PHFHYRSDSA-N	KRVXMNNRSSQZJP
DB01890	OJSUWTDDXLCUFR-HGZMBBKESA-N	OJSUWTDDXLCUFR
DB01891	QLOIOASGERKBSU-NYVOZVTQSA-N	QLOIOASGERKBSU
DB01892	KGSZHKRKHXOAMG-HQKKAZOISA-N	KGSZHKRKHXOAMG
DB01893	MRHGMAGSDAQUFH-LSCFUAHRSA-N	MRHGMAGSDAQUFH
DB01895	QPBSGQWTJLPZNF-VWJPMABRSA-N	QPBSGQWTJLPZNF
DB01896	JMZFEHDNIAQMNB-UHFFFAOYSA-N	JMZFEHDNIAQMNB
DB01897	BEIGFKLRGRRJJA-JLHYYAGUSA-O	BEIGFKLRGRRJJA
DB01899	FPABKGZIKAEOJW-YFKPBYRVSA-O	FPABKGZIKAEOJW
DB01901	WEPNHBQBLCNOBB-UGDNZRGBSA-N	WEPNHBQBLCNOBB
DB01902	GHAZCVNUKKZTLG-UHFFFAOYSA-N	GHAZCVNUKKZTLG
DB01903	LHLHVDBXXZVYJT-RRKCRQDMSA-N	LHLHVDBXXZVYJT
DB01905	ZFCKHJJALHETHG-UHFFFAOYSA-O	ZFCKHJJALHETHG
DB01906	KNLLRZNGRRRPEW-UHFFFAOYSA-N	KNLLRZNGRRRPEW
DB01908	MWEWSHNGVWABKG-SVBPBHIXSA-N	MWEWSHNGVWABKG
DB01909	HFHDHCJBZVLPGP-RWMJIURBSA-N	HFHDHCJBZVLPGP
DB01910	LMXOHSDXUQEUSF-YECHIGJVSA-N	LMXOHSDXUQEUSF
DB01911	ZIBXESYSFXNOJI-UHFFFAOYSA-N	ZIBXESYSFXNOJI
DB01912	DRGAZIDRYFYHIJ-UHFFFAOYSA-N	DRGAZIDRYFYHIJ
DB01914	GZCGUPFRVQAUEE-SLPGGIOYSA-N	GZCGUPFRVQAUEE
DB01915	FXIRVRPOOYSARH-REOHCLBHSA-N	FXIRVRPOOYSARH
DB01917	KIDHWZJUCRJVML-UHFFFAOYSA-N	KIDHWZJUCRJVML
DB01918	OKJWQADPGUWQAJ-UHFFFAOYSA-M	OKJWQADPGUWQAJ
DB01919	HGBOYTHUEUWSSQ-UHFFFAOYSA-N	HGBOYTHUEUWSSQ
DB01920	KUWPCJHYPSUOFW-YBXAARCKSA-N	KUWPCJHYPSUOFW
DB01921	JDBSITHMKSTORG-FLRLBIABSA-N	JDBSITHMKSTORG
DB01922	AHRWQUNEPBVNOT-IVJVVCOPSA-N	AHRWQUNEPBVNOT
DB01923	FNZLKVNUWIIPSJ-WHFBIAKZSA-N	FNZLKVNUWIIPSJ
DB01924	VDEUYMSGMPQMIK-UHFFFAOYSA-N	VDEUYMSGMPQMIK
DB01925	SNGROCQMAKYWRE-UHFFFAOYSA-N	SNGROCQMAKYWRE
DB01926	DAQIZUMPSZYJRG-RSPFANOFSA-N	DAQIZUMPSZYJRG
DB01927	WAMKWBHYPYBEJY-UHFFFAOYSA-N	WAMKWBHYPYBEJY
DB01930	OTOIIPJYVQJATP-BYPYZUCNSA-M	OTOIIPJYVQJATP
DB01931	BGKFPRIGXAVYNX-UHFFFAOYSA-N	BGKFPRIGXAVYNX
DB01932	FEKWWZCCJDUWLY-UHFFFAOYSA-N	FEKWWZCCJDUWLY
DB01933	PBCZSGKMGDDXIJ-HQCWYSJUSA-N	PBCZSGKMGDDXIJ
DB01934	YFSXYWAZCKMYJN-JBBOGOJTSA-N	YFSXYWAZCKMYJN
DB01935	REPVVNYZORKKPQ-SNVBAGLBSA-N	REPVVNYZORKKPQ
DB01936	HMFHBZSHGGEWLO-MBMOQRBOSA-N	HMFHBZSHGGEWLO
DB01937	WTIFIAZWCCBCGE-UUOKFMHZSA-N	WTIFIAZWCCBCGE
DB01938	DKDILZBBFKZMRO-OAHLLOKOSA-N	DKDILZBBFKZMRO
DB01939	UHGFPMUGEQINGV-UHFFFAOYSA-O	UHGFPMUGEQINGV
DB01940	SQLYTJZXRRDERK-ISKFKSNPSA-N	SQLYTJZXRRDERK
DB01941	SLXTWXQUEZSSTJ-UHFFFAOYSA-N	SLXTWXQUEZSSTJ
DB01942	BDAGIHXWWSANSR-UHFFFAOYSA-N	BDAGIHXWWSANSR
DB01944	LZAXPYOBKSJSEX-GOSISDBHSA-N	LZAXPYOBKSJSEX
DB01946	UQHKJRCFSLMWIA-UHFFFAOYSA-N	UQHKJRCFSLMWIA
DB01947	BYNSFVCWJXZPOW-UHFFFAOYSA-N	BYNSFVCWJXZPOW
DB01948	VXIYTVJEIXMAQF-UHFFFAOYSA-N	VXIYTVJEIXMAQF
DB01949	BPKJNEIOHOEWLO-RXMQYKEDSA-N	BPKJNEIOHOEWLO
DB01950	YAEMHJKFIIIULI-UHFFFAOYSA-N	YAEMHJKFIIIULI
DB01951	OQAHHWOPVDDWHD-INIZCTEOSA-N	OQAHHWOPVDDWHD
DB01952	OGVOXGPIHFKUGM-UHFFFAOYSA-N	OGVOXGPIHFKUGM
DB01953	UUEYCHLWAOBOHG-UHFFFAOYSA-N	UUEYCHLWAOBOHG
DB01954	HJORMJIFDVBMOB-UHFFFAOYSA-N	HJORMJIFDVBMOB
DB01955	WERYXYBDKMZEQL-UHFFFAOYSA-N	WERYXYBDKMZEQL
DB01956	XOAAWQZATWQOTB-UHFFFAOYSA-N	XOAAWQZATWQOTB
DB01957	HORNXRXVQWOLPJ-UHFFFAOYSA-N	HORNXRXVQWOLPJ
DB01958	MNYDVPDMLAJJPB-UHFFFAOYSA-N	MNYDVPDMLAJJPB
DB01959	MSYGAHOHLUJIKV-UHFFFAOYSA-N	MSYGAHOHLUJIKV
DB01960	QQODJOAVWUWVHJ-KQYNXXCUSA-N	QQODJOAVWUWVHJ
DB01961	UOOOPKANIPLQPU-XVFCMESISA-N	UOOOPKANIPLQPU
DB01962	DCWXELXMIBXGTH-QMMMGPOBSA-N	DCWXELXMIBXGTH
DB01963	VPRUMANMDWQMNF-UHFFFAOYSA-N	VPRUMANMDWQMNF
DB01964	ZWTSOJQGEWPWGO-NSHDSACASA-N	ZWTSOJQGEWPWGO
DB01965	XZLLMTSKYYYJLH-SHYZEUOFSA-N	XZLLMTSKYYYJLH
DB01966	LVNGJLRDBYCPGB-KDXMTYKHSA-N	LVNGJLRDBYCPGB
DB01967	LICJTIDRHJECTD-SFHVURJKSA-N	LICJTIDRHJECTD
DB01968	JLZMZFJVTNYDOT-UPHRSURJSA-N	JLZMZFJVTNYDOT
DB01969	XDIQTPZOIIYCTR-GRFIIANRSA-N	XDIQTPZOIIYCTR
DB01970	REPLXGVUTGZQCG-WTTBNOFXSA-N	REPLXGVUTGZQCG
DB01971	LOIYMIARKYCTBW-OWOJBTEDSA-N	LOIYMIARKYCTBW
DB01972	RQFCJASXJCIDSX-UUOKFMHZSA-N	RQFCJASXJCIDSX
DB01973	GCZVEKLTOLTWLM-VIFPVBQESA-N	GCZVEKLTOLTWLM
DB01975	ZPZRETFSCSWNDT-DBXCYWGHSA-N	ZPZRETFSCSWNDT
DB01977	AECPTICWHONWNW-UHFFFAOYSA-N	AECPTICWHONWNW
DB01978	UCYXILDOFXGENE-NKWVEPMBSA-N	UCYXILDOFXGENE
DB01979	HOVAGTYPODGVJG-VEIUFWFVSA-N	HOVAGTYPODGVJG
DB01980	AJEPKWPHKPETBM-MRVPVSSYSA-N	AJEPKWPHKPETBM
DB01981	BBGPRYFPTZDJIZ-PHYPRBDBSA-N	BBGPRYFPTZDJIZ
DB01982	AEMOLEFTQBMNLQ-BYHBOUFCSA-N	AEMOLEFTQBMNLQ
DB01983	BLVGFZFOWWBCCZ-YFKPBYRVSA-N	BLVGFZFOWWBCCZ
DB01985	SNEIUMQYRCDYCH-LURJTMIESA-N	SNEIUMQYRCDYCH
DB01986	SLDLVGFPFFLYBM-UHFFFAOYSA-N	SLDLVGFPFFLYBM
DB01987	AYEKOFBPNLCAJY-UHFFFAOYSA-N	AYEKOFBPNLCAJY
DB01988	WFSFNKVFXLIZIY-MHZLTWQESA-N	WFSFNKVFXLIZIY
DB01989	JVJRALIDWYDPLY-HEPRJOMSSA-O	JVJRALIDWYDPLY
DB01990	BHYOQNUELFTYRT-DPAQBDIFSA-N	BHYOQNUELFTYRT
DB01991	INAPDIIIYSWKOC-XHIHJMKYSA-N	INAPDIIIYSWKOC
DB01992	RGJOEKWQDUBAIZ-IBOSZNHHSA-N	RGJOEKWQDUBAIZ
DB01993	WACJCHFWJNNBPR-SSDOTTSWSA-N	WACJCHFWJNNBPR
DB01996	ITQTTZVARXURQS-UHFFFAOYSA-N	ITQTTZVARXURQS
DB01997	NFSTZPMYAZRZPC-UHFFFAOYSA-N	NFSTZPMYAZRZPC
DB01998	IMFJFQAURAFEAH-ZLSOQEJISA-N	IMFJFQAURAFEAH
DB02001	CZLWCJRHDBTCGQ-UHFFFAOYSA-N	CZLWCJRHDBTCGQ
DB02004	RCJFINNFYUNFGH-UHFFFAOYSA-N	RCJFINNFYUNFGH
DB02005	IWARWSDDJHGZOW-IHWYPQMZSA-N	IWARWSDDJHGZOW
DB02007	NBSCHQHZLSJFNQ-DVKNGEFBSA-N	NBSCHQHZLSJFNQ
DB02008	JHSHXKJSPVHPCJ-UHFFFAOYSA-N	JHSHXKJSPVHPCJ
DB02009	AOMZDQMIOCTPQP-CFSTZTOESA-N	AOMZDQMIOCTPQP
DB02010	HKSZLNNOFSGOKW-FYTWVXJKSA-N	HKSZLNNOFSGOKW
DB02011	FCIHAQFHXJOLIF-YFKPBYRVSA-N	FCIHAQFHXJOLIF
DB02014	QKHWJUMLYAYZFS-ONEGZZNKSA-N	QKHWJUMLYAYZFS
DB02015	OZRNSSUDZOLUSN-LBPRGKRZSA-N	OZRNSSUDZOLUSN
DB02016	CMYCCJYVZIMDFU-UHFFFAOYSA-N	CMYCCJYVZIMDFU
DB02017	CSXOUJBOYXGFCL-OFKZETBZSA-N	CSXOUJBOYXGFCL
DB02018	ZXBYWYQEQQBMBT-UHFFFAOYSA-N	ZXBYWYQEQQBMBT
DB02019	IXLRLZOYKJERRA-UHFFFAOYSA-N	IXLRLZOYKJERRA
DB02020	GCUCIFQCGJIRNT-UHFFFAOYSA-N	GCUCIFQCGJIRNT
DB02021	WAAPEIZFCHNLKK-UFBFGSQYSA-N	WAAPEIZFCHNLKK
DB02022	VUTBELPREDJDDH-UHFFFAOYSA-N	VUTBELPREDJDDH
DB02023	AQIVLFLYHYFRKU-VPENINKCSA-N	AQIVLFLYHYFRKU
DB02024	XMIIGOLPHOKFCH-UHFFFAOYSA-N	XMIIGOLPHOKFCH
DB02025	BYEIJZFKOAXBBV-ATZCPNFKSA-N	BYEIJZFKOAXBBV
DB02026	WXINNGCGSCFUCR-ZDUSSCGKSA-N	WXINNGCGSCFUCR
DB02027	RMSWBHUVFNFNIZ-ZETCQYMHSA-N	RMSWBHUVFNFNIZ
DB02028	JBQPYAMQMBKZDT-WKBARDANSA-N	JBQPYAMQMBKZDT
DB02029	AQTBUVAFYDVTFD-UHFFFAOYSA-N	AQTBUVAFYDVTFD
DB02030	ZMRGXEJKZPRBPJ-SYQHCUMBSA-N	ZMRGXEJKZPRBPJ
DB02031	MSTNYGQPCMXVAQ-RYUDHWBXSA-N	MSTNYGQPCMXVAQ
DB02032	FAKRSMQSSFJEIM-BQBZGAKWSA-N	FAKRSMQSSFJEIM
DB02033	GDRNWAKVNIROCG-DEOSSOPVSA-N	GDRNWAKVNIROCG
DB02034	FXUAIOOAOAVCGD-WCTZXXKLSA-N	FXUAIOOAOAVCGD
DB02035	QIVFMUVBIHIZAM-UHFFFAOYSA-N	QIVFMUVBIHIZAM
DB02036	UKDWCJNGBPZOBU-MRVPVSSYSA-N	UKDWCJNGBPZOBU
DB02038	NNRZSZJOQKAGTO-SECBINFHSA-N	NNRZSZJOQKAGTO
DB02039	XCIRMLHOFVDUDP-BYPYZUCNSA-N	XCIRMLHOFVDUDP
DB02041	HUDPLKWXRLNSPC-UHFFFAOYSA-N	HUDPLKWXRLNSPC
DB02042	SLNYBUIEAMRFSZ-UHFFFAOYSA-N	SLNYBUIEAMRFSZ
DB02043	BIABMEZBCHDPBV-UHFFFAOYSA-N	BIABMEZBCHDPBV
DB02044	RODUKNYOEVZQPR-UHFFFAOYSA-N	RODUKNYOEVZQPR
DB02045	DPBLXKKOBLCELK-UHFFFAOYSA-N	DPBLXKKOBLCELK
DB02046	WHPKSASOSKNDPY-PKOBYXMFSA-N	WHPKSASOSKNDPY
DB02047	JALUUBQFLPUJMY-NSHDSACASA-N	JALUUBQFLPUJMY
DB02048	CDIOIIJXUJXYPB-UHFFFAOYSA-O	CDIOIIJXUJXYPB
DB02049	QOPFTBAEAJQKSY-UHFFFAOYSA-N	QOPFTBAEAJQKSY
DB02051	WABCRPSWXFHXDH-NYDCQLBNSA-N	WABCRPSWXFHXDH
DB02052	FQCPPVRJPILDIK-UHFFFAOYSA-N	FQCPPVRJPILDIK
DB02053	PPQRONHOSHZGFQ-LMVFSUKVSA-N	PPQRONHOSHZGFQ
DB02054	XFDUHJPVQKIXHO-UHFFFAOYSA-N	XFDUHJPVQKIXHO
DB02056	BHMBVRSPMRCCGG-OUTUXVNYSA-N	BHMBVRSPMRCCGG
DB02057	UUDAMDVQRQNNHZ-YFKPBYRVSA-N	UUDAMDVQRQNNHZ
DB02058	AZGZGRJOCKSSHA-UHFFFAOYSA-N	AZGZGRJOCKSSHA
DB02059	SRNWOUGRCWSEMX-ZQSHOCFMSA-N	SRNWOUGRCWSEMX
DB02060	JHIVVAPYMSGYDF-UHFFFAOYSA-N	JHIVVAPYMSGYDF
DB02061	GUBGYTABKSRVRQ-CUHNMECISA-N	GUBGYTABKSRVRQ
DB02062	CWJPVKSBGVPXRD-QMTMVMCOSA-N	CWJPVKSBGVPXRD
DB02063	SJMNJNRKVVVGRB-SECBINFHSA-L	SJMNJNRKVVVGRB
DB02065	DSYGIMVFFQCOQZ-KYYLAPRMSA-N	DSYGIMVFFQCOQZ
DB02066	JRRNRCMIBCSOIH-LFAOKBQASA-N	JRRNRCMIBCSOIH
DB02067	ZLOMJLIQXBKNHU-VJANTYMQSA-N	ZLOMJLIQXBKNHU
DB02068	JJMDCOVWQOJGCB-UHFFFAOYSA-O	JJMDCOVWQOJGCB
DB02069	ULYMHSXFSKOHGH-UHFFFAOYSA-N	ULYMHSXFSKOHGH
DB02070	YGPSJZOEDVAXAB-QMMMGPOBSA-N	YGPSJZOEDVAXAB
DB02071	AINJYWXKBKRQSX-UHFFFAOYSA-N	AINJYWXKBKRQSX
DB02072	ZPDVRWNOCOREGF-UHFFFAOYSA-N	ZPDVRWNOCOREGF
DB02073	RCNSAJSGRJSBKK-NSQVQWHSSA-N	RCNSAJSGRJSBKK
DB02074	LDHQCZJRKDOVOX-NSCUHMNNSA-N	LDHQCZJRKDOVOX
DB02075	VJTAXXUIRYOXBT-KUBHLMPHSA-N	VJTAXXUIRYOXBT
DB02076	BIRSGZKFKXLSJQ-SQOUGZDYSA-N	BIRSGZKFKXLSJQ
DB02077	IUFRDGFKAVLPFZ-CSMHCCOUSA-N	IUFRDGFKAVLPFZ
DB02078	YFNKIDBQEZZDLK-UHFFFAOYSA-N	YFNKIDBQEZZDLK
DB02079	NQRKYASMKDDGHT-UHFFFAOYSA-N	NQRKYASMKDDGHT
DB02080	HEUDUECKTWTQQR-UHFFFAOYSA-N	HEUDUECKTWTQQR
DB02081	BXYGSMRTHHSAHZ-PMACEKPBSA-N	BXYGSMRTHHSAHZ
DB02082	UQABYHGXWYXDTK-UUOKFMHZSA-N	UQABYHGXWYXDTK
DB02083	FFDGPVCHZBVARC-UHFFFAOYSA-N	FFDGPVCHZBVARC
DB02084	HVNXYZZCSQONQC-OAHLLOKOSA-L	HVNXYZZCSQONQC
DB02085	PAJPWUMXBYXFCZ-UHFFFAOYSA-N	PAJPWUMXBYXFCZ
DB02086	AYGYLFIDAXGERM-UHFFFAOYSA-O	AYGYLFIDAXGERM
DB02087	MKQPOVUFDWKPNO-UHFFFAOYSA-N	MKQPOVUFDWKPNO
DB02088	NXTPDFMZKSLVRK-RXMQYKEDSA-N	NXTPDFMZKSLVRK
DB02089	MWWXABBBAPKJDX-UHFFFAOYSA-N	MWWXABBBAPKJDX
DB02090	JLEGVELHGVWFGG-BBWFWOEESA-N	JLEGVELHGVWFGG
DB02091	CTFDMGIBHFQWKB-UHFFFAOYSA-N	CTFDMGIBHFQWKB
DB02092	NAACPBBQTFFYQB-LJAITQKLSA-N	NAACPBBQTFFYQB
DB02093	OHQFMJPEBPCIEQ-JJYYJPOSSA-N	OHQFMJPEBPCIEQ
DB02094	VXAPSUDMBNWYNC-UHFFFAOYSA-N	VXAPSUDMBNWYNC
DB02095	JXDYKVIHCLTXOP-UHFFFAOYSA-N	JXDYKVIHCLTXOP
DB02096	ZUYUIKKHHBEVHL-GFCCVEGCSA-N	ZUYUIKKHHBEVHL
DB02097	UHDGCWIWMRVCDJ-XVFCMESISA-N	UHDGCWIWMRVCDJ
DB02098	AEOBEOJCBAYXBA-KQYNXXCUSA-N	AEOBEOJCBAYXBA
DB02101	WAAPEIZFCHNLKK-QPUJVOFHSA-N	WAAPEIZFCHNLKK
DB02102	KYRSNWPSSXSNEP-ZRTHHSRSSA-N	KYRSNWPSSXSNEP
DB02103	FNLILOONPKMGST-NTSWFWBYSA-N	FNLILOONPKMGST
DB02104	PEGMMEYCSOZKIT-UHFFFAOYSA-N	PEGMMEYCSOZKIT
DB02105	VDCDWNDTNSWDFJ-UHFFFAOYSA-N	VDCDWNDTNSWDFJ
DB02106	KIRQJXNQGZAKGR-UHFFFAOYSA-N	KIRQJXNQGZAKGR
DB02107	UNBMPKNTYKDYCG-ZCFIWIBFSA-N	UNBMPKNTYKDYCG
DB02108	AXQVKDQRBAXYBP-UHFFFAOYSA-N	AXQVKDQRBAXYBP
DB02109	URJHVPKUWOUENU-UHFFFAOYSA-N	URJHVPKUWOUENU
DB02110	AXWBZAUQKDDFFE-PNAPAZHISA-N	AXWBZAUQKDDFFE
DB02111	JLPHBZYAQYOJND-UHFFFAOYSA-N	JLPHBZYAQYOJND
DB02112	DZLGSWPXZYDHBD-UHFFFAOYSA-N	DZLGSWPXZYDHBD
DB02113	SYMHUEFSSMBHJA-UHFFFAOYSA-N	SYMHUEFSSMBHJA
DB02114	LRTFPLFDLJYEKT-UHFFFAOYSA-N	LRTFPLFDLJYEKT
DB02115	KYQZWONCHDNPDP-QNDFHXLGSA-N	KYQZWONCHDNPDP
DB02116	GTVPOLSIJWJJNY-UHFFFAOYSA-N	GTVPOLSIJWJJNY
DB02118	CIUMOGWIMXNXSQ-GOSISDBHSA-N	CIUMOGWIMXNXSQ
DB02119	CQQNNQTXUGLUEV-UHFFFAOYSA-N	CQQNNQTXUGLUEV
DB02120	XPHOBMULWMGEBA-VZFHVOOUSA-N	XPHOBMULWMGEBA
DB02121	DNSISZSEWVHGLH-UHFFFAOYSA-N	DNSISZSEWVHGLH
DB02122	LMHXPDZPXBIIEX-UHFFFAOYSA-N	LMHXPDZPXBIIEX
DB02123	GHCZAUBVMUEKKP-GYPHWSFCSA-N	GHCZAUBVMUEKKP
DB02124	XBTXTLKLSHACSS-WDSKDSINSA-N	XBTXTLKLSHACSS
DB02125	IYKFYARMMIESOX-UHFFFAOYSA-N	IYKFYARMMIESOX
DB02126	HAEJSGLKJYIYTB-ZZXKWVIFSA-N	HAEJSGLKJYIYTB
DB02127	WOAFDHWYKSOANX-UHFFFAOYSA-N	WOAFDHWYKSOANX
DB02128	QCUBCTPTNWPFBC-ZEQRLZLVSA-N	QCUBCTPTNWPFBC
DB02129	UFIVEPVSAGBUSI-REOHCLBHSA-N	UFIVEPVSAGBUSI
DB02130	WKOLLVMJNQIZCI-UHFFFAOYSA-M	WKOLLVMJNQIZCI
DB02131	YWFHDUFNGSJLTL-SECBINFHSA-N	YWFHDUFNGSJLTL
DB02132	SXONDGSPUVNZLO-UHFFFAOYSA-N	SXONDGSPUVNZLO
DB02133	QBDWVXAZHXTFSD-DFJNACPPSA-M	QBDWVXAZHXTFSD
DB02134	LRFVTYWOQMYALW-UHFFFAOYSA-N	LRFVTYWOQMYALW
DB02135	VBXZSBKAJFXURR-MRTMQBJTSA-N	VBXZSBKAJFXURR
DB02136	PEUIVMLYMKXUBF-PULJXETJSA-N	PEUIVMLYMKXUBF
DB02137	HPEUEJRPDGMIMY-IFQPEPLCSA-J	HPEUEJRPDGMIMY
DB02138	QKGBKPZAXXBLJE-UHFFFAOYSA-N	QKGBKPZAXXBLJE
DB02139	YDWPQZUWZDRRSE-AATRIKPKSA-N	YDWPQZUWZDRRSE
DB02140	ZPFPZRVOBBMZMP-SFHVURJKSA-N	ZPFPZRVOBBMZMP
DB02141	FZWGDUUJDZCYJR-UHFFFAOYSA-N	FZWGDUUJDZCYJR
DB02142	ZMJGSOSNSPKHNH-UHFFFAOYSA-N	ZMJGSOSNSPKHNH
DB02143	OITVEDMMUMUWTL-UHFFFAOYSA-N	OITVEDMMUMUWTL
DB02144	PDLAMJKMOKWLAJ-BZCNMJTLSA-M	PDLAMJKMOKWLAJ
DB02145	LRHPLDYGYMQRHN-UHFFFAOYSA-N	LRHPLDYGYMQRHN
DB02147	ACTPEXQBEHJTBO-UHFFFAOYSA-N	ACTPEXQBEHJTBO
DB02148	ISLRAQPEXPIKDJ-NSHDSACASA-N	ISLRAQPEXPIKDJ
DB02151	XKCSXHUCPYVQIW-SCSAIBSYSA-N	XKCSXHUCPYVQIW
DB02152	KOZFSFOOLUUIGY-SOLYNIJKSA-N	KOZFSFOOLUUIGY
DB02153	ADVPTQAUNPRNPO-REOHCLBHSA-N	ADVPTQAUNPRNPO
DB02154	FFYBYVPVYLMLAR-KBPBESRZSA-N	FFYBYVPVYLMLAR
DB02155	XVLMXAUKCDSMMW-YXLARRHKSA-N	XVLMXAUKCDSMMW
DB02158	YLCQGEBEQIBOOJ-BOFBLULFSA-N	YLCQGEBEQIBOOJ
DB02159	DNIAPMSPPWPWGF-GSVOUGTGSA-N	DNIAPMSPPWPWGF
DB02160	QARMATOLSBVIJD-YFKPBYRVSA-N	QARMATOLSBVIJD
DB02161	ZTVIKZXZYLEVOL-IZGVIRRGSA-N	ZTVIKZXZYLEVOL
DB02162	ONCSLXAPOGUODU-WOUKDFQISA-N	ONCSLXAPOGUODU
DB02163	VOWZNBNDMFLQGM-UHFFFAOYSA-N	VOWZNBNDMFLQGM
DB02164	ZLPUGFBBLGQWBS-SCRDCRAPSA-N	ZLPUGFBBLGQWBS
DB02165	XLYOFNOQVPJJNP-UHFFFAOYSA-N	XLYOFNOQVPJJNP
DB02166	ZDWVWKDAWBGPDN-UHFFFAOYSA-O	ZDWVWKDAWBGPDN
DB02168	CTGFGRDVWBZYNB-UHFFFAOYSA-N	CTGFGRDVWBZYNB
DB02169	QNDVLZJODHBUFM-WFXQOWMNSA-N	QNDVLZJODHBUFM
DB02170	ZOHCDJRFYXKEQW-UHFFFAOYSA-N	ZOHCDJRFYXKEQW
DB02172	PFYHYHZGDNWFIF-BXKVDMCESA-N	PFYHYHZGDNWFIF
DB02174	ZDXPYRJPNDTMRX-GSVOUGTGSA-N	ZDXPYRJPNDTMRX
DB02175	OFOBLEOULBTSOW-UHFFFAOYSA-N	OFOBLEOULBTSOW
DB02177	GKGJFUXSTSUKPB-UHFFFAOYSA-N	GKGJFUXSTSUKPB
DB02178	DTUQWGWMVIHBKE-UHFFFAOYSA-N	DTUQWGWMVIHBKE
DB02179	ONKHJNFXJDEMNQ-UHFFFAOYSA-N	ONKHJNFXJDEMNQ
DB02180	DUAFKXOFBZQTQE-QSGBVPJFSA-N	DUAFKXOFBZQTQE
DB02181	HAAZLUGHYHWQIW-KVQBGUIXSA-N	HAAZLUGHYHWQIW
DB02182	KFVKFZVDZSTNRR-PNAPAZHISA-N	KFVKFZVDZSTNRR
DB02184	VHJLVAABSRFDPM-QWWZWVQMSA-N	VHJLVAABSRFDPM
DB02185	GDNZNIJPBQATCZ-SECBINFHSA-N	GDNZNIJPBQATCZ
DB02186	WJFVEEAIYIOATH-JAJWTYFOSA-N	WJFVEEAIYIOATH
DB02187	WKRLQDKEXYKHJB-HFTRVMKXSA-N	WKRLQDKEXYKHJB
DB02188	MEARLGHRVGFMHD-UHFFFAOYSA-M	MEARLGHRVGFMHD
DB02189	OAKPWEUQDVLTCN-NKWVEPMBSA-N	OAKPWEUQDVLTCN
DB02190	UFSCUAXLTRFIDC-REOHCLBHSA-N	UFSCUAXLTRFIDC
DB02191	PGKUSHWBQJPFOP-LBPRGKRZSA-N	PGKUSHWBQJPFOP
DB02192	WRMNZCZEMHIOCP-UHFFFAOYSA-N	WRMNZCZEMHIOCP
DB02195	ZSMYZLKEZDYVPI-UHFFFAOYSA-N	ZSMYZLKEZDYVPI
DB02196	LFTYTUAZOPRMMI-NESSUJCYSA-N	LFTYTUAZOPRMMI
DB02197	NKORVPQBJCGYEC-UHFFFAOYSA-N	NKORVPQBJCGYEC
DB02198	KDPAWGWELVVRCH-UHFFFAOYSA-N	KDPAWGWELVVRCH
DB02200	VXIINIMESJGNGI-LQJZCPKCSA-N	VXIINIMESJGNGI
DB02201	OFOBLEOULBTSOW-UHFFFAOYSA-L	OFOBLEOULBTSOW
DB02205	JCDLLLXYAICSQV-INIZCTEOSA-N	JCDLLLXYAICSQV
DB02207	PQCAUHUKTBHUSA-UHFFFAOYSA-N	PQCAUHUKTBHUSA
DB02209	WHOMFKWHIQZTHY-UHFFFAOYSA-N	WHOMFKWHIQZTHY
DB02210	XXMIOPMDWAUFGU-UHFFFAOYSA-N	XXMIOPMDWAUFGU
DB02211	CSVGVHNFFZWQJU-CYBMUJFWSA-N	CSVGVHNFFZWQJU
DB02213	VCCMGHVCRFMITI-IIRVCBMXSA-N	VCCMGHVCRFMITI
DB02214	MIBROOURCUHKMD-RPDRRWSUSA-N	MIBROOURCUHKMD
DB02215	LXBURZIESWDWIV-QMMMGPOBSA-N	LXBURZIESWDWIV
DB02216	IDIDJDIHTAOVLG-VKHMYHEASA-N	IDIDJDIHTAOVLG
DB02217	WTZFKHNHHRPQOU-WSMBLCCSSA-N	WTZFKHNHHRPQOU
DB02218	RBZIIHWPZWOIDU-ZCGMLSCUSA-N	RBZIIHWPZWOIDU
DB02220	RMOXCYSVWCHXII-LBPRGKRZSA-N	RMOXCYSVWCHXII
DB02221	DVTYOTODFLDHRL-UHFFFAOYSA-N	DVTYOTODFLDHRL
DB02222	LWEKFDHXJHJYGB-YFKPBYRVSA-L	LWEKFDHXJHJYGB
DB02223	DICHBVJYDUDAIQ-QEGIFBSNSA-N	DICHBVJYDUDAIQ
DB02224	CXQWRCVTCMQVQX-LSDHHAIUSA-N	CXQWRCVTCMQVQX
DB02225	WEXRBKRFCBLWEL-MRXNPFEDSA-N	WEXRBKRFCBLWEL
DB02226	NAARZDJZGYBXKL-UHFFFAOYSA-O	NAARZDJZGYBXKL
DB02227	YRPRHLNMFWDGSL-YUPRTTJUSA-N	YRPRHLNMFWDGSL
DB02228	ZCXUVYAZINUVJD-VFUOTHLCSA-N	ZCXUVYAZINUVJD
DB02229	SQDXXTAOGLOMRP-VOLIQSIHSA-N	SQDXXTAOGLOMRP
DB02230	KBIDJCVAURJXFG-PVEDRDFWSA-N	KBIDJCVAURJXFG
DB02232	YCIMNLLNPGFGHC-UHFFFAOYSA-N	YCIMNLLNPGFGHC
DB02233	OLUWXTFAPJJWPL-RXMQYKEDSA-N	OLUWXTFAPJJWPL
DB02234	VFIZBHJTOHUOEK-UHFFFAOYSA-N	VFIZBHJTOHUOEK
DB02235	QEFRNWWLZKMPFJ-ZXPFJRLXSA-N	QEFRNWWLZKMPFJ
DB02236	OBQMLSFOUZUIOB-HJZCUYRDSA-N	OBQMLSFOUZUIOB
DB02237	UYQJCPNSAVWAFU-KVXMBEGHSA-N	UYQJCPNSAVWAFU
DB02238	SXFSQZDSUWACKX-UHFFFAOYSA-N	SXFSQZDSUWACKX
DB02239	JOOXCMJARBKPKM-UHFFFAOYSA-N	JOOXCMJARBKPKM
DB02240	UKOBAUFLOGFCMV-UHFFFAOYSA-N	UKOBAUFLOGFCMV
DB02242	HJZLEGIHUQOJBA-UHFFFAOYSA-N	HJZLEGIHUQOJBA
DB02243	OFBHNKJTHNHXQT-NDBKYUKGSA-N	OFBHNKJTHNHXQT
DB02245	LOSIULRWFAEMFL-UHFFFAOYSA-N	LOSIULRWFAEMFL
DB02247	JRYZEMHNDUZNMI-RYUDHWBXSA-N	JRYZEMHNDUZNMI
DB02249	ZNQVEEAIQZEUHB-UHFFFAOYSA-N	ZNQVEEAIQZEUHB
DB02251	YIVWQNVQRXFZJB-UHFFFAOYSA-N	YIVWQNVQRXFZJB
DB02252	SNHMUERNLJLMHN-UHFFFAOYSA-N	SNHMUERNLJLMHN
DB02253	FNAJVVMDXCOSFY-VFGOXHQXSA-N	FNAJVVMDXCOSFY
DB02254	ZIBIECXVPMYJCV-UHFFFAOYSA-M	ZIBIECXVPMYJCV
DB02255	NITYDPDXAAFEIT-DYVFJYSZSA-N	NITYDPDXAAFEIT
DB02256	MXHRCPNRJAMMIM-SHYZEUOFSA-N	MXHRCPNRJAMMIM
DB02257	DPNUMPJWOVYEOX-UHFFFAOYSA-N	DPNUMPJWOVYEOX
DB02258	RNZIUDLOJHVHLZ-VYIQYICTSA-N	RNZIUDLOJHVHLZ
DB02259	VSYGXLAJQDAWCZ-UHFFFAOYSA-N	VSYGXLAJQDAWCZ
DB02260	XTQIBFVBYWIHIP-UHFFFAOYSA-N	XTQIBFVBYWIHIP
DB02261	HVAUUPRFYPCOCA-AREMUKBSSA-N	HVAUUPRFYPCOCA
DB02262	PXQPEWDEAKTCGB-UHFFFAOYSA-N	PXQPEWDEAKTCGB
DB02263	LXJXRIRHZLFYRP-VKHMYHEASA-N	LXJXRIRHZLFYRP
DB02264	COJBCAMFZDFGFK-VCSGLWQLSA-N	COJBCAMFZDFGFK
DB02265	UKAJDOBPPOAZSS-UHFFFAOYSA-N	UKAJDOBPPOAZSS
DB02266	LPEPZBJOKDYZAD-UHFFFAOYSA-N	LPEPZBJOKDYZAD
DB02267	KDZOASGQNOPSCU-NTSWFWBYSA-N	KDZOASGQNOPSCU
DB02268	MJMLUICFHWSBQZ-UHFFFAOYSA-N	MJMLUICFHWSBQZ
DB02269	UFKJQTGPBFWMGT-UHFFFAOYSA-O	UFKJQTGPBFWMGT
DB02270	UWSFTDFHOGCIEL-UHFFFAOYSA-N	UWSFTDFHOGCIEL
DB02271	JKWHUJMJVNMKEF-SXKLBCNJSA-N	JKWHUJMJVNMKEF
DB02272	QSHWIQZFGQKFMA-UHFFFAOYSA-N	QSHWIQZFGQKFMA
DB02274	GUAHPAJOXVYFON-ZETCQYMHSA-N	GUAHPAJOXVYFON
DB02276	HARXAJAHMRMERT-HOTGVXAUSA-N	HARXAJAHMRMERT
DB02277	FWIJKWMXNHRSRO-UHFFFAOYSA-N	FWIJKWMXNHRSRO
DB02278	JMLQSLXEUWNWFI-UHFFFAOYSA-N	JMLQSLXEUWNWFI
DB02279	FAQJJMHZNSSFSM-UHFFFAOYSA-N	FAQJJMHZNSSFSM
DB02280	IWYDHOAUDWTVEP-SSDOTTSWSA-N	IWYDHOAUDWTVEP
DB02281	KBHMEHLJSZMEMI-KSYZLYKTSA-N	KBHMEHLJSZMEMI
DB02282	WUUGFSXJNOTRMR-IOSLPCCCSA-N	WUUGFSXJNOTRMR
DB02283	IAVHKMVGTPXJIC-UHFFFAOYSA-N	IAVHKMVGTPXJIC
DB02285	ZCFFYALKHPIRKJ-UHFFFAOYSA-N	ZCFFYALKHPIRKJ
DB02287	URJKRCBBKTXOHS-UHFFFAOYSA-O	URJKRCBBKTXOHS
DB02288	XKCHOMIJYLHXLI-UHFFFAOYSA-N	XKCHOMIJYLHXLI
DB02289	JINBYESILADKFW-UHFFFAOYSA-N	JINBYESILADKFW
DB02290	KPHFGOGGKPGLTM-OOZYFLPDSA-N	KPHFGOGGKPGLTM
DB02292	DSLPMJSGSBLWRE-UHFFFAOYSA-N	DSLPMJSGSBLWRE
DB02294	UCJXQRFJERKPOZ-MGCNEYSASA-N	UCJXQRFJERKPOZ
DB02296	PHTQWCKDNZKARW-UHFFFAOYSA-N	PHTQWCKDNZKARW
DB02297	JTPXVCKCLBROOJ-UHFFFAOYSA-N	JTPXVCKCLBROOJ
DB02299	ULEBESPCVWBNIF-BYPYZUCNSA-O	ULEBESPCVWBNIF
DB02300	LWQQLNNNIPYSNX-UROSTWAQSA-N	LWQQLNNNIPYSNX
DB02301	BHJAPJNOACHPNI-CHWSQXEVSA-N	BHJAPJNOACHPNI
DB02302	HVPFXCBJHIIJGS-LURJTMIESA-N	HVPFXCBJHIIJGS
DB02303	YGKCTZPSAOUUMT-REOHCLBHSA-N	YGKCTZPSAOUUMT
DB02304	PRFXRIUZNKLRHM-HKVRTXJWSA-N	PRFXRIUZNKLRHM
DB02305	IAKKJSVSFCTLRY-YKKSOZKNSA-N	IAKKJSVSFCTLRY
DB02306	JLPULHDHAOZNQI-ZTIMHPMXSA-N	JLPULHDHAOZNQI
DB02307	FOJUHLDAXGNCIP-FHWLQOOXSA-N	FOJUHLDAXGNCIP
DB02308	KTZDASPSWBAPAR-UHFFFAOYSA-O	KTZDASPSWBAPAR
DB02309	XHDARDSMKMUDDI-UUOKFMHZSA-O	XHDARDSMKMUDDI
DB02310	FQTUZNACZKILMC-UHFFFAOYSA-N	FQTUZNACZKILMC
DB02311	OTKFCIVOVKCFHR-LURJTMIESA-N	OTKFCIVOVKCFHR
DB02312	NBSCHQHZLSJFNQ-FPRJBGLDSA-N	NBSCHQHZLSJFNQ
DB02313	LMIUALQNZXJHOG-ROJPAJKQSA-N	LMIUALQNZXJHOG
DB02314	OJZCATPXPWFLHF-HPUCEMLMSA-N	OJZCATPXPWFLHF
DB02315	ZOOGRGPOEVQQDX-UUOKFMHZSA-N	ZOOGRGPOEVQQDX
DB02316	JTGPYFFQVOIJKR-UHFFFAOYSA-N	JTGPYFFQVOIJKR
DB02317	HXXFSFRBOHSIMQ-FPRJBGLDSA-N	HXXFSFRBOHSIMQ
DB02318	YZRDPODBASCWCK-CBPJZXOFSA-N	YZRDPODBASCWCK
DB02319	LRAVAOPKUBJONV-IVCJQJMGSA-N	LRAVAOPKUBJONV
DB02320	IBONACLSSOLHFU-JAJWTYFOSA-N	IBONACLSSOLHFU
DB02321	IQFWYNFDWRYSRA-OEQWSMLSSA-N	IQFWYNFDWRYSRA
DB02322	LRPGJWKAYQRIAQ-GYBHJADLSA-J	LRPGJWKAYQRIAQ
DB02323	CKSDYJASHNGOOS-KTXOUVACSA-N	CKSDYJASHNGOOS
DB02324	WXFYBFRZROJDLL-RRKCRQDMSA-N	WXFYBFRZROJDLL
DB02325	KFZMGEQAYNKOFK-UHFFFAOYSA-N	KFZMGEQAYNKOFK
DB02326	CINIOMOBGSHXRK-RXMQYKEDSA-N	CINIOMOBGSHXRK
DB02327	ZIBGPFATKBEMQZ-UHFFFAOYSA-N	ZIBGPFATKBEMQZ
DB02328	VKWJKURKEYQKKW-DSYKVBBCSA-N	VKWJKURKEYQKKW
DB02329	OBZHEBDUNPOCJG-WBXJDKIVSA-N	OBZHEBDUNPOCJG
DB02331	YBULOUKTPCHXAL-DEOSSOPVSA-N	YBULOUKTPCHXAL
DB02332	IMGVNJNCCGXBHD-UYBVJOGSSA-O	IMGVNJNCCGXBHD
DB02333	AHCYMLUZIRLXAA-SHYZEUOFSA-N	AHCYMLUZIRLXAA
DB02334	CQQGIWJSICOUON-REOHCLBHSA-N	CQQGIWJSICOUON
DB02335	REGFWZVTTFGQOJ-UHFFFAOYSA-N	REGFWZVTTFGQOJ
DB02336	WCMLXBUNHNAMNH-UIOOFZCWSA-N	WCMLXBUNHNAMNH
DB02337	BMONDXDFXRPNKQ-ZETCQYMHSA-N	BMONDXDFXRPNKQ
DB02338	ACFIXJIJDZMPPO-NNYOXOHSSA-N	ACFIXJIJDZMPPO
DB02339	JYNZIOFUHBJABQ-UHFFFAOYSA-N	JYNZIOFUHBJABQ
DB02340	JJIHLJJYMXLCOY-BYPYZUCNSA-N	JJIHLJJYMXLCOY
DB02341	XQAMVCHQGHAELT-YPAWHYETSA-N	XQAMVCHQGHAELT
DB02342	CQOQDQWUFQDJMK-SSTWWWIQSA-N	CQOQDQWUFQDJMK
DB02343	HYDWALOBQJFOMS-UHFFFAOYSA-N	HYDWALOBQJFOMS
DB02345	FDKWRPBBCBCIGA-REOHCLBHSA-N	FDKWRPBBCBCIGA
DB02346	NMVDZWILYFXVBZ-PQJCEUABSA-N	NMVDZWILYFXVBZ
DB02347	AGSOOCUNMTYPSE-ZETCQYMHSA-N	AGSOOCUNMTYPSE
DB02348	DWYMPOCYEZONEA-UHFFFAOYSA-L	DWYMPOCYEZONEA
DB02350	CYYCSKFJEOSZTF-CYBMUJFWSA-N	CYYCSKFJEOSZTF
DB02352	NMCBWICNRJLKKM-UHFFFAOYSA-N	NMCBWICNRJLKKM
DB02353	GSYQGRODWXMUOO-GYBHJADLSA-K	GSYQGRODWXMUOO
DB02354	IRKPNOLLMNHSOU-UHFFFAOYSA-N	IRKPNOLLMNHSOU
DB02355	ROYJKVPBJVNHCQ-VWJVIAGJSA-N	ROYJKVPBJVNHCQ
DB02358	SZHRIPFGZWWRKW-VIFPVBQESA-N	SZHRIPFGZWWRKW
DB02359	PPFZLLAIQRZNJE-UHFFFAOYSA-N	PPFZLLAIQRZNJE
DB02360	OFHMUASCSJJNNA-JOCHJYFZSA-N	OFHMUASCSJJNNA
DB02361	PYFNLWPQPNXHCS-VKHMYHEASA-N	PYFNLWPQPNXHCS
DB02362	ALYNCZNDIQEVRV-UHFFFAOYSA-N	ALYNCZNDIQEVRV
DB02363	YPTPYQSAVGGMFN-KQYNXXCUSA-N	YPTPYQSAVGGMFN
DB02364	MOFCKRBDMJNCOC-LURJTMIESA-N	MOFCKRBDMJNCOC
DB02365	DGEZNRSVGBDHLK-UHFFFAOYSA-N	DGEZNRSVGBDHLK
DB02366	RPGVMAPDADAHPV-UHFFFAOYSA-N	RPGVMAPDADAHPV
DB02367	ULDXUWXTVRRUND-SWLSCSKDSA-N	ULDXUWXTVRRUND
DB02368	WMQMIOYQXNRROC-LURJTMIESA-N	WMQMIOYQXNRROC
DB02369	UWHNDWYDKGVRGE-UHFFFAOYSA-K	UWHNDWYDKGVRGE
DB02370	XCYPSOHOIAZISD-RQJHMYQMSA-N	XCYPSOHOIAZISD
DB02371	JOCBASBOOFNAJA-UHFFFAOYSA-N	JOCBASBOOFNAJA
DB02373	OIRDTQYFTABQOQ-FCIPNVEPSA-N	OIRDTQYFTABQOQ
DB02374	QMHSBFMMOLGPGR-NGJCXOISSA-N	QMHSBFMMOLGPGR
DB02375	IKMDFBPHZNJCSN-UHFFFAOYSA-N	IKMDFBPHZNJCSN
DB02376	VBXHGXTYZGYTQG-SQOUGZDYSA-N	VBXHGXTYZGYTQG
DB02377	UYTPUPDQBNUYGX-UHFFFAOYSA-N	UYTPUPDQBNUYGX
DB02378	QJAPFAZHNSZLJE-CWURXVSKSA-N	QJAPFAZHNSZLJE
DB02379	WQZGKKKJIJFFOK-VFUOTHLCSA-N	WQZGKKKJIJFFOK
DB02381	KOBHCUDVWOTEKO-VKHMYHEASA-N	KOBHCUDVWOTEKO
DB02382	JOUIQRNQJGXQDC-ZYUZMQFOSA-N	JOUIQRNQJGXQDC
DB02383	LUBHDINQXIHVLS-UHFFFAOYSA-N	LUBHDINQXIHVLS
DB02384	SBIZDOWXYPNTOJ-VMPITWQZSA-M	SBIZDOWXYPNTOJ
DB02386	HGCAUCAWEADMPM-RXMQYKEDSA-N	HGCAUCAWEADMPM
DB02388	UQFRSHRWRKYNDE-UHFFFAOYSA-N	UQFRSHRWRKYNDE
DB02391	XYCDSKWPYZSIDU-UHFFFAOYSA-N	XYCDSKWPYZSIDU
DB02393	YBOWGOLYQKBCFB-JGWLITMVSA-N	YBOWGOLYQKBCFB
DB02394	BDIDRHMZXLEMIZ-CXNFULCWSA-N	BDIDRHMZXLEMIZ
DB02395	JCCDRCRHGKFTQS-UHFFFAOYSA-N	JCCDRCRHGKFTQS
DB02396	LIWAQLJGPBVORC-UHFFFAOYSA-N	LIWAQLJGPBVORC
DB02398	NLBDETRVUYOIHQ-UHFFFAOYSA-N	NLBDETRVUYOIHQ
DB02399	SKCKOFZKJLZSFA-BXKVDMCESA-N	SKCKOFZKJLZSFA
DB02400	IBLWSLZYYZHSRG-UHFFFAOYSA-N	IBLWSLZYYZHSRG
DB02401	IBRWUZLLHSXPKL-UHFFFAOYSA-N	IBRWUZLLHSXPKL
DB02402	CPZJZAIZIMCJRC-UHFFFAOYSA-N	CPZJZAIZIMCJRC
DB02403	FTZQXOJYPFINKJ-UHFFFAOYSA-N	FTZQXOJYPFINKJ
DB02404	ACMBXVJDKVNCGH-UHFFFAOYSA-N	ACMBXVJDKVNCGH
DB02405	YYKBWYBUCFHYPR-UHFFFAOYSA-N	YYKBWYBUCFHYPR
DB02406	NQPDZGIKBAWPEJ-UHFFFAOYSA-N	NQPDZGIKBAWPEJ
DB02407	MWGXGTJJAOZBNW-UHFFFAOYSA-N	MWGXGTJJAOZBNW
DB02408	AYBDGNNJGBFOBQ-VIFPVBQESA-N	AYBDGNNJGBFOBQ
DB02410	GYRGKLZCJRVYRV-UHFFFAOYSA-O	GYRGKLZCJRVYRV
DB02411	HOUHLOFMBSYNBO-KKUQBAQOSA-N	HOUHLOFMBSYNBO
DB02412	DHXVGJBLRPWPCS-UHFFFAOYSA-N	DHXVGJBLRPWPCS
DB02413	MWFRVMDVLYIXJF-BYPYZUCNSA-N	MWFRVMDVLYIXJF
DB02414	NAKUGCPAQTUSBE-IUCAKERBSA-N	NAKUGCPAQTUSBE
DB02415	IRJUEMKMQDEOTQ-CYBMUJFWSA-N	IRJUEMKMQDEOTQ
DB02417	BSWWXRFVMJHFBN-UHFFFAOYSA-N	BSWWXRFVMJHFBN
DB02418	OWBTYPJTUOEWEK-ZXZARUISSA-N	OWBTYPJTUOEWEK
DB02419	ASBDXHCMVYVJQQ-UHFFFAOYSA-N	ASBDXHCMVYVJQQ
DB02420	RKILOCCSAVHHJT-UHFFFAOYSA-N	RKILOCCSAVHHJT
DB02421	HSCJRCZFDFQWRP-NYYOCOOHSA-N	HSCJRCZFDFQWRP
DB02422	WAYOKHSZGNFKSX-ZEEOCKJESA-N	WAYOKHSZGNFKSX
DB02423	HWTUHTNZLQJJEV-UHFFFAOYSA-M	HWTUHTNZLQJJEV
DB02424	QTQAWLPCGQOSGP-KSRBKZBZSA-N	QTQAWLPCGQOSGP
DB02425	IKYYXKWKFNBGJA-UHFFFAOYSA-N	IKYYXKWKFNBGJA
DB02426	CYBVQIBJEFQVPD-GWDNDVLHSA-N	CYBVQIBJEFQVPD
DB02427	YBJANOUTWRTBDK-UHFFFAOYSA-N	YBJANOUTWRTBDK
DB02428	LOAUVZALPPNFOQ-UHFFFAOYSA-N	LOAUVZALPPNFOQ
DB02429	IXDVPACDZDRCTN-UHFFFAOYSA-N	IXDVPACDZDRCTN
DB02430	LABSPYBHMPDTEL-LIZSDCNHSA-N	LABSPYBHMPDTEL
DB02431	PCDQPRRSZKQHHS-XVFCMESISA-N	PCDQPRRSZKQHHS
DB02432	RLLAUERCSKPFGD-VMPREFPWSA-N	RLLAUERCSKPFGD
DB02433	ATILYNKCRYHYEP-SQEXRHODSA-N	ATILYNKCRYHYEP
DB02434	VYTXLSQVYGNWLV-UHFFFAOYSA-N	VYTXLSQVYGNWLV
DB02435	AVKNGPAMCBSNSO-UHFFFAOYSA-O	AVKNGPAMCBSNSO
DB02436	BKONADSQADEJJP-SFTDATJTSA-N	BKONADSQADEJJP
DB02437	XHKWPAAHPLALGC-LURJTMIESA-N	XHKWPAAHPLALGC
DB02438	OFSVCCCZZQKHKQ-QPPQHZFASA-N	OFSVCCCZZQKHKQ
DB02441	DQHJYYALMHIEAH-UHFFFAOYSA-N	DQHJYYALMHIEAH
DB02442	CFDIKEIPXZDMLP-REOHCLBHSA-N	CFDIKEIPXZDMLP
DB02443	GFYFFUGNPVBDAK-ZHBCMPEGSA-L	GFYFFUGNPVBDAK
DB02445	LBNVXZROMBUNNQ-SLPGGIOYSA-N	LBNVXZROMBUNNQ
DB02446	YVGZXTQJQNXIAU-VKHMYHEASA-N	YVGZXTQJQNXIAU
DB02447	IHDZZZHACPJCFJ-WWHASAIZSA-N	IHDZZZHACPJCFJ
DB02448	SZHOJFHSIKHZHA-UHFFFAOYSA-N	SZHOJFHSIKHZHA
DB02449	ULOTXPTWJAUGGE-MHZLTWQESA-N	ULOTXPTWJAUGGE
DB02450	ASEJDWRSZYAIOT-GJZGRUSLSA-N	ASEJDWRSZYAIOT
DB02451	QFAPUKLCALRPLH-UXXRCYHCSA-N	QFAPUKLCALRPLH
DB02452	NHVNXKFIZYSCEB-XLPZGREQSA-N	NHVNXKFIZYSCEB
DB02453	XLYOFNOQVPJJNP-UHFFFAOYSA-N	XLYOFNOQVPJJNP
DB02456	IERHLVCPSMICTF-CCXZUQQUSA-N	IERHLVCPSMICTF
DB02457	QCBLJDSWVGAXQB-UHFFFAOYSA-N	QCBLJDSWVGAXQB
DB02458	FXEUKVKGTKDDIQ-UWVGGRQHSA-N	FXEUKVKGTKDDIQ
DB02459	SXTSBZBQQRIYCU-UHFFFAOYSA-N	SXTSBZBQQRIYCU
DB02460	FJDBIDBCPIOVPG-NREUJTCUSA-N	FJDBIDBCPIOVPG
DB02461	IIALWEPLPCANHU-VKHMYHEASA-N	IIALWEPLPCANHU
DB02462	DIOZFKOOIBATNZ-UHFFFAOYSA-N	DIOZFKOOIBATNZ
DB02463	JPGNPKIYCTXJPG-UHFFFAOYSA-O	JPGNPKIYCTXJPG
DB02464	WGQKYBSKWIADBV-UHFFFAOYSA-N	WGQKYBSKWIADBV
DB02465	KWKZCGMJGHHOKJ-WTIHWRCNSA-N	KWKZCGMJGHHOKJ
DB02466	ZXQHMEUGMCXKLO-KPKJPENVSA-N	ZXQHMEUGMCXKLO
DB02467	QEFRNWWLZKMPFJ-MFXDVPHUSA-N	QEFRNWWLZKMPFJ
DB02468	AUQOUUVYQJMLMR-HMEUPRDLSA-N	AUQOUUVYQJMLMR
DB02469	RJKBJEZZABBYBA-VFUOTHLCSA-N	RJKBJEZZABBYBA
DB02470	SDADNVAZGVDAIM-QTNLNCNHSA-N	SDADNVAZGVDAIM
DB02471	UCJXQRFJERKPOZ-SQOUGZDYSA-N	UCJXQRFJERKPOZ
DB02472	ZWTNXGIZBOQCAJ-KQYNXXCUSA-N	ZWTNXGIZBOQCAJ
DB02473	XRHANBWAKSYPEN-UHFFFAOYSA-N	XRHANBWAKSYPEN
DB02474	YTYAKGJMNHDUDF-UUWLPUTASA-N	YTYAKGJMNHDUDF
DB02475	UYADDEKIZFRINK-LURJTMIESA-N	UYADDEKIZFRINK
DB02477	WHLPIOSHBKQGHA-KYJUHHDHSA-N	WHLPIOSHBKQGHA
DB02479	ZFWHOUCRVSOZJE-CQSZACIVSA-N	ZFWHOUCRVSOZJE
DB02480	YKAYCWPQDPILSA-YFKPBYRVSA-N	YKAYCWPQDPILSA
DB02481	IIBOGKHTXBPGEI-UHFFFAOYSA-N	IIBOGKHTXBPGEI
DB02482	USRGIUJOYOXOQJ-STHAYSLISA-N	USRGIUJOYOXOQJ
DB02483	JCDBQDNBEQHDHK-BSLNIGMPSA-N	JCDBQDNBEQHDHK
DB02484	HHPOUCCVONEPRK-CNYIRLTGSA-N	HHPOUCCVONEPRK
DB02485	TXCIAUNLDRJGJZ-BILDWYJOSA-N	TXCIAUNLDRJGJZ
DB02486	KYNFOMQIXZUKRK-UHFFFAOYSA-N	KYNFOMQIXZUKRK
DB02489	UUWJNBOCAPUTBK-UHFFFAOYSA-N	UUWJNBOCAPUTBK
DB02490	YNHURFGTTODJOO-UHFFFAOYSA-N	YNHURFGTTODJOO
DB02491	CJSSYVIHFXDFFC-UHFFFAOYSA-N	CJSSYVIHFXDFFC
DB02492	YWOSRVQDYDWMAB-JBXPSPKUSA-K	YWOSRVQDYDWMAB
DB02493	HVXIMXHBUJADCC-GTBMBKLPSA-N	HVXIMXHBUJADCC
DB02494	VOXXWSYKYCBWHO-QMMMGPOBSA-N	VOXXWSYKYCBWHO
DB02495	JHBXNPBKSPYOFT-UHFFFAOYSA-N	JHBXNPBKSPYOFT
DB02496	AJPADPZSRRUGHI-RFZPGFLSSA-N	AJPADPZSRRUGHI
DB02497	ZWZWYGMENQVNFU-UHNVWZDZSA-N	ZWZWYGMENQVNFU
DB02498	DGPLSUKWXXSBCU-VGXGLJSLSA-O	DGPLSUKWXXSBCU
DB02499	RPHCSGPGZUWMRV-REOHCLBHSA-N	RPHCSGPGZUWMRV
DB02500	CLCPDSJUXHDRGX-UHFFFAOYSA-N	CLCPDSJUXHDRGX
DB02501	UMOXFSXIFQOWTD-LURJTMIESA-N	UMOXFSXIFQOWTD
DB02503	IEMLKNHGGSYOMP-ZZXKWVIFSA-N	IEMLKNHGGSYOMP
DB02504	AQEYCNKFBRLUOT-UHFFFAOYSA-N	AQEYCNKFBRLUOT
DB02505	JJVQUUYZGJWBPW-UHFFFAOYSA-N	JJVQUUYZGJWBPW
DB02506	SWTFXINHZPXNOX-DZBHQSCQSA-N	SWTFXINHZPXNOX
DB02507	PJVWKTKQMONHTI-HNNXBMFYSA-N	PJVWKTKQMONHTI
DB02508	IPFXNYPSBSIFOB-UHFFFAOYSA-N	IPFXNYPSBSIFOB
DB02509	CRDAMVZIKSXKFV-FBXUGWQNSA-N	CRDAMVZIKSXKFV
DB02510	LKVJEMXWEODCAY-JVEUSOJLSA-N	LKVJEMXWEODCAY
DB02511	PZWMZAFFUAWVDN-CQXYXCHQSA-N	PZWMZAFFUAWVDN
DB02512	XPYBSIWDXQFNMH-PQLUHFTBSA-N	XPYBSIWDXQFNMH
DB02513	MGSRCZKZVOBKFT-UHFFFAOYSA-N	MGSRCZKZVOBKFT
DB02514	WSMRUPUEYOBWRC-VURMDHGXSA-M	WSMRUPUEYOBWRC
DB02515	AWUCVROLDVIAJX-GSVOUGTGSA-N	AWUCVROLDVIAJX
DB02516	BBRISSLDTUHWKG-PVMHLSDZSA-N	BBRISSLDTUHWKG
DB02517	WHUUTDBJXJRKMK-GSVOUGTGSA-N	WHUUTDBJXJRKMK
DB02518	KTHDTJVBEPMMGL-VKHMYHEASA-N	KTHDTJVBEPMMGL
DB02519	BYYOTMYLPPUWCF-UHFFFAOYSA-N	BYYOTMYLPPUWCF
DB02520	LMBWSYZSUOEYSN-UHFFFAOYSA-N	LMBWSYZSUOEYSN
DB02521	XNPCAGMCQDGQKK-UHFFFAOYSA-N	XNPCAGMCQDGQKK
DB02522	CHDDAVCOAOFSLD-UHFFFAOYSA-N	CHDDAVCOAOFSLD
DB02524	XFMMHXLUHKBKQE-UHEGPQQHSA-N	XFMMHXLUHKBKQE
DB02526	WCFWDBPDMBXMTQ-UHFFFAOYSA-N	WCFWDBPDMBXMTQ
DB02527	IVOMOUWHDPKRLL-KQYNXXCUSA-N	IVOMOUWHDPKRLL
DB02528	OOFNCFXOGMDAEN-YFKPBYRVSA-N	OOFNCFXOGMDAEN
DB02529	BULFTXGJKXVMER-LNFKQOIKSA-N	BULFTXGJKXVMER
DB02530	BTCSSZJGUNDROE-UHFFFAOYSA-N	BTCSSZJGUNDROE
DB02531	KQNPFQTWMSNSAP-UHFFFAOYSA-N	KQNPFQTWMSNSAP
DB02532	LJBWEZVYRBKOCI-UHFFFAOYSA-N	LJBWEZVYRBKOCI
DB02534	QIRNGVVZBINFMX-UHFFFAOYSA-N	QIRNGVVZBINFMX
DB02535	QGGYVKRXFQLYQD-UHFFFAOYSA-N	QGGYVKRXFQLYQD
DB02537	FSNBWEOGSXUNGF-CQMBDMNQSA-N	FSNBWEOGSXUNGF
DB02538	ZCRPPLDDHBLUES-UHFFFAOYSA-N	ZCRPPLDDHBLUES
DB02540	DAOQLLQRJAXMGY-YOEHRIQHSA-N	DAOQLLQRJAXMGY
DB02541	BLFRQYKZFKYQLO-UHFFFAOYSA-O	BLFRQYKZFKYQLO
DB02542	FHOARJRQRXAPOF-WHFBIAKZSA-N	FHOARJRQRXAPOF
DB02543	WRHZVMBBRYBTKZ-UHFFFAOYSA-N	WRHZVMBBRYBTKZ
DB02544	UCIDPJLYUKNYFZ-UHFFFAOYSA-N	UCIDPJLYUKNYFZ
DB02545	VLQTUNDJHLEFEQ-KGENOOAVSA-N	VLQTUNDJHLEFEQ
DB02546	WAEXFXRVDQXREF-UHFFFAOYSA-N	WAEXFXRVDQXREF
DB02547	LQEBEXMHBLQMDB-GDJBGNAASA-N	LQEBEXMHBLQMDB
DB02548	GACTWZZMVMUKNG-SLPGGIOYSA-N	GACTWZZMVMUKNG
DB02549	UWSIAAWKEICIJY-IVZWLZJFSA-N	UWSIAAWKEICIJY
DB02550	KCIOVTSUEXGUFJ-UHFFFAOYSA-N	KCIOVTSUEXGUFJ
DB02551	LVNMYQLXKMSQTG-AWEZNQCLSA-N	LVNMYQLXKMSQTG
DB02552	GVVPGTZRZFNKDS-JXMROGBWSA-N	GVVPGTZRZFNKDS
DB02553	HCMZDPYSWPSKSP-XPGKHFPBSA-N	HCMZDPYSWPSKSP
DB02555	VCXMTWSYQSVWRK-AREMUKBSSA-N	VCXMTWSYQSVWRK
DB02556	COLNVLDHVKWLRT-MRVPVSSYSA-N	COLNVLDHVKWLRT
DB02557	ZPHBZEQOLSRPAK-XLCYBJAPSA-N	ZPHBZEQOLSRPAK
DB02558	CNILVMARPONFBX-JCGIZDLHSA-N	CNILVMARPONFBX
DB02559	HDQIGGQUKAQTGU-SZTTVXCBSA-N	HDQIGGQUKAQTGU
DB02560	RJXOEUFRQATKAB-NWDGAFQWSA-N	RJXOEUFRQATKAB
DB02561	LKDRXBCSQODPBY-FSIIMWSLSA-N	LKDRXBCSQODPBY
DB02562	ZHQJVZLJDXWFFX-RPDRRWSUSA-N	ZHQJVZLJDXWFFX
DB02563	OEXFMSFODMQEPE-HDRQGHTBSA-N	OEXFMSFODMQEPE
DB02565	MXWDSZWTBOCWBK-UHFFFAOYSA-N	MXWDSZWTBOCWBK
DB02566	FCGZNXGKWUHBKD-WKEGUHRASA-N	FCGZNXGKWUHBKD
DB02567	VAARYSWULJUGST-UHFFFAOYSA-N	VAARYSWULJUGST
DB02568	DOHVAKFYAHLCJP-UHFFFAOYSA-N	DOHVAKFYAHLCJP
DB02569	LXCAIISEDMYORY-JGVFFNPUSA-N	LXCAIISEDMYORY
DB02570	MXQYDIIKDPMYMF-QMMMGPOBSA-N	MXQYDIIKDPMYMF
DB02571	GFXYTQPNNXGICT-YFKPBYRVSA-N	GFXYTQPNNXGICT
DB02572	BPHYTQORKHDHAH-OHNHNXIVSA-N	BPHYTQORKHDHAH
DB02573	LYWWDKIADIGKTH-IDMWBNCISA-N	LYWWDKIADIGKTH
DB02574	RJLCAAJYVGPDFG-LNGNCPBTSA-N	RJLCAAJYVGPDFG
DB02576	HXKKHQJGJAFBHI-VKHMYHEASA-O	HXKKHQJGJAFBHI
DB02578	RALBRZJHHGWNNU-BBBLOLIVSA-N	RALBRZJHHGWNNU
DB02579	NIXOWILDQLNWCW-UHFFFAOYSA-N	NIXOWILDQLNWCW
DB02580	DMDPGPKXQDIQQG-UHFFFAOYSA-N	DMDPGPKXQDIQQG
DB02581	VNZHOIDQBPFEJU-OAQYLSRUSA-N	VNZHOIDQBPFEJU
DB02583	HZTFNSCZLJLPEO-UHFFFAOYSA-N	HZTFNSCZLJLPEO
DB02585	WHMKAFNJMLEDSN-UHFFFAOYSA-N	WHMKAFNJMLEDSN
DB02586	JIVLDFFWTQYGSR-UHFFFAOYSA-N	JIVLDFFWTQYGSR
DB02587	OHCQJHSOBUTRHG-KGGHGJDLSA-N	OHCQJHSOBUTRHG
DB02588	GOYCBKVVHGALFQ-RZAIGCCYSA-N	GOYCBKVVHGALFQ
DB02589	FFKYNFXDBBLWGF-UHFFFAOYSA-N	FFKYNFXDBBLWGF
DB02590	KYPWIZMAJMNPMJ-KAZBKCHUSA-N	KYPWIZMAJMNPMJ
DB02591	LJUQGASMPRMWIW-UHFFFAOYSA-N	LJUQGASMPRMWIW
DB02592	BKLICLLAHMTUPK-UNGCPHIMSA-N	BKLICLLAHMTUPK
DB02593	RSFJMLCZHPZXCW-AANKLQPISA-N	RSFJMLCZHPZXCW
DB02594	CKTSBUTUHBMZGZ-SHYZEUOFSA-N	CKTSBUTUHBMZGZ
DB02595	RPNZWZDLNYCCIG-HMMVDTEZSA-O	RPNZWZDLNYCCIG
DB02596	CAWZRIXWFRFUQB-IOSLPCCCSA-N	CAWZRIXWFRFUQB
DB02597	GOIYKVXXGCPHQU-BPUTZDHNSA-N	GOIYKVXXGCPHQU
DB02598	SXRYVFRVDCDPKH-JTQLQIEISA-N	SXRYVFRVDCDPKH
DB02599	RSKNEWMEOVQZII-UHFFFAOYSA-N	RSKNEWMEOVQZII
DB02600	NENPYTRHICXVCS-YNEHKIRRSA-N	NENPYTRHICXVCS
DB02602	ICIXQGGQPKFQRL-UHFFFAOYSA-N	ICIXQGGQPKFQRL
DB02603	VPUIDVRYMVIXGO-UHFFFAOYSA-N	VPUIDVRYMVIXGO
DB02604	UQJFZAAGZAYVKZ-KAZBKCHUSA-N	UQJFZAAGZAYVKZ
DB02606	BTANRVKWQNVYAZ-SCSAIBSYSA-N	BTANRVKWQNVYAZ
DB02607	KJNLSEOJEFDELT-JJNLEZRASA-N	KJNLSEOJEFDELT
DB02608	PIVQDUYOEIAFDM-GHMZBOCLSA-N	PIVQDUYOEIAFDM
DB02609	FKHAKIJOKDGEII-GBXIJSLDSA-N	FKHAKIJOKDGEII
DB02610	LRKSHOLYETXPGY-UHFFFAOYSA-N	LRKSHOLYETXPGY
DB02611	FZJQHARRQUNVGZ-QZTJIDSGSA-N	FZJQHARRQUNVGZ
DB02613	ZRKZFNZPJKEWPC-UHFFFAOYSA-N	ZRKZFNZPJKEWPC
DB02614	OBZSRKUYUGJGIM-JTQLQIEISA-N	OBZSRKUYUGJGIM
DB02615	UZOOIPXOYYJULJ-BLIZRMSTSA-N	UZOOIPXOYYJULJ
DB02616	CKJGKHXCUDWFDC-UHFFFAOYSA-N	CKJGKHXCUDWFDC
DB02617	WJBNLGBHMWNHRZ-KRWDZBQOSA-N	WJBNLGBHMWNHRZ
DB02620	OMSKFAYIWROESZ-UHFFFAOYSA-N	OMSKFAYIWROESZ
DB02621	DDVBPZROPPMBLW-IZGXTMSKSA-N	DDVBPZROPPMBLW
DB02622	QBYNNSFEMMNINN-UHFFFAOYSA-N	QBYNNSFEMMNINN
DB02623	ZGPDMUBRWRJAQQ-UUOKFMHZSA-N	ZGPDMUBRWRJAQQ
DB02624	QJPWUUJVYOJNMH-GSVOUGTGSA-N	QJPWUUJVYOJNMH
DB02625	NOSUUIPGNMAALM-SSDOTTSWSA-N	NOSUUIPGNMAALM
DB02626	SEEJKBJWTHZURS-LAJGZZDBSA-N	SEEJKBJWTHZURS
DB02627	SLHKDOGTVUCXKX-UHFFFAOYSA-N	SLHKDOGTVUCXKX
DB02628	JUJIMRZGUBTJRV-NASSWSRMSA-N	JUJIMRZGUBTJRV
DB02629	LYHLPPXMBKMSSZ-JQFCFGFHSA-N	LYHLPPXMBKMSSZ
DB02630	VJDOAZKNBQCAGE-WISUUJSJSA-N	VJDOAZKNBQCAGE
DB02632	IFBHRQDFSNCLOZ-YBXAARCKSA-N	IFBHRQDFSNCLOZ
DB02633	YKCWQPZFAFZLBI-UHFFFAOYSA-N	YKCWQPZFAFZLBI
DB02635	GZZDWFDWHXPWJK-QPUJVOFHSA-N	GZZDWFDWHXPWJK
DB02636	UCLGCTLOEZZSLA-UHFFFAOYSA-N	UCLGCTLOEZZSLA
DB02637	KHPXUQMNIQBQEV-UHFFFAOYSA-M	KHPXUQMNIQBQEV
DB02638	BENFXAYNYRLAIU-QSVFAHTRSA-N	BENFXAYNYRLAIU
DB02640	NGGMYCMLYOUNGM-CSDLUJIJSA-N	NGGMYCMLYOUNGM
DB02641	AEDIXYWIVPYNBI-UHFFFAOYSA-N	AEDIXYWIVPYNBI
DB02642	WUNKRZNFNIYEPN-UHFFFAOYSA-N	WUNKRZNFNIYEPN
DB02643	IZWSFJTYBVKZNK-UHFFFAOYSA-O	IZWSFJTYBVKZNK
DB02644	AOMXURITGZJPKB-ZETCQYMHSA-O	AOMXURITGZJPKB
DB02645	RZSIARIQGABJJE-DLXYEPTOSA-N	RZSIARIQGABJJE
DB02646	IFYCAQIXDKZDTB-UHFFFAOYSA-N	IFYCAQIXDKZDTB
DB02647	LUCORKWTQSQFFU-UHFFFAOYSA-N	LUCORKWTQSQFFU
DB02648	PHIQHXFUZVPYII-ZCFIWIBFSA-O	PHIQHXFUZVPYII
DB02649	CGJMROBVSBIBKP-UHFFFAOYSA-N	CGJMROBVSBIBKP
DB02651	BTAGTGWPDROBMG-UHFFFAOYSA-N	BTAGTGWPDROBMG
DB02652	IOFPEOPOAMOMBE-QMMMGPOBSA-N	IOFPEOPOAMOMBE
DB02655	CKLJMWTZIZZHCS-UWTATZPHSA-N	CKLJMWTZIZZHCS
DB02656	CZQHHVNHHHRRDU-UHFFFAOYSA-N	CZQHHVNHHHRRDU
DB02657	XHMJOUIAFHJHBW-UKFBFLRUSA-N	XHMJOUIAFHJHBW
DB02658	UFSBFVZQJZMIOU-LZQZFOIKSA-N	UFSBFVZQJZMIOU
DB02659	BHQCQFFYRZLCQQ-OELDTZBJSA-N	BHQCQFFYRZLCQQ
DB02660	STTRYQAGHGJXJJ-LICLKQGHSA-N	STTRYQAGHGJXJJ
DB02661	XTWYTFMLZFPYCI-PERBPWGJSA-N	XTWYTFMLZFPYCI
DB02662	SHSWHSQPJKMCPN-UHFFFAOYSA-N	SHSWHSQPJKMCPN
DB02663	IAJOBQBIJHVGMQ-SCSAIBSYSA-N	IAJOBQBIJHVGMQ
DB02664	QPKFVRWIISEVCW-UHFFFAOYSA-N	QPKFVRWIISEVCW
DB02665	AELCINSCMGFISI-DTWKUNHWSA-O	AELCINSCMGFISI
DB02666	MAXSFYCTFIBEAR-OJMIUMIFSA-N	MAXSFYCTFIBEAR
DB02667	RBNYALUPLLJMAT-JGOFKIGNSA-M	RBNYALUPLLJMAT
DB02668	CUFQBQOBLVLKRF-RZDMPUFOSA-N	CUFQBQOBLVLKRF
DB02669	ZWDQTNWLXALTOV-QYZOEREBSA-N	ZWDQTNWLXALTOV
DB02670	HDEMQQHXNOJATE-AZGQCCRYSA-N	HDEMQQHXNOJATE
DB02671	MCTWTZJPVLRJOU-UHFFFAOYSA-O	MCTWTZJPVLRJOU
DB02673	VLGAHTYYCHWLNI-BHRZLAGCSA-N	VLGAHTYYCHWLNI
DB02674	AINAXQHKYSZESH-HAFWLYHUSA-N	AINAXQHKYSZESH
DB02676	HHKZCCWKTZRCCL-UHFFFAOYSA-N	HHKZCCWKTZRCCL
DB02677	KJSNEFAXFLDDDR-JKSUJKDBSA-N	KJSNEFAXFLDDDR
DB02678	MSWZFWKMSRAUBD-VFUOTHLCSA-N	MSWZFWKMSRAUBD
DB02679	XZMCDFZZKTWFGF-UHFFFAOYSA-N	XZMCDFZZKTWFGF
DB02680	WDCYWAQPCXBPJA-UHFFFAOYSA-N	WDCYWAQPCXBPJA
DB02683	FOBRXMROTNVGST-CXPJILFNSA-N	FOBRXMROTNVGST
DB02684	FTSDEWPMACCNGN-YTMOPEAISA-N	FTSDEWPMACCNGN
DB02685	JZRBSTONIYRNRI-VIFPVBQESA-N	JZRBSTONIYRNRI
DB02686	UYEMNFYVTFDKRG-ZNGNCRBCSA-N	UYEMNFYVTFDKRG
DB02688	UQBOJOOOTLPNST-UHFFFAOYSA-N	UQBOJOOOTLPNST
DB02689	ZRCBQBJBRHIRRG-UHFFFAOYSA-N	ZRCBQBJBRHIRRG
DB02690	YJDAOHJWLUNFLX-UHFFFAOYSA-N	YJDAOHJWLUNFLX
DB02691	RFDAIACWWDREDC-UHFFFAOYSA-M	RFDAIACWWDREDC
DB02693	YPGMOWHXEQDBBV-UHFFFAOYSA-N	YPGMOWHXEQDBBV
DB02694	GDPVENOGSVMRJL-UHFFFAOYSA-N	GDPVENOGSVMRJL
DB02695	RYIWDDCNJPSPRA-UHFFFAOYSA-N	RYIWDDCNJPSPRA
DB02696	MLWJBKPFDKRHBM-UHFFFAOYSA-N	MLWJBKPFDKRHBM
DB02697	USSBBYRBOWZYSB-UHFFFAOYSA-N	USSBBYRBOWZYSB
DB02698	NQOOJFXBGLOGTC-UHFFFAOYSA-N	NQOOJFXBGLOGTC
DB02699	PLIUCYCUYQIBDZ-UHFFFAOYSA-N	PLIUCYCUYQIBDZ
DB02700	SNDZDGQLFKEBLF-UHFFFAOYSA-N	SNDZDGQLFKEBLF
DB02701	DFPAKSUCGFBDDF-UHFFFAOYSA-N	DFPAKSUCGFBDDF
DB02702	JDALSSGOBMTZEP-UHFFFAOYSA-N	JDALSSGOBMTZEP
DB02703	IECPWNUMDGFDKC-UHFFFAOYSA-N	IECPWNUMDGFDKC
DB02704	GQKBYZPVKVXMJL-UHFFFAOYSA-N	GQKBYZPVKVXMJL
DB02705	DARQQJKHXPXSRO-UHFFFAOYSA-N	DARQQJKHXPXSRO
DB02706	DUKDFMPUZRDWLT-UHFFFAOYSA-N	DUKDFMPUZRDWLT
DB02709	LUKBXSAWLPMMSZ-UHFFFAOYSA-N	LUKBXSAWLPMMSZ
DB02710	VDTYHTVHFIIEIL-UHFFFAOYSA-N	VDTYHTVHFIIEIL
DB02711	VBXZSBKAJFXURR-UHFFFAOYSA-N	VBXZSBKAJFXURR
DB02712	LXANPKRCLVQAOG-UHFFFAOYSA-N	LXANPKRCLVQAOG
DB02713	OKJIRPAQVSHGFK-UHFFFAOYSA-N	OKJIRPAQVSHGFK
DB02714	FOGRQMPFHUHIGU-UHFFFAOYSA-N	FOGRQMPFHUHIGU
DB02715	UZOOIPXOYYJULJ-UHFFFAOYSA-N	UZOOIPXOYYJULJ
DB02716	DKVRNHPCAOHRSI-UHFFFAOYSA-O	DKVRNHPCAOHRSI
DB02717	LUEWUZLMQUOBSB-UHFFFAOYSA-N	LUEWUZLMQUOBSB
DB02719	DTZYCNDAJQDPQC-UHFFFAOYSA-N	DTZYCNDAJQDPQC
DB02720	UKWLGCFJAVEFPE-UHFFFAOYSA-N	UKWLGCFJAVEFPE
DB02721	LLNQWPTUJJYTTE-UHFFFAOYSA-N	LLNQWPTUJJYTTE
DB02722	WGLLPAPKWFDHHV-UHFFFAOYSA-N	WGLLPAPKWFDHHV
DB02723	DHTSUHWLPAEEQB-UHFFFAOYSA-N	DHTSUHWLPAEEQB
DB02724	YXNKTOYTHKJHIU-UHFFFAOYSA-Q	YXNKTOYTHKJHIU
DB02725	LAJWZJCOWPUSOA-UHFFFAOYSA-N	LAJWZJCOWPUSOA
DB02726	ASCFNMCAHFUBCO-UHFFFAOYSA-N	ASCFNMCAHFUBCO
DB02727	ULDDTFAPYWLDGF-UHFFFAOYSA-N	ULDDTFAPYWLDGF
DB02728	IETDBZQIWIJQJG-UHFFFAOYSA-N	IETDBZQIWIJQJG
DB02729	UWSVAGUSMAEUKO-UHFFFAOYSA-N	UWSVAGUSMAEUKO
DB02730	UYUQSQYXZFSOEM-UHFFFAOYSA-N	UYUQSQYXZFSOEM
DB02731	HXQVQGWHFRNKMS-UHFFFAOYSA-M	HXQVQGWHFRNKMS
DB02733	ZKDXRFMOHZVXSG-UHFFFAOYSA-N	ZKDXRFMOHZVXSG
DB02734	IAKKJSVSFCTLRY-UHFFFAOYSA-N	IAKKJSVSFCTLRY
DB02735	MNJOBAOHZQQXIK-UHFFFAOYSA-N	MNJOBAOHZQQXIK
DB02736	DLFVBJFMPXGRIB-UHFFFAOYSA-N	DLFVBJFMPXGRIB
DB02738	WYJWVZZCMBUPSP-UHFFFAOYSA-N	WYJWVZZCMBUPSP
DB02740	JTEDVYBZBROSJT-UHFFFAOYSA-N	JTEDVYBZBROSJT
DB02741	RWYREGSYPCNZTL-UHFFFAOYSA-N	RWYREGSYPCNZTL
DB02742	OIURYJWYVIAOCW-UHFFFAOYSA-N	OIURYJWYVIAOCW
DB02743	GUBGYTABKSRVRQ-UHFFFAOYSA-N	GUBGYTABKSRVRQ
DB02744	PQJGWYQPOHCEDO-UHFFFAOYSA-N	PQJGWYQPOHCEDO
DB02745	DRTQHJPVMGBUCF-UHFFFAOYSA-N	DRTQHJPVMGBUCF
DB02746	XNGIFLGASWRNHJ-UHFFFAOYSA-N	XNGIFLGASWRNHJ
DB02749	CYIDZMCFTVVTJO-UHFFFAOYSA-N	CYIDZMCFTVVTJO
DB02750	OMYFBIZVJYGJJA-UHFFFAOYSA-M	OMYFBIZVJYGJJA
DB02751	BPMFZUMJYQTVII-UHFFFAOYSA-N	BPMFZUMJYQTVII
DB02752	CGPHGPCHVUSFFA-UHFFFAOYSA-N	CGPHGPCHVUSFFA
DB02753	LMKZMWVWAYJKQL-UHFFFAOYSA-N	LMKZMWVWAYJKQL
DB02754	TUOSCZDRWRYPRS-UHFFFAOYSA-N	TUOSCZDRWRYPRS
DB02755	HDQMHAJOIVYOIP-UHFFFAOYSA-N	HDQMHAJOIVYOIP
DB02756	XRJLAOUDSILTFT-UHFFFAOYSA-N	XRJLAOUDSILTFT
DB02757	WTKZEGDFNFYCGP-UHFFFAOYSA-N	WTKZEGDFNFYCGP
DB02758	GOLXRNDWAUTYKT-UHFFFAOYSA-N	GOLXRNDWAUTYKT
DB02759	UPSFMJHZUCSEHU-UHFFFAOYSA-N	UPSFMJHZUCSEHU
DB02761	XBKONSCREBSMCS-UHFFFAOYSA-N	XBKONSCREBSMCS
DB02762	NQLPTOOPFMPCHQ-UHFFFAOYSA-N	NQLPTOOPFMPCHQ
DB02763	GANZODCWZFAEGN-UHFFFAOYSA-N	GANZODCWZFAEGN
DB02765	MJZYTEBKXLVLMY-UHFFFAOYSA-N	MJZYTEBKXLVLMY
DB02766	VLIGBVLLNSWVMI-UHFFFAOYSA-O	VLIGBVLLNSWVMI
DB02767	ATRNZOYKSNPPBF-UHFFFAOYSA-N	ATRNZOYKSNPPBF
DB02768	RUPAXCPQAAOIPB-UHFFFAOYSA-N	RUPAXCPQAAOIPB
DB02770	UDRQVOJQMHZSIM-UHFFFAOYSA-N	UDRQVOJQMHZSIM
DB02772	CZMRCDWAGMRECN-UHFFFAOYSA-N	CZMRCDWAGMRECN
DB02773	QEJHPAGTOOIBFT-UHFFFAOYSA-N	QEJHPAGTOOIBFT
DB02774	YPFDHNVEDLHUCE-UHFFFAOYSA-N	YPFDHNVEDLHUCE
DB02776	SSILHZFTFWOUJR-UHFFFAOYSA-N	SSILHZFTFWOUJR
DB02778	WSMBXSQDFPTODV-UHFFFAOYSA-N	WSMBXSQDFPTODV
DB02779	VICYBMUVWHJEFT-UHFFFAOYSA-N	VICYBMUVWHJEFT
DB02780	UGPZHAXXEJECMI-UHFFFAOYSA-N	UGPZHAXXEJECMI
DB02783	QYKRUCBLHROXCK-UHFFFAOYSA-N	QYKRUCBLHROXCK
DB02784	IYAWTDCWUJJPHZ-UHFFFAOYSA-N	IYAWTDCWUJJPHZ
DB02785	SQZXWXXIPWXBCL-UHFFFAOYSA-N	SQZXWXXIPWXBCL
DB02786	DGZQZSSRYAJDAX-UHFFFAOYSA-N	DGZQZSSRYAJDAX
DB02787	OUBSZQOZVSSBQR-UHFFFAOYSA-N	OUBSZQOZVSSBQR
DB02789	ORNBQBCIOKFOEO-UHFFFAOYSA-N	ORNBQBCIOKFOEO
DB02790	ZHUWBKDWWGKIEN-UHFFFAOYSA-N	ZHUWBKDWWGKIEN
DB02793	NTGWPRCCOQCMGE-UHFFFAOYSA-L	NTGWPRCCOQCMGE
DB02794	QZUCAWXKEZPFBV-UHFFFAOYSA-N	QZUCAWXKEZPFBV
DB02795	ZEYHEAKUIGZSGI-UHFFFAOYSA-N	ZEYHEAKUIGZSGI
DB02796	WKDMPDYUJKSXBW-UHFFFAOYSA-N	WKDMPDYUJKSXBW
DB02797	ZNRGSYUVFVNSAW-UHFFFAOYSA-N	ZNRGSYUVFVNSAW
DB02798	PXSSQXBLDTZHLF-UHFFFAOYSA-N	PXSSQXBLDTZHLF
DB02799	OJBZDUMTXGGVSP-UHFFFAOYSA-N	OJBZDUMTXGGVSP
DB02800	IIEPLRAFVCMHQF-UHFFFAOYSA-N	IIEPLRAFVCMHQF
DB02801	VTEDVYGIJPLVFF-UHFFFAOYSA-N	VTEDVYGIJPLVFF
DB02802	BYSXBFJVGIOFBO-UHFFFAOYSA-N	BYSXBFJVGIOFBO
DB02803	JHWQMXKQJVAWKI-UHFFFAOYSA-N	JHWQMXKQJVAWKI
DB02804	PMBZSBGCSQGJAQ-UHFFFAOYSA-N	PMBZSBGCSQGJAQ
DB02805	FOGRQMPFHUHIGU-UHFFFAOYSA-N	FOGRQMPFHUHIGU
DB02806	XNWFRZJHXBZDAG-UHFFFAOYSA-N	XNWFRZJHXBZDAG
DB02809	SZAVCZNFKJSWRN-UHFFFAOYSA-M	SZAVCZNFKJSWRN
DB02810	QZTKDVCDBIDYMD-UHFFFAOYSA-N	QZTKDVCDBIDYMD
DB02811	LXCYSACZTOKNNS-UHFFFAOYSA-N	LXCYSACZTOKNNS
DB02812	VXDAVYUFYPFGDX-UHFFFAOYSA-N	VXDAVYUFYPFGDX
DB02813	NELQYZRSPDCGRQ-UHFFFAOYSA-N	NELQYZRSPDCGRQ
DB02816	BCPHJDLBOJMWOD-UHFFFAOYSA-N	BCPHJDLBOJMWOD
DB02817	DJQYBVLXBVJHMU-UHFFFAOYSA-N	DJQYBVLXBVJHMU
DB02818	AXXYLTBQIQBTES-UHFFFAOYSA-N	AXXYLTBQIQBTES
DB02819	HGUDFQQPANTQEU-UHFFFAOYSA-N	HGUDFQQPANTQEU
DB02820	XHBACRZQFHLVAV-UHFFFAOYSA-L	XHBACRZQFHLVAV
DB02821	FQPGMQABJNQLLF-UHFFFAOYSA-N	FQPGMQABJNQLLF
DB02822	VEDDBHYQWFOITD-UHFFFAOYSA-N	VEDDBHYQWFOITD
DB02823	XUYJLQHKOGNDPB-UHFFFAOYSA-N	XUYJLQHKOGNDPB
DB02824	FEVQWBMNLWUBTF-UHFFFAOYSA-N	FEVQWBMNLWUBTF
DB02825	OFSFQGSFEXXHNH-UHFFFAOYSA-N	OFSFQGSFEXXHNH
DB02827	MDYIGSPVMWSFEZ-UHFFFAOYSA-N	MDYIGSPVMWSFEZ
DB02828	MBVLGMJBSFUHKW-UHFFFAOYSA-N	MBVLGMJBSFUHKW
DB02829	FJGXEWVOOHZQDN-UHFFFAOYSA-O	FJGXEWVOOHZQDN
DB02830	KCCUBLLGAMGDJL-UHFFFAOYSA-N	KCCUBLLGAMGDJL
DB02831	NBIIXXVUZAFLBC-UHFFFAOYSA-M	NBIIXXVUZAFLBC
DB02832	DPSPNCHVAPDHJF-UHFFFAOYSA-N	DPSPNCHVAPDHJF
DB02833	DYTKVFHLKPDNRW-UHFFFAOYSA-N	DYTKVFHLKPDNRW
DB02834	ZCAGEXZTORJQDZ-UHFFFAOYSA-N	ZCAGEXZTORJQDZ
DB02835	RWHOZGRAXYWRNX-UHFFFAOYSA-N	RWHOZGRAXYWRNX
DB02836	NGYWTCOGOZELRS-UHFFFAOYSA-N	NGYWTCOGOZELRS
DB02837	LOTQRUGOUKUSEY-UHFFFAOYSA-N	LOTQRUGOUKUSEY
DB02838	RHTAIKJZSXNELN-UHFFFAOYSA-N	RHTAIKJZSXNELN
DB02839	UIAFKZKHHVMJGS-UHFFFAOYSA-N	UIAFKZKHHVMJGS
DB02840	LCTWZJKHOGKNMX-UHFFFAOYSA-N	LCTWZJKHOGKNMX
DB02841	VGXJNGVFESCMME-UHFFFAOYSA-N	VGXJNGVFESCMME
DB02842	VNWAULKXOPRJEL-UHFFFAOYSA-N	VNWAULKXOPRJEL
DB02843	HXXFSFRBOHSIMQ-UHFFFAOYSA-N	HXXFSFRBOHSIMQ
DB02844	SUUGLGYBZXSJAA-UHFFFAOYSA-N	SUUGLGYBZXSJAA
DB02845	OFSFQGSFEXXHNH-UHFFFAOYSA-O	OFSFQGSFEXXHNH
DB02846	DZLNHFMRPBPULJ-UHFFFAOYSA-N	DZLNHFMRPBPULJ
DB02848	ZJESXGUODSBHSK-UHFFFAOYSA-N	ZJESXGUODSBHSK
DB02849	ZMHRUAWWUAOOQN-UHFFFAOYSA-N	ZMHRUAWWUAOOQN
DB02850	OTAFXLUVGUBEOU-UHFFFAOYSA-N	OTAFXLUVGUBEOU
DB02851	AAADKYXUTOBAGS-UHFFFAOYSA-N	AAADKYXUTOBAGS
DB02852	VZFRNCSOCOPNDB-UHFFFAOYSA-N	VZFRNCSOCOPNDB
DB02853	ONIBWKKTOPOVIA-UHFFFAOYSA-N	ONIBWKKTOPOVIA
DB02854	QGXBDMJGAMFCBF-UHFFFAOYSA-N	QGXBDMJGAMFCBF
DB02855	UDNIFTKCMDIXFC-UHFFFAOYSA-N	UDNIFTKCMDIXFC
DB02856	SURZCVYFPAXNGN-UHFFFAOYSA-N	SURZCVYFPAXNGN
DB02857	NYHBQMYGNKIUIF-UHFFFAOYSA-N	NYHBQMYGNKIUIF
DB02858	YZOKHYPIQNIFRQ-UHFFFAOYSA-N	YZOKHYPIQNIFRQ
DB02859	WPMGNXPRKGXGBO-UHFFFAOYSA-N	WPMGNXPRKGXGBO
DB02860	FKAWLXNLHHIHLA-UHFFFAOYSA-N	FKAWLXNLHHIHLA
DB02861	DEHMSTGBNAXEGX-UHFFFAOYSA-N	DEHMSTGBNAXEGX
DB02865	QWDBGVNDGYUIAC-UHFFFAOYSA-N	QWDBGVNDGYUIAC
DB02866	TYNBFJJKZPTRKS-UHFFFAOYSA-N	TYNBFJJKZPTRKS
DB02867	HXXFSFRBOHSIMQ-UHFFFAOYSA-N	HXXFSFRBOHSIMQ
DB02868	NUXKIZBEPYVRKP-UHFFFAOYSA-N	NUXKIZBEPYVRKP
DB02869	ZPXIQFOUPUVVPU-UHFFFAOYSA-N	ZPXIQFOUPUVVPU
DB02870	LQFLWKPCQITJIH-UHFFFAOYSA-N	LQFLWKPCQITJIH
DB02871	QVVQIIIFHZDBDL-UHFFFAOYSA-N	QVVQIIIFHZDBDL
DB02872	PVRYEWOXWGDQHA-UHFFFAOYSA-N	PVRYEWOXWGDQHA
DB02873	YAWZIQKDHQIHOS-UHFFFAOYSA-N	YAWZIQKDHQIHOS
DB02875	JOGOACSSLJEREC-UHFFFAOYSA-N	JOGOACSSLJEREC
DB02876	OLWZLCZTDZAGCT-UHFFFAOYSA-M	OLWZLCZTDZAGCT
DB02877	FOIVPCKZDPCJJY-UHFFFAOYSA-N	FOIVPCKZDPCJJY
DB02878	QMRGRIXXWLVLTR-UHFFFAOYSA-N	QMRGRIXXWLVLTR
DB02879	ORUZACWROKWTRH-UHFFFAOYSA-N	ORUZACWROKWTRH
DB02880	KFTNEILVDDUXGR-UHFFFAOYSA-N	KFTNEILVDDUXGR
DB02883	RAJMXAZJKUGYGW-UHFFFAOYSA-N	RAJMXAZJKUGYGW
DB02884	ORQXBVXKBGUSBA-UHFFFAOYSA-N	ORQXBVXKBGUSBA
DB02885	YKFRUALXTUDSBW-UHFFFAOYSA-N	YKFRUALXTUDSBW
DB02887	ODSQODTUNULBHF-UHFFFAOYSA-N	ODSQODTUNULBHF
DB02888	NBYCDVVSYOMFMS-UHFFFAOYSA-N	NBYCDVVSYOMFMS
DB02889	SNMISNLUIRCRQE-UHFFFAOYSA-N	SNMISNLUIRCRQE
DB02890	UDOBICLZEKUKCV-UHFFFAOYSA-N	UDOBICLZEKUKCV
DB02892	SGAIRWMSXVAPOO-UHFFFAOYSA-N	SGAIRWMSXVAPOO
DB02893	FFEARJCKVFRZRR-UHFFFAOYSA-N	FFEARJCKVFRZRR
DB02894	GGOAQSGCBDRTHT-UHFFFAOYSA-N	GGOAQSGCBDRTHT
DB02895	HSVQDVSVQIMRSS-UHFFFAOYSA-N	HSVQDVSVQIMRSS
DB02896	ZDRFDHHANOYUTE-UHFFFAOYSA-N	ZDRFDHHANOYUTE
DB02897	LIPOUNRJVLNBCD-UHFFFAOYSA-N	LIPOUNRJVLNBCD
DB02898	UYPMMHCTXQIWDX-UHFFFAOYSA-N	UYPMMHCTXQIWDX
DB02899	LWQBAQJPCYBWJQ-UHFFFAOYSA-N	LWQBAQJPCYBWJQ
DB02900	NBSCHQHZLSJFNQ-UHFFFAOYSA-N	NBSCHQHZLSJFNQ
DB02901	NVKAWKQGWWIWPM-UHFFFAOYSA-N	NVKAWKQGWWIWPM
DB02902	GACDQMDRPRGCTN-UHFFFAOYSA-N	GACDQMDRPRGCTN
DB02903	HQTVCYHBYUXJDJ-UHFFFAOYSA-N	HQTVCYHBYUXJDJ
DB02904	UHLNJPIGFDWGTP-UHFFFAOYSA-N	UHLNJPIGFDWGTP
DB02905	BVZASCINAVSQNO-UHFFFAOYSA-N	BVZASCINAVSQNO
DB02906	KAXFPJKKGITBPU-UHFFFAOYSA-N	KAXFPJKKGITBPU
DB02907	KYMLMTPYCDIFEC-UHFFFAOYSA-N	KYMLMTPYCDIFEC
DB02908	FRLTXWJJMCIUNT-UHFFFAOYSA-N	FRLTXWJJMCIUNT
DB02909	PJGGWIHXGHQXMM-UHFFFAOYSA-N	PJGGWIHXGHQXMM
DB02910	KQMZYOXOBSXMII-UHFFFAOYSA-N	KQMZYOXOBSXMII
DB02911	VEKRIXRQADJFAG-UHFFFAOYSA-N	VEKRIXRQADJFAG
DB02912	QAQREVBBADEHPA-UHFFFAOYSA-N	QAQREVBBADEHPA
DB02915	MEZFDQUDLQCVNX-UHFFFAOYSA-N	MEZFDQUDLQCVNX
DB02917	LFGYSFPVLMPUPE-UHFFFAOYSA-N	LFGYSFPVLMPUPE
DB02918	HJMQDJPMQIHLPB-UHFFFAOYSA-N	HJMQDJPMQIHLPB
DB02919	PUOZHLHNKHRTOW-UHFFFAOYSA-N	PUOZHLHNKHRTOW
DB02921	XRMLXZVSFIBRRJ-UHFFFAOYSA-N	XRMLXZVSFIBRRJ
DB02923	YKOQAAJBYBTSBS-UHFFFAOYSA-N	YKOQAAJBYBTSBS
DB02924	CCEFMUBVSUDRLG-UHFFFAOYSA-N	CCEFMUBVSUDRLG
DB02925	UJEWTUDSLQGTOA-UHFFFAOYSA-N	UJEWTUDSLQGTOA
DB02927	UJJZZEABROBUCE-UHFFFAOYSA-N	UJJZZEABROBUCE
DB02928	OIXIYIGKZVEKPI-UHFFFAOYSA-N	OIXIYIGKZVEKPI
DB02929	KCWGETCFOVJEPI-UHFFFAOYSA-N	KCWGETCFOVJEPI
DB02930	NLTUCYMLOPLUHL-UHFFFAOYSA-N	NLTUCYMLOPLUHL
DB02931	ZRDQFWRSRPZOSQ-UHFFFAOYSA-N	ZRDQFWRSRPZOSQ
DB02932	LKJPYSCBVHEWIU-UHFFFAOYSA-N	LKJPYSCBVHEWIU
DB02933	WBPLMFVTQMIPLW-UHFFFAOYSA-N	WBPLMFVTQMIPLW
DB02934	XJZDIUOABWMPLZ-UHFFFAOYSA-N	XJZDIUOABWMPLZ
DB02935	SBZXBUIDTXKZTM-UHFFFAOYSA-N	SBZXBUIDTXKZTM
DB02936	STENXUCYNKOBHJ-UHFFFAOYSA-N	STENXUCYNKOBHJ
DB02937	KHQOAQLQNLUEQN-UHFFFAOYSA-N	KHQOAQLQNLUEQN
DB02938	MNWFXJYAOYHMED-UHFFFAOYSA-N	MNWFXJYAOYHMED
DB02940	FDEYZMSECWCRCN-UHFFFAOYSA-N	FDEYZMSECWCRCN
DB02941	NHQUUILSXUJSSP-UHFFFAOYSA-N	NHQUUILSXUJSSP
DB02942	PUVHMWJJTITUGO-UHFFFAOYSA-N	PUVHMWJJTITUGO
DB02943	OMOPDEZZBQHMGS-UHFFFAOYSA-N	OMOPDEZZBQHMGS
DB02945	AEMOLEFTQBMNLQ-UHFFFAOYSA-N	AEMOLEFTQBMNLQ
DB02946	RXDMAYSSBPYBFW-UHFFFAOYSA-N	RXDMAYSSBPYBFW
DB02947	ZWPYUXAXLRFWQC-UHFFFAOYSA-N	ZWPYUXAXLRFWQC
DB02948	GJXWDTUCERCKIX-UHFFFAOYSA-N	GJXWDTUCERCKIX
DB02949	OJIHDJDHKARADF-UHFFFAOYSA-N	OJIHDJDHKARADF
DB02950	QPCBNXNDVYOBIP-UHFFFAOYSA-N	QPCBNXNDVYOBIP
DB02951	HHDDCCUIIUWNGJ-UHFFFAOYSA-N	HHDDCCUIIUWNGJ
DB02952	FUOOLUPWFVMBKG-UHFFFAOYSA-N	FUOOLUPWFVMBKG
DB02953	ZUEBVBPVXLQMQR-UHFFFAOYSA-N	ZUEBVBPVXLQMQR
DB02954	LJSQPIOQKDFEKE-UHFFFAOYSA-N	LJSQPIOQKDFEKE
DB02955	WBHHMMIMDMUBKC-UHFFFAOYSA-N	WBHHMMIMDMUBKC
DB02956	FBNHIFPJXGPDIP-UHFFFAOYSA-L	FBNHIFPJXGPDIP
DB02958	KGXZPWNBFWCDRF-UHFFFAOYSA-N	KGXZPWNBFWCDRF
DB02959	LDCYZAJDBXYCGN-UHFFFAOYSA-N	LDCYZAJDBXYCGN
DB02961	PNNNRSAQSRJVSB-UHFFFAOYSA-N	PNNNRSAQSRJVSB
DB02962	HYZJCKYKOHLVJF-UHFFFAOYSA-N	HYZJCKYKOHLVJF
DB02963	LVNXHNRYPADEAD-UHFFFAOYSA-N	LVNXHNRYPADEAD
DB02964	OEWLGQKSTDZKFN-UHFFFAOYSA-N	OEWLGQKSTDZKFN
DB02965	MDGVOXPIIICZEK-UHFFFAOYSA-N	MDGVOXPIIICZEK
DB02966	DBWPFHJYSTVBCZ-UHFFFAOYSA-N	DBWPFHJYSTVBCZ
DB02967	HDFGOPSGAURCEO-UHFFFAOYSA-N	HDFGOPSGAURCEO
DB02968	USNINKBPBVKHHZ-UHFFFAOYSA-L	USNINKBPBVKHHZ
DB02969	BKAWJIRCKVUVED-UHFFFAOYSA-N	BKAWJIRCKVUVED
DB02970	WKURVXXDGMYSDP-UHFFFAOYSA-N	WKURVXXDGMYSDP
DB02972	IOLQWLOHKZENDW-UHFFFAOYSA-N	IOLQWLOHKZENDW
DB02973	BWTHJLODYBOEIY-UHFFFAOYSA-N	BWTHJLODYBOEIY
DB02974	DVKIFCXVRCGAEE-UHFFFAOYSA-N	DVKIFCXVRCGAEE
DB02975	JMDULECOHIXMNX-UHFFFAOYSA-N	JMDULECOHIXMNX
DB02976	NGTCPFGWXMBZEP-UHFFFAOYSA-N	NGTCPFGWXMBZEP
DB02977	WVFJFYADATXBBE-UHFFFAOYSA-N	WVFJFYADATXBBE
DB02979	IOKDMHHZKWLWKO-UHFFFAOYSA-N	IOKDMHHZKWLWKO
DB02980	KMPXQZWMYQHTNT-UHFFFAOYSA-N	KMPXQZWMYQHTNT
DB02981	NHVFCSUYJRWFNW-UHFFFAOYSA-N	NHVFCSUYJRWFNW
DB02983	KQAOIKIZSJJTII-UHFFFAOYSA-N	KQAOIKIZSJJTII
DB02984	FUSDVOSGGMBSMK-UHFFFAOYSA-N	FUSDVOSGGMBSMK
DB02985	SXGFECRAKVVEJT-UHFFFAOYSA-N	SXGFECRAKVVEJT
DB02986	STOTVDLYLKWVJB-UHFFFAOYSA-N	STOTVDLYLKWVJB
DB02987	VFKYKPOTSJWPIU-UHFFFAOYSA-N	VFKYKPOTSJWPIU
DB02988	LKYWXXAVLLVJAS-UHFFFAOYSA-N	LKYWXXAVLLVJAS
DB02989	RTSLVPMQUZXPBZ-UHFFFAOYSA-N	RTSLVPMQUZXPBZ
DB02990	GDVZALUOXPTSHD-UHFFFAOYSA-N	GDVZALUOXPTSHD
DB02991	LCMOXIFARISMOH-UHFFFAOYSA-N	LCMOXIFARISMOH
DB02992	YAEYOLVKVWEHNB-UHFFFAOYSA-N	YAEYOLVKVWEHNB
DB02994	OGGXGZAMXPVRFZ-UHFFFAOYSA-N	OGGXGZAMXPVRFZ
DB02995	PAFZNILMFXTMIY-UHFFFAOYSA-O	PAFZNILMFXTMIY
DB02996	GCTDRFXPPSVRRP-UHFFFAOYSA-N	GCTDRFXPPSVRRP
DB02998	CCCIJQPRIXGQOE-UHFFFAOYSA-N	CCCIJQPRIXGQOE
DB02999	ASNFTDCKZKHJSW-UHFFFAOYSA-N	ASNFTDCKZKHJSW
DB03000	MJZYTEBKXLVLMY-UHFFFAOYSA-N	MJZYTEBKXLVLMY
DB03003	QGWRMTHFAZVWAM-UHFFFAOYSA-N	QGWRMTHFAZVWAM
DB03005	ISUOMOOYAOQQPZ-UHFFFAOYSA-O	ISUOMOOYAOQQPZ
DB03006	XKNKHVGWJDPIRJ-UHFFFAOYSA-N	XKNKHVGWJDPIRJ
DB03008	MGHYRMVVRYCAON-UHFFFAOYSA-N	MGHYRMVVRYCAON
DB03009	UDBHGUOSOKOIAX-UHFFFAOYSA-N	UDBHGUOSOKOIAX
DB03010	QXRSDHAAWVKZLJ-UHFFFAOYSA-N	QXRSDHAAWVKZLJ
DB03011	RPDDEEQJNPPYRG-UHFFFAOYSA-N	RPDDEEQJNPPYRG
DB03012	PHGMHLLGXKQIDY-UHFFFAOYSA-N	PHGMHLLGXKQIDY
DB03013	CDOJPCSDOXYJJF-UHFFFAOYSA-N	CDOJPCSDOXYJJF
DB03015	WGRXVKRHIMUTPD-UHFFFAOYSA-O	WGRXVKRHIMUTPD
DB03016	FQCDQFDJHSXQKY-UHFFFAOYSA-N	FQCDQFDJHSXQKY
DB03017	POULHZVOKOAJMA-UHFFFAOYSA-N	POULHZVOKOAJMA
DB03018	DOLQYFPDPKPQSS-UHFFFAOYSA-N	DOLQYFPDPKPQSS
DB03019	PAPYICJQRHSQGK-UHFFFAOYSA-N	PAPYICJQRHSQGK
DB03020	UINNILASBHZOTM-UHFFFAOYSA-N	UINNILASBHZOTM
DB03021	DIOFXPZEAVIPDB-UHFFFAOYSA-N	DIOFXPZEAVIPDB
DB03022	KPHFGOGGKPGLTM-UHFFFAOYSA-N	KPHFGOGGKPGLTM
DB03023	FRWKQRUEZCKNAN-UHFFFAOYSA-O	FRWKQRUEZCKNAN
DB03024	KFMAJVLZSDMFBV-UHFFFAOYSA-N	KFMAJVLZSDMFBV
DB03026	BAXHHWZKQZIJID-UHFFFAOYSA-N	BAXHHWZKQZIJID
DB03028	RHXSYTACTOMVLJ-UHFFFAOYSA-N	RHXSYTACTOMVLJ
DB03030	UMOFOLLUKPBVQG-UHFFFAOYSA-N	UMOFOLLUKPBVQG
DB03031	FZFMMSSQQXCBGM-UHFFFAOYSA-N	FZFMMSSQQXCBGM
DB03032	MJWCZWAVSJZQNL-UHFFFAOYSA-N	MJWCZWAVSJZQNL
DB03033	YVZWQPOTHRMEQW-UHFFFAOYSA-M	YVZWQPOTHRMEQW
DB03034	GSDSWSVVBLHKDQ-UHFFFAOYSA-N	GSDSWSVVBLHKDQ
DB03035	RIYCICFDXLNQPV-UHFFFAOYSA-N	RIYCICFDXLNQPV
DB03037	IKFRFGXQHSBCQM-UHFFFAOYSA-N	IKFRFGXQHSBCQM
DB03038	MXAFDBCLWLMXSI-UHFFFAOYSA-N	MXAFDBCLWLMXSI
DB03039	KEGUALXMKQVDIO-UHFFFAOYSA-N	KEGUALXMKQVDIO
DB03040	MGFYIUFZLHCRTH-UHFFFAOYSA-N	MGFYIUFZLHCRTH
DB03041	HDYANYHVCAPMJV-UHFFFAOYSA-N	HDYANYHVCAPMJV
DB03042	HNECGPFIYSOYHF-UHFFFAOYSA-N	HNECGPFIYSOYHF
DB03043	MXAFHQSEFHIRDF-UHFFFAOYSA-N	MXAFHQSEFHIRDF
DB03044	MVCOAUNKQVWQHZ-UHFFFAOYSA-N	MVCOAUNKQVWQHZ
DB03045	MILJVOHYMMUVQM-UHFFFAOYSA-N	MILJVOHYMMUVQM
DB03046	KQUXAFOLFXHVQN-UHFFFAOYSA-N	KQUXAFOLFXHVQN
DB03048	NQAUNZZEYKWTHM-UHFFFAOYSA-N	NQAUNZZEYKWTHM
DB03049	XCRGPPUISCEBSY-UHFFFAOYSA-N	XCRGPPUISCEBSY
DB03051	UJJLJRQIPMGXEZ-UHFFFAOYSA-N	UJJLJRQIPMGXEZ
DB03052	XQGZSYKGWHUSDH-UHFFFAOYSA-N	XQGZSYKGWHUSDH
DB03053	WKCJTSHOKDLADL-UHFFFAOYSA-M	WKCJTSHOKDLADL
DB03056	QDVBKXJMLILLLB-UHFFFAOYSA-N	QDVBKXJMLILLLB
DB03057	WSMYVTOQOOLQHP-UHFFFAOYSA-N	WSMYVTOQOOLQHP
DB03058	VYFOAVADNIHPTR-UHFFFAOYSA-N	VYFOAVADNIHPTR
DB03059	OJFDKHTZOUZBOS-UHFFFAOYSA-N	OJFDKHTZOUZBOS
DB03060	WNDJHUNKXPAREB-UHFFFAOYSA-N	WNDJHUNKXPAREB
DB03061	GFVRKPKAQHTAQK-UHFFFAOYSA-N	GFVRKPKAQHTAQK
DB03062	VZBQJKIOAOUYJL-UHFFFAOYSA-N	VZBQJKIOAOUYJL
DB03063	PJQGNNQTZMYXOB-UHFFFAOYSA-N	PJQGNNQTZMYXOB
DB03064	LXIDJQZEXUQBGG-UHFFFAOYSA-N	LXIDJQZEXUQBGG
DB03065	GFYAZUABYOOPCN-UHFFFAOYSA-N	GFYAZUABYOOPCN
DB03066	JVTAAEKCZFNVCJ-UHFFFAOYSA-N	JVTAAEKCZFNVCJ
DB03067	VFYAZSTYKPFSFL-UHFFFAOYSA-N	VFYAZSTYKPFSFL
DB03068	RPQZTTQVRYEKCR-UHFFFAOYSA-N	RPQZTTQVRYEKCR
DB03069	NWSKPSPTJOAICE-UHFFFAOYSA-N	NWSKPSPTJOAICE
DB03070	SKNBJMQZTZPCPF-UHFFFAOYSA-N	SKNBJMQZTZPCPF
DB03072	LOFDUAJQRUYHBR-UHFFFAOYSA-N	LOFDUAJQRUYHBR
DB03073	VKPLPDIMEREJJF-UHFFFAOYSA-N	VKPLPDIMEREJJF
DB03074	FMKSMYDYKXQYRV-UHFFFAOYSA-N	FMKSMYDYKXQYRV
DB03075	PELPUMGXMYVGSQ-UHFFFAOYSA-N	PELPUMGXMYVGSQ
DB03076	CGBDAHCDSVOMCF-UHFFFAOYSA-N	CGBDAHCDSVOMCF
DB03077	ZUVPNXOKAPTNLU-UHFFFAOYSA-N	ZUVPNXOKAPTNLU
DB03078	PWDTUFYQEUEVQD-UHFFFAOYSA-N	PWDTUFYQEUEVQD
DB03079	YPYFPLLZCVEYCS-UHFFFAOYSA-N	YPYFPLLZCVEYCS
DB03081	ZOXOKTJHZSUHRJ-UHFFFAOYSA-N	ZOXOKTJHZSUHRJ
DB03082	CSWQJKHBMACTGB-UHFFFAOYSA-N	CSWQJKHBMACTGB
DB03083	JBJYTZXCZDNOJW-UHFFFAOYSA-N	JBJYTZXCZDNOJW
DB03084	XCTKFTOEAKJMII-UHFFFAOYSA-N	XCTKFTOEAKJMII
DB03085	AEMRFAOFKBGASW-UHFFFAOYSA-N	AEMRFAOFKBGASW
DB03086	IQMLIGOOOFEBAH-UHFFFAOYSA-N	IQMLIGOOOFEBAH
DB03087	MHJSWOZJMPIGJQ-UHFFFAOYSA-N	MHJSWOZJMPIGJQ
DB03088	ODHCTXKNWHHXJC-UHFFFAOYSA-N	ODHCTXKNWHHXJC
DB03090	XGTNRXVUBSVMCM-UHFFFAOYSA-N	XGTNRXVUBSVMCM
DB03091	AEFLONBTGZFSGQ-UHFFFAOYSA-N	AEFLONBTGZFSGQ
DB03092	PJPGMULJEYSZBS-UHFFFAOYSA-N	PJPGMULJEYSZBS
DB03093	MWHAHELTVGJGFJ-UHFFFAOYSA-N	MWHAHELTVGJGFJ
DB03095	QEMXHQIAXOOASZ-UHFFFAOYSA-N	QEMXHQIAXOOASZ
DB03096	RWIVICVCHVMHMU-UHFFFAOYSA-N	RWIVICVCHVMHMU
DB03097	PXWFNGNWQUPGPJ-UHFFFAOYSA-N	PXWFNGNWQUPGPJ
DB03098	UOULLTHLSZQUIN-UHFFFAOYSA-M	UOULLTHLSZQUIN
DB03100	ORZRMRUXSPNQQL-UHFFFAOYSA-N	ORZRMRUXSPNQQL
DB03101	YXJDFQJKERBOBM-UHFFFAOYSA-N	YXJDFQJKERBOBM
DB03102	SNNOZMNTPOIDSI-UHFFFAOYSA-N	SNNOZMNTPOIDSI
DB03103	UJLXYODCHAELLY-UHFFFAOYSA-N	UJLXYODCHAELLY
DB03104	NKMPOVPTYDXGEC-UHFFFAOYSA-N	NKMPOVPTYDXGEC
DB03106	CDAISMWEOUEBRE-UHFFFAOYSA-N	CDAISMWEOUEBRE
DB03107	UCMIRNVEIXFBKS-UHFFFAOYSA-N	UCMIRNVEIXFBKS
DB03108	ZCZXOHUILRHRQJ-UHFFFAOYSA-N	ZCZXOHUILRHRQJ
DB03109	OVRNDRQMDRJTHS-UHFFFAOYSA-N	OVRNDRQMDRJTHS
DB03110	ISPYQTSUDJAMAB-UHFFFAOYSA-N	ISPYQTSUDJAMAB
DB03111	YMJBYRVFGYXULK-UHFFFAOYSA-N	YMJBYRVFGYXULK
DB03112	CUIOUBJXOZHWNJ-UHFFFAOYSA-N	CUIOUBJXOZHWNJ
DB03113	BNOCDEBUFVJMQI-UHFFFAOYSA-N	BNOCDEBUFVJMQI
DB03114	YBEVTZVQKMYQPM-UHFFFAOYSA-N	YBEVTZVQKMYQPM
DB03115	XXSSGBYXSKOLAM-UHFFFAOYSA-N	XXSSGBYXSKOLAM
DB03116	QUQKBSPZUVNKIF-UHFFFAOYSA-N	QUQKBSPZUVNKIF
DB03117	YLEVKEKTOJAHCY-UHFFFAOYSA-N	YLEVKEKTOJAHCY
DB03118	FIBQKRNTWLEWHF-UHFFFAOYSA-N	FIBQKRNTWLEWHF
DB03120	JOXIMZWYDAKGHI-UHFFFAOYSA-N	JOXIMZWYDAKGHI
DB03121	ZEKCBTQHDTUHRJ-UHFFFAOYSA-N	ZEKCBTQHDTUHRJ
DB03124	LBAHOXPDTNUYCX-UHFFFAOYSA-N	LBAHOXPDTNUYCX
DB03125	IEDVJHCEMCRBQM-UHFFFAOYSA-O	IEDVJHCEMCRBQM
DB03126	QPKUEBLEGWBRHC-UHFFFAOYSA-N	QPKUEBLEGWBRHC
DB03127	PXXJHWLDUBFPOL-UHFFFAOYSA-O	PXXJHWLDUBFPOL
DB03128	OIPILFWXSMYKGL-UHFFFAOYSA-N	OIPILFWXSMYKGL
DB03129	QHANCKHXGBJANE-UHFFFAOYSA-O	QHANCKHXGBJANE
DB03130	QYFGPQQSJQOGEO-UHFFFAOYSA-N	QYFGPQQSJQOGEO
DB03132	XBNHRNFODJOFRU-UHFFFAOYSA-N	XBNHRNFODJOFRU
DB03133	XIJZORUYQZBFJK-UHFFFAOYSA-N	XIJZORUYQZBFJK
DB03134	JUQLUIFNNFIIKC-UHFFFAOYSA-N	JUQLUIFNNFIIKC
DB03135	NBAIGNUEKZLOMI-UHFFFAOYSA-N	NBAIGNUEKZLOMI
DB03136	YERQOXAYAFWFEJ-UHFFFAOYSA-O	YERQOXAYAFWFEJ
DB03137	RMOYVWKKOKERSW-UHFFFAOYSA-N	RMOYVWKKOKERSW
DB03138	VLTRZXGMWDSKGL-UHFFFAOYSA-M	VLTRZXGMWDSKGL
DB03139	CMUGHZFPFWNUQT-UHFFFAOYSA-N	CMUGHZFPFWNUQT
DB03140	SIAVMDKGVRXFAX-UHFFFAOYSA-N	SIAVMDKGVRXFAX
DB03141	UYUWNNRWESUYOB-UHFFFAOYSA-N	UYUWNNRWESUYOB
DB03142	HMFHBZSHGGEWLO-UHFFFAOYSA-N	HMFHBZSHGGEWLO
DB03143	ZWRUINPWMLAQRD-UHFFFAOYSA-N	ZWRUINPWMLAQRD
DB03144	FQWRAVYMZULPNK-UHFFFAOYSA-N	FQWRAVYMZULPNK
DB03145	OCYMERZCMYJQQO-UHFFFAOYSA-N	OCYMERZCMYJQQO
DB03146	BWOKFCRJKDCTJP-UHFFFAOYSA-O	BWOKFCRJKDCTJP
DB03147	VWWQXMAJTJZDQX-UHFFFAOYSA-N	VWWQXMAJTJZDQX
DB03148	OLCWZBFDIYXLAA-UHFFFAOYSA-N	OLCWZBFDIYXLAA
DB03150	WVNRRNJFRREKAR-UHFFFAOYSA-N	WVNRRNJFRREKAR
DB03151	RWSOTUBLDIXVET-UHFFFAOYSA-M	RWSOTUBLDIXVET
DB03152	BVHPDIWLWHHJPD-UHFFFAOYSA-N	BVHPDIWLWHHJPD
DB03153	OGCXIHWGXUQTCQ-UHFFFAOYSA-N	OGCXIHWGXUQTCQ
DB03154	VHKBLEYUHBIBNR-UHFFFAOYSA-N	VHKBLEYUHBIBNR
DB03155	IFIXUMAFUNKIAA-UHFFFAOYSA-N	IFIXUMAFUNKIAA
DB03156	AEMOLEFTQBMNLQ-UHFFFAOYSA-N	AEMOLEFTQBMNLQ
DB03157	LUBOPDUYHWABFG-UHFFFAOYSA-N	LUBOPDUYHWABFG
DB03158	PELZSPZCXGTUMR-UHFFFAOYSA-N	PELZSPZCXGTUMR
DB03159	GAVRMVQHHVMXFD-UHFFFAOYSA-N	GAVRMVQHHVMXFD
DB03160	YXEXNGWPUWJMIT-UHFFFAOYSA-N	YXEXNGWPUWJMIT
DB03161	AJUADKZRQSBUAK-UHFFFAOYSA-N	AJUADKZRQSBUAK
DB03162	FVZITYNLUYJDOE-UHFFFAOYSA-N	FVZITYNLUYJDOE
DB03163	CRNXHFXAXBWIRH-UHFFFAOYSA-N	CRNXHFXAXBWIRH
DB03164	DYGBIJOMQSXREB-UHFFFAOYSA-O	DYGBIJOMQSXREB
DB03165	QGKJQRINUQGSJM-UHFFFAOYSA-N	QGKJQRINUQGSJM
DB03166	QTBSBXVTEAMEQO-UHFFFAOYSA-N	QTBSBXVTEAMEQO
DB03167	SVHOVVJFOWGYJO-UHFFFAOYSA-N	SVHOVVJFOWGYJO
DB03169	CABVTRNMFUVUDM-UHFFFAOYSA-I	CABVTRNMFUVUDM
DB03170	KDTSHFARGAKYJN-UHFFFAOYSA-N	KDTSHFARGAKYJN
DB03171	NKEZSFZOUIIZFL-UHFFFAOYSA-N	NKEZSFZOUIIZFL
DB03172	HDZZVAMISRMYHH-UHFFFAOYSA-N	HDZZVAMISRMYHH
DB03173	CFSQPEBVGUSQII-UHFFFAOYSA-N	CFSQPEBVGUSQII
DB03174	YEMKIGUKNDOZEG-UHFFFAOYSA-N	YEMKIGUKNDOZEG
DB03175	BDERNNFJNOPAEC-UHFFFAOYSA-N	BDERNNFJNOPAEC
DB03176	OZYQIQVPUZANTM-UHFFFAOYSA-N	OZYQIQVPUZANTM
DB03177	RWXZXCZBMQPOBF-UHFFFAOYSA-N	RWXZXCZBMQPOBF
DB03178	QZEROIIFJLCOOE-UHFFFAOYSA-N	QZEROIIFJLCOOE
DB03179	HJGDVDUGXUSOGA-UHFFFAOYSA-N	HJGDVDUGXUSOGA
DB03180	XSZYBMMYQCYIPC-UHFFFAOYSA-N	XSZYBMMYQCYIPC
DB03181	RXQAVKWRCZYGMV-UHFFFAOYSA-N	RXQAVKWRCZYGMV
DB03182	JYRBBNPCUSRRNJ-UHFFFAOYSA-N	JYRBBNPCUSRRNJ
DB03183	FIEYZIRYXYDMSK-UHFFFAOYSA-N	FIEYZIRYXYDMSK
DB03185	MEPCJRCEYSZBDO-UHFFFAOYSA-N	MEPCJRCEYSZBDO
DB03186	JIAJERGOUFOENU-UHFFFAOYSA-N	JIAJERGOUFOENU
DB03187	BFRWEULQQALYNZ-UHFFFAOYSA-N	BFRWEULQQALYNZ
DB03189	MDAXKAUIABOHTD-UHFFFAOYSA-N	MDAXKAUIABOHTD
DB03190	AWSYOWHJNGZJGU-UHFFFAOYSA-N	AWSYOWHJNGZJGU
DB03191	HKPCHCJYQVJLIZ-UHFFFAOYSA-N	HKPCHCJYQVJLIZ
DB03192	HIVSMYZAMUNFKZ-UHFFFAOYSA-N	HIVSMYZAMUNFKZ
DB03193	QIQXTHQIDYTFRH-UHFFFAOYSA-N	QIQXTHQIDYTFRH
DB03194	OHWCAVRRXKJCRB-UHFFFAOYSA-N	OHWCAVRRXKJCRB
DB03195	GGCAVPJXJISBOA-UHFFFAOYSA-N	GGCAVPJXJISBOA
DB03196	DUYYBTBDYZXISX-UHFFFAOYSA-N	DUYYBTBDYZXISX
DB03197	XGWIBNWDLMIPNF-UHFFFAOYSA-N	XGWIBNWDLMIPNF
DB03198	UMAYFXWVUSVOCQ-UHFFFAOYSA-N	UMAYFXWVUSVOCQ
DB03199	XSSVYBYWQBNYOH-UHFFFAOYSA-N	XSSVYBYWQBNYOH
DB03200	NICKPTPNIMHUHB-UHFFFAOYSA-N	NICKPTPNIMHUHB
DB03201	XUJNEKJLAYXESH-UHFFFAOYSA-N	XUJNEKJLAYXESH
DB03202	JWSWTHSJMGVOKE-UHFFFAOYSA-N	JWSWTHSJMGVOKE
DB03203	WWUZIQQURGPMPG-UHFFFAOYSA-N	WWUZIQQURGPMPG
DB03205	MMXZSJMASHPLLR-UHFFFAOYSA-N	MMXZSJMASHPLLR
DB03206	LXBIFEVIBLOUGU-UHFFFAOYSA-N	LXBIFEVIBLOUGU
DB03207	BNVMUDXGABBWGP-UHFFFAOYSA-N	BNVMUDXGABBWGP
DB03209	RYYCJUAHISIHTL-UHFFFAOYSA-N	RYYCJUAHISIHTL
DB03210	WXOHKMNWMKZMND-UHFFFAOYSA-N	WXOHKMNWMKZMND
DB03211	UBLMBCUBDKMVMQ-UHFFFAOYSA-N	UBLMBCUBDKMVMQ
DB03212	WZLURCXZSPTANB-UHFFFAOYSA-L	WZLURCXZSPTANB
DB03213	VVVXDHROXQUONB-UHFFFAOYSA-P	VVVXDHROXQUONB
DB03214	RQVLGLPAZTUBKX-UHFFFAOYSA-N	RQVLGLPAZTUBKX
DB03215	LIZWYFXJOOUDNV-UHFFFAOYSA-N	LIZWYFXJOOUDNV
DB03216	RQPALADHFYHEHK-UHFFFAOYSA-N	RQPALADHFYHEHK
DB03217	AXIBZLYWMBUYRV-UHFFFAOYSA-N	AXIBZLYWMBUYRV
DB03218	UQKBNLXZEGBQAF-UHFFFAOYSA-N	UQKBNLXZEGBQAF
DB03219	OQDCVONZQOVIMP-UHFFFAOYSA-N	OQDCVONZQOVIMP
DB03220	OODDZQQDDOVCFD-UHFFFAOYSA-N	OODDZQQDDOVCFD
DB03221	RMOXCYSVWCHXII-UHFFFAOYSA-N	RMOXCYSVWCHXII
DB03222	SUYVUBYJARFZHO-UHFFFAOYSA-N	SUYVUBYJARFZHO
DB03223	FOOBQHKMWYGHCE-UHFFFAOYSA-O	FOOBQHKMWYGHCE
DB03224	KKNVDMRRZWPBHA-UHFFFAOYSA-N	KKNVDMRRZWPBHA
DB03225	QIVBCDIJIAJPQS-UHFFFAOYSA-N	QIVBCDIJIAJPQS
DB03226	RHQDFWAXVIIEBN-UHFFFAOYSA-N	RHQDFWAXVIIEBN
DB03227	DAYLJWODMCOQEW-UHFFFAOYSA-O	DAYLJWODMCOQEW
DB03228	DQMALWRRERBILB-UHFFFAOYSA-N	DQMALWRRERBILB
DB03229	BKAJNAXTPSGJCU-UHFFFAOYSA-N	BKAJNAXTPSGJCU
DB03230	XAMXMSZRQHPMRX-UHFFFAOYSA-N	XAMXMSZRQHPMRX
DB03231	IXDQOBDHBWEZOH-UHFFFAOYSA-N	IXDQOBDHBWEZOH
DB03232	VUNQJPPPTJIREN-UHFFFAOYSA-N	VUNQJPPPTJIREN
DB03233	BQZMHQZNZNBJNF-UHFFFAOYSA-N	BQZMHQZNZNBJNF
DB03234	YATCZCSDJCQNAL-UHFFFAOYSA-N	YATCZCSDJCQNAL
DB03235	UEIGEWJJVQHIAX-UHFFFAOYSA-N	UEIGEWJJVQHIAX
DB03237	QUURPCHWPQNNGL-UHFFFAOYSA-L	QUURPCHWPQNNGL
DB03238	KQOIBXZRCYFZSO-UHFFFAOYSA-N	KQOIBXZRCYFZSO
DB03239	VZSQTOXQXPKQJX-UHFFFAOYSA-N	VZSQTOXQXPKQJX
DB03240	VSGUEKZRMJVQOH-UHFFFAOYSA-N	VSGUEKZRMJVQOH
DB03241	TZJGKUCHNFFHGN-UHFFFAOYSA-N	TZJGKUCHNFFHGN
DB03242	MIAKOEWBCMPCQR-UHFFFAOYSA-N	MIAKOEWBCMPCQR
DB03243	IIFVWLUQBAIPMJ-UHFFFAOYSA-O	IIFVWLUQBAIPMJ
DB03245	PXNIOQHGCSEKCC-UHFFFAOYSA-N	PXNIOQHGCSEKCC
DB03246	HMFHBZSHGGEWLO-UHFFFAOYSA-N	HMFHBZSHGGEWLO
DB03247	FVTCRASFADXXNN-UHFFFAOYSA-N	FVTCRASFADXXNN
DB03248	OETAGSCBSKODFW-UHFFFAOYSA-N	OETAGSCBSKODFW
DB03250	WGJFWQVWYRZPEP-UHFFFAOYSA-N	WGJFWQVWYRZPEP
DB03251	NQABUEUFRXDDFI-UHFFFAOYSA-N	NQABUEUFRXDDFI
DB03252	KDXKERNSBIXSRK-UHFFFAOYSA-N	KDXKERNSBIXSRK
DB03253	AUKXFNABVHIUAC-UHFFFAOYSA-N	AUKXFNABVHIUAC
DB03254	XHLKOHSAWQPOFO-UHFFFAOYSA-N	XHLKOHSAWQPOFO
DB03255	ISWSIDIOOBJBQZ-UHFFFAOYSA-N	ISWSIDIOOBJBQZ
DB03256	VVIAGPKUTFNRDU-UHFFFAOYSA-N	VVIAGPKUTFNRDU
DB03257	MUJPWSPVNZGJOW-UHFFFAOYSA-N	MUJPWSPVNZGJOW
DB03258	RGWHQCVHVJXOKC-UHFFFAOYSA-N	RGWHQCVHVJXOKC
DB03259	MCZUCSAAGDCHHN-UHFFFAOYSA-N	MCZUCSAAGDCHHN
DB03260	NAQMVNRVTILPCV-UHFFFAOYSA-N	NAQMVNRVTILPCV
DB03262	PZLYYZPXSSNGJS-UHFFFAOYSA-N	PZLYYZPXSSNGJS
DB03264	YMCXGHLSVALICC-UHFFFAOYSA-N	YMCXGHLSVALICC
DB03266	SXRSQZLOMIGNAQ-UHFFFAOYSA-N	SXRSQZLOMIGNAQ
DB03267	XFOWZKUTPKXWIE-UHFFFAOYSA-N	XFOWZKUTPKXWIE
DB03268	WKTQBTSOHBKBRW-UHFFFAOYSA-N	WKTQBTSOHBKBRW
DB03270	RVVVGGCOFWWDEL-UHFFFAOYSA-N	RVVVGGCOFWWDEL
DB03273	MIAZJCOESMXYNJ-UHFFFAOYSA-N	MIAZJCOESMXYNJ
DB03274	FDCFKLBIAIKUKB-UHFFFAOYSA-N	FDCFKLBIAIKUKB
DB03276	RHYFMOCFCFUTNH-UHFFFAOYSA-N	RHYFMOCFCFUTNH
DB03277	FYGDTMLNYKFZSV-UHFFFAOYSA-N	FYGDTMLNYKFZSV
DB03278	UNXHWFMMPAWVPI-UHFFFAOYSA-N	UNXHWFMMPAWVPI
DB03279	NLEBIOOXCVAHBD-UHFFFAOYSA-N	NLEBIOOXCVAHBD
DB03280	JCFDSPQTEMXXLO-UHFFFAOYSA-N	JCFDSPQTEMXXLO
DB03283	SHZGCJCMOBCMKK-UHFFFAOYSA-N	SHZGCJCMOBCMKK
DB03284	GQECVRZDTXJRPX-UHFFFAOYSA-N	GQECVRZDTXJRPX
DB03285	DXDRHHKMWQZJHT-UHFFFAOYSA-N	DXDRHHKMWQZJHT
DB03286	LAKOUYZWWLMCSL-UHFFFAOYSA-N	LAKOUYZWWLMCSL
DB03288	VXABTOCIIZSEPD-UHFFFAOYSA-N	VXABTOCIIZSEPD
DB03289	FZFDBYKEUGDOOP-UHFFFAOYSA-N	FZFDBYKEUGDOOP
DB03290	KJSNEFAXFLDDDR-UHFFFAOYSA-N	KJSNEFAXFLDDDR
DB03292	LBTABPSJONFLPO-UHFFFAOYSA-N	LBTABPSJONFLPO
DB03294	DFPYCCVFXMWMJM-UHFFFAOYSA-N	DFPYCCVFXMWMJM
DB03296	CILYIEBUXJIHCO-UHFFFAOYSA-N	CILYIEBUXJIHCO
DB03297	NIXKBAZVOQAHGC-UHFFFAOYSA-N	NIXKBAZVOQAHGC
DB03298	CMPQUABWPXYYSH-UHFFFAOYSA-N	CMPQUABWPXYYSH
DB03299	GQFHIYFXQQEWME-UHFFFAOYSA-N	GQFHIYFXQQEWME
DB03300	WKSPNQYEWZEMMI-UHFFFAOYSA-N	WKSPNQYEWZEMMI
DB03301	WREVCRYZAWNLRZ-UHFFFAOYSA-N	WREVCRYZAWNLRZ
DB03304	MEYMBLGOKYDGLZ-UHFFFAOYSA-N	MEYMBLGOKYDGLZ
DB03305	UYZFAUAYFLEHRC-UHFFFAOYSA-N	UYZFAUAYFLEHRC
DB03306	CGEZBCISRKFHLZ-UHFFFAOYSA-N	CGEZBCISRKFHLZ
DB03307	FVFVVRPJERUECT-UHFFFAOYSA-N	FVFVVRPJERUECT
DB03308	UJJHPFLWSVFLBE-UHFFFAOYSA-N	UJJHPFLWSVFLBE
DB03309	MKWKNSIESPFAQN-UHFFFAOYSA-N	MKWKNSIESPFAQN
DB03310	YPZRWBKMTBYPTK-UHFFFAOYSA-N	YPZRWBKMTBYPTK
DB03311	SXKBTDJJEQQEGE-UHFFFAOYSA-N	SXKBTDJJEQQEGE
DB03312	ODZBBRURCPAEIQ-UHFFFAOYSA-N	ODZBBRURCPAEIQ
DB03313	HOKIDJSKDBPKTQ-UHFFFAOYSA-N	HOKIDJSKDBPKTQ
DB03314	INPQIVHQSQUEAJ-UHFFFAOYSA-N	INPQIVHQSQUEAJ
DB03315	ZDPUTNZENXVHJC-UHFFFAOYSA-N	ZDPUTNZENXVHJC
DB03316	RYHBNJHYFVUHQT-UHFFFAOYSA-N	RYHBNJHYFVUHQT
DB03317	LLGIRFMVPMEWGZ-UHFFFAOYSA-L	LLGIRFMVPMEWGZ
DB03319	PIXJURSCCVBKRF-UHFFFAOYSA-M	PIXJURSCCVBKRF
DB03320	PECYZEOJVXMISF-UHFFFAOYSA-O	PECYZEOJVXMISF
DB03321	NKENBBIXEGPQLS-UHFFFAOYSA-N	NKENBBIXEGPQLS
DB03322	AQHHHDLHHXJYJD-UHFFFAOYSA-N	AQHHHDLHHXJYJD
DB03323	GUBGYTABKSRVRQ-UHFFFAOYSA-N	GUBGYTABKSRVRQ
DB03325	MJZAZMKENKZBAJ-UHFFFAOYSA-N	MJZAZMKENKZBAJ
DB03326	OBCJQWSXSLYWHI-UHFFFAOYSA-N	OBCJQWSXSLYWHI
DB03327	WHDCJKAOZPBUAY-UHFFFAOYSA-N	WHDCJKAOZPBUAY
DB03328	QXYJCZRRLLQGCR-UHFFFAOYSA-N	QXYJCZRRLLQGCR
DB03329	WHMDPDGBKYUEMW-UHFFFAOYSA-N	WHMDPDGBKYUEMW
DB03330	SCHAHXXLASZJCD-UHFFFAOYSA-N	SCHAHXXLASZJCD
DB03331	OARVXDFNTLYMCJ-UHFFFAOYSA-N	OARVXDFNTLYMCJ
DB03332	XAZOBOCYEGBXHD-UHFFFAOYSA-N	XAZOBOCYEGBXHD
DB03333	NXMUSVRWCFYOTJ-UHFFFAOYSA-N	NXMUSVRWCFYOTJ
DB03335	WEGOLYBUWCMMMY-UHFFFAOYSA-N	WEGOLYBUWCMMMY
DB03336	KVIVJQWOYSWCCZ-UHFFFAOYSA-N	KVIVJQWOYSWCCZ
DB03337	ZHCAYBOLUMAUQX-UHFFFAOYSA-N	ZHCAYBOLUMAUQX
DB03338	NIDYWHLDTIVRJT-UHFFFAOYSA-N	NIDYWHLDTIVRJT
DB03340	NJOTXUMMTTYQMQ-UHFFFAOYSA-N	NJOTXUMMTTYQMQ
DB03341	BBDVCGJBELWXIQ-UHFFFAOYSA-N	BBDVCGJBELWXIQ
DB03342	HIXHCUDMJUERSJ-UHFFFAOYSA-N	HIXHCUDMJUERSJ
DB03343	QFBHYOKSQPPXHZ-UHFFFAOYSA-L	QFBHYOKSQPPXHZ
DB03344	CTPQAXVNYGZUAJ-UHFFFAOYSA-N	CTPQAXVNYGZUAJ
DB03345	DGVVWUTYPXICAM-UHFFFAOYSA-N	DGVVWUTYPXICAM
DB03346	YCYDXOVJXVALHY-UHFFFAOYSA-N	YCYDXOVJXVALHY
DB03347	DQWPFSLDHJDLRL-UHFFFAOYSA-N	DQWPFSLDHJDLRL
DB03348	YYWGABLTRMRUIT-UHFFFAOYSA-N	YYWGABLTRMRUIT
DB03349	DNPIJKNXFSPNNY-UHFFFAOYSA-N	DNPIJKNXFSPNNY
DB03350	QGZKDVFQNNGYKY-UHFFFAOYSA-N	QGZKDVFQNNGYKY
DB03351	KMSATRJZEXNGDP-UHFFFAOYSA-N	KMSATRJZEXNGDP
DB03352	XSWAJYRRDHPZDP-UHFFFAOYSA-N	XSWAJYRRDHPZDP
DB03353	WWVANQJRLPIHNS-UHFFFAOYSA-N	WWVANQJRLPIHNS
DB03354	HCSFWJQLIPWUFZ-UHFFFAOYSA-N	HCSFWJQLIPWUFZ
DB03355	UPVAPSGKXAAHBG-UHFFFAOYSA-N	UPVAPSGKXAAHBG
DB03357	IWYDHOAUDWTVEP-UHFFFAOYSA-N	IWYDHOAUDWTVEP
DB03358	BUJQMJUTTBGELS-UHFFFAOYSA-N	BUJQMJUTTBGELS
DB03359	KGVDBJQLTHWAJF-UHFFFAOYSA-N	KGVDBJQLTHWAJF
DB03360	GNMSLDIYJOSUSW-UHFFFAOYSA-N	GNMSLDIYJOSUSW
DB03361	UQFVHIGKDHNMJT-UHFFFAOYSA-N	UQFVHIGKDHNMJT
DB03363	KPVQNXLUPNWQHM-UHFFFAOYSA-N	KPVQNXLUPNWQHM
DB03364	DEWDMTSMCKXBNP-UHFFFAOYSA-N	DEWDMTSMCKXBNP
DB03365	BNDYIYYKEIXHNK-UHFFFAOYSA-N	BNDYIYYKEIXHNK
DB03366	RAXXELZNTBOGNW-UHFFFAOYSA-N	RAXXELZNTBOGNW
DB03367	VMTJQZUZINLEKC-UHFFFAOYSA-N	VMTJQZUZINLEKC
DB03368	RTBMLCLTYAPKIF-UHFFFAOYSA-N	RTBMLCLTYAPKIF
DB03369	KIHQWOBUUIPWAN-UHFFFAOYSA-N	KIHQWOBUUIPWAN
DB03370	HCJYSIGJDKNVRU-UHFFFAOYSA-N	HCJYSIGJDKNVRU
DB03371	DAZJIIGIBQQBAL-UHFFFAOYSA-N	DAZJIIGIBQQBAL
DB03372	UGWLHSPOMCORRH-UHFFFAOYSA-N	UGWLHSPOMCORRH
DB03373	JABMRQOJSAZJAD-UHFFFAOYSA-O	JABMRQOJSAZJAD
DB03374	NYPYHUZRZVSYKL-UHFFFAOYSA-N	NYPYHUZRZVSYKL
DB03376	CWWYMWDIYBJVLP-UHFFFAOYSA-N	CWWYMWDIYBJVLP
DB03379	NLBSQHGCGGFVJW-UHFFFAOYSA-N	NLBSQHGCGGFVJW
DB03380	PQFMNVGMJJMLAE-UHFFFAOYSA-N	PQFMNVGMJJMLAE
DB03381	NIOYUNMRJMEDGI-UHFFFAOYSA-N	NIOYUNMRJMEDGI
DB03383	YDCGVASFVACWKF-UHFFFAOYSA-N	YDCGVASFVACWKF
DB03384	JFUIHGAGFMFNRD-UHFFFAOYSA-N	JFUIHGAGFMFNRD
DB03385	XLSZMDLNRCVEIJ-UHFFFAOYSA-N	XLSZMDLNRCVEIJ
DB03388	UKNZREOUDLFUFF-UHFFFAOYSA-N	UKNZREOUDLFUFF
DB03389	SRBFZHDQGSBBOR-UHFFFAOYSA-N	SRBFZHDQGSBBOR
DB03390	LNEZKQHJUNIZIS-UHFFFAOYSA-N	LNEZKQHJUNIZIS
DB03392	LJBUJRWZZYUNKX-UHFFFAOYSA-N	LJBUJRWZZYUNKX
DB03393	ONJZYZYZIKTIEG-UHFFFAOYSA-N	ONJZYZYZIKTIEG
DB03394	XPJRQAIZZQMSCM-UHFFFAOYSA-N	XPJRQAIZZQMSCM
DB03395	KQXVERRYBYGQJZ-UHFFFAOYSA-N	KQXVERRYBYGQJZ
DB03396	FVBBTOIQETYGOA-UHFFFAOYSA-N	FVBBTOIQETYGOA
DB03397	LFTYTUAZOPRMMI-UHFFFAOYSA-N	LFTYTUAZOPRMMI
DB03399	JEGVKBYNUPNGJU-UHFFFAOYSA-N	JEGVKBYNUPNGJU
DB03400	LDYGRLNSOKABMM-UHFFFAOYSA-N	LDYGRLNSOKABMM
DB03401	MMWCIQZXVOZEGG-UHFFFAOYSA-N	MMWCIQZXVOZEGG
DB03403	IERHLVCPSMICTF-UHFFFAOYSA-N	IERHLVCPSMICTF
DB03405	GXENQLUSOCKXDN-UHFFFAOYSA-N	GXENQLUSOCKXDN
DB03408	RITKHVBHSGLULN-UHFFFAOYSA-N	RITKHVBHSGLULN
DB03410	VXIXUWQIVKSKSA-UHFFFAOYSA-N	VXIXUWQIVKSKSA
DB03411	OQEBIHBLFRADNM-UHFFFAOYSA-N	OQEBIHBLFRADNM
DB03412	OLUWXTFAPJJWPL-UHFFFAOYSA-N	OLUWXTFAPJJWPL
DB03413	QHWZTVCCBMIIKE-UHFFFAOYSA-N	QHWZTVCCBMIIKE
DB03414	FGVRMLQUWLZGLJ-UHFFFAOYSA-N	FGVRMLQUWLZGLJ
DB03415	JMFXDZKFFYUOAN-UHFFFAOYSA-N	JMFXDZKFFYUOAN
DB03416	HZSAJDVWZRBGIF-UHFFFAOYSA-N	HZSAJDVWZRBGIF
DB03417	BVNQCAHTTOIOEK-UHFFFAOYSA-N	BVNQCAHTTOIOEK
DB03419	ISAKRJDGNUQOIC-UHFFFAOYSA-N	ISAKRJDGNUQOIC
DB03420	DAAUVSVERFXBSX-UHFFFAOYSA-N	DAAUVSVERFXBSX
DB03421	JSSVIGGKHIJEHO-UHFFFAOYSA-N	JSSVIGGKHIJEHO
DB03423	UVSMMLABJBJNGH-UHFFFAOYSA-N	UVSMMLABJBJNGH
DB03424	VGGGPCQERPFHOB-UHFFFAOYSA-N	VGGGPCQERPFHOB
DB03425	KRKRAOXTGDJWNI-UHFFFAOYSA-M	KRKRAOXTGDJWNI
DB03428	QNUKRWAIZMBVCU-UHFFFAOYSA-N	QNUKRWAIZMBVCU
DB03429	XVTUQDWPJJBEHJ-UHFFFAOYSA-N	XVTUQDWPJJBEHJ
DB03430	HOOOPXDSCKBLFG-UHFFFAOYSA-N	HOOOPXDSCKBLFG
DB03433	JMZWWHLIKAYMPJ-UHFFFAOYSA-N	JMZWWHLIKAYMPJ
DB03434	DVLFYONBTKHTER-UHFFFAOYSA-N	DVLFYONBTKHTER
DB03435	XCCTYIAWTASOJW-UHFFFAOYSA-N	XCCTYIAWTASOJW
DB03436	BEDMDXBTNSVNGS-UHFFFAOYSA-N	BEDMDXBTNSVNGS
DB03437	YVNKGXXVZIQNIV-UHFFFAOYSA-N	YVNKGXXVZIQNIV
DB03439	RJKBJEZZABBYBA-UHFFFAOYSA-N	RJKBJEZZABBYBA
DB03440	KVTFEOAKFFQCCX-UHFFFAOYSA-N	KVTFEOAKFFQCCX
DB03441	CRYXPGIJLMKFPX-UHFFFAOYSA-N	CRYXPGIJLMKFPX
DB03442	CKYHLFDDWMUMHB-UHFFFAOYSA-N	CKYHLFDDWMUMHB
DB03443	KPFVQNHNXWXNJJ-UHFFFAOYSA-N	KPFVQNHNXWXNJJ
DB03444	SAQUSDSPQYQNBG-UHFFFAOYSA-N	SAQUSDSPQYQNBG
DB03445	YGFMROFTTCPCKY-UHFFFAOYSA-M	YGFMROFTTCPCKY
DB03446	FSMWGHKWKYCPKE-UHFFFAOYSA-N	FSMWGHKWKYCPKE
DB03447	QARCCHXXGAIRFS-UHFFFAOYSA-N	QARCCHXXGAIRFS
DB03448	LXKGKXYIAAKOCT-UHFFFAOYSA-N	LXKGKXYIAAKOCT
DB03449	ZZVGLDBDDYESAB-UHFFFAOYSA-N	ZZVGLDBDDYESAB
DB03450	UUWFGEKEQSCSMB-UHFFFAOYSA-N	UUWFGEKEQSCSMB
DB03451	KLZOTDOJMRMLDX-UHFFFAOYSA-N	KLZOTDOJMRMLDX
DB03452	RTXZCZFAAYFFKF-UHFFFAOYSA-N	RTXZCZFAAYFFKF
DB03453	MRNGXYMKYHNMLV-UHFFFAOYSA-N	MRNGXYMKYHNMLV
DB03454	PGSWEKYNAOWQDF-UHFFFAOYSA-N	PGSWEKYNAOWQDF
DB03455	FJAWIBGKKKXXAL-UHFFFAOYSA-N	FJAWIBGKKKXXAL
DB03456	IMTUSTXBVIALBC-UHFFFAOYSA-N	IMTUSTXBVIALBC
DB03459	ZZKNRXZVGOYGJT-UHFFFAOYSA-N	ZZKNRXZVGOYGJT
DB03460	SZCBXWMUOPQSOX-UHFFFAOYSA-N	SZCBXWMUOPQSOX
DB03461	XJLXINKUBYWONI-UHFFFAOYSA-N	XJLXINKUBYWONI
DB03462	RWQNBRDOKXIBIV-UHFFFAOYSA-N	RWQNBRDOKXIBIV
DB03464	PBAHXXBYQACZMA-UHFFFAOYSA-N	PBAHXXBYQACZMA
DB03466	AYAJZQYENGWICE-UHFFFAOYSA-N	AYAJZQYENGWICE
DB03467	FTVWIRXFELQLPI-UHFFFAOYSA-N	FTVWIRXFELQLPI
DB03468	UGLLZXSYRBMNOS-UHFFFAOYSA-N	UGLLZXSYRBMNOS
DB03469	VSKYKNOCWMSSGX-UHFFFAOYSA-J	VSKYKNOCWMSSGX
DB03470	PHDOXVGRXXAYEB-UHFFFAOYSA-N	PHDOXVGRXXAYEB
DB03471	SMNHQYPORNSAQH-UHFFFAOYSA-N	SMNHQYPORNSAQH
DB03472	WUCWJXGMSXTDAV-UHFFFAOYSA-N	WUCWJXGMSXTDAV
DB03473	ONXPDKGXOOORHB-UHFFFAOYSA-N	ONXPDKGXOOORHB
DB03475	BNIJJJRESBVRNB-UHFFFAOYSA-N	BNIJJJRESBVRNB
DB03476	NQRIWXVAIWPBEM-UHFFFAOYSA-N	NQRIWXVAIWPBEM
DB03477	OYZKFVIVPRQRQQ-UHFFFAOYSA-N	OYZKFVIVPRQRQQ
DB03478	BFNOPXRXIQJDHO-UHFFFAOYSA-N	BFNOPXRXIQJDHO
DB03479	RIUIMUSXAGXXON-UHFFFAOYSA-N	RIUIMUSXAGXXON
DB03480	WYKKHJQZENLZID-UHFFFAOYSA-N	WYKKHJQZENLZID
DB03481	GBMIGEWJAPFSQI-UHFFFAOYSA-N	GBMIGEWJAPFSQI
DB03482	UXOZEHHQWXVTPI-UHFFFAOYSA-N	UXOZEHHQWXVTPI
DB03483	UJIWNECQGQOIKP-UHFFFAOYSA-N	UJIWNECQGQOIKP
DB03484	JZNWSCPGTDBMEW-UHFFFAOYSA-N	JZNWSCPGTDBMEW
DB03485	SHZGCJCMOBCMKK-UHFFFAOYSA-N	SHZGCJCMOBCMKK
DB03486	OCJWYBKRHNXUME-UHFFFAOYSA-N	OCJWYBKRHNXUME
DB03487	YDNMHDRXNOHCJH-UHFFFAOYSA-N	YDNMHDRXNOHCJH
DB03488	NGTCPFGWXMBZEP-UHFFFAOYSA-N	NGTCPFGWXMBZEP
DB03489	WPAMZTWLKIDIOP-UHFFFAOYSA-N	WPAMZTWLKIDIOP
DB03490	NHOACLCXCKJMAK-UHFFFAOYSA-N	NHOACLCXCKJMAK
DB03491	CIKGWCTVFSRMJU-UHFFFAOYSA-N	CIKGWCTVFSRMJU
DB03492	ROFVEXUMMXZLPA-UHFFFAOYSA-N	ROFVEXUMMXZLPA
DB03493	OGHAROSJZRTIOK-UHFFFAOYSA-O	OGHAROSJZRTIOK
DB03495	FZLCJZILHGFQLM-UHFFFAOYSA-N	FZLCJZILHGFQLM
DB03496	BIIVYFLTOXDAOV-UHFFFAOYSA-N	BIIVYFLTOXDAOV
DB03498	MJZCELCYTRONIX-UHFFFAOYSA-L	MJZCELCYTRONIX
DB03499	BJEPYKJPYRNKOW-UHFFFAOYSA-N	BJEPYKJPYRNKOW
DB03500	XEZVDURJDFGERA-UHFFFAOYSA-N	XEZVDURJDFGERA
DB03501	HSCJRCZFDFQWRP-UHFFFAOYSA-N	HSCJRCZFDFQWRP
DB03502	ZGWOKDWPXPPFGS-UHFFFAOYSA-N	ZGWOKDWPXPPFGS
DB03503	QPJWMZVTNXFTKV-UHFFFAOYSA-N	QPJWMZVTNXFTKV
DB03504	IVPCTHKPOPQMSX-UHFFFAOYSA-N	IVPCTHKPOPQMSX
DB03505	YCRCNZBZUQLULA-UHFFFAOYSA-N	YCRCNZBZUQLULA
DB03506	YRVFQPBPZCRUDX-UHFFFAOYSA-N	YRVFQPBPZCRUDX
DB03507	UXGUZFZBZPPZGL-UHFFFAOYSA-N	UXGUZFZBZPPZGL
DB03509	FLYGLPYJEQPCFY-UHFFFAOYSA-N	FLYGLPYJEQPCFY
DB03510	RXRZOKQPANIEDW-UHFFFAOYSA-N	RXRZOKQPANIEDW
DB03512	DRTQHJPVMGBUCF-UHFFFAOYSA-N	DRTQHJPVMGBUCF
DB03513	RKIAGDNYTCWCNV-UHFFFAOYSA-N	RKIAGDNYTCWCNV
DB03515	PDRGHUMCVRDZLQ-UHFFFAOYSA-N	PDRGHUMCVRDZLQ
DB03516	JOZGNYDSEBIJDH-UHFFFAOYSA-N	JOZGNYDSEBIJDH
DB03517	HGTBAIVLETUVCG-UHFFFAOYSA-M	HGTBAIVLETUVCG
DB03518	KJTLQQUUPVSXIM-UHFFFAOYSA-N	KJTLQQUUPVSXIM
DB03522	VYJCBTPDYBSANG-UHFFFAOYSA-N	VYJCBTPDYBSANG
DB03523	PHEZJEYUWHETKO-UHFFFAOYSA-N	PHEZJEYUWHETKO
DB03524	ZIXIINLBMSXOQV-UHFFFAOYSA-N	ZIXIINLBMSXOQV
DB03525	NSJSAHCLJYVEDM-UHFFFAOYSA-N	NSJSAHCLJYVEDM
DB03526	LRRAIRJIZOLGPR-UHFFFAOYSA-N	LRRAIRJIZOLGPR
DB03528	OIRDTQYFTABQOQ-UHFFFAOYSA-N	OIRDTQYFTABQOQ
DB03530	VEHPZKIFULQYFS-UHFFFAOYSA-N	VEHPZKIFULQYFS
DB03531	NQOFHJRBABCNHU-UHFFFAOYSA-N	NQOFHJRBABCNHU
DB03532	GXTIEXDFEKYVGY-UHFFFAOYSA-N	GXTIEXDFEKYVGY
DB03533	VPVSTMAPERLKKM-UHFFFAOYSA-N	VPVSTMAPERLKKM
DB03534	AWTBJNJPBKTHEV-UHFFFAOYSA-N	AWTBJNJPBKTHEV
DB03535	ORZXYSPOAVJYRU-UHFFFAOYSA-N	ORZXYSPOAVJYRU
DB03536	FAAPWXRBXXSQNJ-UHFFFAOYSA-N	FAAPWXRBXXSQNJ
DB03539	YJMIXNAZGREWGZ-UHFFFAOYSA-N	YJMIXNAZGREWGZ
DB03540	KPMKEVXVVHNIEY-UHFFFAOYSA-N	KPMKEVXVVHNIEY
DB03541	LTKHPMDRMUCUEB-UHFFFAOYSA-N	LTKHPMDRMUCUEB
DB03542	INAPMGSXUVUWAF-UHFFFAOYSA-L	INAPMGSXUVUWAF
DB03543	AULMJMUNCOBRHC-UHFFFAOYSA-N	AULMJMUNCOBRHC
DB03544	MNEMQJJMDDZXRO-UHFFFAOYSA-N	MNEMQJJMDDZXRO
DB03546	KOLDLUFBEMUZIM-UHFFFAOYSA-N	KOLDLUFBEMUZIM
DB03548	NNLZBVFSCVTSLA-UHFFFAOYSA-N	NNLZBVFSCVTSLA
DB03549	PORZMUYPQKOFQY-UHFFFAOYSA-N	PORZMUYPQKOFQY
DB03551	WFVGWLHAOKEIOJ-UHFFFAOYSA-O	WFVGWLHAOKEIOJ
DB03552	JZKXXXDKRQWDET-UHFFFAOYSA-N	JZKXXXDKRQWDET
DB03553	JFCQEDHGNNZCLN-UHFFFAOYSA-N	JFCQEDHGNNZCLN
DB03554	KSNXJLQDQOIRIP-UHFFFAOYSA-N	KSNXJLQDQOIRIP
DB03555	CMCDWLMEDRBWIR-UHFFFAOYSA-N	CMCDWLMEDRBWIR
DB03556	CUDPPTPIUWYGFI-UHFFFAOYSA-N	CUDPPTPIUWYGFI
DB03557	JNKZDIBIDJQPGC-UHFFFAOYSA-N	JNKZDIBIDJQPGC
DB03558	SRAHBOKVSSZEHQ-UHFFFAOYSA-N	SRAHBOKVSSZEHQ
DB03559	SWGXDLRCJNEEGZ-UHFFFAOYSA-N	SWGXDLRCJNEEGZ
DB03560	RGHHSNMVTDWUBI-UHFFFAOYSA-N	RGHHSNMVTDWUBI
DB03562	XMJRLEURHMTTRX-UHFFFAOYSA-N	XMJRLEURHMTTRX
DB03564	SVTBMSDMJJWYQN-UHFFFAOYSA-N	SVTBMSDMJJWYQN
DB03565	RCCNUBYROFOKAU-UHFFFAOYSA-N	RCCNUBYROFOKAU
DB03566	ATHGHQPFGPMSJY-UHFFFAOYSA-N	ATHGHQPFGPMSJY
DB03568	FERIUCNNQQJTOY-UHFFFAOYSA-N	FERIUCNNQQJTOY
DB03569	BPCLKHIDDIVGBM-UHFFFAOYSA-N	BPCLKHIDDIVGBM
DB03570	DRDCQJADRSJFFD-UHFFFAOYSA-N	DRDCQJADRSJFFD
DB03571	JMQTXEWNXSPEKX-UHFFFAOYSA-N	JMQTXEWNXSPEKX
DB03572	URGFTPMACWKJKU-UHFFFAOYSA-N	URGFTPMACWKJKU
DB03573	KVZMXOVSHIMGNA-UHFFFAOYSA-N	KVZMXOVSHIMGNA
DB03574	NXKOXAXXXVPDJR-UHFFFAOYSA-Q	NXKOXAXXXVPDJR
DB03575	JTJMJGYZQZDUJJ-UHFFFAOYSA-N	JTJMJGYZQZDUJJ
DB03576	IZWQBQLGLAKRMN-UHFFFAOYSA-N	IZWQBQLGLAKRMN
DB03577	SLMGIUOAZCYKPE-UHFFFAOYSA-N	SLMGIUOAZCYKPE
DB03581	VFRROHXSMXFLSN-UHFFFAOYSA-N	VFRROHXSMXFLSN
DB03582	VWXQFHJBQHTHMK-UHFFFAOYSA-N	VWXQFHJBQHTHMK
DB03583	CGPHAOKPHOVKMZ-UHFFFAOYSA-N	CGPHAOKPHOVKMZ
DB03584	KGSURTOFVLAWDC-UHFFFAOYSA-N	KGSURTOFVLAWDC
DB03585	HFHZKZSRXITVMK-UHFFFAOYSA-N	HFHZKZSRXITVMK
DB03586	CSWSGZBYLQUXQI-UHFFFAOYSA-N	CSWSGZBYLQUXQI
DB03587	AIJULSRZWUXGPQ-UHFFFAOYSA-N	AIJULSRZWUXGPQ
DB03588	PYHXGXCGESYPCW-UHFFFAOYSA-N	PYHXGXCGESYPCW
DB03589	XEEVLJKYYUVTRC-UHFFFAOYSA-N	XEEVLJKYYUVTRC
DB03590	GMKMEZVLHJARHF-UHFFFAOYSA-N	GMKMEZVLHJARHF
DB03591	LVZDQVATAQEMCX-UHFFFAOYSA-N	LVZDQVATAQEMCX
DB03592	AJXFJEHKGGCFNM-UHFFFAOYSA-N	AJXFJEHKGGCFNM
DB03593	AOKQNZVJJXPUQA-UHFFFAOYSA-O	AOKQNZVJJXPUQA
DB03594	NSPMIYGKQJPBQR-UHFFFAOYSA-N	NSPMIYGKQJPBQR
DB03595	PJUALJXOBAXGBO-UHFFFAOYSA-N	PJUALJXOBAXGBO
DB03596	FSRPBGBMEKDSIJ-UHFFFAOYSA-N	FSRPBGBMEKDSIJ
DB03597	QFYJAEOZTBVJQM-UHFFFAOYSA-N	QFYJAEOZTBVJQM
DB03598	XSUAVPPTKHUTDX-UHFFFAOYSA-N	XSUAVPPTKHUTDX
DB03600	GHVNFZFCNZKVNT-UHFFFAOYSA-N	GHVNFZFCNZKVNT
DB03601	FURUXTVZLHCCNA-UHFFFAOYSA-N	FURUXTVZLHCCNA
DB03602	XYJWEQWNNKNSFU-UHFFFAOYSA-N	XYJWEQWNNKNSFU
DB03603	DSLZVSRJTYRBFB-UHFFFAOYSA-N	DSLZVSRJTYRBFB
DB03604	UOWZUVNAGUAEQC-UHFFFAOYSA-N	UOWZUVNAGUAEQC
DB03605	LAJJKGIZTCCOHY-UHFFFAOYSA-N	LAJJKGIZTCCOHY
DB03606	HJORMJIFDVBMOB-UHFFFAOYSA-N	HJORMJIFDVBMOB
DB03607	RJXOEUFRQATKAB-UHFFFAOYSA-N	RJXOEUFRQATKAB
DB03608	XNYZHCFCZNMTFY-UHFFFAOYSA-N	XNYZHCFCZNMTFY
DB03609	OROIAVZITJBGSM-UHFFFAOYSA-N	OROIAVZITJBGSM
DB03611	HLOPMQJRUIOMJO-UHFFFAOYSA-N	HLOPMQJRUIOMJO
DB03612	QHHKKMYHDBRONY-UHFFFAOYSA-N	QHHKKMYHDBRONY
DB03613	ZQLMPRRTUJBILA-UHFFFAOYSA-N	ZQLMPRRTUJBILA
DB03614	RHYVGCKRBKDRDX-UHFFFAOYSA-L	RHYVGCKRBKDRDX
DB03615	NSKGQURZWSPSBC-UHFFFAOYSA-N	NSKGQURZWSPSBC
DB03616	XYKNXOJYKRVXBX-UHFFFAOYSA-N	XYKNXOJYKRVXBX
DB03619	KXGVEGMKQFWNSR-UHFFFAOYSA-N	KXGVEGMKQFWNSR
DB03621	APSPCHLQXFEUHG-UHFFFAOYSA-N	APSPCHLQXFEUHG
DB03622	IPBPOBHSNJFRFT-UHFFFAOYSA-N	IPBPOBHSNJFRFT
DB03623	IUSSGTWHFMSCOY-UHFFFAOYSA-N	IUSSGTWHFMSCOY
DB03624	OQNJZSIPDMTUAJ-UHFFFAOYSA-N	OQNJZSIPDMTUAJ
DB03626	JRPJCFILHCLEJI-UHFFFAOYSA-N	JRPJCFILHCLEJI
DB03627	ORILYTVJVMAKLC-UHFFFAOYSA-N	ORILYTVJVMAKLC
DB03628	KGNSYMGWPCEFDZ-UHFFFAOYSA-N	KGNSYMGWPCEFDZ
DB03629	BBWRYPTUKZTWFD-UHFFFAOYSA-N	BBWRYPTUKZTWFD
DB03631	HSCIFWNGOBZBGU-UHFFFAOYSA-N	HSCIFWNGOBZBGU
DB03632	UHBHXSDKGLPPGO-UHFFFAOYSA-N	UHBHXSDKGLPPGO
DB03633	XKBJVQHMEXMFDZ-UHFFFAOYSA-O	XKBJVQHMEXMFDZ
DB03635	CCIVGXIOQKPBKL-UHFFFAOYSA-N	CCIVGXIOQKPBKL
DB03636	BEBCJVAWIBVWNZ-UHFFFAOYSA-N	BEBCJVAWIBVWNZ
DB03637	JDXXTKLHHZMVIO-UHFFFAOYSA-O	JDXXTKLHHZMVIO
DB03639	SKGAVCHIFDRDTK-UHFFFAOYSA-N	SKGAVCHIFDRDTK
DB03640	YYLQUHNPNCGKJQ-UHFFFAOYSA-N	YYLQUHNPNCGKJQ
DB03641	COFNIXBQVWFHTR-UHFFFAOYSA-N	COFNIXBQVWFHTR
DB03642	VBPPNJCVXGAZDD-UHFFFAOYSA-N	VBPPNJCVXGAZDD
DB03643	URJKRCBBKTXOHS-UHFFFAOYSA-N	URJKRCBBKTXOHS
DB03644	WJXSWCUQABXPFS-UHFFFAOYSA-N	WJXSWCUQABXPFS
DB03645	LDKRAXXVBWHMRH-UHFFFAOYSA-N	LDKRAXXVBWHMRH
DB03647	LRHXIDOGMBZJFN-UHFFFAOYSA-N	LRHXIDOGMBZJFN
DB03648	YFMXWONORHSZEM-UHFFFAOYSA-N	YFMXWONORHSZEM
DB03649	BNMYZGAZFGNKTH-UHFFFAOYSA-N	BNMYZGAZFGNKTH
DB03650	ZJASRZFZRYISET-UHFFFAOYSA-N	ZJASRZFZRYISET
DB03651	OXNIZHLAWKMVMX-UHFFFAOYSA-N	OXNIZHLAWKMVMX
DB03652	AEMOLEFTQBMNLQ-UHFFFAOYSA-N	AEMOLEFTQBMNLQ
DB03654	JOUZYBMKOXDVCY-UHFFFAOYSA-N	JOUZYBMKOXDVCY
DB03657	IZZJOGWXTFEDLL-UHFFFAOYSA-N	IZZJOGWXTFEDLL
DB03658	SMLJDSWXGVMNTH-UHFFFAOYSA-N	SMLJDSWXGVMNTH
DB03659	HQABUPZFAYXKJW-UHFFFAOYSA-N	HQABUPZFAYXKJW
DB03660	PZNQZSRPDOEBMS-UHFFFAOYSA-N	PZNQZSRPDOEBMS
DB03661	XVOYSCVBGLVSOL-UHFFFAOYSA-N	XVOYSCVBGLVSOL
DB03662	YYAMSLLSQINIQO-UHFFFAOYSA-N	YYAMSLLSQINIQO
DB03663	BEXUQVHWMLPYKY-UHFFFAOYSA-N	BEXUQVHWMLPYKY
DB03664	CPTLFMDLEWCNMJ-UHFFFAOYSA-N	CPTLFMDLEWCNMJ
DB03666	OIFWQOKDSPDILA-UHFFFAOYSA-N	OIFWQOKDSPDILA
DB03667	PCFWLDHLJWUGSU-UHFFFAOYSA-N	PCFWLDHLJWUGSU
DB03668	AODYJUNLDJOADV-UHFFFAOYSA-N	AODYJUNLDJOADV
DB03669	MWUVGXCUHWKQJE-UHFFFAOYSA-N	MWUVGXCUHWKQJE
DB03670	ZIBMATWHOAGNTR-UHFFFAOYSA-N	ZIBMATWHOAGNTR
DB03672	JYJAEHAURXXPSD-UHFFFAOYSA-N	JYJAEHAURXXPSD
DB03673	WTOFYLAWDLQMBZ-UHFFFAOYSA-N	WTOFYLAWDLQMBZ
DB03676	HBKZDQYWGRUTJX-UHFFFAOYSA-N	HBKZDQYWGRUTJX
DB03677	LPXYBLIRYGCMPQ-UHFFFAOYSA-N	LPXYBLIRYGCMPQ
DB03678	WVGZKPGUHOZIJQ-UHFFFAOYSA-N	WVGZKPGUHOZIJQ
DB03679	VAUYGGXCASQWHK-UHFFFAOYSA-N	VAUYGGXCASQWHK
DB03680	ROBFUDYVXSDBQM-UHFFFAOYSA-L	ROBFUDYVXSDBQM
DB03682	HBBGSNOHAGNQRQ-UHFFFAOYSA-N	HBBGSNOHAGNQRQ
DB03683	LFMOJNDZFCHHPV-UHFFFAOYSA-N	LFMOJNDZFCHHPV
DB03685	DJJCXFVJDGTHFX-UHFFFAOYSA-N	DJJCXFVJDGTHFX
DB03686	OAWORKDPTSAMBZ-UHFFFAOYSA-N	OAWORKDPTSAMBZ
DB03687	YFAUKWZNPVBCFF-UHFFFAOYSA-N	YFAUKWZNPVBCFF
DB03688	ALRHLSYJTWAHJZ-UHFFFAOYSA-N	ALRHLSYJTWAHJZ
DB03690	SNKAWJBJQDLSFF-UHFFFAOYSA-O	SNKAWJBJQDLSFF
DB03691	KVZMXOVSHIMGNA-UHFFFAOYSA-N	KVZMXOVSHIMGNA
DB03692	NKAIXQDVYXAWPS-UHFFFAOYSA-N	NKAIXQDVYXAWPS
DB03693	OGKYMFFYOWUTKV-UHFFFAOYSA-N	OGKYMFFYOWUTKV
DB03694	FULZLIGZKMKICU-UHFFFAOYSA-N	FULZLIGZKMKICU
DB03695	VJXSSYDSOJBUAV-UHFFFAOYSA-N	VJXSSYDSOJBUAV
DB03696	CAHGCLMLTWQZNJ-UHFFFAOYSA-N	CAHGCLMLTWQZNJ
DB03697	ZDYFRIZTYRFPJC-UHFFFAOYSA-N	ZDYFRIZTYRFPJC
DB03698	IJSMUHMCIYOVMM-UHFFFAOYSA-O	IJSMUHMCIYOVMM
DB03699	VNOYUJKHFWYWIR-UHFFFAOYSA-N	VNOYUJKHFWYWIR
DB03700	AYFVYJQAPQTCCC-UHFFFAOYSA-N	AYFVYJQAPQTCCC
DB03701	NAUWTFJOPJWYOT-UHFFFAOYSA-N	NAUWTFJOPJWYOT
DB03702	MRTSIBBMOWLRPY-UHFFFAOYSA-N	MRTSIBBMOWLRPY
DB03703	HPXRVTGHNJAIIH-UHFFFAOYSA-N	HPXRVTGHNJAIIH
DB03704	ZDHCZVWCTKTBRY-UHFFFAOYSA-N	ZDHCZVWCTKTBRY
DB03705	NMCMUSAXKISTKW-UHFFFAOYSA-N	NMCMUSAXKISTKW
DB03706	YWXHXYSGHBAIBL-UHFFFAOYSA-N	YWXHXYSGHBAIBL
DB03707	LAXNJIWNBHHMDO-UHFFFAOYSA-N	LAXNJIWNBHHMDO
DB03708	IRLPACMLTUPBCL-UHFFFAOYSA-N	IRLPACMLTUPBCL
DB03709	FSVCELGFZIQNCK-UHFFFAOYSA-N	FSVCELGFZIQNCK
DB03710	KRILJVOCVSUPMA-UHFFFAOYSA-O	KRILJVOCVSUPMA
DB03711	FGPMBONEKHYAHO-UHFFFAOYSA-N	FGPMBONEKHYAHO
DB03712	CEKLBQMULVLLTD-UHFFFAOYSA-N	CEKLBQMULVLLTD
DB03714	OWWCIKSGGKYNHT-UHFFFAOYSA-N	OWWCIKSGGKYNHT
DB03716	QPVLKMICBYRPSX-UHFFFAOYSA-N	QPVLKMICBYRPSX
DB03717	BHZMHPRIYUPDCT-UHFFFAOYSA-N	BHZMHPRIYUPDCT
DB03719	JADDQZYHOWSFJD-UHFFFAOYSA-N	JADDQZYHOWSFJD
DB03721	SQVRNKJHWKZAKO-UHFFFAOYSA-N	SQVRNKJHWKZAKO
DB03722	RLLZPXDJYADIEU-UHFFFAOYSA-N	RLLZPXDJYADIEU
DB03723	ZOSQFDVXNQFKBY-UHFFFAOYSA-N	ZOSQFDVXNQFKBY
DB03725	PHBDHXOBFUBCJD-UHFFFAOYSA-N	PHBDHXOBFUBCJD
DB03726	MCWDCZIDTUQRHK-UHFFFAOYSA-N	MCWDCZIDTUQRHK
DB03727	VORBHEGMEBOMMB-UHFFFAOYSA-N	VORBHEGMEBOMMB
DB03728	XRHGYUZYPHTUJZ-UHFFFAOYSA-N	XRHGYUZYPHTUJZ
DB03729	FNSYWIPPPFVBAV-UHFFFAOYSA-N	FNSYWIPPPFVBAV
DB03730	YXTNRNJPEDJTNF-UHFFFAOYSA-O	YXTNRNJPEDJTNF
DB03731	XLVRIIJULVQAMP-UHFFFAOYSA-N	XLVRIIJULVQAMP
DB03732	KWEQFQACRLGUSH-UHFFFAOYSA-N	KWEQFQACRLGUSH
DB03733	WSLDOOZREJYCGB-UHFFFAOYSA-N	WSLDOOZREJYCGB
DB03734	DMGBHBFPSRKPBV-UHFFFAOYSA-M	DMGBHBFPSRKPBV
DB03735	SJXRKKYXNZWKDB-UHFFFAOYSA-N	SJXRKKYXNZWKDB
DB03736	NOQCSSAEKDLHCI-UHFFFAOYSA-N	NOQCSSAEKDLHCI
DB03737	RAKYKJWUUUKCCW-UHFFFAOYSA-N	RAKYKJWUUUKCCW
DB03738	GVPONLWGQFZYSV-UHFFFAOYSA-N	GVPONLWGQFZYSV
DB03739	WASIBXJFRXJWAR-UHFFFAOYSA-N	WASIBXJFRXJWAR
DB03740	OVRNDRQMDRJTHS-UHFFFAOYSA-N	OVRNDRQMDRJTHS
DB03741	WLAMNBDJUVNPJU-UHFFFAOYSA-N	WLAMNBDJUVNPJU
DB03742	TWZNCTCQAGRUGQ-UHFFFAOYSA-N	TWZNCTCQAGRUGQ
DB03744	RONLONYAIBUEKT-UHFFFAOYSA-N	RONLONYAIBUEKT
DB03745	VJDOAZKNBQCAGE-UHFFFAOYSA-N	VJDOAZKNBQCAGE
DB03746	WPZSUTUAATWRPU-UHFFFAOYSA-M	WPZSUTUAATWRPU
DB03747	DRHXTSWSUAJOJZ-UHFFFAOYSA-N	DRHXTSWSUAJOJZ
DB03748	AMKFOVYTEUFMCU-UHFFFAOYSA-N	AMKFOVYTEUFMCU
DB03749	ATORUNMAUREKMH-UHFFFAOYSA-N	ATORUNMAUREKMH
DB03750	GWYFCOCPABKNJV-UHFFFAOYSA-N	GWYFCOCPABKNJV
DB03751	YSYKRGRSMLTJNL-UHFFFAOYSA-N	YSYKRGRSMLTJNL
DB03752	UIZPHGUBGPJBAR-UHFFFAOYSA-N	UIZPHGUBGPJBAR
DB03753	CPJBKHZROFMSQM-UHFFFAOYSA-N	CPJBKHZROFMSQM
DB03754	LENZDBCJOHFCAS-UHFFFAOYSA-N	LENZDBCJOHFCAS
DB03755	ARRGHMSEJJFDME-UHFFFAOYSA-N	ARRGHMSEJJFDME
DB03756	MBMBGCFOFBJSGT-UHFFFAOYSA-N	MBMBGCFOFBJSGT
DB03757	OAXZAMSRJZWMEV-UHFFFAOYSA-N	OAXZAMSRJZWMEV
DB03758	WYZWZEOGROVVHK-UHFFFAOYSA-N	WYZWZEOGROVVHK
DB03759	RWVIMCIPOAXUDG-UHFFFAOYSA-N	RWVIMCIPOAXUDG
DB03760	IZFHEQBZOYJLPK-UHFFFAOYSA-N	IZFHEQBZOYJLPK
DB03761	HFEKDTCAMMOLQP-UHFFFAOYSA-N	HFEKDTCAMMOLQP
DB03763	AMDJRICBYOAHBZ-UHFFFAOYSA-N	AMDJRICBYOAHBZ
DB03765	YQUAKORMLHPSLZ-UHFFFAOYSA-N	YQUAKORMLHPSLZ
DB03766	XBDQKXXYIPTUBI-UHFFFAOYSA-N	XBDQKXXYIPTUBI
DB03767	LXEDKIMJQBOMSU-UHFFFAOYSA-N	LXEDKIMJQBOMSU
DB03768	WRUVOSYKHXGAQN-UHFFFAOYSA-N	WRUVOSYKHXGAQN
DB03769	LIEMBEWXEZJEEZ-UHFFFAOYSA-N	LIEMBEWXEZJEEZ
DB03771	KCNKJCHARANTIP-UHFFFAOYSA-N	KCNKJCHARANTIP
DB03772	TXGXIVBQPNUSRY-UHFFFAOYSA-N	TXGXIVBQPNUSRY
DB03773	SHZGCJCMOBCMKK-UHFFFAOYSA-N	SHZGCJCMOBCMKK
DB03775	AUTOLBMXDDTRRT-UHFFFAOYSA-N	AUTOLBMXDDTRRT
DB03776	BSABBBMNWQWLLU-UHFFFAOYSA-N	BSABBBMNWQWLLU
DB03777	QMGUOJYZJKLOLH-UHFFFAOYSA-N	QMGUOJYZJKLOLH
DB03779	HEPUIGACZYVUCD-UHFFFAOYSA-N	HEPUIGACZYVUCD
DB03780	SDTFBAXSPXZDKC-UHFFFAOYSA-N	SDTFBAXSPXZDKC
DB03781	OOLBCHYXZDXLDS-UHFFFAOYSA-N	OOLBCHYXZDXLDS
DB03782	YQPLKJCBEOVDBS-UHFFFAOYSA-N	YQPLKJCBEOVDBS
DB03783	CPJSUEIXXCENMM-UHFFFAOYSA-N	CPJSUEIXXCENMM
DB03784	FATBGEAMYMYZAF-UHFFFAOYSA-N	FATBGEAMYMYZAF
DB03785	QLJODMDSTUBWDW-UHFFFAOYSA-N	QLJODMDSTUBWDW
DB03787	KFCQHWOGBVCKHR-UHFFFAOYSA-N	KFCQHWOGBVCKHR
DB03788	JYHIGYLGYNCMGI-UHFFFAOYSA-N	JYHIGYLGYNCMGI
DB03790	UCUNFLYVYCGDHP-UHFFFAOYSA-N	UCUNFLYVYCGDHP
DB03791	NAXSRXHZFIBFMI-UHFFFAOYSA-N	NAXSRXHZFIBFMI
DB03792	BISHACNKZIBDFM-UHFFFAOYSA-N	BISHACNKZIBDFM
DB03793	WPYMKLBDIGXBTP-UHFFFAOYSA-N	WPYMKLBDIGXBTP
DB03795	PKVVTUWHANFMQC-UHFFFAOYSA-N	PKVVTUWHANFMQC
DB03796	IPCSVZSSVZVIGE-UHFFFAOYSA-N	IPCSVZSSVZVIGE
DB03798	NCMVOABPESMRCP-UHFFFAOYSA-N	NCMVOABPESMRCP
DB03799	YLJLTSVBCXYTQK-UHFFFAOYSA-N	YLJLTSVBCXYTQK
DB03800	JSRLJPSBLDHEIO-UHFFFAOYSA-N	JSRLJPSBLDHEIO
DB03801	PWIKLEYMFKCERQ-UHFFFAOYSA-N	PWIKLEYMFKCERQ
DB03802	ZGHFWBDHZZKWSI-UHFFFAOYSA-N	ZGHFWBDHZZKWSI
DB03803	SVFLQOLSPWURCD-UHFFFAOYSA-N	SVFLQOLSPWURCD
DB03804	IGUZFFOBAZCVRK-UHFFFAOYSA-N	IGUZFFOBAZCVRK
DB03807	XQCKNCFQOJFQFK-UHFFFAOYSA-N	XQCKNCFQOJFQFK
DB03808	OQLKNTOKMBVBKV-UHFFFAOYSA-N	OQLKNTOKMBVBKV
DB03809	BWLWUGBHOXIUBP-UHFFFAOYSA-N	BWLWUGBHOXIUBP
DB03811	ZQISRDCJNBUVMM-UHFFFAOYSA-O	ZQISRDCJNBUVMM
DB03812	KPHFGOGGKPGLTM-UHFFFAOYSA-N	KPHFGOGGKPGLTM
DB03813	HYDKTIAWESXLEF-UHFFFAOYSA-N	HYDKTIAWESXLEF
DB03814	SXGZJKUKBWWHRA-UHFFFAOYSA-N	SXGZJKUKBWWHRA
DB03815	SKCKOFZKJLZSFA-UHFFFAOYSA-N	SKCKOFZKJLZSFA
DB03816	YHBNXKYHZMAFED-UHFFFAOYSA-N	YHBNXKYHZMAFED
DB03817	OGNSCSPNOLGXSM-UHFFFAOYSA-N	OGNSCSPNOLGXSM
DB03818	NWUYDTGYTUQMDG-UHFFFAOYSA-N	NWUYDTGYTUQMDG
DB03819	HBROZNQEVUILML-UHFFFAOYSA-N	HBROZNQEVUILML
DB03820	LDJWRKFRKCXUDO-UHFFFAOYSA-M	LDJWRKFRKCXUDO
DB03821	JVLKWZAWYDOHCD-UHFFFAOYSA-N	JVLKWZAWYDOHCD
DB03822	ZJXZSIYSNXKHEA-UHFFFAOYSA-N	ZJXZSIYSNXKHEA
DB03824	FFCFXJXBXUOFIU-UHFFFAOYSA-N	FFCFXJXBXUOFIU
DB03825	IWWWBRIIGAXLCJ-UHFFFAOYSA-O	IWWWBRIIGAXLCJ
DB03827	BRTDPJPTKQNAET-UHFFFAOYSA-N	BRTDPJPTKQNAET
DB03828	NAYNUXXSJZLKPW-UHFFFAOYSA-N	NAYNUXXSJZLKPW
DB03830	DNKVHXNVVYQUDC-UHFFFAOYSA-N	DNKVHXNVVYQUDC
DB03832	CXTATJFJDMJMIY-UHFFFAOYSA-O	CXTATJFJDMJMIY
DB03833	YUKGJYBQODPVBL-UHFFFAOYSA-N	YUKGJYBQODPVBL
DB03834	YGFMROFTTCPCKY-UHFFFAOYSA-M	YGFMROFTTCPCKY
DB03835	MAHIOGAAEAWGLR-UHFFFAOYSA-N	MAHIOGAAEAWGLR
DB03836	XKEFYDZQGKAQCN-UHFFFAOYSA-N	XKEFYDZQGKAQCN
DB03837	YUMYYTORLYHUFW-UHFFFAOYSA-N	YUMYYTORLYHUFW
DB03839	OUYCCCASQSFEME-UHFFFAOYSA-N	OUYCCCASQSFEME
DB03840	JBFYUZGYRGXSFL-UHFFFAOYSA-N	JBFYUZGYRGXSFL
DB03841	AETHRPHBGJAIBT-UHFFFAOYSA-N	AETHRPHBGJAIBT
DB03842	RFDXLWZZNPOBLL-UHFFFAOYSA-N	RFDXLWZZNPOBLL
DB03843	WSFSSNUMVMOOMR-UHFFFAOYSA-N	WSFSSNUMVMOOMR
DB03844	ZFNCKGXGCCDDFN-UHFFFAOYSA-N	ZFNCKGXGCCDDFN
DB03845	QNIWSXQXLJIUJW-UHFFFAOYSA-I	QNIWSXQXLJIUJW
DB03846	WEBVWKFGRVLCNS-UHFFFAOYSA-N	WEBVWKFGRVLCNS
DB03847	UHBYWPGGCSDKFX-UHFFFAOYSA-N	UHBYWPGGCSDKFX
DB03848	JEHKKBHWRAXMCH-UHFFFAOYSA-N	JEHKKBHWRAXMCH
DB03849	CFBUZOUXXHZCFB-UHFFFAOYSA-N	CFBUZOUXXHZCFB
DB03850	VMTDLKOWOZYTPX-UHFFFAOYSA-N	VMTDLKOWOZYTPX
DB03851	HQAKVYGASUTQHH-UHFFFAOYSA-N	HQAKVYGASUTQHH
DB03852	WEEGYLXZBRQIMU-UHFFFAOYSA-N	WEEGYLXZBRQIMU
DB03854	VHRGRCVQAFMJIZ-UHFFFAOYSA-N	VHRGRCVQAFMJIZ
DB03855	CSVKNYIFCYRDJM-UHFFFAOYSA-N	CSVKNYIFCYRDJM
DB03856	VLCYCQAOQCDTCN-UHFFFAOYSA-N	VLCYCQAOQCDTCN
DB03857	MUOMBPNNVXJUGT-UHFFFAOYSA-N	MUOMBPNNVXJUGT
DB03859	JUSMHIGDXPKSID-UHFFFAOYSA-N	JUSMHIGDXPKSID
DB03860	BVVFOLSZMQVDKV-UHFFFAOYSA-N	BVVFOLSZMQVDKV
DB03861	IWVRQJNSUOIUFV-UHFFFAOYSA-N	IWVRQJNSUOIUFV
DB03862	KHVCOYGKHDJPBZ-UHFFFAOYSA-N	KHVCOYGKHDJPBZ
DB03863	YLAMTMNJXPWCQN-UHFFFAOYSA-N	YLAMTMNJXPWCQN
DB03864	PJUIMOJAAPLTRJ-UHFFFAOYSA-N	PJUIMOJAAPLTRJ
DB03865	FEKRWNWZMOSVBX-UHFFFAOYSA-O	FEKRWNWZMOSVBX
DB03866	SGUKUZOVHSFKPH-UHFFFAOYSA-N	SGUKUZOVHSFKPH
DB03867	FBTSQILOGYXGMD-UHFFFAOYSA-N	FBTSQILOGYXGMD
DB03868	WVMWZWGZRAXUBK-UHFFFAOYSA-N	WVMWZWGZRAXUBK
DB03869	HQXFJGONGJPTLZ-UHFFFAOYSA-N	HQXFJGONGJPTLZ
DB03870	XAQWBYJKZNCZPL-UHFFFAOYSA-N	XAQWBYJKZNCZPL
DB03871	ROFVEXUMMXZLPA-UHFFFAOYSA-N	ROFVEXUMMXZLPA
DB03874	OBYAAZRQFIVRJS-UHFFFAOYSA-N	OBYAAZRQFIVRJS
DB03876	GZEJMYFXZMUAEC-UHFFFAOYSA-O	GZEJMYFXZMUAEC
DB03877	XACIEZJJSXJZMD-UHFFFAOYSA-N	XACIEZJJSXJZMD
DB03878	YWQVBESSYLICRX-UHFFFAOYSA-N	YWQVBESSYLICRX
DB03879	OHWCAVRRXKJCRB-UHFFFAOYSA-N	OHWCAVRRXKJCRB
DB03880	XFILPEOLDIKJHX-UHFFFAOYSA-N	XFILPEOLDIKJHX
DB03881	CEGIKIXYDFDYDN-UHFFFAOYSA-O	CEGIKIXYDFDYDN
DB03882	CBMYJHIOYJEBSB-UHFFFAOYSA-N	CBMYJHIOYJEBSB
DB03884	BTNMPGBKDVTSJY-UHFFFAOYSA-N	BTNMPGBKDVTSJY
DB03886	LHQIJBMDNUYRAM-UHFFFAOYSA-N	LHQIJBMDNUYRAM
DB03887	NVOIXARBSSLBAS-UHFFFAOYSA-N	NVOIXARBSSLBAS
DB03888	FNZKIJOTNKEJBF-UHFFFAOYSA-N	FNZKIJOTNKEJBF
DB03889	OGZMPQOWGQBWAV-UHFFFAOYSA-N	OGZMPQOWGQBWAV
DB03890	BSBJWRKWANAVRQ-UHFFFAOYSA-N	BSBJWRKWANAVRQ
DB03891	HGDUWJVGIGLVOH-UHFFFAOYSA-N	HGDUWJVGIGLVOH
DB03892	ZPQWZDPOLXVMOU-UHFFFAOYSA-O	ZPQWZDPOLXVMOU
DB03893	UQYPZLRUJKCREN-UHFFFAOYSA-N	UQYPZLRUJKCREN
DB03894	RUOKEQAAGRXIBM-UHFFFAOYSA-N	RUOKEQAAGRXIBM
DB03895	VFCNQNZNPKRXIT-UHFFFAOYSA-N	VFCNQNZNPKRXIT
DB03896	UNXRWKVEANCORM-UHFFFAOYSA-N	UNXRWKVEANCORM
DB03897	NMHMNPHRMNGLLB-UHFFFAOYSA-N	NMHMNPHRMNGLLB
DB03899	NVYATAJRTRFKSW-UHFFFAOYSA-N	NVYATAJRTRFKSW
DB03900	DKGAVHZHDRPRBM-UHFFFAOYSA-N	DKGAVHZHDRPRBM
DB03901	XBGYMVTXOUKXLG-UHFFFAOYSA-N	XBGYMVTXOUKXLG
DB03902	MUBZPKHOEPUJKR-UHFFFAOYSA-N	MUBZPKHOEPUJKR
DB03903	KGFLZYXDJDOIEE-UHFFFAOYSA-N	KGFLZYXDJDOIEE
DB03904	XSQUKJJJFZCRTK-UHFFFAOYSA-N	XSQUKJJJFZCRTK
DB03905	WZEXTLJNSXEEHK-UHFFFAOYSA-N	WZEXTLJNSXEEHK
DB03906	YMBJKTNDVAYNNL-UHFFFAOYSA-L	YMBJKTNDVAYNNL
DB03907	UHHBFOLQOQSPLU-UHFFFAOYSA-N	UHHBFOLQOQSPLU
DB03908	GLKONBHDVMFJNJ-UHFFFAOYSA-N	GLKONBHDVMFJNJ
DB03909	UFZTZBNSLXELAL-UHFFFAOYSA-N	UFZTZBNSLXELAL
DB03910	YEUSLPIIQGZHQB-UHFFFAOYSA-N	YEUSLPIIQGZHQB
DB03911	SRBFZHDQGSBBOR-UHFFFAOYSA-N	SRBFZHDQGSBBOR
DB03912	JDMUPRLRUUMCTL-UHFFFAOYSA-N	JDMUPRLRUUMCTL
DB03915	SAUCHDKDCUROAO-UHFFFAOYSA-N	SAUCHDKDCUROAO
DB03916	RHOOHUMOHVIXEF-UHFFFAOYSA-N	RHOOHUMOHVIXEF
DB03917	WKYDOCGICAMTKE-UHFFFAOYSA-N	WKYDOCGICAMTKE
DB03918	FNKQXYHWGSIFBK-UHFFFAOYSA-N	FNKQXYHWGSIFBK
DB03919	AEARPZNULDFPNQ-UHFFFAOYSA-N	AEARPZNULDFPNQ
DB03921	IBCXZJCWDGCXQT-UHFFFAOYSA-N	IBCXZJCWDGCXQT
DB03923	ILSPFIPSQSFPCN-UHFFFAOYSA-N	ILSPFIPSQSFPCN
DB03924	QVEMRPAUHFWHRV-UHFFFAOYSA-N	QVEMRPAUHFWHRV
DB03925	HMPQTEPEMQZWQH-UHFFFAOYSA-N	HMPQTEPEMQZWQH
DB03926	CBMYJHIOYJEBSB-UHFFFAOYSA-N	CBMYJHIOYJEBSB
DB03927	ZMQJQOKNTYQVHO-UHFFFAOYSA-N	ZMQJQOKNTYQVHO
DB03928	BGDMJXZYDKFEGJ-UHFFFAOYSA-N	BGDMJXZYDKFEGJ
DB03929	MTCFGRXMJLQNBG-UHFFFAOYSA-N	MTCFGRXMJLQNBG
DB03931	AAXYAFFKOSNMEB-UHFFFAOYSA-N	AAXYAFFKOSNMEB
DB03932	WPVRNXUYVXQXPY-UHFFFAOYSA-N	WPVRNXUYVXQXPY
DB03933	SAWXMTQYIIZWNU-UHFFFAOYSA-O	SAWXMTQYIIZWNU
DB03934	PRFMATRBBQRQBM-UHFFFAOYSA-L	PRFMATRBBQRQBM
DB03935	COJBCAMFZDFGFK-UHFFFAOYSA-N	COJBCAMFZDFGFK
DB03936	CYZZKTRFOOKUMT-UHFFFAOYSA-N	CYZZKTRFOOKUMT
DB03937	NGHMDNPXVRFFGS-UHFFFAOYSA-N	NGHMDNPXVRFFGS
DB03938	NNQIJOYQWYKBOW-UHFFFAOYSA-N	NNQIJOYQWYKBOW
DB03939	DEAAWXYGBWCVJW-UHFFFAOYSA-N	DEAAWXYGBWCVJW
DB03940	SOWBFZRMHSNYGE-UHFFFAOYSA-N	SOWBFZRMHSNYGE
DB03942	OICBXEWBKALHHB-UHFFFAOYSA-N	OICBXEWBKALHHB
DB03944	IZLRMTJLQCLMKF-UHFFFAOYSA-N	IZLRMTJLQCLMKF
DB03945	YHHSONZFOIEMCP-UHFFFAOYSA-O	YHHSONZFOIEMCP
DB03946	YQUVCSBJEUQKSH-UHFFFAOYSA-N	YQUVCSBJEUQKSH
DB03947	ZAQJHHRNXZUBTE-UHFFFAOYSA-N	ZAQJHHRNXZUBTE
DB03948	ALOBOMYIOYNCBS-UHFFFAOYSA-O	ALOBOMYIOYNCBS
DB03949	GIVBBFGMRNXKPE-UHFFFAOYSA-N	GIVBBFGMRNXKPE
DB03950	ZFWHOUCRVSOZJE-UHFFFAOYSA-N	ZFWHOUCRVSOZJE
DB03951	BRGMHAYQAZFZDJ-UHFFFAOYSA-N	BRGMHAYQAZFZDJ
DB03952	XJZDIUOABWMPLZ-UHFFFAOYSA-N	XJZDIUOABWMPLZ
DB03953	BKGWACHYAMTLAF-UHFFFAOYSA-N	BKGWACHYAMTLAF
DB03955	LXBIFEVIBLOUGU-UHFFFAOYSA-N	LXBIFEVIBLOUGU
DB03956	MMWCIQZXVOZEGG-UHFFFAOYSA-N	MMWCIQZXVOZEGG
DB03957	SSSXBBASYYVGCI-UHFFFAOYSA-N	SSSXBBASYYVGCI
DB03958	FHHZHGZBHYYWTG-UHFFFAOYSA-O	FHHZHGZBHYYWTG
DB03959	DQTRACMFIGDHSN-UHFFFAOYSA-N	DQTRACMFIGDHSN
DB03961	SFRQRNJMIIUYDI-UHFFFAOYSA-N	SFRQRNJMIIUYDI
DB03962	MDKMTCCUJSRQGW-UHFFFAOYSA-N	MDKMTCCUJSRQGW
DB03963	UKLXSOVDMSQHMM-UHFFFAOYSA-N	UKLXSOVDMSQHMM
DB03964	WUUVSJBKHXDKBS-UHFFFAOYSA-K	WUUVSJBKHXDKBS
DB03966	FJAQNRBDVKIIKK-UHFFFAOYSA-N	FJAQNRBDVKIIKK
DB03967	MOTZDAYCYVMXPC-UHFFFAOYSA-N	MOTZDAYCYVMXPC
DB03968	YARDEGUIPATLSG-UHFFFAOYSA-N	YARDEGUIPATLSG
DB03970	CHNMLWCTGYMVFH-UHFFFAOYSA-N	CHNMLWCTGYMVFH
DB03971	MBNITLCAVXHYER-UHFFFAOYSA-N	MBNITLCAVXHYER
DB03973	KPHFGOGGKPGLTM-UHFFFAOYSA-N	KPHFGOGGKPGLTM
DB03974	QUOGESRFPZDMMT-UHFFFAOYSA-N	QUOGESRFPZDMMT
DB03975	FVFZSVRSDNUCGG-UHFFFAOYSA-N	FVFZSVRSDNUCGG
DB03976	QPPQHRDVPBTVEV-UHFFFAOYSA-N	QPPQHRDVPBTVEV
DB03977	MXNRLFUSFKVQSK-UHFFFAOYSA-O	MXNRLFUSFKVQSK
DB03978	DXGAIOIQACHYRK-UHFFFAOYSA-N	DXGAIOIQACHYRK
DB03979	JWIOKCJPLNKYBQ-UHFFFAOYSA-N	JWIOKCJPLNKYBQ
DB03980	DFEYXQGDDCDXJK-UHFFFAOYSA-N	DFEYXQGDDCDXJK
DB03981	VJIMUKBSNUBECH-UHFFFAOYSA-N	VJIMUKBSNUBECH
DB03982	WQWCUHJIERBOSM-UHFFFAOYSA-N	WQWCUHJIERBOSM
DB03983	HPEUEJRPDGMIMY-UHFFFAOYSA-L	HPEUEJRPDGMIMY
DB03984	MWTQNXVXPLTHJB-UHFFFAOYSA-N	MWTQNXVXPLTHJB
DB03986	UHYKIYIKTWEXSX-UHFFFAOYSA-O	UHYKIYIKTWEXSX
DB03987	XWCCXDBXMCTZPW-UHFFFAOYSA-N	XWCCXDBXMCTZPW
DB03988	HKXLAGBDJVHRQG-UHFFFAOYSA-O	HKXLAGBDJVHRQG
DB03989	WQZGKKKJIJFFOK-UHFFFAOYSA-N	WQZGKKKJIJFFOK
DB03991	JINJZWSZQKHCIP-UHFFFAOYSA-N	JINJZWSZQKHCIP
DB03993	FGKJLKRYENPLQH-UHFFFAOYSA-N	FGKJLKRYENPLQH
DB03994	HZAXFHJVJLSVMW-UHFFFAOYSA-N	HZAXFHJVJLSVMW
DB03995	WHGYBXFWUBPSRW-UHFFFAOYSA-N	WHGYBXFWUBPSRW
DB03996	QBZAPFWYAPXRGQ-UHFFFAOYSA-N	QBZAPFWYAPXRGQ
DB03997	CWNDERHTHMWBSI-UHFFFAOYSA-N	CWNDERHTHMWBSI
DB03999	UOKRBSXOBUKDGE-UHFFFAOYSA-N	UOKRBSXOBUKDGE
DB04000	AEKIJKSVXKWGRJ-UHFFFAOYSA-N	AEKIJKSVXKWGRJ
DB04001	AHWMERGBWWROMM-UHFFFAOYSA-N	AHWMERGBWWROMM
DB04002	XLYYIFIRODREFK-UHFFFAOYSA-N	XLYYIFIRODREFK
DB04003	FXUGQWABROMTDA-UHFFFAOYSA-N	FXUGQWABROMTDA
DB04004	FDIXHXDLCOSDFY-UHFFFAOYSA-N	FDIXHXDLCOSDFY
DB04005	PGAVKCOVUIYSFO-UHFFFAOYSA-N	PGAVKCOVUIYSFO
DB04006	WUGJIPFLBOATGL-UHFFFAOYSA-N	WUGJIPFLBOATGL
DB04007	MPXYCOHVHSXSDC-UHFFFAOYSA-N	MPXYCOHVHSXSDC
DB04008	QZKOOEFIMWKZPK-UHFFFAOYSA-N	QZKOOEFIMWKZPK
DB04009	YXZJUJRHQHFAQK-UHFFFAOYSA-N	YXZJUJRHQHFAQK
DB04010	NVVWVYYHTKCIAE-UHFFFAOYSA-N	NVVWVYYHTKCIAE
DB04012	GFEHACHKMVZGNQ-UHFFFAOYSA-N	GFEHACHKMVZGNQ
DB04013	ZQTAMPRAONLFQI-UHFFFAOYSA-N	ZQTAMPRAONLFQI
DB04014	OLUKILHGKRVDCT-UHFFFAOYSA-N	OLUKILHGKRVDCT
DB04015	BSTOZABDPPHMGK-UHFFFAOYSA-O	BSTOZABDPPHMGK
DB04016	XUJQPDQURBZEGJ-UHFFFAOYSA-N	XUJQPDQURBZEGJ
DB04017	BTFHLQRNAMSNLC-UHFFFAOYSA-N	BTFHLQRNAMSNLC
DB04018	XSSNABKEYXKKMK-UHFFFAOYSA-N	XSSNABKEYXKKMK
DB04020	AIBKIFHSQQYXLG-UHFFFAOYSA-N	AIBKIFHSQQYXLG
DB04021	UXVBAZRPAJEAHR-UHFFFAOYSA-N	UXVBAZRPAJEAHR
DB04022	BUFLLCUFNHESEH-UHFFFAOYSA-N	BUFLLCUFNHESEH
DB04023	DNBSDUDYNPJVCN-UHFFFAOYSA-N	DNBSDUDYNPJVCN
DB04024	ITDKSTILAWHDJI-UHFFFAOYSA-N	ITDKSTILAWHDJI
DB04027	ODKSFYDXXFIFQN-UHFFFAOYSA-N	ODKSFYDXXFIFQN
DB04028	KYPWIZMAJMNPMJ-UHFFFAOYSA-N	KYPWIZMAJMNPMJ
DB04029	OBSIQMZKFXFYLV-UHFFFAOYSA-N	OBSIQMZKFXFYLV
DB04030	ADXYEWMDAGIULV-UHFFFAOYSA-N	ADXYEWMDAGIULV
DB04031	MTCFGRXMJLQNBG-UHFFFAOYSA-N	MTCFGRXMJLQNBG
DB04032	RCSLIFYNVZXHOC-UHFFFAOYSA-N	RCSLIFYNVZXHOC
DB04033	RSSOZTMMMIWOJB-UHFFFAOYSA-N	RSSOZTMMMIWOJB
DB04034	FNZLKVNUWIIPSJ-UHFFFAOYSA-N	FNZLKVNUWIIPSJ
DB04035	ZECCQELUYUPTSB-UHFFFAOYSA-N	ZECCQELUYUPTSB
DB04036	REVPHPVBPSIEKM-UHFFFAOYSA-N	REVPHPVBPSIEKM
DB04037	UOUXILZUBDIWQU-UHFFFAOYSA-N	UOUXILZUBDIWQU
DB04038	DNVPQKQSNYMLRS-UHFFFAOYSA-N	DNVPQKQSNYMLRS
DB04039	CJTNJZWHYGHVCD-UHFFFAOYSA-N	CJTNJZWHYGHVCD
DB04040	MCMWCTMAKPQTPI-UHFFFAOYSA-N	MCMWCTMAKPQTPI
DB04041	GPHOELDACAWWAE-UHFFFAOYSA-L	GPHOELDACAWWAE
DB04042	XLJNZONSWKENRP-UHFFFAOYSA-N	XLJNZONSWKENRP
DB04043	GSIVZYRFOYIGQX-UHFFFAOYSA-N	GSIVZYRFOYIGQX
DB04044	NAQUAVBNIYTIIS-UHFFFAOYSA-N	NAQUAVBNIYTIIS
DB04045	MZFOKIKEPGUZEN-UHFFFAOYSA-N	MZFOKIKEPGUZEN
DB04047	AMDUVUKDRBIVAH-UHFFFAOYSA-N	AMDUVUKDRBIVAH
DB04048	LUSWEUMSEVLFEQ-UHFFFAOYSA-N	LUSWEUMSEVLFEQ
DB04050	FFDKYFGBIQQMSR-UHFFFAOYSA-N	FFDKYFGBIQQMSR
DB04051	BYHDDXPKOZIZRV-UHFFFAOYSA-N	BYHDDXPKOZIZRV
DB04052	YCOXTKKNXUZSKD-UHFFFAOYSA-N	YCOXTKKNXUZSKD
DB04053	GQZXNSPRSGFJLY-UHFFFAOYSA-M	GQZXNSPRSGFJLY
DB04054	PASRTKOWXJDFFV-UHFFFAOYSA-N	PASRTKOWXJDFFV
DB04055	HMSIYRVIPQHZBI-UHFFFAOYSA-O	HMSIYRVIPQHZBI
DB04057	XRZABKCMPVBQFX-UHFFFAOYSA-N	XRZABKCMPVBQFX
DB04058	IPWQOZCSQLTKOI-UHFFFAOYSA-N	IPWQOZCSQLTKOI
DB04059	GRQLDCHTDNYVQI-UHFFFAOYSA-N	GRQLDCHTDNYVQI
DB04062	SHZGCJCMOBCMKK-UHFFFAOYSA-N	SHZGCJCMOBCMKK
DB04063	ARSWQPLPYROOBG-UHFFFAOYSA-N	ARSWQPLPYROOBG
DB04064	QHNJNOBWURJIEK-UHFFFAOYSA-N	QHNJNOBWURJIEK
DB04065	DWGVYBRKKSJLNS-UHFFFAOYSA-N	DWGVYBRKKSJLNS
DB04066	NGSWKAQJJWESNS-UHFFFAOYSA-N	NGSWKAQJJWESNS
DB04067	FZQUTWRNQJPTSH-UHFFFAOYSA-N	FZQUTWRNQJPTSH
DB04068	WLQBZMZTRNPUDL-UHFFFAOYSA-N	WLQBZMZTRNPUDL
DB04069	QKVREUJWFZJEJK-UHFFFAOYSA-N	QKVREUJWFZJEJK
DB04070	HQZOLNNEQAKEHT-UHFFFAOYSA-N	HQZOLNNEQAKEHT
DB04071	LFERELMXERXKKQ-UHFFFAOYSA-N	LFERELMXERXKKQ
DB04072	HHKPKXCSHMJWCF-UHFFFAOYSA-N	HHKPKXCSHMJWCF
DB04073	UEIGEWJJVQHIAX-UHFFFAOYSA-N	UEIGEWJJVQHIAX
DB04074	QHKABHOOEWYVLI-UHFFFAOYSA-N	QHKABHOOEWYVLI
DB04075	RFMMMVDNIPUKGG-UHFFFAOYSA-N	RFMMMVDNIPUKGG
DB04076	FDGQSTZJBFJUBT-UHFFFAOYSA-N	FDGQSTZJBFJUBT
DB04079	HXYCHJFUBNTKQR-UHFFFAOYSA-N	HXYCHJFUBNTKQR
DB04080	WWYDYZMNFQIYPT-UHFFFAOYSA-N	WWYDYZMNFQIYPT
DB04081	PYXFWOIZPYXNRU-UHFFFAOYSA-N	PYXFWOIZPYXNRU
DB04082	CDMVCFBAVCCGIE-UHFFFAOYSA-N	CDMVCFBAVCCGIE
DB04083	YQSOQJORMNSDJL-UHFFFAOYSA-N	YQSOQJORMNSDJL
DB04084	ZCXUVYAZINUVJD-UHFFFAOYSA-N	ZCXUVYAZINUVJD
DB04085	UTRLJOWPWILGSB-UHFFFAOYSA-N	UTRLJOWPWILGSB
DB04086	WFVCNOHOODVBQK-UHFFFAOYSA-N	WFVCNOHOODVBQK
DB04087	YCHBTVQJICBXEI-UHFFFAOYSA-N	YCHBTVQJICBXEI
DB04088	JTJBRKLISQICDU-UHFFFAOYSA-N	JTJBRKLISQICDU
DB04089	HHPUQNGRNUOYCD-UHFFFAOYSA-N	HHPUQNGRNUOYCD
DB04090	JKDLOGLNPDVUCX-UHFFFAOYSA-N	JKDLOGLNPDVUCX
DB04092	YVUUZAPYLPWFHE-UHFFFAOYSA-N	YVUUZAPYLPWFHE
DB04094	LVSQXDHWDCMMRJ-UHFFFAOYSA-N	LVSQXDHWDCMMRJ
DB04095	UWMXUDUWVFWJPX-UHFFFAOYSA-N	UWMXUDUWVFWJPX
DB04097	OAPPZHVTNHJVAL-UHFFFAOYSA-N	OAPPZHVTNHJVAL
DB04098	XYUFCXJZFZPEJD-UHFFFAOYSA-N	XYUFCXJZFZPEJD
DB04099	SENPVEZBRZQVST-UHFFFAOYSA-O	SENPVEZBRZQVST
DB04100	DGEZNRSVGBDHLK-UHFFFAOYSA-N	DGEZNRSVGBDHLK
DB04101	OVKZTPFHUYGZBI-UHFFFAOYSA-N	OVKZTPFHUYGZBI
DB04102	CQKMBZHLOYVGHW-UHFFFAOYSA-N	CQKMBZHLOYVGHW
DB04103	UPHQQDZIRIHPHU-UHFFFAOYSA-O	UPHQQDZIRIHPHU
DB04104	ZPBYVFQJHWLTFB-UHFFFAOYSA-N	ZPBYVFQJHWLTFB
DB04105	YAUHDTOEJHVKJO-UHFFFAOYSA-N	YAUHDTOEJHVKJO
DB04106	YAKWPXVTIGTRJH-UHFFFAOYSA-N	YAKWPXVTIGTRJH
DB04107	RNOYCNIZOAIUSV-UHFFFAOYSA-N	RNOYCNIZOAIUSV
DB04108	AIIOXZPEXXZCML-UHFFFAOYSA-N	AIIOXZPEXXZCML
DB04109	XCLFQXCQQHVLJQ-UHFFFAOYSA-O	XCLFQXCQQHVLJQ
DB04112	ZULTVWFLRZJENJ-UHFFFAOYSA-N	ZULTVWFLRZJENJ
DB04113	FEWLNYSYJNLUOO-UHFFFAOYSA-N	FEWLNYSYJNLUOO
DB04114	QTPHSDHUHXUYFE-UHFFFAOYSA-N	QTPHSDHUHXUYFE
DB04115	YBHILYKTIRIUTE-UHFFFAOYSA-N	YBHILYKTIRIUTE
DB04116	DLRVVLDZNNYCBX-UHFFFAOYSA-N	DLRVVLDZNNYCBX
DB04117	WWUPGKDRUIPTRA-UHFFFAOYSA-N	WWUPGKDRUIPTRA
DB04119	CPELXLSAUQHCOX-UHFFFAOYSA-N	CPELXLSAUQHCOX
DB04120	ZBCATMYQYDCTIZ-UHFFFAOYSA-N	ZBCATMYQYDCTIZ
DB04121	HEYSFDAMRDTCJM-UHFFFAOYSA-N	HEYSFDAMRDTCJM
DB04122	NBSCHQHZLSJFNQ-UHFFFAOYSA-N	NBSCHQHZLSJFNQ
DB04123	NJMHQBSYSLWOQF-UHFFFAOYSA-N	NJMHQBSYSLWOQF
DB04124	NTAHMPNXQOYXSX-UHFFFAOYSA-N	NTAHMPNXQOYXSX
DB04125	ZUWBXGHMVKDMQO-UHFFFAOYSA-N	ZUWBXGHMVKDMQO
DB04126	KBIWEWPGBHKYML-UHFFFAOYSA-N	KBIWEWPGBHKYML
DB04127	KTVPXOYAKDPRHY-UHFFFAOYSA-N	KTVPXOYAKDPRHY
DB04128	YMWIHKCBRFEJMH-UHFFFAOYSA-N	YMWIHKCBRFEJMH
DB04129	KCGPSMHZJWSWPT-UHFFFAOYSA-N	KCGPSMHZJWSWPT
DB04130	ILMHAGCURJPNRZ-UHFFFAOYSA-N	ILMHAGCURJPNRZ
DB04131	BLGDWFJQIHBUJY-UHFFFAOYSA-N	BLGDWFJQIHBUJY
DB04132	HXJDWCWJDCOHDG-UHFFFAOYSA-N	HXJDWCWJDCOHDG
DB04133	SFVACKBZMIZHCK-UHFFFAOYSA-N	SFVACKBZMIZHCK
DB04135	PRVUBDAKZJCBTI-UHFFFAOYSA-N	PRVUBDAKZJCBTI
DB04136	RPZLJDFLPRHXGM-UHFFFAOYSA-N	RPZLJDFLPRHXGM
DB04137	XKMLYUALXHKNFT-UHFFFAOYSA-N	XKMLYUALXHKNFT
DB04138	LECLJMCDJUEAKI-UHFFFAOYSA-N	LECLJMCDJUEAKI
DB04139	OIEJBPVNLZZLGQ-UHFFFAOYSA-N	OIEJBPVNLZZLGQ
DB04140	SUSMVCKSLVPRCL-UHFFFAOYSA-N	SUSMVCKSLVPRCL
DB04141	JVAZJLFFSJARQM-UHFFFAOYSA-N	JVAZJLFFSJARQM
DB04142	FEYGJZKVMASWJB-UHFFFAOYSA-N	FEYGJZKVMASWJB
DB04143	NQEQTYPJSIEPHW-UHFFFAOYSA-N	NQEQTYPJSIEPHW
DB04144	ZXIPEZDMQNYFOO-UHFFFAOYSA-N	ZXIPEZDMQNYFOO
DB04145	MVQVNTPHUGQQHK-UHFFFAOYSA-N	MVQVNTPHUGQQHK
DB04147	SYELZBGXAIXKHU-UHFFFAOYSA-N	SYELZBGXAIXKHU
DB04149	HJORMJIFDVBMOB-UHFFFAOYSA-N	HJORMJIFDVBMOB
DB04150	TWMKRGDZEJLDDH-UHFFFAOYSA-N	TWMKRGDZEJLDDH
DB04151	BRMWTNUJHUMWMS-UHFFFAOYSA-N	BRMWTNUJHUMWMS
DB04152	HJEPOXZLPHUVFE-UHFFFAOYSA-N	HJEPOXZLPHUVFE
DB04153	PIUSLWSYOYFRFR-UHFFFAOYSA-N	PIUSLWSYOYFRFR
DB04154	ALBWBHNFOJJMCV-UHFFFAOYSA-N	ALBWBHNFOJJMCV
DB04155	KWMZPXRIEZDXAQ-UHFFFAOYSA-N	KWMZPXRIEZDXAQ
DB04156	QZQZAIWESMXTAT-UHFFFAOYSA-N	QZQZAIWESMXTAT
DB04157	YQHOHPOCZUAUKP-UHFFFAOYSA-N	YQHOHPOCZUAUKP
DB04158	ZKRKFZJAQKKHKL-UHFFFAOYSA-N	ZKRKFZJAQKKHKL
DB04160	XPPKVPWEQAFLFU-UHFFFAOYSA-N	XPPKVPWEQAFLFU
DB04162	KSKGHNZSCSCHEQ-UHFFFAOYSA-N	KSKGHNZSCSCHEQ
DB04163	BUFDQCGCADQQQY-UHFFFAOYSA-N	BUFDQCGCADQQQY
DB04164	ZGWNRGISVMYHTF-UHFFFAOYSA-N	ZGWNRGISVMYHTF
DB04165	OMOMUFTZPTXCHP-UHFFFAOYSA-N	OMOMUFTZPTXCHP
DB04166	RWZYAGGXGHYGMB-UHFFFAOYSA-N	RWZYAGGXGHYGMB
DB04167	KSMRODHGGIIXDV-UHFFFAOYSA-N	KSMRODHGGIIXDV
DB04168	CIUUIPMOFZIWIZ-UHFFFAOYSA-N	CIUUIPMOFZIWIZ
DB04169	BAOICLZZDLLDRL-UHFFFAOYSA-N	BAOICLZZDLLDRL
DB04170	YKAYCWPQDPILSA-UHFFFAOYSA-N	YKAYCWPQDPILSA
DB04172	WATXEHGLYJKXOF-UHFFFAOYSA-N	WATXEHGLYJKXOF
DB04173	RFSUNEUAIZKAJO-UHFFFAOYSA-N	RFSUNEUAIZKAJO
DB04174	NLBIPGBVVPCESQ-UHFFFAOYSA-N	NLBIPGBVVPCESQ
DB04175	KNBSYZNKEAWABY-UHFFFAOYSA-N	KNBSYZNKEAWABY
DB04176	VYUPJUKSTVHSQI-UHFFFAOYSA-N	VYUPJUKSTVHSQI
DB04177	XZTUSOXSLKTKJQ-UHFFFAOYSA-N	XZTUSOXSLKTKJQ
DB04178	NRJAVPSFFCBXDT-UHFFFAOYSA-O	NRJAVPSFFCBXDT
DB04179	IANQTJSKSUMEQM-UHFFFAOYSA-N	IANQTJSKSUMEQM
DB04180	NTDFJEKGSGSXME-UHFFFAOYSA-N	NTDFJEKGSGSXME
DB04182	QFXXRJSDEMCBPH-UHFFFAOYSA-N	QFXXRJSDEMCBPH
DB04183	ZIYVHBGGAOATLY-UHFFFAOYSA-N	ZIYVHBGGAOATLY
DB04185	SNDPXSYFESPGGJ-UHFFFAOYSA-N	SNDPXSYFESPGGJ
DB04186	KLVYMYQTRZCMLE-UHFFFAOYSA-N	KLVYMYQTRZCMLE
DB04187	JNNIZILNBMPOAC-UHFFFAOYSA-N	JNNIZILNBMPOAC
DB04190	AHAVBKNGKPWROK-UHFFFAOYSA-N	AHAVBKNGKPWROK
DB04191	IUDCAKKZLXFOQA-UHFFFAOYSA-N	IUDCAKKZLXFOQA
DB04194	WZZVUHWLNMNWLW-UHFFFAOYSA-N	WZZVUHWLNMNWLW
DB04195	QZBAZODTRUGOQS-UHFFFAOYSA-N	QZBAZODTRUGOQS
DB04196	JOAQINSXLLMRCV-UHFFFAOYSA-N	JOAQINSXLLMRCV
DB04197	HYBLXYGPQAIGPY-UHFFFAOYSA-O	HYBLXYGPQAIGPY
DB04198	MTCJZZBQNCXKAP-UHFFFAOYSA-N	MTCJZZBQNCXKAP
DB04199	FIMVTNBZKNVWDN-UHFFFAOYSA-N	FIMVTNBZKNVWDN
DB04200	MATGKVZWFZHCLI-UHFFFAOYSA-N	MATGKVZWFZHCLI
DB04201	XTFBSLZFYLGYAT-UHFFFAOYSA-N	XTFBSLZFYLGYAT
DB04203	KGGLGSZFQPTPPT-UHFFFAOYSA-N	KGGLGSZFQPTPPT
DB04204	SRHSAABKYJDBDV-UHFFFAOYSA-N	SRHSAABKYJDBDV
DB04205	CSNCBOPUCJOHLS-UHFFFAOYSA-N	CSNCBOPUCJOHLS
DB04206	SNLOIIPRZGMRAB-UHFFFAOYSA-N	SNLOIIPRZGMRAB
DB04207	ZDGJAHTZVHVLOT-UHFFFAOYSA-N	ZDGJAHTZVHVLOT
DB04208	LHHKQWQTBCTDQM-UHFFFAOYSA-N	LHHKQWQTBCTDQM
DB04209	PCSWXVJAIHCTMO-UHFFFAOYSA-P	PCSWXVJAIHCTMO
DB04210	WWGXKLSKKKQRMN-UHFFFAOYSA-N	WWGXKLSKKKQRMN
DB04212	DUAWRLXHCUAWMK-UHFFFAOYSA-N	DUAWRLXHCUAWMK
DB04213	HBTZVNKXMFGOOJ-UHFFFAOYSA-N	HBTZVNKXMFGOOJ
DB04214	XZKIHKMTEMTJQX-UHFFFAOYSA-N	XZKIHKMTEMTJQX
DB04215	BVTBOJXEAPSOEB-UHFFFAOYSA-N	BVTBOJXEAPSOEB
DB04216	REFJWTPEDVJJIY-UHFFFAOYSA-N	REFJWTPEDVJJIY
DB04217	DSUAJFIEKRKPEE-UHFFFAOYSA-N	DSUAJFIEKRKPEE
DB04218	NVUDDRWKCUAERS-UHFFFAOYSA-N	NVUDDRWKCUAERS
DB04220	FRCBXOTYSDSELT-UHFFFAOYSA-N	FRCBXOTYSDSELT
DB04221	JGFDZZLUDWMUQH-UHFFFAOYSA-N	JGFDZZLUDWMUQH
DB04222	XKLZIVIOZDNKEQ-UHFFFAOYSA-N	XKLZIVIOZDNKEQ
DB04223	MRAUNPAHJZDYCK-UHFFFAOYSA-N	MRAUNPAHJZDYCK
DB04224	ZQPPMHVWECSIRJ-UHFFFAOYSA-N	ZQPPMHVWECSIRJ
DB04227	VJTPBNUXDULDQD-UHFFFAOYSA-N	VJTPBNUXDULDQD
DB04229	MRDWXQKAAKNXSP-UHFFFAOYSA-N	MRDWXQKAAKNXSP
DB04230	PUGKTLRHGHIDCJ-UHFFFAOYSA-N	PUGKTLRHGHIDCJ
DB04231	RAXXELZNTBOGNW-UHFFFAOYSA-N	RAXXELZNTBOGNW
DB04232	DNGGPLKVDUPXFN-UHFFFAOYSA-N	DNGGPLKVDUPXFN
DB04233	FEOZZFHAVXYAMB-UHFFFAOYSA-N	FEOZZFHAVXYAMB
DB04234	UEDKSAKLZBMNMA-UHFFFAOYSA-N	UEDKSAKLZBMNMA
DB04235	ROFNJLCLYMMXCT-UHFFFAOYSA-N	ROFNJLCLYMMXCT
DB04237	GKODZWOPPOTFGA-UHFFFAOYSA-N	GKODZWOPPOTFGA
DB04238	GNANSBQAIRJZPA-UHFFFAOYSA-N	GNANSBQAIRJZPA
DB04239	CBFXRTSHUMEYKQ-UHFFFAOYSA-N	CBFXRTSHUMEYKQ
DB04241	NHGDGJKONAZETF-UHFFFAOYSA-N	NHGDGJKONAZETF
DB04242	FJKROLUGYXJWQN-UHFFFAOYSA-N	FJKROLUGYXJWQN
DB04243	IGWHDMPTQKSDTL-UHFFFAOYSA-N	IGWHDMPTQKSDTL
DB04244	YCDHZDINQZLSRR-UHFFFAOYSA-N	YCDHZDINQZLSRR
DB04246	YYUZFCLHOQHMPT-UHFFFAOYSA-O	YYUZFCLHOQHMPT
DB04248	FYGDTMLNYKFZSV-UHFFFAOYSA-N	FYGDTMLNYKFZSV
DB04249	NYBYYHAKTAMZQQ-UHFFFAOYSA-N	NYBYYHAKTAMZQQ
DB04250	AWBGQVBMGBZGLS-UHFFFAOYSA-N	AWBGQVBMGBZGLS
DB04252	HLKXYZVTANABHZ-UHFFFAOYSA-N	HLKXYZVTANABHZ
DB04253	WOCXQMCIOTUMJV-UHFFFAOYSA-N	WOCXQMCIOTUMJV
DB04254	ARWHTQLGMWHTAZ-UHFFFAOYSA-N	ARWHTQLGMWHTAZ
DB04255	VZNNJZGVQVNHCM-UHFFFAOYSA-N	VZNNJZGVQVNHCM
DB04256	DNCAZYRLRMTVSF-UHFFFAOYSA-N	DNCAZYRLRMTVSF
DB04257	SECPZKHBENQXJG-UHFFFAOYSA-N	SECPZKHBENQXJG
DB04258	LVLLALCJVJNGQQ-UHFFFAOYSA-N	LVLLALCJVJNGQQ
DB04260	JANQQPWTLXUSCD-UHFFFAOYSA-N	JANQQPWTLXUSCD
DB04261	KXDHJXZQYSOELW-UHFFFAOYSA-N	KXDHJXZQYSOELW
DB04262	PTYCEIBBGGLADD-UHFFFAOYSA-N	PTYCEIBBGGLADD
DB04263	BRZYSWJRSDMWLG-UHFFFAOYSA-N	BRZYSWJRSDMWLG
DB04264	DAOQLLQRJAXMGY-UHFFFAOYSA-N	DAOQLLQRJAXMGY
DB04265	SQVRNKJHWKZAKO-UHFFFAOYSA-N	SQVRNKJHWKZAKO
DB04267	WJJMNDUMQPNECX-UHFFFAOYSA-N	WJJMNDUMQPNECX
DB04268	BNYGKUQXGBVTRE-UHFFFAOYSA-N	BNYGKUQXGBVTRE
DB04269	CDWXSPKJKIUEQF-UHFFFAOYSA-N	CDWXSPKJKIUEQF
DB04270	WUZIMDSVRIBNNI-UHFFFAOYSA-N	WUZIMDSVRIBNNI
DB04271	BCKARVLFIJPHQU-UHFFFAOYSA-N	BCKARVLFIJPHQU
DB04272	KRKNYBCHXYNGOX-UHFFFAOYSA-N	KRKNYBCHXYNGOX
DB04273	IADAQXMUWITWNG-UHFFFAOYSA-N	IADAQXMUWITWNG
DB04275	MVAWJSIDNICKHF-UHFFFAOYSA-N	MVAWJSIDNICKHF
DB04276	QPQNJAXBPHVASB-UHFFFAOYSA-O	QPQNJAXBPHVASB
DB04277	GSXOAOHZAIYLCY-UHFFFAOYSA-N	GSXOAOHZAIYLCY
DB04278	YLLNYDDZOMCFDE-UHFFFAOYSA-N	YLLNYDDZOMCFDE
DB04279	RNQHMTFBUSSBJQ-UHFFFAOYSA-N	RNQHMTFBUSSBJQ
DB04280	ILSIYJVILUIVPM-UHFFFAOYSA-N	ILSIYJVILUIVPM
DB04281	HKIDMHSZRQSXJE-UHFFFAOYSA-N	HKIDMHSZRQSXJE
DB04282	ZCXUVYAZINUVJD-UHFFFAOYSA-N	ZCXUVYAZINUVJD
DB04284	CMUNUTVVOOHQPW-UHFFFAOYSA-N	CMUNUTVVOOHQPW
DB04285	GBLDYRVJENYQNH-UHFFFAOYSA-N	GBLDYRVJENYQNH
DB04286	SRBFZHDQGSBBOR-UHFFFAOYSA-N	SRBFZHDQGSBBOR
DB04287	KWLUIYFCMHKLKY-UHFFFAOYSA-N	KWLUIYFCMHKLKY
DB04288	JTVILUUAQWQWBK-UHFFFAOYSA-N	JTVILUUAQWQWBK
DB04289	YYMZSGIXLQPFAC-UHFFFAOYSA-N	YYMZSGIXLQPFAC
DB04293	JAPHQRWPEGVNBT-UHFFFAOYSA-N	JAPHQRWPEGVNBT
DB04294	JFMKBQDEISBIPL-UHFFFAOYSA-N	JFMKBQDEISBIPL
DB04295	JSBCZGSPFATCOV-UHFFFAOYSA-N	JSBCZGSPFATCOV
DB04296	KSIJECNNZVKMJG-UHFFFAOYSA-N	KSIJECNNZVKMJG
DB04297	RTKIYFITIVXBLE-UHFFFAOYSA-N	RTKIYFITIVXBLE
DB04298	ZEBFKFGJWHOOST-UHFFFAOYSA-N	ZEBFKFGJWHOOST
DB04299	VZCYOOQTPOCHFL-UHFFFAOYSA-N	VZCYOOQTPOCHFL
DB04301	ZLAHDRAQCSQPOC-UHFFFAOYSA-P	ZLAHDRAQCSQPOC
DB04302	SYQNUQSGEWNWKV-UHFFFAOYSA-N	SYQNUQSGEWNWKV
DB04303	WGLLPAPKWFDHHV-UHFFFAOYSA-N	WGLLPAPKWFDHHV
DB04304	RGHNJXZEOKUKBD-UHFFFAOYSA-N	RGHNJXZEOKUKBD
DB04306	UOJFGEAPSYQDIP-UHFFFAOYSA-N	UOJFGEAPSYQDIP
DB04307	NRSDGDXUWMMUEV-UHFFFAOYSA-N	NRSDGDXUWMMUEV
DB04310	XJLATMLVMSFZBN-UHFFFAOYSA-N	XJLATMLVMSFZBN
DB04311	AGNFWIZBEATIAK-UHFFFAOYSA-N	AGNFWIZBEATIAK
DB04312	JSFGDUIJQWWBGY-UHFFFAOYSA-N	JSFGDUIJQWWBGY
DB04314	HWPZZUQOWRWFDB-UHFFFAOYSA-N	HWPZZUQOWRWFDB
DB04315	QGWNDRXFNXRZMB-UHFFFAOYSA-N	QGWNDRXFNXRZMB
DB04316	IOFPEOPOAMOMBE-UHFFFAOYSA-N	IOFPEOPOAMOMBE
DB04317	IBGSKYLUHGAGLB-UHFFFAOYSA-N	IBGSKYLUHGAGLB
DB04318	YQEMFOGNUTYMTJ-UHFFFAOYSA-N	YQEMFOGNUTYMTJ
DB04320	MDFFZNIQPLKQSG-UHFFFAOYSA-N	MDFFZNIQPLKQSG
DB04322	ZUQBAQVRAURMCL-UHFFFAOYSA-N	ZUQBAQVRAURMCL
DB04324	UOXVFQCRPDLSFN-UHFFFAOYSA-N	UOXVFQCRPDLSFN
DB04325	BHHGXPLMPWCGHP-UHFFFAOYSA-N	BHHGXPLMPWCGHP
DB04326	GNGACRATGGDKBX-UHFFFAOYSA-N	GNGACRATGGDKBX
DB04327	LVNGJLRDBYCPGB-UHFFFAOYSA-O	LVNGJLRDBYCPGB
DB04328	QYOJSKGCWNAKGW-UHFFFAOYSA-N	QYOJSKGCWNAKGW
DB04329	AWJUIBRHMBBTKR-UHFFFAOYSA-N	AWJUIBRHMBBTKR
DB04330	KNRVCCXHLSHTFW-UHFFFAOYSA-N	KNRVCCXHLSHTFW
DB04331	LOBCDGHHHHGHFA-UHFFFAOYSA-N	LOBCDGHHHHGHFA
DB04334	YWRFBISQAMHSIX-UHFFFAOYSA-N	YWRFBISQAMHSIX
DB04335	UGQMRVRMYYASKQ-UHFFFAOYSA-N	UGQMRVRMYYASKQ
DB04336	HQWKMDKTTCPCMQ-UHFFFAOYSA-N	HQWKMDKTTCPCMQ
DB04337	ZRKSVHFXTRFQFL-UHFFFAOYSA-N	ZRKSVHFXTRFQFL
DB04338	VSPFURGQAYMVAN-UHFFFAOYSA-N	VSPFURGQAYMVAN
DB04339	GBFLZEXEOZUWRN-UHFFFAOYSA-N	GBFLZEXEOZUWRN
DB04340	CEHNRTFNHMGQGW-UHFFFAOYSA-M	CEHNRTFNHMGQGW
DB04342	JWCSIUVGFCSJCK-UHFFFAOYSA-N	JWCSIUVGFCSJCK
DB04343	HHLFWLYXYJOTON-UHFFFAOYSA-N	HHLFWLYXYJOTON
DB04345	ZJTJUVIJVLLGSP-UHFFFAOYSA-N	ZJTJUVIJVLLGSP
DB04346	BVIYGXUQVXBHQS-UHFFFAOYSA-N	BVIYGXUQVXBHQS
DB04347	SLWWJZMPHJJOPH-UHFFFAOYSA-N	SLWWJZMPHJJOPH
DB04348	WBWWGRHZICKQGZ-UHFFFAOYSA-N	WBWWGRHZICKQGZ
DB04349	DNIAPMSPPWPWGF-UHFFFAOYSA-N	DNIAPMSPPWPWGF
DB04350	FOZYKTUSOWWQGR-UHFFFAOYSA-N	FOZYKTUSOWWQGR
DB04351	GTZCVFVGUGFEME-UHFFFAOYSA-K	GTZCVFVGUGFEME
DB04352	KTVPXOYAKDPRHY-UHFFFAOYSA-N	KTVPXOYAKDPRHY
DB04353	DDOOHEYBNHOFCV-UHFFFAOYSA-N	DDOOHEYBNHOFCV
DB04356	FFYPRJYSJODFFD-UHFFFAOYSA-N	FFYPRJYSJODFFD
DB04359	NLVXSWCKKBEXTG-UHFFFAOYSA-N	NLVXSWCKKBEXTG
DB04360	YNCYPMUJDDXIRH-UHFFFAOYSA-N	YNCYPMUJDDXIRH
DB04361	JYXPWUYLZPYOAH-UHFFFAOYSA-N	JYXPWUYLZPYOAH
DB04363	TYXZSIKXNCZTQP-UHFFFAOYSA-N	TYXZSIKXNCZTQP
DB04365	HJJPJSXJAXAIPN-UHFFFAOYSA-N	HJJPJSXJAXAIPN
DB04366	VKODIDNZKBYXJO-UHFFFAOYSA-N	VKODIDNZKBYXJO
DB04367	JYRJOQGKGMHTOO-UHFFFAOYSA-N	JYRJOQGKGMHTOO
DB04368	AVDLWYHBABSSHC-UHFFFAOYSA-N	AVDLWYHBABSSHC
DB04369	ZBEDLGKSWBORBS-UHFFFAOYSA-N	ZBEDLGKSWBORBS
DB04371	FBBLOSCXOZYUSS-UHFFFAOYSA-N	FBBLOSCXOZYUSS
DB04372	FVXDQWZBHIXIEJ-UHFFFAOYSA-N	FVXDQWZBHIXIEJ
DB04373	WQUBEIMCFHCJCO-UHFFFAOYSA-N	WQUBEIMCFHCJCO
DB04374	GROSWUGUHPUYIU-UHFFFAOYSA-N	GROSWUGUHPUYIU
DB04376	SDSVJYOOAPRSDA-UHFFFAOYSA-N	SDSVJYOOAPRSDA
DB04377	NPOAOTPXWNWTSH-UHFFFAOYSA-N	NPOAOTPXWNWTSH
DB04378	APJAEXGNDLFGPD-UHFFFAOYSA-N	APJAEXGNDLFGPD
DB04379	YYPINKULTUCCJA-UHFFFAOYSA-N	YYPINKULTUCCJA
DB04380	NUCLJNSWZCHRKL-UHFFFAOYSA-M	NUCLJNSWZCHRKL
DB04381	MLUCVPSAIODCQM-UHFFFAOYSA-N	MLUCVPSAIODCQM
DB04382	PMMURAAUARKVCB-UHFFFAOYSA-N	PMMURAAUARKVCB
DB04385	OGADSZTVCUXSOK-UHFFFAOYSA-N	OGADSZTVCUXSOK
DB04386	QVVFNJUJKXWFAU-UHFFFAOYSA-N	QVVFNJUJKXWFAU
DB04387	QWDRYURVUDZKSG-UHFFFAOYSA-N	QWDRYURVUDZKSG
DB04388	KABXUUFDPUOJMW-UHFFFAOYSA-N	KABXUUFDPUOJMW
DB04389	UJCWOSLCGXVJOD-UHFFFAOYSA-N	UJCWOSLCGXVJOD
DB04391	WZVRXEOKWMIDDV-UHFFFAOYSA-N	WZVRXEOKWMIDDV
DB04392	HIZKPJUTKKJDGA-UHFFFAOYSA-N	HIZKPJUTKKJDGA
DB04393	BYNQFCJOHGOKSS-UHFFFAOYSA-N	BYNQFCJOHGOKSS
DB04394	FPCPYSKJIRSWIG-UHFFFAOYSA-N	FPCPYSKJIRSWIG
DB04395	PVKSNHVPLWYQGJ-UHFFFAOYSA-N	PVKSNHVPLWYQGJ
DB04396	SYKYBMOFPMXDRQ-UHFFFAOYSA-N	SYKYBMOFPMXDRQ
DB04397	HXXFSFRBOHSIMQ-UHFFFAOYSA-N	HXXFSFRBOHSIMQ
DB04398	JVTAAEKCZFNVCJ-UHFFFAOYSA-N	JVTAAEKCZFNVCJ
DB04400	FEMXZDUTFRTWPE-UHFFFAOYSA-N	FEMXZDUTFRTWPE
DB04401	SXKNCCSPZDCRFD-UHFFFAOYSA-N	SXKNCCSPZDCRFD
DB04404	MKJAYSJDHSEFRI-UHFFFAOYSA-N	MKJAYSJDHSEFRI
DB04405	AQYSXARQCHHHLK-UHFFFAOYSA-N	AQYSXARQCHHHLK
DB04407	OTMLAWRVLMYMDF-UHFFFAOYSA-N	OTMLAWRVLMYMDF
DB04408	QZGIWPZCWHMVQL-UHFFFAOYSA-N	QZGIWPZCWHMVQL
DB04409	ZPBSAMLXSQCSOX-UHFFFAOYSA-K	ZPBSAMLXSQCSOX
DB04410	LYUQWQRTDLVQGA-UHFFFAOYSA-N	LYUQWQRTDLVQGA
DB04411	BFLNGKUCFYKCFZ-UHFFFAOYSA-N	BFLNGKUCFYKCFZ
DB04414	XLYOFNOQVPJJNP-UHFFFAOYSA-N	XLYOFNOQVPJJNP
DB04416	QJKGJGURDPRKGW-UHFFFAOYSA-N	QJKGJGURDPRKGW
DB04417	BTJIUGUIPKRLHP-UHFFFAOYSA-N	BTJIUGUIPKRLHP
DB04418	OFBHPPMPBOJXRT-UHFFFAOYSA-N	OFBHPPMPBOJXRT
DB04419	LRQKBLKVPFOOQJ-UHFFFAOYSA-N	LRQKBLKVPFOOQJ
DB04422	FFFHZYDWPBMWHY-UHFFFAOYSA-N	FFFHZYDWPBMWHY
DB04424	XFKVLKLCLYJKNF-UHFFFAOYSA-N	XFKVLKLCLYJKNF
DB04425	YQIFAMYNGGOTFB-UHFFFAOYSA-N	YQIFAMYNGGOTFB
DB04426	ZEVOCXOZYFLVKN-UHFFFAOYSA-N	ZEVOCXOZYFLVKN
DB04427	PPIYQXGSPPWVLJ-UHFFFAOYSA-N	PPIYQXGSPPWVLJ
DB04429	ZLHVIYHWWQYJID-UHFFFAOYSA-N	ZLHVIYHWWQYJID
DB04430	FLPLCJJGNZGOAW-UHFFFAOYSA-N	FLPLCJJGNZGOAW
DB04432	ZXIHYCYAQUQHSG-UHFFFAOYSA-O	ZXIHYCYAQUQHSG
DB04433	ZRJHYOXNWCMGMW-UHFFFAOYSA-N	ZRJHYOXNWCMGMW
DB04434	YRBHUKMLAGQYHS-UHFFFAOYSA-N	YRBHUKMLAGQYHS
DB04436	VIIAUOZUUGXERI-UHFFFAOYSA-N	VIIAUOZUUGXERI
DB04437	ZFGIPRHDRFOMFO-UHFFFAOYSA-N	ZFGIPRHDRFOMFO
DB04438	LKWCVKAHHUJPQO-UHFFFAOYSA-N	LKWCVKAHHUJPQO
DB04439	QWNATFSCUHKKDP-UHFFFAOYSA-N	QWNATFSCUHKKDP
DB04440	MRWXACSTFXYYMV-UHFFFAOYSA-N	MRWXACSTFXYYMV
DB04441	HBUBKKRHXORPQB-UHFFFAOYSA-N	HBUBKKRHXORPQB
DB04442	PUOKYJMONGPAIM-UHFFFAOYSA-O	PUOKYJMONGPAIM
DB04444	UYOMQIYKOOHAMK-UHFFFAOYSA-J	UYOMQIYKOOHAMK
DB04445	YFDLHELOZYVNJE-UHFFFAOYSA-L	YFDLHELOZYVNJE
DB04446	JZWDLUGQTRKBNA-UHFFFAOYSA-O	JZWDLUGQTRKBNA
DB04447	VHJLVAABSRFDPM-UHFFFAOYSA-N	VHJLVAABSRFDPM
DB04448	NIJZBWHOHNWJBX-UHFFFAOYSA-N	NIJZBWHOHNWJBX
DB04450	HPEGNLMTTNTJSP-UHFFFAOYSA-N	HPEGNLMTTNTJSP
DB04451	KNWWGBNAUNTSRV-UHFFFAOYSA-N	KNWWGBNAUNTSRV
DB04452	HOUSDILKOJMENG-UHFFFAOYSA-N	HOUSDILKOJMENG
DB04453	JUCZMZWYUIRMPL-UHFFFAOYSA-N	JUCZMZWYUIRMPL
DB04454	QWCKQJZIFLGMSD-UHFFFAOYSA-N	QWCKQJZIFLGMSD
DB04455	KWIUHFFTVRNATP-UHFFFAOYSA-O	KWIUHFFTVRNATP
DB04456	GCPXMJHSNVMWNM-UHFFFAOYSA-N	GCPXMJHSNVMWNM
DB04457	LTFMZDNNPPEQNG-UHFFFAOYSA-N	LTFMZDNNPPEQNG
DB04459	SUGXUUGGLDCZKB-UHFFFAOYSA-N	SUGXUUGGLDCZKB
DB04460	MAXSFYCTFIBEAR-UHFFFAOYSA-N	MAXSFYCTFIBEAR
DB04461	NIUVHXTXUXOFEB-UHFFFAOYSA-N	NIUVHXTXUXOFEB
DB04462	OMZYUVOATZSGJY-UHFFFAOYSA-N	OMZYUVOATZSGJY
DB04463	CPLGZXQPPYRNRC-UHFFFAOYSA-N	CPLGZXQPPYRNRC
DB04464	PYUSHNKNPOHWEZ-UHFFFAOYSA-N	PYUSHNKNPOHWEZ
DB04465	GUBGYTABKSRVRQ-UHFFFAOYSA-N	GUBGYTABKSRVRQ
DB04466	YQLJDECYQDRSBI-UHFFFAOYSA-N	YQLJDECYQDRSBI
DB04467	WACJCHFWJNNBPR-UHFFFAOYSA-N	WACJCHFWJNNBPR
DB04468	TXUZVZSFRXZGTL-UHFFFAOYSA-N	TXUZVZSFRXZGTL
DB04469	ZDSXCFSUGVAQSB-UHFFFAOYSA-N	ZDSXCFSUGVAQSB
DB04470	HSHVHNIOQTZSOQ-UHFFFAOYSA-N	HSHVHNIOQTZSOQ
DB04471	FMWVCTJKLAVRPB-UHFFFAOYSA-N	FMWVCTJKLAVRPB
DB04472	DHEGJYKMZJGYGW-UHFFFAOYSA-N	DHEGJYKMZJGYGW
DB04473	SHZGCJCMOBCMKK-UHFFFAOYSA-N	SHZGCJCMOBCMKK
DB04474	FWEOQOXTVHGIFQ-UHFFFAOYSA-N	FWEOQOXTVHGIFQ
DB04476	QCIDBNKTKNBPKM-UHFFFAOYSA-N	QCIDBNKTKNBPKM
DB04477	FDZQGEIYGFPMOB-UHFFFAOYSA-N	FDZQGEIYGFPMOB
DB04478	XDTHNROWHAAVPJ-UHFFFAOYSA-N	XDTHNROWHAAVPJ
DB04480	NBDZLUOYAAVYHF-UHFFFAOYSA-N	NBDZLUOYAAVYHF
DB04481	UNXHWFMMPAWVPI-UHFFFAOYSA-N	UNXHWFMMPAWVPI
DB04482	YWWJKULNWGRYAS-UHFFFAOYSA-N	YWWJKULNWGRYAS
DB04483	ZCXUVYAZINUVJD-UHFFFAOYSA-N	ZCXUVYAZINUVJD
DB04485	IQFYYKKMVGJFEH-UHFFFAOYSA-N	IQFYYKKMVGJFEH
DB04487	XJODGRWDFZVTKW-UHFFFAOYSA-N	XJODGRWDFZVTKW
DB04488	JDAREAJBQYNCGO-UHFFFAOYSA-M	JDAREAJBQYNCGO
DB04489	VKVCLXDFOQQABP-UHFFFAOYSA-N	VKVCLXDFOQQABP
DB04490	MBXKCLHOVPXMCJ-UHFFFAOYSA-N	MBXKCLHOVPXMCJ
DB04491	BJLZAAWLLPMZQR-UHFFFAOYSA-N	BJLZAAWLLPMZQR
DB04492	WHCJUIFHMJFEFZ-UHFFFAOYSA-N	WHCJUIFHMJFEFZ
DB04493	GSXOAOHZAIYLCY-UHFFFAOYSA-N	GSXOAOHZAIYLCY
DB04495	GGPXNASQNUOIPB-UHFFFAOYSA-N	GGPXNASQNUOIPB
DB04496	JJQQOJRGUHNREK-UHFFFAOYSA-N	JJQQOJRGUHNREK
DB04498	HOSWPDPVFBCLSY-UHFFFAOYSA-N	HOSWPDPVFBCLSY
DB04499	AWMVMTVKBNGEAK-UHFFFAOYSA-N	AWMVMTVKBNGEAK
DB04501	BEWYHVAWEKZDPP-UHFFFAOYSA-N	BEWYHVAWEKZDPP
DB04502	SUGQHICXCRBQOI-UHFFFAOYSA-N	SUGQHICXCRBQOI
DB04503	NDDOUBGQRWFVQM-UHFFFAOYSA-N	NDDOUBGQRWFVQM
DB04505	WUJFGZAAFADPSF-UHFFFAOYSA-N	WUJFGZAAFADPSF
DB04508	RAZJTJNGLFDKPL-UHFFFAOYSA-N	RAZJTJNGLFDKPL
DB04509	PCSQOABIHJXZMR-UHFFFAOYSA-O	PCSQOABIHJXZMR
DB04510	OSJPPGNTCRNQQC-UHFFFAOYSA-N	OSJPPGNTCRNQQC
DB04511	CZFFMUMOBDIXJU-UHFFFAOYSA-N	CZFFMUMOBDIXJU
DB04512	UXFSPRAGHGMRSQ-UHFFFAOYSA-N	UXFSPRAGHGMRSQ
DB04513	IDEHCMNLNCJQST-UHFFFAOYSA-N	IDEHCMNLNCJQST
DB04514	DFYLLEBFVZTKHD-UHFFFAOYSA-N	DFYLLEBFVZTKHD
DB04515	YLAMTMNJXPWCQN-UHFFFAOYSA-N	YLAMTMNJXPWCQN
DB04516	KLPBNGZTTQNYHR-UHFFFAOYSA-N	KLPBNGZTTQNYHR
DB04517	LCAXMKQKEYTFDM-UHFFFAOYSA-N	LCAXMKQKEYTFDM
DB04518	JJDRRZFRTKZLFT-UHFFFAOYSA-N	JJDRRZFRTKZLFT
DB04519	WWZKQHOCKIZLMA-UHFFFAOYSA-N	WWZKQHOCKIZLMA
DB04520	LSGOTAXPWMCUCK-UHFFFAOYSA-N	LSGOTAXPWMCUCK
DB04521	ICRIFHIWWXQBPY-UHFFFAOYSA-N	ICRIFHIWWXQBPY
DB04522	BZQFBWGGLXLEPQ-UHFFFAOYSA-N	BZQFBWGGLXLEPQ
DB04523	BDSGOSWEKUGHOV-UHFFFAOYSA-N	BDSGOSWEKUGHOV
DB04524	LTYOQGRJFJAKNA-UHFFFAOYSA-N	LTYOQGRJFJAKNA
DB04525	PUAJYWYRZTYQKS-UHFFFAOYSA-N	PUAJYWYRZTYQKS
DB04526	BGWQRWREUZVRGI-UHFFFAOYSA-N	BGWQRWREUZVRGI
DB04527	VQTLPSCRBFYDNX-UHFFFAOYSA-N	VQTLPSCRBFYDNX
DB04528	UFBJCMHMOXMLKC-UHFFFAOYSA-N	UFBJCMHMOXMLKC
DB04529	QCHYVJAUGVHJHX-UHFFFAOYSA-N	QCHYVJAUGVHJHX
DB04530	YPUBRSXDQSFQBA-UHFFFAOYSA-N	YPUBRSXDQSFQBA
DB04531	GHBAYRBVXCRIHT-UHFFFAOYSA-N	GHBAYRBVXCRIHT
DB04532	SIKJAQJRHWYJAI-UHFFFAOYSA-N	SIKJAQJRHWYJAI
DB04533	ZMXYNJXDULEQCK-UHFFFAOYSA-N	ZMXYNJXDULEQCK
DB04534	WSGURAYTCUVDQL-UHFFFAOYSA-N	WSGURAYTCUVDQL
DB04537	JLSKPBDKNIXMBS-UHFFFAOYSA-N	JLSKPBDKNIXMBS
DB04538	LXRUAYBIUSUULX-UHFFFAOYSA-N	LXRUAYBIUSUULX
DB04539	XDDAORKBJWWYJS-UHFFFAOYSA-O	XDDAORKBJWWYJS
DB04540	HVYWMOMLDIMFJA-UHFFFAOYSA-N	HVYWMOMLDIMFJA
DB04541	OWOHLURDBZHNGG-UHFFFAOYSA-N	OWOHLURDBZHNGG
DB04542	QOYVAFWJURKBJG-UHFFFAOYSA-N	QOYVAFWJURKBJG
DB04543	CEWKWXPCQGWWBM-UHFFFAOYSA-N	CEWKWXPCQGWWBM
DB04544	BUPVODXECQDZQR-UHFFFAOYSA-N	BUPVODXECQDZQR
DB04545	QPYJXFZUIJOGNX-UHFFFAOYSA-N	QPYJXFZUIJOGNX
DB04546	DBZQFUNLCALWDY-UHFFFAOYSA-N	DBZQFUNLCALWDY
DB04547	AJZAPEZJWWQJHC-UHFFFAOYSA-N	AJZAPEZJWWQJHC
DB04548	OGDYCNQXUUBOMI-UHFFFAOYSA-N	OGDYCNQXUUBOMI
DB04549	AANTYZRUJFNZFI-UHFFFAOYSA-N	AANTYZRUJFNZFI
DB04551	RNBGYGVWRKECFJ-UHFFFAOYSA-N	RNBGYGVWRKECFJ
DB04552	JZFPYUNJRRFVQU-UHFFFAOYSA-N	JZFPYUNJRRFVQU
DB04553	TYEYBOSBBBHJIV-UHFFFAOYSA-N	TYEYBOSBBBHJIV
DB04554	KVVVTFSHHQCHNZ-UHFFFAOYSA-N	KVVVTFSHHQCHNZ
DB04555	ZWIADYZPOWUWEW-UHFFFAOYSA-N	ZWIADYZPOWUWEW
DB04556	GQZXRLWUYONVCP-UHFFFAOYSA-N	GQZXRLWUYONVCP
DB04557	YZXBAPSDXZZRGB-UHFFFAOYSA-N	YZXBAPSDXZZRGB
DB04559	JYBXKTLYOMPMQY-UHFFFAOYSA-N	JYBXKTLYOMPMQY
DB04560	DUAWJQCMZICMIK-UHFFFAOYSA-N	DUAWJQCMZICMIK
DB04561	QITAGYVZDNZULE-UHFFFAOYSA-N	QITAGYVZDNZULE
DB04562	KQTIIICEAUMSDG-UHFFFAOYSA-N	KQTIIICEAUMSDG
DB04563	VIZNZQTZRMTYPZ-UHFFFAOYSA-M	VIZNZQTZRMTYPZ
DB04564	PHOQVHQSTUBQQK-UHFFFAOYSA-N	PHOQVHQSTUBQQK
DB04565	CRHJDPGLFDNPOA-UHFFFAOYSA-N	CRHJDPGLFDNPOA
DB04566	GRSZFWQUAKGDAV-UHFFFAOYSA-N	GRSZFWQUAKGDAV
DB04568	NKYAAYKKNSYIIW-UHFFFAOYSA-N	NKYAAYKKNSYIIW
DB04569	UYWQUFXKFGHYNT-UHFFFAOYSA-N	UYWQUFXKFGHYNT
DB04570	JWCSIUVGFCSJCK-UHFFFAOYSA-N	JWCSIUVGFCSJCK
DB04571	FMHHVULEAZTJMA-UHFFFAOYSA-N	FMHHVULEAZTJMA
DB04572	FOCVUCIESVLUNU-UHFFFAOYSA-N	FOCVUCIESVLUNU
DB04573	PROQIPRRNZUXQM-UHFFFAOYSA-N	PROQIPRRNZUXQM
DB04574	JKKFKPJIXZFSSB-UHFFFAOYSA-N	JKKFKPJIXZFSSB
DB04575	PWZUUYSISTUNDW-UHFFFAOYSA-N	PWZUUYSISTUNDW
DB04576	XBJBPGROQZJDOJ-UHFFFAOYSA-N	XBJBPGROQZJDOJ
DB04577	SJWOFBVBNFLWLP-UHFFFAOYSA-N	SJWOFBVBNFLWLP
DB04578	OEVYDSSAPNIURZ-UHFFFAOYSA-N	OEVYDSSAPNIURZ
DB04579	QMPAEYUADYAXIX-UHFFFAOYSA-N	QMPAEYUADYAXIX
DB04580	QYEMNJMSULGQRD-UHFFFAOYSA-N	QYEMNJMSULGQRD
DB04581	KKKDZZRICRFGSD-UHFFFAOYSA-N	KKKDZZRICRFGSD
DB04583	LAZPCGBRHLARSI-UHFFFAOYSA-N	LAZPCGBRHLARSI
DB04585	CCCYGXMAMSUXAV-UHFFFAOYSA-N	CCCYGXMAMSUXAV
DB04586	VADKRMSMGWJZCF-UHFFFAOYSA-N	VADKRMSMGWJZCF
DB04588	OOHYJGNSESWEFT-UHFFFAOYSA-N	OOHYJGNSESWEFT
DB04590	PGYOHIAQCFZQDK-UHFFFAOYSA-N	PGYOHIAQCFZQDK
DB04591	VYJOAYZRCNHDNG-UHFFFAOYSA-N	VYJOAYZRCNHDNG
DB04592	RTKMFQOHBDVEBC-UHFFFAOYSA-N	RTKMFQOHBDVEBC
DB04593	UBGNMISWPGURDN-UHFFFAOYSA-N	UBGNMISWPGURDN
DB04594	ZQHYXNSQOIDNTL-UHFFFAOYSA-N	ZQHYXNSQOIDNTL
DB04595	IDBWWEGDLCFCTD-UHFFFAOYSA-N	IDBWWEGDLCFCTD
DB04596	GZJXZKGVHLWBOW-UHFFFAOYSA-N	GZJXZKGVHLWBOW
DB04597	QVVFNJUJKXWFAU-UHFFFAOYSA-N	QVVFNJUJKXWFAU
DB04598	VWEPFJPQZFIOAU-UHFFFAOYSA-N	VWEPFJPQZFIOAU
DB04599	ZXNRTKGTQJPIJK-UHFFFAOYSA-N	ZXNRTKGTQJPIJK
DB04600	GHDKYBCUDPSXGJ-UHFFFAOYSA-N	GHDKYBCUDPSXGJ
DB04601	WEXGHQDVDVWOIU-UHFFFAOYSA-N	WEXGHQDVDVWOIU
DB04602	BFPIKGKMRKBBBF-UHFFFAOYSA-N	BFPIKGKMRKBBBF
DB04604	WHSIXKUPQCKWBY-UHFFFAOYSA-N	WHSIXKUPQCKWBY
DB04605	DTVYNUOOZIKEEX-UHFFFAOYSA-N	DTVYNUOOZIKEEX
DB04606	UHMORXPPNXDKHY-UHFFFAOYSA-N	UHMORXPPNXDKHY
DB04607	UQAWGIKJINAKIZ-UHFFFAOYSA-N	UQAWGIKJINAKIZ
DB04608	IAUZTOZLTFSMIE-UHFFFAOYSA-N	IAUZTOZLTFSMIE
DB04609	HFLCERPZYCWLSZ-UHFFFAOYSA-N	HFLCERPZYCWLSZ
DB04610	XMFJTCGUDFSWSW-UHFFFAOYSA-N	XMFJTCGUDFSWSW
DB04612	QKPXPZYQPBWDHS-UHFFFAOYSA-N	QKPXPZYQPBWDHS
DB04614	ROTFGKJJMRTWBD-UHFFFAOYSA-N	ROTFGKJJMRTWBD
DB04615	ROTFGKJJMRTWBD-UHFFFAOYSA-N	ROTFGKJJMRTWBD
DB04616	UNVOAAWEEGAXTN-UHFFFAOYSA-N	UNVOAAWEEGAXTN
DB04617	LFBAUYQQFKFFCF-UHFFFAOYSA-P	LFBAUYQQFKFFCF
DB04618	HAWINQMQXQMONI-UHFFFAOYSA-N	HAWINQMQXQMONI
DB04619	KWOLFJPFCHCOCG-UHFFFAOYSA-N	KWOLFJPFCHCOCG
DB04620	NILQLFBWTXNUOE-UHFFFAOYSA-N	NILQLFBWTXNUOE
DB04622	XJWPISBUKWZALE-UHFFFAOYSA-N	XJWPISBUKWZALE
DB04623	CGBRFCVAMLJVEA-UHFFFAOYSA-N	CGBRFCVAMLJVEA
DB04624	SIHNJMGWRHPFAZ-UHFFFAOYSA-N	SIHNJMGWRHPFAZ
DB04626	XZNUGFQTQHRASN-UHFFFAOYSA-N	XZNUGFQTQHRASN
DB04627	UUGITDASWNOAGG-UHFFFAOYSA-N	UUGITDASWNOAGG
DB04628	MDWNFWDBQGOKNZ-UHFFFAOYSA-N	MDWNFWDBQGOKNZ
DB04629	JMXMEKJLQWJRHY-UHFFFAOYSA-N	JMXMEKJLQWJRHY
DB04630	PQSUYGKTWSAVDQ-UHFFFAOYSA-N	PQSUYGKTWSAVDQ
DB04631	OVULNOOPECCZRG-UHFFFAOYSA-N	OVULNOOPECCZRG
DB04632	JHHBGNIRSUTQAS-UHFFFAOYSA-N	JHHBGNIRSUTQAS
DB04633	ZFYULDAPZWEGGQ-UHFFFAOYSA-N	ZFYULDAPZWEGGQ
DB04634	TYRGLVWXHJRKMT-UHFFFAOYSA-N	TYRGLVWXHJRKMT
DB04636	VVOPSEUXHSUTJS-UHFFFAOYSA-N	VVOPSEUXHSUTJS
DB04637	FCMCSZXRVWDVAW-UHFFFAOYSA-N	FCMCSZXRVWDVAW
DB04638	JZODKRWQWUWGCD-UHFFFAOYSA-N	JZODKRWQWUWGCD
DB04639	JCZLABDVDPYLRZ-UHFFFAOYSA-N	JCZLABDVDPYLRZ
DB04640	FITZJYAVATZPMJ-UHFFFAOYSA-N	FITZJYAVATZPMJ
DB04641	QMWOUSYSNFCKAZ-UHFFFAOYSA-N	QMWOUSYSNFCKAZ
DB04642	XQTOWNDCHQJXOQ-UHFFFAOYSA-N	XQTOWNDCHQJXOQ
DB04643	FYQVFMLCZJZZEM-UHFFFAOYSA-N	FYQVFMLCZJZZEM
DB04644	FCEMCUPAYRPTLS-UHFFFAOYSA-N	FCEMCUPAYRPTLS
DB04645	NJJIFGCFUDDBSP-UHFFFAOYSA-N	NJJIFGCFUDDBSP
DB04646	GHHZELQYJPWSMG-UHFFFAOYSA-N	GHHZELQYJPWSMG
DB04647	OTTYWVUOPWENAJ-UHFFFAOYSA-N	OTTYWVUOPWENAJ
DB04648	RYOVYWMBACBGOD-UHFFFAOYSA-N	RYOVYWMBACBGOD
DB04649	MVFPGTZTOAHVBP-UHFFFAOYSA-N	MVFPGTZTOAHVBP
DB04650	YBJHBAHKTGYVGT-UHFFFAOYSA-N	YBJHBAHKTGYVGT
DB04651	KBOGUFFJCBPJEH-UHFFFAOYSA-N	KBOGUFFJCBPJEH
DB04652	OMFXVFTZEKFJBZ-UHFFFAOYSA-N	OMFXVFTZEKFJBZ
DB04653	JCRSHQCFRMCMOC-UHFFFAOYSA-N	JCRSHQCFRMCMOC
DB04654	HADYAKDSDIXWOF-UHFFFAOYSA-N	HADYAKDSDIXWOF
DB04655	VQJHOPSWBGJHQS-UHFFFAOYSA-N	VQJHOPSWBGJHQS
DB04656	SCUFESRLGCQXRX-UHFFFAOYSA-N	SCUFESRLGCQXRX
DB04657	GYSSRZJIHXQEHQ-UHFFFAOYSA-N	GYSSRZJIHXQEHQ
DB04658	FXFBVZOJVHCEDO-UHFFFAOYSA-N	FXFBVZOJVHCEDO
DB04659	LZDZCEOFJWRJIA-UHFFFAOYSA-N	LZDZCEOFJWRJIA
DB04660	SUHOQUVVVLNYQR-UHFFFAOYSA-N	SUHOQUVVVLNYQR
DB04661	ZZQWQNAZXFNSEP-UHFFFAOYSA-N	ZZQWQNAZXFNSEP
DB04662	NDUVSANREQEDRE-UHFFFAOYSA-N	NDUVSANREQEDRE
DB04664	RVTGFZGNOSKUDA-UHFFFAOYSA-N	RVTGFZGNOSKUDA
DB04665	ZYGHJZDHTFUPRJ-UHFFFAOYSA-N	ZYGHJZDHTFUPRJ
DB04669	YWBFPKPWMSWWEA-UHFFFAOYSA-O	YWBFPKPWMSWWEA
DB04671	FBDBZWJNHYXEKT-UHFFFAOYSA-O	FBDBZWJNHYXEKT
DB04672	XLPGURCDSRIXFL-UHFFFAOYSA-N	XLPGURCDSRIXFL
DB04673	JUUFKVAFKAKWRV-UHFFFAOYSA-N	JUUFKVAFKAKWRV
DB04674	DHZVWQPHNWDCFS-UHFFFAOYSA-N	DHZVWQPHNWDCFS
DB04676	VQPRNSWQIAHPMS-UHFFFAOYSA-N	VQPRNSWQIAHPMS
DB04677	BVYBGDRWIWQPOV-UHFFFAOYSA-N	BVYBGDRWIWQPOV
DB04678	PHTAQVMXYWFMHF-UHFFFAOYSA-N	PHTAQVMXYWFMHF
DB04679	MGSDFCKWGHNUSM-UHFFFAOYSA-N	MGSDFCKWGHNUSM
DB04680	ZJZBQHWSENWEMY-UHFFFAOYSA-N	ZJZBQHWSENWEMY
DB04681	FHNIYFZSHCGBPP-UHFFFAOYSA-N	FHNIYFZSHCGBPP
DB04682	WEGJDERSZWOWIB-UHFFFAOYSA-N	WEGJDERSZWOWIB
DB04683	QGIXWNRQEFVVRM-UHFFFAOYSA-N	QGIXWNRQEFVVRM
DB04685	GJNIPWYJQUGERM-UHFFFAOYSA-N	GJNIPWYJQUGERM
DB04687	WWJJVKAEQGGYHJ-UHFFFAOYSA-N	WWJJVKAEQGGYHJ
DB04688	QIQNNBXHAYSQRY-UHFFFAOYSA-N	QIQNNBXHAYSQRY
DB04689	ZXWVCCFKIRBLDP-UHFFFAOYSA-N	ZXWVCCFKIRBLDP
DB04690	VSJKWCGYPAHWDS-UHFFFAOYSA-N	VSJKWCGYPAHWDS
DB04693	CRDKSBHJIGNEOH-UHFFFAOYSA-N	CRDKSBHJIGNEOH
DB04695	MYMLCRQRXFRQGP-UHFFFAOYSA-N	MYMLCRQRXFRQGP
DB04696	GFGZCXHXQCQRFP-UHFFFAOYSA-N	GFGZCXHXQCQRFP
DB04697	PCCHJIAHIWBHDQ-UHFFFAOYSA-N	PCCHJIAHIWBHDQ
DB04698	HJWYZPGYPZNDTN-UHFFFAOYSA-N	HJWYZPGYPZNDTN
DB04699	YEJRWHAVMIAJKC-UHFFFAOYSA-N	YEJRWHAVMIAJKC
DB04700	DMAPAHUEYHXRFI-UHFFFAOYSA-N	DMAPAHUEYHXRFI
DB04701	QTQDDTSVRVWHMO-UHFFFAOYSA-N	QTQDDTSVRVWHMO
DB04702	AKIXWSDUEPPMKM-UHFFFAOYSA-N	AKIXWSDUEPPMKM
DB04703	QUQPHWDTPGMPEX-UHFFFAOYSA-N	QUQPHWDTPGMPEX
DB04705	INBGSXNNRGWLJU-UHFFFAOYSA-N	INBGSXNNRGWLJU
DB04706	OYXZMSRRJOYLLO-UHFFFAOYSA-N	OYXZMSRRJOYLLO
DB04707	ZAVGJDAFCZAWSZ-UHFFFAOYSA-N	ZAVGJDAFCZAWSZ
DB04709	DEJXHCDDTLTVNB-UHFFFAOYSA-N	DEJXHCDDTLTVNB
DB04711	FFINMCNLQNTKLU-UHFFFAOYSA-N	FFINMCNLQNTKLU
DB04713	PZNQZSRPDOEBMS-UHFFFAOYSA-N	PZNQZSRPDOEBMS
DB04714	NUHSROFQTUXZQQ-UHFFFAOYSA-N	NUHSROFQTUXZQQ
DB04715	IVUBNTNWKIPCPS-UHFFFAOYSA-N	IVUBNTNWKIPCPS
DB04716	VNDWQCSOSCCWIP-UHFFFAOYSA-N	VNDWQCSOSCCWIP
DB04719	SLPJGDQJLTYWCI-UHFFFAOYSA-N	SLPJGDQJLTYWCI
DB04720	ZIGJZZDDPXRGTL-UHFFFAOYSA-N	ZIGJZZDDPXRGTL
DB04721	QHCZROILDUNGRT-UHFFFAOYSA-N	QHCZROILDUNGRT
DB04722	QNBCEVFVDCKHNZ-UHFFFAOYSA-N	QNBCEVFVDCKHNZ
DB04723	YHBCRXAIIVZWEW-UHFFFAOYSA-N	YHBCRXAIIVZWEW
DB04724	COVPLULNDBDXTN-UHFFFAOYSA-N	COVPLULNDBDXTN
DB04725	UAWXGRJVZSAUSZ-UHFFFAOYSA-N	UAWXGRJVZSAUSZ
DB04727	FGZIONRFHVNRJB-UHFFFAOYSA-N	FGZIONRFHVNRJB
DB04728	DBLVDAUGBTYDFR-UHFFFAOYSA-N	DBLVDAUGBTYDFR
DB04729	VEGXETMJINRLTH-UHFFFAOYSA-N	VEGXETMJINRLTH
DB04731	CWRILEGKIAOYKP-UHFFFAOYSA-O	CWRILEGKIAOYKP
DB04732	MQMHIOPMTAJOHV-UHFFFAOYSA-N	MQMHIOPMTAJOHV
DB04733	WOYYTQHMNDWRCW-UHFFFAOYSA-N	WOYYTQHMNDWRCW
DB04734	HNEGQIOMVPPMNR-UHFFFAOYSA-N	HNEGQIOMVPPMNR
DB04735	FIJGNIAJTZSERN-UHFFFAOYSA-N	FIJGNIAJTZSERN
DB04736	UPFMKPIBAIPLHT-UHFFFAOYSA-N	UPFMKPIBAIPLHT
DB04738	GIRIHYQVGVTBIP-UHFFFAOYSA-N	GIRIHYQVGVTBIP
DB04739	JHMBUEWQJDGKGS-UHFFFAOYSA-N	JHMBUEWQJDGKGS
DB04740	ZTOQXKUYWZBJLG-UHFFFAOYSA-N	ZTOQXKUYWZBJLG
DB04741	XKTFQMCPGMTBMD-UHFFFAOYSA-N	XKTFQMCPGMTBMD
DB04742	QIZKCGBBVPUBJL-UHFFFAOYSA-N	QIZKCGBBVPUBJL
DB04743	HYWYRSMBCFDLJT-UHFFFAOYSA-N	HYWYRSMBCFDLJT
DB04744	WVCHIGAIXREVNS-UHFFFAOYSA-N	WVCHIGAIXREVNS
DB04745	LISFMEBWQUVKPJ-UHFFFAOYSA-N	LISFMEBWQUVKPJ
DB04746	GKJZMAHZJGSBKD-UHFFFAOYSA-N	GKJZMAHZJGSBKD
DB04747	ZSXWVPXJLXTOQQ-UHFFFAOYSA-N	ZSXWVPXJLXTOQQ
DB04749	LHLHVBHXBHTTIV-UHFFFAOYSA-M	LHLHVBHXBHTTIV
DB04751	PMXCMJLOPOFPBT-UHFFFAOYSA-N	PMXCMJLOPOFPBT
DB04752	PGYPLYNHOCZJEB-UHFFFAOYSA-N	PGYPLYNHOCZJEB
DB04753	ZOEDLCUBOBTIHG-UHFFFAOYSA-N	ZOEDLCUBOBTIHG
DB04754	HYAPEMYRVFIHDJ-UHFFFAOYSA-N	HYAPEMYRVFIHDJ
DB04756	SNAMTVTZDPUVRA-UHFFFAOYSA-N	SNAMTVTZDPUVRA
DB04757	GKAPYWCOOQBBHV-UHFFFAOYSA-N	GKAPYWCOOQBBHV
DB04758	FJGWLOKDOKYXMU-UHFFFAOYSA-N	FJGWLOKDOKYXMU
DB04759	GTBUZLPQANSGGE-UHFFFAOYSA-N	GTBUZLPQANSGGE
DB04760	PYFRREJCFXFNRR-UHFFFAOYSA-N	PYFRREJCFXFNRR
DB04761	NHPBWKYFMTXWAA-UHFFFAOYSA-N	NHPBWKYFMTXWAA
DB04762	JMRKOGDJNHPMHS-UHFFFAOYSA-N	JMRKOGDJNHPMHS
DB04763	UXBCHTZINZNVRG-UHFFFAOYSA-N	UXBCHTZINZNVRG
DB04764	CCLHROFBSWWOQO-UHFFFAOYSA-N	CCLHROFBSWWOQO
DB04765	CNIVMJHNGQZEAY-UHFFFAOYSA-N	CNIVMJHNGQZEAY
DB04767	AIIJKVORRBMJHS-UHFFFAOYSA-N	AIIJKVORRBMJHS
DB04768	ZHKSTKOYQKNDSJ-UHFFFAOYSA-O	ZHKSTKOYQKNDSJ
DB04769	SQWZFLMPDUSYGV-UHFFFAOYSA-N	SQWZFLMPDUSYGV
DB04770	HGADNQLEUZSUEJ-UHFFFAOYSA-N	HGADNQLEUZSUEJ
DB04771	FIZYZWLGMGGGBJ-UHFFFAOYSA-N	FIZYZWLGMGGGBJ
DB04772	DSVCYWOHJLRGMK-UHFFFAOYSA-N	DSVCYWOHJLRGMK
DB04773	WGAHBMKAEWUQKL-UHFFFAOYSA-N	WGAHBMKAEWUQKL
DB04774	LOYDTENNTZZQJM-UHFFFAOYSA-N	LOYDTENNTZZQJM
DB04775	QTLSHCJDXCYLJK-UHFFFAOYSA-N	QTLSHCJDXCYLJK
DB04776	YPYWONAECUVKHY-UHFFFAOYSA-N	YPYWONAECUVKHY
DB04777	YKIUTLHCSNCTDZ-UHFFFAOYSA-N	YKIUTLHCSNCTDZ
DB04779	VZFUNHITNWTQFU-UHFFFAOYSA-N	VZFUNHITNWTQFU
DB04781	PHOJOSOUIAQEDH-UHFFFAOYSA-N	PHOJOSOUIAQEDH
DB04782	YKIUTLHCSNCTDZ-UHFFFAOYSA-N	YKIUTLHCSNCTDZ
DB04783	MINVLQAHLUCDIO-UHFFFAOYSA-N	MINVLQAHLUCDIO
DB04784	WAPNOHKVXSQRPX-UHFFFAOYSA-N	WAPNOHKVXSQRPX
DB04785	KVTPRMVXYZKLIG-UHFFFAOYSA-N	KVTPRMVXYZKLIG
DB04786	FIAFUQMPZJWCLV-UHFFFAOYSA-N	FIAFUQMPZJWCLV
DB04787	PYVFWTPEBMRKSR-UHFFFAOYSA-N	PYVFWTPEBMRKSR
DB04788	UVAAUIDYGIWLMB-UHFFFAOYSA-N	UVAAUIDYGIWLMB
DB04789	ZNOVTXRBGFNYRX-UHFFFAOYSA-N	ZNOVTXRBGFNYRX
DB04790	IBIUTOFGXGGVKQ-UHFFFAOYSA-N	IBIUTOFGXGGVKQ
DB04791	DKBAWRNTUZFJKV-UHFFFAOYSA-N	DKBAWRNTUZFJKV
DB04792	CDEVHSIVANGYRI-UHFFFAOYSA-N	CDEVHSIVANGYRI
DB04793	DKBAWRNTUZFJKV-UHFFFAOYSA-N	DKBAWRNTUZFJKV
DB04794	OCAPBUJLXMYKEJ-UHFFFAOYSA-N	OCAPBUJLXMYKEJ
DB04795	TXBBUSUXYMIVOS-UHFFFAOYSA-N	TXBBUSUXYMIVOS
DB04796	HHGRMHMXKPQNGF-UHFFFAOYSA-N	HHGRMHMXKPQNGF
DB04797	OVCXRBARSPBVMC-UHFFFAOYSA-N	OVCXRBARSPBVMC
DB04798	FHWOAQCPEFTDOQ-UHFFFAOYSA-N	FHWOAQCPEFTDOQ
DB04799	VSIBLXWNANVQDH-UHFFFAOYSA-N	VSIBLXWNANVQDH
DB04800	OTZLVSGSRPNRFT-UHFFFAOYSA-N	OTZLVSGSRPNRFT
DB04801	UWHZIFQPPBDJPM-UHFFFAOYSA-N	UWHZIFQPPBDJPM
DB04803	CTSMZSLFHNMLGF-UHFFFAOYSA-M	CTSMZSLFHNMLGF
DB04805	FEPMHVLSLDOMQC-UHFFFAOYSA-N	FEPMHVLSLDOMQC
DB04807	HQYVHBCTLFPWRQ-UHFFFAOYSA-N	HQYVHBCTLFPWRQ
DB04808	SYJXFKPQNSDJLI-UHFFFAOYSA-N	SYJXFKPQNSDJLI
DB04809	XEPYCFDUJQLJNC-UHFFFAOYSA-L	XEPYCFDUJQLJNC
DB04810	QTBDMPNGRTYCTK-UHFFFAOYSA-L	QTBDMPNGRTYCTK
DB04811	HXFYGSOGECBSOY-UHFFFAOYSA-L	HXFYGSOGECBSOY
DB04812	MITFXPHMIHQXPI-UHFFFAOYSA-N	MITFXPHMIHQXPI
DB04813	JFIOVJDNOJYLKP-UHFFFAOYSA-N	JFIOVJDNOJYLKP
DB04815	QCDFBFJGMNKBDO-UHFFFAOYSA-N	QCDFBFJGMNKBDO
DB04816	QBPFLULOKWLNNW-UHFFFAOYSA-N	QBPFLULOKWLNNW
DB04817	LVWZTYCIRDMTEY-UHFFFAOYSA-N	LVWZTYCIRDMTEY
DB04818	NYMGNSNKLVNMIA-UHFFFAOYSA-N	NYMGNSNKLVNMIA
DB04819	HNJJXZKZRAWDPF-UHFFFAOYSA-N	HNJJXZKZRAWDPF
DB04820	NOIIUHRQUVNIDD-UHFFFAOYSA-N	NOIIUHRQUVNIDD
DB04821	XXPANQJNYNUNES-UHFFFAOYSA-N	XXPANQJNYNUNES
DB04822	IQADUMSPOQKAAO-UHFFFAOYSA-N	IQADUMSPOQKAAO
DB04823	SJDACOMXKWHBOW-UHFFFAOYSA-N	SJDACOMXKWHBOW
DB04824	KJFMBFZCATUALV-UHFFFAOYSA-N	KJFMBFZCATUALV
DB04825	IFFPICMESYHZPQ-UHFFFAOYSA-N	IFFPICMESYHZPQ
DB04826	KLOHYVOVXOUKQI-UHFFFAOYSA-N	KLOHYVOVXOUKQI
DB04827	JOYRKODLDBILNP-UHFFFAOYSA-N	JOYRKODLDBILNP
DB04828	ZXVNMYWKKDOREA-UHFFFAOYSA-N	ZXVNMYWKKDOREA
DB04829	VAYOSLLFUXYJDT-UHFFFAOYSA-N	VAYOSLLFUXYJDT
DB04830	XSEUMFJMFFMCIU-UHFFFAOYSA-N	XSEUMFJMFFMCIU
DB04831	AGHANLSBXUWXTB-UHFFFAOYSA-N	AGHANLSBXUWXTB
DB04832	OYPPVKRFBIWMSX-UHFFFAOYSA-N	OYPPVKRFBIWMSX
DB04833	JEYCTXHKTXCGPB-UHFFFAOYSA-N	JEYCTXHKTXCGPB
DB04834	HTIKWNNIPGXLGM-UHFFFAOYSA-N	HTIKWNNIPGXLGM
DB04835	GSNHKUDZZFZSJB-UHFFFAOYSA-N	GSNHKUDZZFZSJB
DB04836	ONNOFKFOZAJDHT-UHFFFAOYSA-N	ONNOFKFOZAJDHT
DB04837	WRCHFMBCVFFYEQ-UHFFFAOYSA-N	WRCHFMBCVFFYEQ
DB04838	WZHCOOQXZCIUNC-UHFFFAOYSA-N	WZHCOOQXZCIUNC
DB04839	UWFYSQMTEOIJJG-UHFFFAOYSA-N	UWFYSQMTEOIJJG
DB04840	JWPGJSVJDAJRLW-UHFFFAOYSA-N	JWPGJSVJDAJRLW
DB04841	SMANXXCATUTDDT-UHFFFAOYSA-N	SMANXXCATUTDDT
DB04842	QOYHHIBFXOOADH-UHFFFAOYSA-N	QOYHHIBFXOOADH
DB04843	GKNPSSNBBWDAGH-UHFFFAOYSA-N	GKNPSSNBBWDAGH
DB04844	MKJIEFSOBYUXJB-UHFFFAOYSA-N	MKJIEFSOBYUXJB
DB04845	FABUFPQFXZVHFB-UHFFFAOYSA-N	FABUFPQFXZVHFB
DB04846	JOATXPAWOHTVSZ-UHFFFAOYSA-N	JOATXPAWOHTVSZ
DB04847	YOZBGTLTNGAVFU-UHFFFAOYSA-N	YOZBGTLTNGAVFU
DB04849	XXJWYDDUDKYVKI-UHFFFAOYSA-N	XXJWYDDUDKYVKI
DB04850	HBUJYEUPIIJJOS-UHFFFAOYSA-N	HBUJYEUPIIJJOS
DB04851	CGVWPQOFHSAKRR-UHFFFAOYSA-N	CGVWPQOFHSAKRR
DB04852	AMNXBQPRODZJQR-UHFFFAOYSA-N	AMNXBQPRODZJQR
DB04853	XJFMHMFFBSOEPR-UHFFFAOYSA-N	XJFMHMFFBSOEPR
DB04854	BQSJTQLCZDPROO-UHFFFAOYSA-N	BQSJTQLCZDPROO
DB04855	ZQTNQVWKHCQYLQ-UHFFFAOYSA-N	ZQTNQVWKHCQYLQ
DB04856	QNQZBKQEIFTHFZ-UHFFFAOYSA-N	QNQZBKQEIFTHFZ
DB04857	NRLIFEGHTNUYFL-UHFFFAOYSA-N	NRLIFEGHTNUYFL
DB04858	ORYDPOVDJJZGHQ-UHFFFAOYSA-N	ORYDPOVDJJZGHQ
DB04859	PMBLXLOXUGVTGB-UHFFFAOYSA-N	PMBLXLOXUGVTGB
DB04860	TZYVRXZQAWPIAB-UHFFFAOYSA-N	TZYVRXZQAWPIAB
DB04861	KOHIRBRYDXPAMZ-UHFFFAOYSA-N	KOHIRBRYDXPAMZ
DB04862	JBPUGFODGPKTDW-UHFFFAOYSA-N	JBPUGFODGPKTDW
DB04863	PGCFXITVMNNKON-UHFFFAOYSA-N	PGCFXITVMNNKON
DB04864	ZRJBHWIHUMBLCN-UHFFFAOYSA-N	ZRJBHWIHUMBLCN
DB04865	HYFHYPWGAURHIV-UHFFFAOYSA-N	HYFHYPWGAURHIV
DB04866	LVASCWIMLIKXLA-UHFFFAOYSA-N	LVASCWIMLIKXLA
DB04867	ILNRQFBVVQUOLP-UHFFFAOYSA-N	ILNRQFBVVQUOLP
DB04868	HHZIURLSWUIHRB-UHFFFAOYSA-N	HHZIURLSWUIHRB
DB04869	ITIXDWVDFFXNEG-UHFFFAOYSA-N	ITIXDWVDFFXNEG
DB04870	IMIPDPVHGGHVNH-UHFFFAOYSA-N	IMIPDPVHGGHVNH
DB04871	XTTZERNUQAFMOF-UHFFFAOYSA-N	XTTZERNUQAFMOF
DB04872	DZOJBGLFWINFBF-UHFFFAOYSA-N	DZOJBGLFWINFBF
DB04873	KVCSJPATKXABRQ-UHFFFAOYSA-N	KVCSJPATKXABRQ
DB04874	BSKHPKMHTQYZBB-UHFFFAOYSA-N	BSKHPKMHTQYZBB
DB04875	CXAGHAZMQSCAKJ-UHFFFAOYSA-N	CXAGHAZMQSCAKJ
DB04876	SYOKIDBDQMKNDQ-UHFFFAOYSA-N	SYOKIDBDQMKNDQ
DB04877	VCMIRXRRQJNZJT-UHFFFAOYSA-N	VCMIRXRRQJNZJT
DB04878	FZNCGRZWXLXZSZ-UHFFFAOYSA-N	FZNCGRZWXLXZSZ
DB04879	YCOYDOIWSSHVCK-UHFFFAOYSA-N	YCOYDOIWSSHVCK
DB04880	ZJKNESGOIKRXQY-UHFFFAOYSA-N	ZJKNESGOIKRXQY
DB04881	OSFCMRGOZNQUSW-UHFFFAOYSA-N	OSFCMRGOZNQUSW
DB04882	QMVPQBFHUJZJCS-UHFFFAOYSA-N	QMVPQBFHUJZJCS
DB04883	FEJVSJIALLTFRP-UHFFFAOYSA-N	FEJVSJIALLTFRP
DB04884	USRHYDPUVLEVMC-UHFFFAOYSA-N	USRHYDPUVLEVMC
DB04885	NCNFDKWULDWJDS-UHFFFAOYSA-N	NCNFDKWULDWJDS
DB04886	NIDRYBLTWYFCFV-UHFFFAOYSA-N	NIDRYBLTWYFCFV
DB04887	JORVRJNILJXMMG-UHFFFAOYSA-N	JORVRJNILJXMMG
DB04888	CYGODHVAJQTCBG-UHFFFAOYSA-N	CYGODHVAJQTCBG
DB04889	OFYVIGTWSQPCLF-UHFFFAOYSA-N	OFYVIGTWSQPCLF
DB04890	YWGDOWXRIALTES-UHFFFAOYSA-N	YWGDOWXRIALTES
DB04891	QSLUXQQUPXBIHH-UHFFFAOYSA-N	QSLUXQQUPXBIHH
DB04892	PBHFNBQPZCRWQP-UHFFFAOYSA-N	PBHFNBQPZCRWQP
DB04894	SWXOGPJRIDTIRL-UHFFFAOYSA-N	SWXOGPJRIDTIRL
DB04896	GJJFMKBJSRMPLA-UHFFFAOYSA-N	GJJFMKBJSRMPLA
DB04898	ZXIBCJHYVWYIKI-UHFFFAOYSA-N	ZXIBCJHYVWYIKI
DB04903	HIUPRQPBWVEQJJ-UHFFFAOYSA-N	HIUPRQPBWVEQJJ
DB04905	NFIXBCVWIPOYCD-UHFFFAOYSA-N	NFIXBCVWIPOYCD
DB04908	PPRRDFIXUUSXRA-UHFFFAOYSA-N	PPRRDFIXUUSXRA
DB04910	RAOCRURYZCVHMG-UHFFFAOYSA-N	RAOCRURYZCVHMG
DB04911	VHFGEBVPHAGQPI-UHFFFAOYSA-N	VHFGEBVPHAGQPI
DB04912	IGMKWJRMRICTIN-UHFFFAOYSA-L	IGMKWJRMRICTIN
DB04915	ZZUBHVMHNVYXRR-UHFFFAOYSA-N	ZZUBHVMHNVYXRR
DB04917	YFUAYKVMQVBSNG-UHFFFAOYSA-N	YFUAYKVMQVBSNG
DB04918	VOAZJEPQLGBXGO-UHFFFAOYSA-N	VOAZJEPQLGBXGO
DB04920	KPBZROQVTHLCDU-UHFFFAOYSA-N	KPBZROQVTHLCDU
DB04924	QQQIECGTIMUVDS-UHFFFAOYSA-N	QQQIECGTIMUVDS
DB04926	OGZQTTHDGQBLBT-UHFFFAOYSA-N	OGZQTTHDGQBLBT
DB04930	RLLPVAHGXHCWKJ-UHFFFAOYSA-N	RLLPVAHGXHCWKJ
DB04931	UAHFGYDRQSXQEB-UHFFFAOYSA-N	UAHFGYDRQSXQEB
DB04933	BPSMYQFMCXXNPC-UHFFFAOYSA-N	BPSMYQFMCXXNPC
DB04934	IXSVOCGZBUJEPI-UHFFFAOYSA-N	IXSVOCGZBUJEPI
DB04936	BJHIKXHVCXFQLS-UHFFFAOYSA-N	BJHIKXHVCXFQLS
DB04938	LUMKNAVTFCDUIE-UHFFFAOYSA-N	LUMKNAVTFCDUIE
DB04942	MUTNCGKQJGXKEM-UHFFFAOYSA-N	MUTNCGKQJGXKEM
DB04944	RTRQQBHATOEIAF-UHFFFAOYSA-N	RTRQQBHATOEIAF
DB04946	XMXHEBAFVSFQEX-UHFFFAOYSA-N	XMXHEBAFVSFQEX
DB04947	GTQLIPQFXVKRKJ-UHFFFAOYSA-N	GTQLIPQFXVKRKJ
DB04948	KSMAGQUYOIHWFS-UHFFFAOYSA-N	KSMAGQUYOIHWFS
DB04951	ISWRGOKTTBVCFA-UHFFFAOYSA-N	ISWRGOKTTBVCFA
DB04952	KGZHFKDNSAEOJX-UHFFFAOYSA-N	KGZHFKDNSAEOJX
DB04953	PCOBBVZJEWWZFR-UHFFFAOYSA-N	PCOBBVZJEWWZFR
DB04954	OESBDSFYJMDRJY-UHFFFAOYSA-N	OESBDSFYJMDRJY
DB04957	MREBEPTUUMTTIA-UHFFFAOYSA-N	MREBEPTUUMTTIA
DB04960	PLHJCIYEEKOWNM-UHFFFAOYSA-N	PLHJCIYEEKOWNM
DB04961	RXRGZNYSEHTMHC-UHFFFAOYSA-N	RXRGZNYSEHTMHC
DB04967	FBQPGGIHOFZRGH-UHFFFAOYSA-N	FBQPGGIHOFZRGH
DB04970	AHCPKWJUALHOPH-UHFFFAOYSA-N	AHCPKWJUALHOPH
DB04971	QBQLYIISSRXYKL-UHFFFAOYSA-N	QBQLYIISSRXYKL
DB04972	OJLHWPALWODJPQ-UHFFFAOYSA-N	OJLHWPALWODJPQ
DB04974	GQLCLPLEEOUJQC-UHFFFAOYSA-N	GQLCLPLEEOUJQC
DB04975	YZBAXVICWUUHGG-UHFFFAOYSA-N	YZBAXVICWUUHGG
DB04977	UUSZLLQJYRSZIS-UHFFFAOYSA-N	UUSZLLQJYRSZIS
DB04982	JACAAXNEHGBPOQ-UHFFFAOYSA-N	JACAAXNEHGBPOQ
DB04983	FPNPSEMJLALQSA-UHFFFAOYSA-N	FPNPSEMJLALQSA
DB04996	PAFZNILMFXTMIY-UHFFFAOYSA-N	PAFZNILMFXTMIY
DB04998	DFYPFJSPLUVPFJ-UHFFFAOYSA-N	DFYPFJSPLUVPFJ
DB05003	BIXBBIPTYBJTRY-UHFFFAOYSA-N	BIXBBIPTYBJTRY
DB05009	FLEVIENZILQUKB-UHFFFAOYSA-N	FLEVIENZILQUKB
DB05010	ONNMDRQRSGKZCN-UHFFFAOYSA-N	ONNMDRQRSGKZCN
DB05013	VDJHFHXMUKFKET-UHFFFAOYSA-N	VDJHFHXMUKFKET
DB05015	NCNRHFGMJRPRSK-UHFFFAOYSA-N	NCNRHFGMJRPRSK
DB05016	OOUGLTULBSNHNF-UHFFFAOYSA-N	OOUGLTULBSNHNF
DB05018	LXBIFEVIBLOUGU-UHFFFAOYSA-N	LXBIFEVIBLOUGU
DB05022	UPALIKSFLSVKIS-UHFFFAOYSA-N	UPALIKSFLSVKIS
DB05025	SGEIEGAXKLMUIZ-UHFFFAOYSA-N	SGEIEGAXKLMUIZ
DB05034	IUCCYQIEZNQWRS-UHFFFAOYSA-N	IUCCYQIEZNQWRS
DB05035	VPCSYAVXDAUHLT-UHFFFAOYSA-N	VPCSYAVXDAUHLT
DB05038	XUHBBTKJWIBQMY-UHFFFAOYSA-N	XUHBBTKJWIBQMY
DB05039	QZZUEBNBZAPZLX-UHFFFAOYSA-N	QZZUEBNBZAPZLX
DB05045	LDUARVOCMXITCM-UHFFFAOYSA-N	LDUARVOCMXITCM
DB05047	KFRQROSRKSVROW-UHFFFAOYSA-N	KFRQROSRKSVROW
DB05048	GSTZHANFXAKPSE-UHFFFAOYSA-N	GSTZHANFXAKPSE
DB05053	CTKZZUXRWBCFEI-UHFFFAOYSA-N	CTKZZUXRWBCFEI
DB05057	QGFORSXNKQLDNO-UHFFFAOYSA-N	QGFORSXNKQLDNO
DB05075	JMGXJHWTVBGOKG-UHFFFAOYSA-N	JMGXJHWTVBGOKG
DB05076	AKJHMTWEGVYYSE-UHFFFAOYSA-N	AKJHMTWEGVYYSE
DB05087	PGTVWKLGGCQMBR-UHFFFAOYSA-N	PGTVWKLGGCQMBR
DB05088	CWQXQMHSOZUFJS-UHFFFAOYSA-N	CWQXQMHSOZUFJS
DB05095	KYXDNECMRLFQMZ-UHFFFAOYSA-N	KYXDNECMRLFQMZ
DB05100	YKPYIPVDTNNYCN-UHFFFAOYSA-N	YKPYIPVDTNNYCN
DB05102	CAYJBRBGZBCZKO-UHFFFAOYSA-N	CAYJBRBGZBCZKO
DB05103	GYKLFBYWXZYSOW-UHFFFAOYSA-N	GYKLFBYWXZYSOW
DB05104	JHLHNYVMZCADTC-UHFFFAOYSA-N	JHLHNYVMZCADTC
DB05105	KQOXLKOJHVFTRN-UHFFFAOYSA-N	KQOXLKOJHVFTRN
DB05107	CWVMWSZEMZOUPC-UHFFFAOYSA-N	CWVMWSZEMZOUPC
DB05109	PKVRCIRHQMSYJX-UHFFFAOYSA-N	PKVRCIRHQMSYJX
DB05116	CFBLUORPOFELCE-UHFFFAOYSA-N	CFBLUORPOFELCE
DB05119	NNBGCSGCRSCFEA-UHFFFAOYSA-N	NNBGCSGCRSCFEA
DB05129	MGQRRMONVLMKJL-UHFFFAOYSA-N	MGQRRMONVLMKJL
DB05134	AYUNIORJHRXIBJ-UHFFFAOYSA-N	AYUNIORJHRXIBJ
DB05137	MXYUKLILVYORSK-UHFFFAOYSA-N	MXYUKLILVYORSK
DB05143	GSOXMQLWUDQTNT-UHFFFAOYSA-N	GSOXMQLWUDQTNT
DB05152	PHOZOHFUXHPOCK-UHFFFAOYSA-N	PHOZOHFUXHPOCK
DB05154	ZLHZLMOSPGACSZ-UHFFFAOYSA-N	ZLHZLMOSPGACSZ
DB05155	DBOGGOVKHSCMNB-UHFFFAOYSA-N	DBOGGOVKHSCMNB
DB05168	KUZYSQSABONDME-UHFFFAOYSA-N	KUZYSQSABONDME
DB05171	PUOAETJYKQITMO-UHFFFAOYSA-N	PUOAETJYKQITMO
DB05187	AFLFKFHDSCQHOL-UHFFFAOYSA-N	AFLFKFHDSCQHOL
DB05188	FNUIAXIWDUBUGM-UHFFFAOYSA-N	FNUIAXIWDUBUGM
DB05197	GFWRVVCDTLRWPK-UHFFFAOYSA-N	GFWRVVCDTLRWPK
DB05212	JJKOQZHWYLMASZ-UHFFFAOYSA-N	JJKOQZHWYLMASZ
DB05219	USZAGAREISWJDP-UHFFFAOYSA-N	USZAGAREISWJDP
DB05220	ZLHFILGSQDJULK-UHFFFAOYSA-N	ZLHFILGSQDJULK
DB05223	JHDKZFFAIZKUCU-UHFFFAOYSA-N	JHDKZFFAIZKUCU
DB05229	CTPOHARTNNSRSR-UHFFFAOYSA-M	CTPOHARTNNSRSR
DB05232	SLBCPBUVHCASIJ-UHFFFAOYSA-O	SLBCPBUVHCASIJ
DB05234	HWLLYFXDDGGHOE-UHFFFAOYSA-N	HWLLYFXDDGGHOE
DB05239	BSMCAPRUBJMWDF-UHFFFAOYSA-N	BSMCAPRUBJMWDF
DB05245	SEJJCMKIFGUACV-UHFFFAOYSA-N	SEJJCMKIFGUACV
DB05246	AJXPJJZHWIXJCJ-UHFFFAOYSA-N	AJXPJJZHWIXJCJ
DB05252	PQKBPHSEKWERTG-UHFFFAOYSA-N	PQKBPHSEKWERTG
DB05253	JVBGZFRPTRKSBB-UHFFFAOYSA-N	JVBGZFRPTRKSBB
DB05255	FQJISUPNMFRIFZ-UHFFFAOYSA-N	FQJISUPNMFRIFZ
DB05260	NHNBFGGVMKEFGY-UHFFFAOYSA-N	NHNBFGGVMKEFGY
DB05262	HXNFUBHNUDHIGC-UHFFFAOYSA-N	HXNFUBHNUDHIGC
DB05265	IWCWQNVIUXZOMJ-UHFFFAOYSA-N	IWCWQNVIUXZOMJ
DB05266	ZJVFLBOZORBYFE-UHFFFAOYSA-N	ZJVFLBOZORBYFE
DB05271	KFQYTPMOWPVWEJ-UHFFFAOYSA-N	KFQYTPMOWPVWEJ
DB05273	NFDRPXJGHKJRLJ-UHFFFAOYSA-K	NFDRPXJGHKJRLJ
DB05284	LGZKGOGODCLQHG-UHFFFAOYSA-N	LGZKGOGODCLQHG
DB05288	YUWPMEXLKGOSBF-UHFFFAOYSA-N	YUWPMEXLKGOSBF
DB05289	SYTBZMRGLBWNTM-UHFFFAOYSA-N	SYTBZMRGLBWNTM
DB05294	UHTHHESEBZOYNR-UHFFFAOYSA-N	UHTHHESEBZOYNR
DB05295	FZEXGDDBXLBRTD-UHFFFAOYSA-N	FZEXGDDBXLBRTD
DB05296	WUXHULIBBXBTMH-UHFFFAOYSA-N	WUXHULIBBXBTMH
DB05297	LRCZQSDQZJBHAF-UHFFFAOYSA-N	LRCZQSDQZJBHAF
DB05298	XDBHURGONHZNJF-UHFFFAOYSA-N	XDBHURGONHZNJF
DB05316	RKEWSXXUOLRFBX-UHFFFAOYSA-N	RKEWSXXUOLRFBX
DB05327	QCVNMNYRNIMDKV-UHFFFAOYSA-N	QCVNMNYRNIMDKV
DB05339	MEEQBDCQPIZMLY-UHFFFAOYSA-N	MEEQBDCQPIZMLY
DB05343	YCYMCMYLORLIJX-UHFFFAOYSA-N	YCYMCMYLORLIJX
DB05351	MJIHNNLFOKEZEW-UHFFFAOYSA-N	MJIHNNLFOKEZEW
DB05377	RZXLPPRPEOUENN-UHFFFAOYSA-N	RZXLPPRPEOUENN
DB05381	NTYJJOPFIAHURM-UHFFFAOYSA-N	NTYJJOPFIAHURM
DB05382	PNDPGZBMCMUPRI-UHFFFAOYSA-N	PNDPGZBMCMUPRI
DB05383	HAMNKKUPIHEESI-UHFFFAOYSA-N	HAMNKKUPIHEESI
DB05389	GXXLZZYHIIGRLP-UHFFFAOYSA-N	GXXLZZYHIIGRLP
DB05395	RDJQCOBTKKAQAH-UHFFFAOYSA-N	RDJQCOBTKKAQAH
DB05398	DVEKCXOJTLDBFE-UHFFFAOYSA-N	DVEKCXOJTLDBFE
DB05399	RKSMVPNZHBRNNS-UHFFFAOYSA-N	RKSMVPNZHBRNNS
DB05403	WMBUVOLZSWTKMP-UHFFFAOYSA-N	WMBUVOLZSWTKMP
DB05408	SCVHJVCATBPIHN-UHFFFAOYSA-N	SCVHJVCATBPIHN
DB05410	MBODWAULVMWNDB-UHFFFAOYSA-N	MBODWAULVMWNDB
DB05412	ZMELOYOKMZBMRB-UHFFFAOYSA-N	ZMELOYOKMZBMRB
DB05413	ZFEAMMNVDPDEGE-UHFFFAOYSA-N	ZFEAMMNVDPDEGE
DB05414	JICOGKJOQXTAIP-UHFFFAOYSA-N	JICOGKJOQXTAIP
DB05416	YDBLKRPLXZNVNB-UHFFFAOYSA-N	YDBLKRPLXZNVNB
DB05420	XPCTZQVDEJYUGT-UHFFFAOYSA-M	XPCTZQVDEJYUGT
DB05421	ZIWFCOIGUNPHPM-UHFFFAOYSA-N	ZIWFCOIGUNPHPM
DB05422	TZZGTNZBLPCBIS-UHFFFAOYSA-N	TZZGTNZBLPCBIS
DB05423	DFELGYQKEOCHOA-UHFFFAOYSA-N	DFELGYQKEOCHOA
DB05424	OMZCMEYTWSXEPZ-UHFFFAOYSA-N	OMZCMEYTWSXEPZ
DB05428	WUXHULIBBXBTMH-UHFFFAOYSA-N	WUXHULIBBXBTMH
DB05431	YANONWCPCKIWEC-UHFFFAOYSA-N	YANONWCPCKIWEC
DB05434	RIWLPSIAFBLILR-UHFFFAOYSA-N	RIWLPSIAFBLILR
DB05442	QAIOVDNCIZSSSF-UHFFFAOYSA-N	QAIOVDNCIZSSSF
DB05446	PIUSLWSYOYFRFR-UHFFFAOYSA-N	PIUSLWSYOYFRFR
DB05448	BPBPYQWMFCTCNG-UHFFFAOYSA-N	BPBPYQWMFCTCNG
DB05458	YRVIKLBSVVNSHF-UHFFFAOYSA-N	YRVIKLBSVVNSHF
DB05460	GWEJFLVSOGNLSS-UHFFFAOYSA-N	GWEJFLVSOGNLSS
DB05461	BESKMDLUOAVUJF-UHFFFAOYSA-N	BESKMDLUOAVUJF
DB05465	UXXQOJXBIDBUAC-UHFFFAOYSA-N	UXXQOJXBIDBUAC
DB05470	FYSRKRZDBHOFAY-UHFFFAOYSA-N	FYSRKRZDBHOFAY
DB05475	CATMPQFFVNKDEY-UHFFFAOYSA-N	CATMPQFFVNKDEY
DB05476	ISJSHQTWOHGCMM-UHFFFAOYSA-N	ISJSHQTWOHGCMM
DB05478	GWNHAOBXDGOXRR-UHFFFAOYSA-N	GWNHAOBXDGOXRR
DB05479	WHNFPRLDDSXQCL-UHFFFAOYSA-N	WHNFPRLDDSXQCL
DB05482	FJHBVJOVLFPMQE-UHFFFAOYSA-N	FJHBVJOVLFPMQE
DB05487	RCFZILUHCNXXFY-UHFFFAOYSA-N	RCFZILUHCNXXFY
DB05490	NMRWDFUZLLQSBN-UHFFFAOYSA-N	NMRWDFUZLLQSBN
DB05492	FKZUPMCBVURANR-UHFFFAOYSA-N	FKZUPMCBVURANR
DB05494	FLFGNMFWNBOBGE-UHFFFAOYSA-N	FLFGNMFWNBOBGE
DB05498	NAFSYPCVPLWHFY-UHFFFAOYSA-N	NAFSYPCVPLWHFY
DB05501	WVLHHLRVNDMIAR-UHFFFAOYSA-N	WVLHHLRVNDMIAR
DB05511	HUJXGQILHAUCCV-UHFFFAOYSA-N	HUJXGQILHAUCCV
DB05513	SERHTTSLBVGRBY-UHFFFAOYSA-N	SERHTTSLBVGRBY
DB05514	SDDSJMXGJNWMJY-UHFFFAOYSA-N	SDDSJMXGJNWMJY
DB05518	BYKBUQDQTLDNLE-UHFFFAOYSA-N	BYKBUQDQTLDNLE
DB05519	ZXOSVKYCXLTVGS-UHFFFAOYSA-N	ZXOSVKYCXLTVGS
DB05521	BBAWEDCPNXPBQM-UHFFFAOYSA-N	BBAWEDCPNXPBQM
DB05524	WVUNYSQLFKLYNI-UHFFFAOYSA-N	WVUNYSQLFKLYNI
DB05528	XLTMQWVJFPYGMC-UHFFFAOYSA-N	XLTMQWVJFPYGMC
DB05532	DBPMWRYLTBNCCE-UHFFFAOYSA-N	DBPMWRYLTBNCCE
DB05540	ZGNLFUXWZJGETL-UHFFFAOYSA-N	ZGNLFUXWZJGETL
DB05541	MSYKRHVOOPPJKU-UHFFFAOYSA-N	MSYKRHVOOPPJKU
DB05542	VGDDOIZXGFJDRC-UHFFFAOYSA-N	VGDDOIZXGFJDRC
DB05552	UJIAQDJKSXQLIT-UHFFFAOYSA-N	UJIAQDJKSXQLIT
DB05553	NXHAXEBZOXCDKD-UHFFFAOYSA-N	NXHAXEBZOXCDKD
DB05562	SPWZXWDPAWDKQE-UHFFFAOYSA-N	SPWZXWDPAWDKQE
DB05575	RAHBGWKEPAQNFF-UHFFFAOYSA-N	RAHBGWKEPAQNFF
DB05585	SNHCRNMVYDHVDT-UHFFFAOYSA-N	SNHCRNMVYDHVDT
DB05586	TXCYUSKWBHUVEP-UHFFFAOYSA-N	TXCYUSKWBHUVEP
DB05590	OANCEOSLKSTLTA-UHFFFAOYSA-N	OANCEOSLKSTLTA
DB05596	SCHKZZSVELPJKU-UHFFFAOYSA-N	SCHKZZSVELPJKU
DB05607	IENZFHBNCRQMNP-UHFFFAOYSA-N	IENZFHBNCRQMNP
DB05608	OVSKGTONMLKNPZ-UHFFFAOYSA-N	OVSKGTONMLKNPZ
DB05624	NOENHWMKHNSHGX-UHFFFAOYSA-N	NOENHWMKHNSHGX
DB05626	OAKGNIRUXAZDQF-UHFFFAOYSA-N	OAKGNIRUXAZDQF
DB05630	MNNVVPGDXDZDBM-UHFFFAOYSA-L	MNNVVPGDXDZDBM
DB05631	FXRYWOJYVGJZLE-UHFFFAOYSA-N	FXRYWOJYVGJZLE
DB05642	FVIVKIGLBDRWNR-UHFFFAOYSA-N	FVIVKIGLBDRWNR
DB05644	SZWIAFVYPPMZML-UHFFFAOYSA-N	SZWIAFVYPPMZML
DB05653	PNAWUIKCVQSLFG-UHFFFAOYSA-N	PNAWUIKCVQSLFG
DB05659	JQBKWZPHJOEQAO-UHFFFAOYSA-N	JQBKWZPHJOEQAO
DB05667	XMAYWYJOQHXEEK-UHFFFAOYSA-N	XMAYWYJOQHXEEK
DB05668	BKCJZNIZRWYHBN-UHFFFAOYSA-N	BKCJZNIZRWYHBN
DB05676	IMOZEMNVLZVGJZ-UHFFFAOYSA-N	IMOZEMNVLZVGJZ
DB05678	AZUIUVJESCFSLJ-UHFFFAOYSA-N	AZUIUVJESCFSLJ
DB05683	NPCIWINHUDIWAV-UHFFFAOYSA-N	NPCIWINHUDIWAV
DB05686	YOQPCWIXYUNEET-UHFFFAOYSA-N	YOQPCWIXYUNEET
DB05695	PZUJQWHTIRWCID-UHFFFAOYSA-N	PZUJQWHTIRWCID
DB05706	RGVRUQHYQSORBY-UHFFFAOYSA-N	RGVRUQHYQSORBY
DB05708	RPYWXZCFYPVCNQ-UHFFFAOYSA-N	RPYWXZCFYPVCNQ
DB05710	ZQLDXCSTJFLRPY-UHFFFAOYSA-N	ZQLDXCSTJFLRPY
DB05713	VYNKVNDKAOGAAQ-UHFFFAOYSA-N	VYNKVNDKAOGAAQ
DB05714	PAOGOXGDGABPSC-UHFFFAOYSA-N	PAOGOXGDGABPSC
DB05719	BKJIXTWSNXCKJH-UHFFFAOYSA-N	BKJIXTWSNXCKJH
DB05737	VJYDOJXJUCJUHL-UHFFFAOYSA-N	VJYDOJXJUCJUHL
DB05738	VQWGYPVNVICKFC-UHFFFAOYSA-N	VQWGYPVNVICKFC
DB05767	BOJKULTULYSRAS-UHFFFAOYSA-N	BOJKULTULYSRAS
DB05772	PDNNUMNEXITLCZ-UHFFFAOYSA-N	PDNNUMNEXITLCZ
DB05779	LLEUXCDZPQOJMY-UHFFFAOYSA-N	LLEUXCDZPQOJMY
DB05786	NICJCIQSJJKZAH-UHFFFAOYSA-N	NICJCIQSJJKZAH
DB05790	RPDFDSQFBCJTDY-UHFFFAOYSA-N	RPDFDSQFBCJTDY
DB05791	WTWWXOGTJWMJHI-UHFFFAOYSA-N	WTWWXOGTJWMJHI
DB05792	MYKJVLTXPNIGOV-UHFFFAOYSA-N	MYKJVLTXPNIGOV
DB05796	XMQODGUTLZXUGZ-UHFFFAOYSA-N	XMQODGUTLZXUGZ
DB05804	CZWCKYRVOZZJNM-UHFFFAOYSA-N	CZWCKYRVOZZJNM
DB05806	POADTFBBIXOWFJ-UHFFFAOYSA-N	POADTFBBIXOWFJ
DB05812	GZOSMCIZMLWJML-UHFFFAOYSA-N	GZOSMCIZMLWJML
DB05814	FOPALECPEUVCTL-UHFFFAOYSA-N	FOPALECPEUVCTL
DB05817	PVCULFYROUOVGJ-UHFFFAOYSA-N	PVCULFYROUOVGJ
DB05824	JHVHEDNLONERHY-UHFFFAOYSA-N	JHVHEDNLONERHY
DB05830	YSGQGNQWBLYHPE-UHFFFAOYSA-N	YSGQGNQWBLYHPE
DB05838	INGXCNVWWKKWOO-UHFFFAOYSA-N	INGXCNVWWKKWOO
DB05855	JUOSGGQXEBBCJB-UHFFFAOYSA-N	JUOSGGQXEBBCJB
DB05861	ONDYALNGTUAJDX-UHFFFAOYSA-N	ONDYALNGTUAJDX
DB05864	QBDVVYNLLXGUGN-UHFFFAOYSA-N	QBDVVYNLLXGUGN
DB05868	PJZPDFUUXKKDNB-UHFFFAOYSA-N	PJZPDFUUXKKDNB
DB05869	XXRCUYVCPSWGCC-UHFFFAOYSA-N	XXRCUYVCPSWGCC
DB05871	YZHIXLCGPOTQNB-UHFFFAOYSA-N	YZHIXLCGPOTQNB
DB05875	OUPXSLGGCPUZJJ-UHFFFAOYSA-N	OUPXSLGGCPUZJJ
DB05885	GEPBWNYUWYAWNQ-UHFFFAOYSA-N	GEPBWNYUWYAWNQ
DB05903	XAYAKDZVINDZGB-UHFFFAOYSA-N	XAYAKDZVINDZGB
DB05913	FGTCROZDHDSNIO-UHFFFAOYSA-N	FGTCROZDHDSNIO
DB05928	PIQCTGMSNWUMAF-UHFFFAOYSA-N	PIQCTGMSNWUMAF
DB05932	GAOHLWCIAJNSEE-UHFFFAOYSA-N	GAOHLWCIAJNSEE
DB05936	KOYXXLLNCXWUNF-UHFFFAOYSA-N	KOYXXLLNCXWUNF
DB05938	HQNACSFBDBYLJP-UHFFFAOYSA-N	HQNACSFBDBYLJP
DB05939	LTQYSJKGRPGMPO-UHFFFAOYSA-N	LTQYSJKGRPGMPO
DB05943	LEEIJTHMHDMWLJ-UHFFFAOYSA-N	LEEIJTHMHDMWLJ
DB05944	UWXSAYUXVSFDBQ-UHFFFAOYSA-N	UWXSAYUXVSFDBQ
DB05956	BOVUHBFXPNLTKF-UHFFFAOYSA-N	BOVUHBFXPNLTKF
DB05959	YQJWOUQGXATDAE-UHFFFAOYSA-N	YQJWOUQGXATDAE
DB05961	QAHLFXYLXBBCPS-UHFFFAOYSA-N	QAHLFXYLXBBCPS
DB05964	BSMNRYCSBFHEMQ-UHFFFAOYSA-N	BSMNRYCSBFHEMQ
DB05966	OHCPNHFLPCVWRG-UHFFFAOYSA-N	OHCPNHFLPCVWRG
DB05968	GZSOKPMDWVRVMG-UHFFFAOYSA-N	GZSOKPMDWVRVMG
DB05969	OUSFTKFNBAZUKL-UHFFFAOYSA-N	OUSFTKFNBAZUKL
DB05974	PANKHBYNKQNAHN-UHFFFAOYSA-N	PANKHBYNKQNAHN
DB05983	WPTTVJLTNAWYAO-UHFFFAOYSA-N	WPTTVJLTNAWYAO
DB05984	YABJJWZLRMPFSI-UHFFFAOYSA-N	YABJJWZLRMPFSI
DB05990	ZXERDUOLZKYMJM-UHFFFAOYSA-N	ZXERDUOLZKYMJM
DB05992	UNRCMCRRFYFGFX-UHFFFAOYSA-N	UNRCMCRRFYFGFX
DB05993	BSLXKMCHXRCBIH-UHFFFAOYSA-N	BSLXKMCHXRCBIH
DB06011	NVSWJKWHLUTHLP-UHFFFAOYSA-N	NVSWJKWHLUTHLP
DB06013	OBMJQRLIQQTJLR-UHFFFAOYSA-N	OBMJQRLIQQTJLR
DB06016	KPWSJANDNDDRMB-UHFFFAOYSA-N	KPWSJANDNDDRMB
DB06021	ZAJXXUDARPGGOC-UHFFFAOYSA-N	ZAJXXUDARPGGOC
DB06040	LLXISKGBWFTGEI-UHFFFAOYSA-N	LLXISKGBWFTGEI
DB06061	RWEVIPRMPFNTLO-UHFFFAOYSA-N	RWEVIPRMPFNTLO
DB06070	AVDSOVJPJZVBTC-UHFFFAOYSA-N	AVDSOVJPJZVBTC
DB06075	PKCDDUHJAFVJJB-UHFFFAOYSA-N	PKCDDUHJAFVJJB
DB06077	HOIIHACBCFLJET-UHFFFAOYSA-N	HOIIHACBCFLJET
DB06082	GSKQMLGAUOTSKT-UHFFFAOYSA-N	GSKQMLGAUOTSKT
DB06083	ZISJNXNHJRQYJO-UHFFFAOYSA-N	ZISJNXNHJRQYJO
DB06090	OXKRFEWMSWPKKV-UHFFFAOYSA-N	OXKRFEWMSWPKKV
DB06091	UGJWRPJDTDGERK-UHFFFAOYSA-N	UGJWRPJDTDGERK
DB06094	RMTMMKNSPRRFHW-UHFFFAOYSA-N	RMTMMKNSPRRFHW
DB06117	ODZFJAXAEXQSKL-UHFFFAOYSA-N	ODZFJAXAEXQSKL
DB06119	GFHAXPJGXSQLPT-UHFFFAOYSA-N	GFHAXPJGXSQLPT
DB06124	JOITUBWXBFATOR-UHFFFAOYSA-N	JOITUBWXBFATOR
DB06127	AKFNKZFJBFQFAA-UHFFFAOYSA-N	AKFNKZFJBFQFAA
DB06133	ZMGUKFHHNQMKJI-UHFFFAOYSA-N	ZMGUKFHHNQMKJI
DB06134	FAYAUAZLLLJJGH-UHFFFAOYSA-N	FAYAUAZLLLJJGH
DB06137	HUNGUWOZPQBXGX-UHFFFAOYSA-N	HUNGUWOZPQBXGX
DB06140	GWCYPEHWIZXYFZ-UHFFFAOYSA-N	GWCYPEHWIZXYFZ
DB06144	GZKLJWGUPQBVJQ-UHFFFAOYSA-N	GZKLJWGUPQBVJQ
DB06145	ACTOXUHEUCPTEW-UHFFFAOYSA-N	ACTOXUHEUCPTEW
DB06147	JNMRHUJNCSQMMB-UHFFFAOYSA-N	JNMRHUJNCSQMMB
DB06148	UEQUQVLFIPOEMF-UHFFFAOYSA-N	UEQUQVLFIPOEMF
DB06150	ZZORFUFYDOWNEF-UHFFFAOYSA-N	ZZORFUFYDOWNEF
DB06151	PWKSKIMOESPYIA-UHFFFAOYSA-N	PWKSKIMOESPYIA
DB06152	PTGXAUBQBSGPKF-UHFFFAOYSA-N	PTGXAUBQBSGPKF
DB06153	FIADGNVRKBPQEU-UHFFFAOYSA-N	FIADGNVRKBPQEU
DB06154	TZRXHJWUDPFEEY-UHFFFAOYSA-N	TZRXHJWUDPFEEY
DB06155	JZCPYUJPEARBJL-UHFFFAOYSA-N	JZCPYUJPEARBJL
DB06156	VCVWXKKWDOJNIT-UHFFFAOYSA-N	VCVWXKKWDOJNIT
DB06157	MPYLDWFDPHRTEG-UHFFFAOYSA-N	MPYLDWFDPHRTEG
DB06159	VHXNKPBCCMUMSW-UHFFFAOYSA-N	VHXNKPBCCMUMSW
DB06160	NJDRXTDGYFKORP-UHFFFAOYSA-N	NJDRXTDGYFKORP
DB06163	IEJSCSAMMLUINT-UHFFFAOYSA-N	IEJSCSAMMLUINT
DB06169	SOLIIYNRSAWTSQ-UHFFFAOYSA-N	SOLIIYNRSAWTSQ
DB06174	AKNNEGZIBPJZJG-UHFFFAOYSA-N	AKNNEGZIBPJZJG
DB06176	OHRURASPPZQGQM-UHFFFAOYSA-N	OHRURASPPZQGQM
DB06177	PSVUJBVBCOISSP-UHFFFAOYSA-N	PSVUJBVBCOISSP
DB06178	NYQPLPNEESYGNO-UHFFFAOYSA-N	NYQPLPNEESYGNO
DB06179	JGDXFQORBMPJGR-UHFFFAOYSA-N	JGDXFQORBMPJGR
DB06182	FKCMADOPPWWGNZ-UHFFFAOYSA-N	FKCMADOPPWWGNZ
DB06185	IWKXDMQDITUYRK-UHFFFAOYSA-N	IWKXDMQDITUYRK
DB06188	QJZRFPJCWMNVAV-UHFFFAOYSA-N	QJZRFPJCWMNVAV
DB06190	LLDXOPKUNJTIRF-UHFFFAOYSA-N	LLDXOPKUNJTIRF
DB06191	IHOVFYSQUDPMCN-UHFFFAOYSA-N	IHOVFYSQUDPMCN
DB06193	PEZPMAYDXJQYRV-UHFFFAOYSA-N	PEZPMAYDXJQYRV
DB06194	LRLWXBHFPGSUOX-UHFFFAOYSA-N	LRLWXBHFPGSUOX
DB06195	BTIHMVBBUGXLCJ-UHFFFAOYSA-N	BTIHMVBBUGXLCJ
DB06196	QURWXBZNHXJZBE-UHFFFAOYSA-N	QURWXBZNHXJZBE
DB06197	RYWCQJDEHXJHRI-UHFFFAOYSA-N	RYWCQJDEHXJHRI
DB06198	UXCAQJAQSWSNPQ-UHFFFAOYSA-N	UXCAQJAQSWSNPQ
DB06199	MOTJMGVDPWRKOC-UHFFFAOYSA-N	MOTJMGVDPWRKOC
DB06200	CTIRHWCPXYGDGF-UHFFFAOYSA-N	CTIRHWCPXYGDGF
DB06201	POGQSBRIGCQNEG-UHFFFAOYSA-N	POGQSBRIGCQNEG
DB06202	GXESHMAMLJKROZ-UHFFFAOYSA-N	GXESHMAMLJKROZ
DB06203	ZSBOMTDTBDDKMP-UHFFFAOYSA-N	ZSBOMTDTBDDKMP
DB06204	KWTWDQCKEHXFFR-UHFFFAOYSA-N	KWTWDQCKEHXFFR
DB06206	WHRODDIHRRDWEW-UHFFFAOYSA-N	WHRODDIHRRDWEW
DB06207	PNCPYILNMDWPEY-UHFFFAOYSA-N	PNCPYILNMDWPEY
DB06209	DTGLZDAWLRGWQN-UHFFFAOYSA-N	DTGLZDAWLRGWQN
DB06210	SVOQIEJWJCQGDQ-UHFFFAOYSA-N	SVOQIEJWJCQGDQ
DB06211	AVAACINZEOAHHE-UHFFFAOYSA-N	AVAACINZEOAHHE
DB06212	GYHCTFXIZSNGJT-UHFFFAOYSA-N	GYHCTFXIZSNGJT
DB06213	LZPZPHGJDAGEJZ-UHFFFAOYSA-N	LZPZPHGJDAGEJZ
DB06215	AHKZTVQIVOEVFO-UHFFFAOYSA-N	AHKZTVQIVOEVFO
DB06216	VSWBSWWIRNCQIJ-UHFFFAOYSA-N	VSWBSWWIRNCQIJ
DB06217	VBHQKCBVWWUUKN-UHFFFAOYSA-N	VBHQKCBVWWUUKN
DB06218	VPPJLAIAVCUEMN-UHFFFAOYSA-N	VPPJLAIAVCUEMN
DB06228	KGFYHTZWPPHNLQ-UHFFFAOYSA-N	KGFYHTZWPPHNLQ
DB06229	ZZQNEJILGNNOEP-UHFFFAOYSA-N	ZZQNEJILGNNOEP
DB06230	WJBLNOPPDWQMCH-UHFFFAOYSA-N	WJBLNOPPDWQMCH
DB06231	DCDFLGVJWQIRGH-UHFFFAOYSA-N	DCDFLGVJWQIRGH
DB06233	BUROJSBIWGDYCN-UHFFFAOYSA-N	BUROJSBIWGDYCN
DB06234	KJFBVJALEQWJBS-UHFFFAOYSA-N	KJFBVJALEQWJBS
DB06235	XGOYIMQSIKSOBS-UHFFFAOYSA-N	XGOYIMQSIKSOBS
DB06236	HSBKFSPNDWWPSL-UHFFFAOYSA-N	HSBKFSPNDWWPSL
DB06237	WEAJZXNPAWBCOA-UHFFFAOYSA-N	WEAJZXNPAWBCOA
DB06240	LGGHDPFKSSRQNS-UHFFFAOYSA-N	LGGHDPFKSSRQNS
DB06243	VLCYCQAOQCDTCN-UHFFFAOYSA-N	VLCYCQAOQCDTCN
DB06246	MVGSNCBCUWPVDA-UHFFFAOYSA-N	MVGSNCBCUWPVDA
DB06247	ANDGGVOPIJEHOF-UHFFFAOYSA-N	ANDGGVOPIJEHOF
DB06248	SBVYURPQULDJTI-UHFFFAOYSA-N	SBVYURPQULDJTI
DB06249	MCGDSOGUHLTADD-UHFFFAOYSA-N	MCGDSOGUHLTADD
DB06250	VHZXNQKVFDBFIK-UHFFFAOYSA-N	VHZXNQKVFDBFIK
DB06251	AYEAMZDTWLXZIJ-UHFFFAOYSA-N	AYEAMZDTWLXZIJ
DB06255	LWRDQHOZTAOILO-UHFFFAOYSA-N	LWRDQHOZTAOILO
DB06258	NMOVJBAGBXIKCG-UHFFFAOYSA-N	NMOVJBAGBXIKCG
DB06261	RYQOILLJDKPETL-UHFFFAOYSA-N	RYQOILLJDKPETL
DB06262	QXWYKJLNLSIPIN-UHFFFAOYSA-N	QXWYKJLNLSIPIN
DB06263	VJZITPJGSQKZMX-UHFFFAOYSA-N	VJZITPJGSQKZMX
DB06264	FSKFPVLPFLJRQB-UHFFFAOYSA-N	FSKFPVLPFLJRQB
DB06266	WDRYRZXSPDWGEB-UHFFFAOYSA-N	WDRYRZXSPDWGEB
DB06267	IYFNEFQTYQPVOC-UHFFFAOYSA-N	IYFNEFQTYQPVOC
DB06268	PHWXUGHIIBDVKD-UHFFFAOYSA-N	PHWXUGHIIBDVKD
DB06272	DTXXSJZBSTYZKE-UHFFFAOYSA-N	DTXXSJZBSTYZKE
DB06274	UPNUIXSCZBYVBB-UHFFFAOYSA-N	UPNUIXSCZBYVBB
DB06276	JXAGDPXECXQWBC-UHFFFAOYSA-N	JXAGDPXECXQWBC
DB06280	SCTZUZTYRMOMKT-UHFFFAOYSA-N	SCTZUZTYRMOMKT
DB06281	CMSGWTNRGKRWGS-UHFFFAOYSA-N	CMSGWTNRGKRWGS
DB06282	ZKLPARSLTMPFCP-UHFFFAOYSA-N	ZKLPARSLTMPFCP
DB06287	CBPNZQVSJQDFBE-UHFFFAOYSA-N	CBPNZQVSJQDFBE
DB06288	NTJOBXMMWNYJFB-UHFFFAOYSA-N	NTJOBXMMWNYJFB
DB06290	JTZZSQYMACOLNN-UHFFFAOYSA-N	JTZZSQYMACOLNN
DB06292	JVHXJTBJCFBINQ-UHFFFAOYSA-N	JVHXJTBJCFBINQ
DB06293	QGVYYLZOAMMKAH-UHFFFAOYSA-N	QGVYYLZOAMMKAH
DB06295	AEKNYBWUEYNWMJ-UHFFFAOYSA-N	AEKNYBWUEYNWMJ
DB06302	YRCHYHRCBXNYNU-UHFFFAOYSA-N	YRCHYHRCBXNYNU
DB06306	IFRGXKKQHBVPCQ-UHFFFAOYSA-N	IFRGXKKQHBVPCQ
DB06307	CKAXZOYFIHQCBN-UHFFFAOYSA-N	CKAXZOYFIHQCBN
DB06311	WDPFJWLDPVQCAJ-UHFFFAOYSA-N	WDPFJWLDPVQCAJ
DB06314	BCZUAADEACICHN-UHFFFAOYSA-N	BCZUAADEACICHN
DB06321	IGLNXKVGKIFNBQ-UHFFFAOYSA-N	IGLNXKVGKIFNBQ
DB06328	GMPKIPWJBDOURN-UHFFFAOYSA-N	GMPKIPWJBDOURN
DB06331	GUYGGZGIKZIRFO-UHFFFAOYSA-N	GUYGGZGIKZIRFO
DB06333	WUJVPODXELZABP-UHFFFAOYSA-N	WUJVPODXELZABP
DB06334	SZMJVTADHFNAIS-UHFFFAOYSA-N	SZMJVTADHFNAIS
DB06335	QGJUIPDUBHWZPV-UHFFFAOYSA-N	QGJUIPDUBHWZPV
DB06345	HUDQLWBKJOMXSZ-UHFFFAOYSA-N	HUDQLWBKJOMXSZ
DB06346	DFQGDHBGRSTTHX-UHFFFAOYSA-N	DFQGDHBGRSTTHX
DB06347	KSOVGRCOLZZTPF-UHFFFAOYSA-N	KSOVGRCOLZZTPF
DB06350	LGSDFTPAICUONK-UHFFFAOYSA-N	LGSDFTPAICUONK
DB06354	ZXFRFPSZAKNPQQ-UHFFFAOYSA-N	ZXFRFPSZAKNPQQ
DB06358	HWJPWWYTGBZDEG-UHFFFAOYSA-N	HWJPWWYTGBZDEG
DB06362	JSKFWUPVIZYJMR-UHFFFAOYSA-N	JSKFWUPVIZYJMR
DB06365	LBGFKUUHOPIEMA-UHFFFAOYSA-N	LBGFKUUHOPIEMA
DB06367	BWYBBMQLUKXECQ-UHFFFAOYSA-N	BWYBBMQLUKXECQ
DB06370	SETFNECMODOHTO-UHFFFAOYSA-N	SETFNECMODOHTO
DB06374	SIFNOOUKXBRGGB-UHFFFAOYSA-N	SIFNOOUKXBRGGB
DB06393	WJJYZXPHLSLMGE-UHFFFAOYSA-N	WJJYZXPHLSLMGE
DB06395	TYBHXIFFPVFXQW-UHFFFAOYSA-N	TYBHXIFFPVFXQW
DB06401	UCJGJABZCDBEDK-UHFFFAOYSA-N	UCJGJABZCDBEDK
DB06402	ONUMZHGUFYIKPM-UHFFFAOYSA-N	ONUMZHGUFYIKPM
DB06403	OUJTZYPIHDYQMC-UHFFFAOYSA-N	OUJTZYPIHDYQMC
DB06408	NHKZSTHOYNWEEZ-UHFFFAOYSA-N	NHKZSTHOYNWEEZ
DB06409	GNJCUHZOSOYIEC-UHFFFAOYSA-N	GNJCUHZOSOYIEC
DB06410	HKXBNHCUPKIYDM-UHFFFAOYSA-N	HKXBNHCUPKIYDM
DB06412	ICMWWNHDUZJFDW-UHFFFAOYSA-N	ICMWWNHDUZJFDW
DB06413	YFGHCGITMMYXAQ-UHFFFAOYSA-N	YFGHCGITMMYXAQ
DB06414	PYGWGZALEOIKDF-UHFFFAOYSA-N	PYGWGZALEOIKDF
DB06419	PENDGIOBPJLVBT-UHFFFAOYSA-N	PENDGIOBPJLVBT
DB06420	CIDNKDMVSINJCG-UHFFFAOYSA-N	CIDNKDMVSINJCG
DB06421	YEYAKZXEBSVURO-UHFFFAOYSA-N	YEYAKZXEBSVURO
DB06422	OMLDMGPCWMBPAN-UHFFFAOYSA-N	OMLDMGPCWMBPAN
DB06429	BIAVGWDGIJKWRM-UHFFFAOYSA-N	BIAVGWDGIJKWRM
DB06433	GFFXZLZWLOBBLO-UHFFFAOYSA-N	GFFXZLZWLOBBLO
DB06435	CZPILLBHPRAPCB-UHFFFAOYSA-N	CZPILLBHPRAPCB
DB06436	WUWDLXZGHZSWQZ-UHFFFAOYSA-N	WUWDLXZGHZSWQZ
DB06440	OPAHEYNNJWPQPX-UHFFFAOYSA-N	OPAHEYNNJWPQPX
DB06441	PAEBIVWUMLRPSK-UHFFFAOYSA-N	PAEBIVWUMLRPSK
DB06442	PTQXTEKSNBVPQJ-UHFFFAOYSA-N	PTQXTEKSNBVPQJ
DB06444	SSQJFGMEZBFMNV-UHFFFAOYSA-N	SSQJFGMEZBFMNV
DB06445	UMJJGDUYVQCBMC-UHFFFAOYSA-N	UMJJGDUYVQCBMC
DB06446	LRMJAFKKJLRDLE-UHFFFAOYSA-N	LRMJAFKKJLRDLE
DB06447	GDODKYPBSZCPOO-UHFFFAOYSA-N	GDODKYPBSZCPOO
DB06448	DHMTURDWPRKSOA-UHFFFAOYSA-N	DHMTURDWPRKSOA
DB06451	NMYKBZSMOUFOJV-UHFFFAOYSA-N	NMYKBZSMOUFOJV
DB06454	HKFMQJUJWSFOLY-UHFFFAOYSA-N	HKFMQJUJWSFOLY
DB06455	DYLJVOXRWLXDIG-UHFFFAOYSA-N	DYLJVOXRWLXDIG
DB06457	SFOVDSLXFUGAIV-UHFFFAOYSA-N	SFOVDSLXFUGAIV
DB06458	YSGASDXSLKIKOD-UHFFFAOYSA-N	YSGASDXSLKIKOD
DB06460	GLCKXJLCYIJMRB-UHFFFAOYSA-N	GLCKXJLCYIJMRB
DB06461	UIRKNQLZZXALBI-UHFFFAOYSA-N	UIRKNQLZZXALBI
DB06468	IWXNYAIICFKCTM-UHFFFAOYSA-N	IWXNYAIICFKCTM
DB06469	UIARLYUEJFELEN-UHFFFAOYSA-N	UIARLYUEJFELEN
DB06470	PCLITLDOTJTVDJ-UHFFFAOYSA-N	PCLITLDOTJTVDJ
DB06471	NJYNSYQBNSDGIQ-UHFFFAOYSA-N	NJYNSYQBNSDGIQ
DB06472	IKZACQMAVUIGPY-UHFFFAOYSA-N	IKZACQMAVUIGPY
DB06477	RKZSNTNMEFVBDT-UHFFFAOYSA-N	RKZSNTNMEFVBDT
DB06478	HRHKSTOGXBBQCB-UHFFFAOYSA-N	HRHKSTOGXBBQCB
DB06479	RBQOQRRFDPXAGN-UHFFFAOYSA-N	RBQOQRRFDPXAGN
DB06480	ZPMNHBXQOOVQJL-UHFFFAOYSA-N	ZPMNHBXQOOVQJL
DB06481	IRELROQHIPLASX-UHFFFAOYSA-N	IRELROQHIPLASX
DB06486	AXRCEOKUDYDWLF-UHFFFAOYSA-N	AXRCEOKUDYDWLF
DB06494	UCQSBGOFELXYIN-UHFFFAOYSA-N	UCQSBGOFELXYIN
DB06497	GWNOTCOIYUNTQP-UHFFFAOYSA-N	GWNOTCOIYUNTQP
DB06506	YGYBFMRFXNDIPO-UHFFFAOYSA-N	YGYBFMRFXNDIPO
DB06510	IRLWJILLXJGJTD-UHFFFAOYSA-N	IRLWJILLXJGJTD
DB06512	QOBGWWQAMAPULA-UHFFFAOYSA-N	QOBGWWQAMAPULA
DB06515	DSDNAKHZNJAGHN-UHFFFAOYSA-N	DSDNAKHZNJAGHN
DB06518	KKKRKRMVJRHDMG-UHFFFAOYSA-N	KKKRKRMVJRHDMG
DB06519	HAAXAFNSRADSMK-UHFFFAOYSA-N	HAAXAFNSRADSMK
DB06521	FONCZICQWCUXEB-UHFFFAOYSA-N	FONCZICQWCUXEB
DB06525	ZOBDWFRKFSPCRB-UHFFFAOYSA-N	ZOBDWFRKFSPCRB
DB06527	SNKZJIOFVMKAOJ-UHFFFAOYSA-N	SNKZJIOFVMKAOJ
DB06529	OQJFBUOFGHPMSR-UHFFFAOYSA-N	OQJFBUOFGHPMSR
DB06530	BXNMTOQRYBFHNZ-UHFFFAOYSA-N	BXNMTOQRYBFHNZ
DB06533	WMUIIGVAWPWQAW-UHFFFAOYSA-N	WMUIIGVAWPWQAW
DB06535	NULMGOSOSZBEQL-UHFFFAOYSA-N	NULMGOSOSZBEQL
DB06536	CXGTZJYQWSUFET-UHFFFAOYSA-N	CXGTZJYQWSUFET
DB06538	MQTUXRKNJYPMCG-UHFFFAOYSA-N	MQTUXRKNJYPMCG
DB06543	MQZIGYBFDRPAKN-UHFFFAOYSA-N	MQZIGYBFDRPAKN
DB06548	VMMKGHQPQIEGSQ-UHFFFAOYSA-N	VMMKGHQPQIEGSQ
DB06549	IDXCXSCCZNCXCL-UHFFFAOYSA-N	IDXCXSCCZNCXCL
DB06554	ZXRVKCBLGJOCEE-UHFFFAOYSA-N	ZXRVKCBLGJOCEE
DB06555	XWAONOGAGZNUSF-UHFFFAOYSA-N	XWAONOGAGZNUSF
DB06558	TUYWTLTWNJOZNY-UHFFFAOYSA-N	TUYWTLTWNJOZNY
DB06573	GTXSRFUZSLTDFX-UHFFFAOYSA-N	GTXSRFUZSLTDFX
DB06575	ATSZELKUSAREPW-UHFFFAOYSA-N	ATSZELKUSAREPW
DB06578	XLIIRNOPGJTBJD-UHFFFAOYSA-N	XLIIRNOPGJTBJD
DB06579	UAMAIHOEGLEXSV-UHFFFAOYSA-N	UAMAIHOEGLEXSV
DB06580	HTJGLYIJVSDQAE-UHFFFAOYSA-N	HTJGLYIJVSDQAE
DB06581	YJEJKUQEXFSVCJ-UHFFFAOYSA-N	YJEJKUQEXFSVCJ
DB06582	RUJBDQSFYCKFAA-UHFFFAOYSA-N	RUJBDQSFYCKFAA
DB06585	KXSUAWAUCNFBQJ-UHFFFAOYSA-N	KXSUAWAUCNFBQJ
DB06586	MVCQKIKWYUURMU-UHFFFAOYSA-N	MVCQKIKWYUURMU
DB06587	BELMMAAWNYFCGF-UHFFFAOYSA-N	BELMMAAWNYFCGF
DB06589	CUIHSIWYWATEQL-UHFFFAOYSA-N	CUIHSIWYWATEQL
DB06590	ZCCUWMICIWSJIX-UHFFFAOYSA-N	ZCCUWMICIWSJIX
DB06594	YJYPHIXNFHFHND-UHFFFAOYSA-N	YJYPHIXNFHFHND
DB06595	BMGQWWVMWDBQGC-UHFFFAOYSA-N	BMGQWWVMWDBQGC
DB06597	YXYXCSOJKUAPJI-UHFFFAOYSA-N	YXYXCSOJKUAPJI
DB06598	RXOVOXFAAGIKDQ-UHFFFAOYSA-N	RXOVOXFAAGIKDQ
DB06600	AVPQPGFLVZTJOR-UHFFFAOYSA-N	AVPQPGFLVZTJOR
DB06603	FPOHNWQLNRZRFC-UHFFFAOYSA-N	FPOHNWQLNRZRFC
DB06604	FXKFFTMLFPWYFH-UHFFFAOYSA-N	FXKFFTMLFPWYFH
DB06605	QNZCBYKSOIHPEH-UHFFFAOYSA-N	QNZCBYKSOIHPEH
DB06608	LBHLFPGPEGDCJG-UHFFFAOYSA-N	LBHLFPGPEGDCJG
DB06614	XRQDFNLINLXZLB-UHFFFAOYSA-N	XRQDFNLINLXZLB
DB06616	UBPYILGKFZZVDX-UHFFFAOYSA-N	UBPYILGKFZZVDX
DB06618	UVSWWUWQVAQPJR-UHFFFAOYSA-N	UVSWWUWQVAQPJR
DB06619	RLAHNGKRJJEIJL-UHFFFAOYSA-N	RLAHNGKRJJEIJL
DB06620	DYJIKHYBKVODAC-UHFFFAOYSA-N	DYJIKHYBKVODAC
DB06623	JUUFBMODXQKSTD-UHFFFAOYSA-N	JUUFBMODXQKSTD
DB06624	QLYKJCMUNUWAGO-UHFFFAOYSA-N	QLYKJCMUNUWAGO
DB06625	HQSBCDPYXDGTCL-UHFFFAOYSA-N	HQSBCDPYXDGTCL
DB06626	RITAVMQDGBJQJZ-UHFFFAOYSA-N	RITAVMQDGBJQJZ
DB06629	FJHHZXWJVIEFGJ-UHFFFAOYSA-N	FJHHZXWJVIEFGJ
DB06630	MZZLGJHLQGUVPN-UHFFFAOYSA-N	MZZLGJHLQGUVPN
DB06633	NMMHHSLZJLPMEG-UHFFFAOYSA-N	NMMHHSLZJLPMEG
DB06634	XGGTZCKQRWXCHW-UHFFFAOYSA-N	XGGTZCKQRWXCHW
DB06635	PFGVNLZDWRZPJW-UHFFFAOYSA-N	PFGVNLZDWRZPJW
DB06636	RSWOJTICKMKTER-UHFFFAOYSA-N	RSWOJTICKMKTER
DB06637	NUKYPUAOHBNCPY-UHFFFAOYSA-N	NUKYPUAOHBNCPY
DB06640	NKZTZAQIKKGTDB-UHFFFAOYSA-N	NKZTZAQIKKGTDB
DB06641	SZFPYBIJACMNJV-UHFFFAOYSA-N	SZFPYBIJACMNJV
DB06645	VQPFSIRUEPQQPP-UHFFFAOYSA-N	VQPFSIRUEPQQPP
DB06649	BHJIBOFHEFDSAU-UHFFFAOYSA-N	BHJIBOFHEFDSAU
DB06652	CNPVJJQCETWNEU-UHFFFAOYSA-N	CNPVJJQCETWNEU
DB06654	NEMGRZFTLSKBAP-UHFFFAOYSA-N	NEMGRZFTLSKBAP
DB06659	ALWFPDKQDFMUGV-UHFFFAOYSA-M	ALWFPDKQDFMUGV
DB06660	PGKXDIMONUAMFR-UHFFFAOYSA-N	PGKXDIMONUAMFR
DB06663	VMZMNAABQBOLAK-UHFFFAOYSA-N	VMZMNAABQBOLAK
DB06666	PPHTXRNHTVLQED-UHFFFAOYSA-N	PPHTXRNHTVLQED
DB06670	FWIVDMJALNEADT-UHFFFAOYSA-N	FWIVDMJALNEADT
DB06673	DKMACHNQISHMDN-UHFFFAOYSA-N	DKMACHNQISHMDN
DB06677	LFWCJABOXHSRGC-UHFFFAOYSA-N	LFWCJABOXHSRGC
DB06678	RONZAEMNMFQXRA-UHFFFAOYSA-N	RONZAEMNMFQXRA
DB06680	GJMNAFGEUJBOCE-UHFFFAOYSA-N	GJMNAFGEUJBOCE
DB06682	AKFJWRDCWYYTIG-UHFFFAOYSA-N	AKFJWRDCWYYTIG
DB06683	GBBJCSTXCAQSSJ-UHFFFAOYSA-N	GBBJCSTXCAQSSJ
DB06684	SGEGOXDYSFKCPT-UHFFFAOYSA-N	SGEGOXDYSFKCPT
DB06685	GKWPCEFFIHSJOE-UHFFFAOYSA-N	GKWPCEFFIHSJOE
DB06689	ZQPPMHVWECSIRJ-UHFFFAOYSA-N	ZQPPMHVWECSIRJ
DB06690	GQPLMRYTRLFLPF-UHFFFAOYSA-N	GQPLMRYTRLFLPF
DB06691	YECBIJXISLIIDS-UHFFFAOYSA-N	YECBIJXISLIIDS
DB06693	AJLFOPYRIVGYMJ-UHFFFAOYSA-N	AJLFOPYRIVGYMJ
DB06694	HUCJFAOMUPXHDK-UHFFFAOYSA-N	HUCJFAOMUPXHDK
DB06695	KSGXQBZTULBEEQ-UHFFFAOYSA-N	KSGXQBZTULBEEQ
DB06696	MKKYBZZTJQGVCD-UHFFFAOYSA-N	MKKYBZZTJQGVCD
DB06697	SXYIRMFQILZOAM-UHFFFAOYSA-N	SXYIRMFQILZOAM
DB06698	UUQMNUMQCIQDMZ-UHFFFAOYSA-N	UUQMNUMQCIQDMZ
DB06699	MEUCPCLKGZSHTA-UHFFFAOYSA-N	MEUCPCLKGZSHTA
DB06700	KYYIDSXMWOZKMP-UHFFFAOYSA-N	KYYIDSXMWOZKMP
DB06701	DUGOZIWVEXMGBE-UHFFFAOYSA-N	DUGOZIWVEXMGBE
DB06702	DCCSDBARQIPTGU-UHFFFAOYSA-N	DCCSDBARQIPTGU
DB06703	JZNZSKXIEDHOBD-UHFFFAOYSA-K	JZNZSKXIEDHOBD
DB06704	PDWUPXJEEYOOTR-UHFFFAOYSA-N	PDWUPXJEEYOOTR
DB06705	NZLPWFTXPYJYSS-UHFFFAOYSA-H	NZLPWFTXPYJYSS
DB06706	XVQUOJBERHHONY-UHFFFAOYSA-N	XVQUOJBERHHONY
DB06707	GEFQWZLICWMTKF-UHFFFAOYSA-N	GEFQWZLICWMTKF
DB06708	DYLGFOYVTXJFJP-UHFFFAOYSA-N	DYLGFOYVTXJFJP
DB06709	NZWOPGCLSHLLPA-UHFFFAOYSA-N	NZWOPGCLSHLLPA
DB06710	GCKMFJBGXUYNAG-UHFFFAOYSA-N	GCKMFJBGXUYNAG
DB06711	CNIIGCLFLJGOGP-UHFFFAOYSA-N	CNIIGCLFLJGOGP
DB06712	FAIIFDPAEUKBEP-UHFFFAOYSA-N	FAIIFDPAEUKBEP
DB06713	ISHXLNHNDMZNMC-UHFFFAOYSA-N	ISHXLNHNDMZNMC
DB06714	JCRIVQIOJSSCQD-UHFFFAOYSA-N	JCRIVQIOJSSCQD
DB06715	NPYPAHLBTDXSSS-UHFFFAOYSA-N	NPYPAHLBTDXSSS
DB06716	QVNNONOFASOXQV-UHFFFAOYSA-N	QVNNONOFASOXQV
DB06717	BARDROPHSZEBKC-UHFFFAOYSA-N	BARDROPHSZEBKC
DB06718	LKAJKIOFIWVMDJ-UHFFFAOYSA-N	LKAJKIOFIWVMDJ
DB06721	UIVFUQKYVFCEKJ-UHFFFAOYSA-N	UIVFUQKYVFCEKJ
DB06723	XLYOFNOQVPJJNP-UHFFFAOYSA-M	XLYOFNOQVPJJNP
DB06724	BVKZGUZCCUSVTD-UHFFFAOYSA-L	BVKZGUZCCUSVTD
DB06725	WLHQHAUOOXYABV-UHFFFAOYSA-N	WLHQHAUOOXYABV
DB06726	SSEBTPPFLLCUMN-UHFFFAOYSA-N	SSEBTPPFLLCUMN
DB06727	SLRCCWJSBJZJBV-UHFFFAOYSA-N	SLRCCWJSBJZJBV
DB06728	PAYRUJLWNCNPSJ-UHFFFAOYSA-N	PAYRUJLWNCNPSJ
DB06729	QWCJHSGMANYXCW-UHFFFAOYSA-N	QWCJHSGMANYXCW
DB06730	SIGSPDASOTUPFS-UHFFFAOYSA-N	SIGSPDASOTUPFS
DB06731	WIQRCHMSJFFONW-UHFFFAOYSA-N	WIQRCHMSJFFONW
DB06732	OUGIDAPQYNCXRA-UHFFFAOYSA-N	OUGIDAPQYNCXRA
DB06733	XDHNQDDQEHDUTM-UHFFFAOYSA-N	XDHNQDDQEHDUTM
DB06734	KFUFLYSBMNNJTF-UHFFFAOYSA-N	KFUFLYSBMNNJTF
DB06735	GKIRPKYJQBWNGO-UHFFFAOYSA-N	GKIRPKYJQBWNGO
DB06736	MNIPYSSQXLZQLJ-UHFFFAOYSA-N	MNIPYSSQXLZQLJ
DB06737	MUXFZBHBYYYLTH-UHFFFAOYSA-N	MUXFZBHBYYYLTH
DB06738	ALFGKMXHOUSVAD-UHFFFAOYSA-N	ALFGKMXHOUSVAD
DB06739	ZBVKEHDGYSLCCC-UHFFFAOYSA-N	ZBVKEHDGYSLCCC
DB06741	WZBNEZWCNKUOSM-UHFFFAOYSA-N	WZBNEZWCNKUOSM
DB06742	JBDGDEWWOUBZPM-UHFFFAOYSA-N	JBDGDEWWOUBZPM
DB06743	FPUXKXIZEIDQKW-UHFFFAOYSA-N	FPUXKXIZEIDQKW
DB06744	SQOJOAFXDQDRGF-UHFFFAOYSA-N	SQOJOAFXDQDRGF
DB06748	NODILNFGTFIURN-UHFFFAOYSA-N	NODILNFGTFIURN
DB06749	GZYPWOGIYAIIPV-UHFFFAOYSA-N	GZYPWOGIYAIIPV
DB06750	YURJSTAIMNSZAE-UHFFFAOYSA-N	YURJSTAIMNSZAE
DB06751	OMFNSKIUKYOYRG-UHFFFAOYSA-N	OMFNSKIUKYOYRG
DB06753	YYQRGCZGSFRBAM-UHFFFAOYSA-N	YYQRGCZGSFRBAM
DB06755	OENHQHLEOONYIE-UHFFFAOYSA-N	OENHQHLEOONYIE
DB06756	KWIUHFFTVRNATP-UHFFFAOYSA-N	KWIUHFFTVRNATP
DB06757	WAEMQWOKJMHJLA-UHFFFAOYSA-N	WAEMQWOKJMHJLA
DB06762	IVVNZDGDKPTYHK-UHFFFAOYSA-N	IVVNZDGDKPTYHK
DB06763	PFGWGEPQIUAZME-UHFFFAOYSA-N	PFGWGEPQIUAZME
DB06764	BYJAVTDNIXVSPW-UHFFFAOYSA-N	BYJAVTDNIXVSPW
DB06766	MWTBKTRZPHJQLH-UHFFFAOYSA-N	MWTBKTRZPHJQLH
DB06767	QGZKDVFQNNGYKY-UHFFFAOYSA-O	QGZKDVFQNNGYKY
DB06768	JVTAAEKCZFNVCJ-UHFFFAOYSA-M	JVTAAEKCZFNVCJ
DB06769	YTKUWDBFDASYHO-UHFFFAOYSA-N	YTKUWDBFDASYHO
DB06770	WVDDGKGOMKODPV-UHFFFAOYSA-N	WVDDGKGOMKODPV
DB06771	QFFGVLORLPOAEC-UHFFFAOYSA-N	QFFGVLORLPOAEC
DB06772	BMQGVNUXMIRLCK-UHFFFAOYSA-N	BMQGVNUXMIRLCK
DB06774	YKPUWZUDDOIDPM-UHFFFAOYSA-N	YKPUWZUDDOIDPM
DB06775	LCQLHJZYVOQKHU-UHFFFAOYSA-N	LCQLHJZYVOQKHU
DB06777	RUDATBOHQWOJDD-UHFFFAOYSA-N	RUDATBOHQWOJDD
DB06778	QAOWNCQODCNURD-UHFFFAOYSA-L	QAOWNCQODCNURD
DB06780	VPGRYOFKCNULNK-UHFFFAOYSA-N	VPGRYOFKCNULNK
DB06781	WYQPLTPSGFELIB-UHFFFAOYSA-N	WYQPLTPSGFELIB
DB06782	WQABCVAJNWAXTE-UHFFFAOYSA-N	WQABCVAJNWAXTE
DB06783	XFXPMWWXUTWYJX-UHFFFAOYSA-N	XFXPMWWXUTWYJX
DB06784	KRKNYBCHXYNGOX-UHFFFAOYSA-K	KRKNYBCHXYNGOX
DB06785	GJNXBNATEDXMAK-UHFFFAOYSA-N	GJNXBNATEDXMAK
DB06786	MUQNGPZZQDCDFT-UHFFFAOYSA-N	MUQNGPZZQDCDFT
DB06787	ZRYHPQCHHOKSMD-UHFFFAOYSA-N	ZRYHPQCHHOKSMD
DB06788	HHXHVIJIIXKSOE-UHFFFAOYSA-N	HHXHVIJIIXKSOE
DB06789	DOMWKUIIPQCAJU-UHFFFAOYSA-N	DOMWKUIIPQCAJU
DB06791	PUDHBTGHUJUUFI-UHFFFAOYSA-N	PUDHBTGHUJUUFI
DB06792	BVKZGUZCCUSVTD-UHFFFAOYSA-L	BVKZGUZCCUSVTD
DB06793	XLMALTXPSGQGBX-UHFFFAOYSA-N	XLMALTXPSGQGBX
DB06794	RVGLGHVJXCETIO-UHFFFAOYSA-N	RVGLGHVJXCETIO
DB06795	TYMRLRRVMHJFTF-UHFFFAOYSA-N	TYMRLRRVMHJFTF
DB06796	ZKCUQUAJNFHDFR-UHFFFAOYSA-L	ZKCUQUAJNFHDFR
DB06797	LEROTMJVBFSIMP-UHFFFAOYSA-N	LEROTMJVBFSIMP
DB06799	VKYKSIONXSXAKP-UHFFFAOYSA-N	VKYKSIONXSXAKP
DB06800	JVLBPIPGETUEET-UHFFFAOYSA-O	JVLBPIPGETUEET
DB06802	QEFAQIPZVLVERP-UHFFFAOYSA-N	QEFAQIPZVLVERP
DB06803	RJMUSRYZPJIFPJ-UHFFFAOYSA-N	RJMUSRYZPJIFPJ
DB06804	FBWNMEQMRUMQSO-UHFFFAOYSA-N	FBWNMEQMRUMQSO
DB06807	DNVVZWSVACQWJE-UHFFFAOYSA-N	DNVVZWSVACQWJE
DB06809	YIQPUIGJQJDJOS-UHFFFAOYSA-N	YIQPUIGJQJDJOS
DB06810	CFCUWKMKBJTWLW-UHFFFAOYSA-N	CFCUWKMKBJTWLW
DB06811	ONJQDTZCDSESIW-UHFFFAOYSA-N	ONJQDTZCDSESIW
DB06813	OGSBUKJUDHAQEA-UHFFFAOYSA-N	OGSBUKJUDHAQEA
DB06814	LUMAEVHDZXIGEP-UHFFFAOYSA-N	LUMAEVHDZXIGEP
DB06815	YBBJKCMMCRQZMA-UHFFFAOYSA-N	YBBJKCMMCRQZMA
DB06816	QMHSXPLYMTVAMK-UHFFFAOYSA-N	QMHSXPLYMTVAMK
DB06817	CZFFBEXEKNGXKS-UHFFFAOYSA-N	CZFFBEXEKNGXKS
DB06819	OBKXEAXTFZPCHS-UHFFFAOYSA-N	OBKXEAXTFZPCHS
DB06820	AFNXATANNDIXLG-UHFFFAOYSA-N	AFNXATANNDIXLG
DB06821	GPTONYMQFTZPKC-UHFFFAOYSA-N	GPTONYMQFTZPKC
DB06823	YTGJWQPHMWSCST-UHFFFAOYSA-N	YTGJWQPHMWSCST
DB06824	VILCJCGEZXAXTO-UHFFFAOYSA-N	VILCJCGEZXAXTO
DB06825	VXKHXGOKWPXYNA-UHFFFAOYSA-N	VXKHXGOKWPXYNA
DB06826	TVHAZVBUYQMHBC-UHFFFAOYSA-N	TVHAZVBUYQMHBC
DB06827	GXFAIFRPOKBQRV-UHFFFAOYSA-N	GXFAIFRPOKBQRV
DB06828	NSZDJRLPCLOQAM-UHFFFAOYSA-N	NSZDJRLPCLOQAM
DB06829	RXDVFLTWXCTCEX-UHFFFAOYSA-N	RXDVFLTWXCTCEX
DB06830	IJEGNOYPWRBKAE-UHFFFAOYSA-N	IJEGNOYPWRBKAE
DB06831	UMMYTDJYDSTEMB-UHFFFAOYSA-N	UMMYTDJYDSTEMB
DB06832	MQIMZDXIAHJKQP-UHFFFAOYSA-N	MQIMZDXIAHJKQP
DB06833	MMIJMYOYKAKQPN-UHFFFAOYSA-N	MMIJMYOYKAKQPN
DB06834	XZRYCTLOGNCQDG-UHFFFAOYSA-N	XZRYCTLOGNCQDG
DB06835	CTQDLSDUHUFBQW-UHFFFAOYSA-N	CTQDLSDUHUFBQW
DB06836	JFVNFXCESCXMBC-UHFFFAOYSA-N	JFVNFXCESCXMBC
DB06837	VXDKQRWTOJFQKH-UHFFFAOYSA-N	VXDKQRWTOJFQKH
DB06838	VSDUZFOSJDMAFZ-UHFFFAOYSA-N	VSDUZFOSJDMAFZ
DB06840	FYUGRVWDCBMIQX-UHFFFAOYSA-N	FYUGRVWDCBMIQX
DB06841	DVFLYEYCMMLBTQ-UHFFFAOYSA-O	DVFLYEYCMMLBTQ
DB06842	PDMUULPVBYQBBK-UHFFFAOYSA-N	PDMUULPVBYQBBK
DB06843	NFGZMOICZSFFLB-UHFFFAOYSA-N	NFGZMOICZSFFLB
DB06844	MBXKBJLIESPLIK-UHFFFAOYSA-N	MBXKBJLIESPLIK
DB06845	WXYKSWZWRHMJTE-UHFFFAOYSA-N	WXYKSWZWRHMJTE
DB06847	YYCPXVRHQUEVAW-UHFFFAOYSA-N	YYCPXVRHQUEVAW
DB06848	VCUDZTCDUDDJGG-UHFFFAOYSA-N	VCUDZTCDUDDJGG
DB06849	RQWYWHUKHYFIPB-UHFFFAOYSA-N	RQWYWHUKHYFIPB
DB06850	RYKFVFFOIYLADT-UHFFFAOYSA-N	RYKFVFFOIYLADT
DB06851	BJXLHKJBRORJJJ-UHFFFAOYSA-N	BJXLHKJBRORJJJ
DB06852	MOVBBVMDHIRCTG-UHFFFAOYSA-N	MOVBBVMDHIRCTG
DB06853	BYTJPDBCLWUEBU-UHFFFAOYSA-N	BYTJPDBCLWUEBU
DB06855	NSUDDASMRZSVON-UHFFFAOYSA-N	NSUDDASMRZSVON
DB06856	HUYQYLFFFNSAAX-UHFFFAOYSA-N	HUYQYLFFFNSAAX
DB06857	QKGFTDAISIBIBV-UHFFFAOYSA-N	QKGFTDAISIBIBV
DB06858	MMLOIDMSBRJZAE-UHFFFAOYSA-N	MMLOIDMSBRJZAE
DB06859	XWIUMAPBZWNFNV-UHFFFAOYSA-N	XWIUMAPBZWNFNV
DB06860	YDJMWNHJNJVVMM-UHFFFAOYSA-N	YDJMWNHJNJVVMM
DB06861	FCDJKFJACUMSOZ-UHFFFAOYSA-N	FCDJKFJACUMSOZ
DB06862	UCQUNSCHVXCSCJ-UHFFFAOYSA-N	UCQUNSCHVXCSCJ
DB06864	QJYRAJSESKVEAE-UHFFFAOYSA-N	QJYRAJSESKVEAE
DB06865	ZSRRBAKATXAISL-UHFFFAOYSA-N	ZSRRBAKATXAISL
DB06866	NMOUMGFCBOWPAB-UHFFFAOYSA-N	NMOUMGFCBOWPAB
DB06867	IXFAFGFZFQHRLB-UHFFFAOYSA-N	IXFAFGFZFQHRLB
DB06868	PQUULPKGCNPPBX-UHFFFAOYSA-N	PQUULPKGCNPPBX
DB06869	BMHVHOJXEQTIEA-UHFFFAOYSA-N	BMHVHOJXEQTIEA
DB06870	OXHNQTSIKGHVBH-UHFFFAOYSA-N	OXHNQTSIKGHVBH
DB06871	FQMQOMRDADWGJJ-UHFFFAOYSA-N	FQMQOMRDADWGJJ
DB06872	YWJXYUXIPSIOGG-UHFFFAOYSA-N	YWJXYUXIPSIOGG
DB06873	CSXNPJKDZKLDET-UHFFFAOYSA-N	CSXNPJKDZKLDET
DB06874	LSIZSSASMKSUIU-UHFFFAOYSA-N	LSIZSSASMKSUIU
DB06875	NSSOSHDCWCMNDM-UHFFFAOYSA-N	NSSOSHDCWCMNDM
DB06876	YJWJKKXGAPWLGT-UHFFFAOYSA-N	YJWJKKXGAPWLGT
DB06877	OPBUUQBZKJSWTN-UHFFFAOYSA-N	OPBUUQBZKJSWTN
DB06878	OTYYXGRJXJFTCD-UHFFFAOYSA-N	OTYYXGRJXJFTCD
DB06879	QCFIRACCCDFXIP-UHFFFAOYSA-N	QCFIRACCCDFXIP
DB06880	RIKCMKYTGBHVSX-UHFFFAOYSA-N	RIKCMKYTGBHVSX
DB06881	HEBDCWKDNSCZMW-UHFFFAOYSA-N	HEBDCWKDNSCZMW
DB06882	HJWMLCDGRWWLAQ-UHFFFAOYSA-N	HJWMLCDGRWWLAQ
DB06883	DHNYNLNKNQJSHF-UHFFFAOYSA-N	DHNYNLNKNQJSHF
DB06884	MFDXHRPPSJRQFX-UHFFFAOYSA-N	MFDXHRPPSJRQFX
DB06885	NBNFAYOWJREHBN-UHFFFAOYSA-N	NBNFAYOWJREHBN
DB06886	MACLRJNEKXUAJK-UHFFFAOYSA-N	MACLRJNEKXUAJK
DB06887	PPSSYXOFPICMQD-UHFFFAOYSA-N	PPSSYXOFPICMQD
DB06888	KBLPHMRCKHFBJB-UHFFFAOYSA-N	KBLPHMRCKHFBJB
DB06889	QSBQXAOOVSQABJ-UHFFFAOYSA-N	QSBQXAOOVSQABJ
DB06890	MODBYAQUXXEFRM-UHFFFAOYSA-N	MODBYAQUXXEFRM
DB06891	HOLJYLOVIHBQHO-UHFFFAOYSA-N	HOLJYLOVIHBQHO
DB06892	BDLJJGJCIWWATJ-UHFFFAOYSA-N	BDLJJGJCIWWATJ
DB06893	KVGOXGQSTGQXDD-UHFFFAOYSA-N	KVGOXGQSTGQXDD
DB06894	LQZZUXJYWNFBMV-UHFFFAOYSA-N	LQZZUXJYWNFBMV
DB06896	OBSFXHDOLBYWRJ-UHFFFAOYSA-N	OBSFXHDOLBYWRJ
DB06897	MMGKIHLBFPJYJL-UHFFFAOYSA-N	MMGKIHLBFPJYJL
DB06898	UGJXOCBVCWTJFP-UHFFFAOYSA-N	UGJXOCBVCWTJFP
DB06899	RMEVNJZCKDVVND-UHFFFAOYSA-N	RMEVNJZCKDVVND
DB06900	JAFHTIHHRCEJDS-UHFFFAOYSA-N	JAFHTIHHRCEJDS
DB06901	NEWBFDLFXDTFGD-UHFFFAOYSA-N	NEWBFDLFXDTFGD
DB06902	QBDSZLJBMIMQRS-UHFFFAOYSA-N	QBDSZLJBMIMQRS
DB06903	DCFDRCCHOOORSB-UHFFFAOYSA-N	DCFDRCCHOOORSB
DB06904	KYVQFVHQVGHNFK-UHFFFAOYSA-N	KYVQFVHQVGHNFK
DB06905	HJVCHYDYCYBBQX-UHFFFAOYSA-N	HJVCHYDYCYBBQX
DB06906	HRRHGLKNOJHIGY-UHFFFAOYSA-N	HRRHGLKNOJHIGY
DB06907	XVNRKPCHMYOPPL-UHFFFAOYSA-N	XVNRKPCHMYOPPL
DB06908	PAWOPJKHTZCKMT-UHFFFAOYSA-N	PAWOPJKHTZCKMT
DB06909	QZGJNFBMYYEFGM-UHFFFAOYSA-N	QZGJNFBMYYEFGM
DB06910	IWJSQELMWLOYSO-UHFFFAOYSA-N	IWJSQELMWLOYSO
DB06911	FHVBVJXZKNCSLP-UHFFFAOYSA-N	FHVBVJXZKNCSLP
DB06912	WRPMDTWVLJJHMV-UHFFFAOYSA-N	WRPMDTWVLJJHMV
DB06913	ZTUMRSFHUOBXAC-UHFFFAOYSA-N	ZTUMRSFHUOBXAC
DB06914	NPIOYRIZNLPLDH-UHFFFAOYSA-N	NPIOYRIZNLPLDH
DB06916	LBCGUKCXRVUULK-UHFFFAOYSA-N	LBCGUKCXRVUULK
DB06917	WTRWBYGUMQEFFI-UHFFFAOYSA-N	WTRWBYGUMQEFFI
DB06918	ZRYXDGAKQGRHFG-UHFFFAOYSA-N	ZRYXDGAKQGRHFG
DB06919	CJHLRGCXPGIPCB-UHFFFAOYSA-N	CJHLRGCXPGIPCB
DB06920	QQBKAVAGLMGMHI-UHFFFAOYSA-N	QQBKAVAGLMGMHI
DB06921	FNZHLCNFXRRIIC-UHFFFAOYSA-N	FNZHLCNFXRRIIC
DB06922	CZNPWASYMRBJCX-UHFFFAOYSA-N	CZNPWASYMRBJCX
DB06923	KJUSXMYSVXZFDJ-UHFFFAOYSA-N	KJUSXMYSVXZFDJ
DB06924	GCXOTBPCUQHSAO-UHFFFAOYSA-N	GCXOTBPCUQHSAO
DB06925	YEIASMOUYNOXGA-UHFFFAOYSA-N	YEIASMOUYNOXGA
DB06926	HNICUWMFWZBIFP-UHFFFAOYSA-N	HNICUWMFWZBIFP
DB06927	ZKJVCUXZMYKTLT-UHFFFAOYSA-N	ZKJVCUXZMYKTLT
DB06928	PPTCQJLGUKWAEP-UHFFFAOYSA-N	PPTCQJLGUKWAEP
DB06929	RYAZZWWVNUWKNB-UHFFFAOYSA-N	RYAZZWWVNUWKNB
DB06930	WVLDNAVUCUAGDP-UHFFFAOYSA-N	WVLDNAVUCUAGDP
DB06931	COHUUYPEYRMWTH-UHFFFAOYSA-N	COHUUYPEYRMWTH
DB06932	NVINUNQBDNEMSY-UHFFFAOYSA-N	NVINUNQBDNEMSY
DB06933	GJTCKUKIFXWJKG-UHFFFAOYSA-N	GJTCKUKIFXWJKG
DB06934	JZFUHAGLMZWKTF-UHFFFAOYSA-N	JZFUHAGLMZWKTF
DB06935	CWWIIKLXUPZDOG-UHFFFAOYSA-N	CWWIIKLXUPZDOG
DB06936	AEKJCSNKYXWOAQ-UHFFFAOYSA-N	AEKJCSNKYXWOAQ
DB06937	NBTXJDAHLMMIGY-UHFFFAOYSA-N	NBTXJDAHLMMIGY
DB06938	ZJLSMLDOCGOURY-UHFFFAOYSA-N	ZJLSMLDOCGOURY
DB06939	BZFQBRSDORUYAB-UHFFFAOYSA-N	BZFQBRSDORUYAB
DB06940	ZZTMFGIGOADCFX-UHFFFAOYSA-N	ZZTMFGIGOADCFX
DB06941	KAASZVAHBVMHCO-UHFFFAOYSA-N	KAASZVAHBVMHCO
DB06942	RNZKCCPFUWHBFY-UHFFFAOYSA-N	RNZKCCPFUWHBFY
DB06943	BLIQFUCBRCDFAI-UHFFFAOYSA-N	BLIQFUCBRCDFAI
DB06944	RIGZCVNCFXYBEG-UHFFFAOYSA-N	RIGZCVNCFXYBEG
DB06945	FOSWRYKPHVPIDJ-UHFFFAOYSA-N	FOSWRYKPHVPIDJ
DB06946	DWYLYIVEFVSGCP-UHFFFAOYSA-N	DWYLYIVEFVSGCP
DB06947	YHAMQFKGUUSJMU-UHFFFAOYSA-N	YHAMQFKGUUSJMU
DB06948	XWWRLKIBRPJQJX-UHFFFAOYSA-N	XWWRLKIBRPJQJX
DB06949	LVLHTGJPIBVDTM-UHFFFAOYSA-N	LVLHTGJPIBVDTM
DB06950	ZDMUFSJTENTNDA-UHFFFAOYSA-N	ZDMUFSJTENTNDA
DB06951	KPHLTCNXHCHMOW-UHFFFAOYSA-N	KPHLTCNXHCHMOW
DB06952	LGYIZQLNYONEFJ-UHFFFAOYSA-N	LGYIZQLNYONEFJ
DB06953	JVWHVGIRXILXMU-UHFFFAOYSA-N	JVWHVGIRXILXMU
DB06954	BIASYWBGUYOWJR-UHFFFAOYSA-N	BIASYWBGUYOWJR
DB06955	OAMCCJASDLMTOO-UHFFFAOYSA-N	OAMCCJASDLMTOO
DB06956	BTTFXKUTBNGQTP-UHFFFAOYSA-N	BTTFXKUTBNGQTP
DB06957	BDFJIEMVNDLSTB-UHFFFAOYSA-N	BDFJIEMVNDLSTB
DB06958	SORAKBHHTGVZCS-UHFFFAOYSA-N	SORAKBHHTGVZCS
DB06959	BUCZDJYEOAQTHL-UHFFFAOYSA-N	BUCZDJYEOAQTHL
DB06960	BLTCBVOJNNKFKC-UHFFFAOYSA-N	BLTCBVOJNNKFKC
DB06961	APGOABVITLQCKW-UHFFFAOYSA-N	APGOABVITLQCKW
DB06962	YKTUSHSSKIWDRY-UHFFFAOYSA-N	YKTUSHSSKIWDRY
DB06963	ZFGCLYUGFRNYFE-UHFFFAOYSA-N	ZFGCLYUGFRNYFE
DB06964	JXPCDMPJCKNLBY-UHFFFAOYSA-N	JXPCDMPJCKNLBY
DB06965	MMTDYBZZRYOMFD-UHFFFAOYSA-N	MMTDYBZZRYOMFD
DB06966	MMTDYBZZRYOMFD-UHFFFAOYSA-N	MMTDYBZZRYOMFD
DB06967	MLSVRCGEBXIIQO-UHFFFAOYSA-N	MLSVRCGEBXIIQO
DB06968	CHRPUSCNMSNSKL-UHFFFAOYSA-N	CHRPUSCNMSNSKL
DB06969	WJUNQSYQHHIVFX-UHFFFAOYSA-N	WJUNQSYQHHIVFX
DB06970	MZCDQILVXXIMEV-UHFFFAOYSA-N	MZCDQILVXXIMEV
DB06971	GVMUNGGWXRKCEU-UHFFFAOYSA-N	GVMUNGGWXRKCEU
DB06972	TZCXQSNBTXDAJG-UHFFFAOYSA-N	TZCXQSNBTXDAJG
DB06973	IISBACLAFKSPIT-UHFFFAOYSA-N	IISBACLAFKSPIT
DB06974	HTTWNUWLEOXVKB-UHFFFAOYSA-N	HTTWNUWLEOXVKB
DB06976	IWOOJEZSDPRYAZ-UHFFFAOYSA-N	IWOOJEZSDPRYAZ
DB06977	CAASENZOSQYNPX-UHFFFAOYSA-N	CAASENZOSQYNPX
DB06978	BMGXNERTVNWBJG-UHFFFAOYSA-N	BMGXNERTVNWBJG
DB06979	IEZPFPQAXAREGM-UHFFFAOYSA-N	IEZPFPQAXAREGM
DB06980	RCBHCHBXRBYJGU-UHFFFAOYSA-N	RCBHCHBXRBYJGU
DB06981	QRCBLBWFQJDFJQ-UHFFFAOYSA-N	QRCBLBWFQJDFJQ
DB06982	AWVCKFLATUTBCX-UHFFFAOYSA-N	AWVCKFLATUTBCX
DB06983	RBLKWWBHDUBPFN-UHFFFAOYSA-N	RBLKWWBHDUBPFN
DB06984	CHTYSDQNKZIWBZ-UHFFFAOYSA-N	CHTYSDQNKZIWBZ
DB06985	MEAQCLPMSVEOQF-UHFFFAOYSA-N	MEAQCLPMSVEOQF
DB06986	LRHOLHTVXXSIMG-UHFFFAOYSA-N	LRHOLHTVXXSIMG
DB06987	METKIMKYRPQLGS-UHFFFAOYSA-N	METKIMKYRPQLGS
DB06988	BSKROLLIUIDPDT-UHFFFAOYSA-N	BSKROLLIUIDPDT
DB06989	SUACYXRSGYYBGT-UHFFFAOYSA-N	SUACYXRSGYYBGT
DB06990	XHDKIDMFBWLHAX-UHFFFAOYSA-N	XHDKIDMFBWLHAX
DB06991	OYOUIHFZUAKCEF-UHFFFAOYSA-N	OYOUIHFZUAKCEF
DB06992	SIDDLTBLAQYZIZ-UHFFFAOYSA-N	SIDDLTBLAQYZIZ
DB06993	PTAHVQJZNFGPHN-UHFFFAOYSA-N	PTAHVQJZNFGPHN
DB06994	XCCSSVMRGIQMGF-UHFFFAOYSA-N	XCCSSVMRGIQMGF
DB06995	USBSTVPJNQLYEM-UHFFFAOYSA-N	USBSTVPJNQLYEM
DB06996	XFNMDMGNNKIXBT-UHFFFAOYSA-N	XFNMDMGNNKIXBT
DB06997	BMPOCDJEXAXXEZ-UHFFFAOYSA-N	BMPOCDJEXAXXEZ
DB06998	ABQHPGHMYXJJIV-UHFFFAOYSA-N	ABQHPGHMYXJJIV
DB06999	YZDJQTHVDDOVHR-UHFFFAOYSA-N	YZDJQTHVDDOVHR
DB07000	ILXJWLWSYAWJKZ-UHFFFAOYSA-N	ILXJWLWSYAWJKZ
DB07001	JIIBOYBTIWHZFJ-UHFFFAOYSA-N	JIIBOYBTIWHZFJ
DB07002	SZUVGMCKKLJAFX-UHFFFAOYSA-N	SZUVGMCKKLJAFX
DB07003	TUOXPJFCQDMQOX-UHFFFAOYSA-N	TUOXPJFCQDMQOX
DB07004	CUKZXTKQBXLMDO-UHFFFAOYSA-N	CUKZXTKQBXLMDO
DB07005	VZFTWWJAUZOJDH-UHFFFAOYSA-O	VZFTWWJAUZOJDH
DB07006	AOGOZJCRIFBTTN-UHFFFAOYSA-N	AOGOZJCRIFBTTN
DB07007	UDFXWCLBONUMNA-UHFFFAOYSA-N	UDFXWCLBONUMNA
DB07008	XPXGYINSBORUMM-UHFFFAOYSA-N	XPXGYINSBORUMM
DB07009	JHOZVRGNIYFYHE-UHFFFAOYSA-N	JHOZVRGNIYFYHE
DB07010	PDJZASCRQRBYQS-UHFFFAOYSA-N	PDJZASCRQRBYQS
DB07011	HHOPJGKEAIIIDF-UHFFFAOYSA-N	HHOPJGKEAIIIDF
DB07012	VQSMWFVKBKMHTO-UHFFFAOYSA-N	VQSMWFVKBKMHTO
DB07013	RXFCFGLSOUOCEA-UHFFFAOYSA-N	RXFCFGLSOUOCEA
DB07014	TUTZKAQTSPMEBI-UHFFFAOYSA-N	TUTZKAQTSPMEBI
DB07015	XDSKICAQKGYYJF-UHFFFAOYSA-N	XDSKICAQKGYYJF
DB07016	BDOBQGTXRREVKI-UHFFFAOYSA-M	BDOBQGTXRREVKI
DB07017	HYVZYASDRIAOPU-UHFFFAOYSA-N	HYVZYASDRIAOPU
DB07018	USWKTQVAABDFSY-UHFFFAOYSA-N	USWKTQVAABDFSY
DB07019	QWDOKZPZLWNULU-UHFFFAOYSA-N	QWDOKZPZLWNULU
DB07020	LMDMJDCLPIVGQD-UHFFFAOYSA-N	LMDMJDCLPIVGQD
DB07021	SOSYXEPELJIJHZ-UHFFFAOYSA-N	SOSYXEPELJIJHZ
DB07022	PXERBGNIBOFZOW-UHFFFAOYSA-N	PXERBGNIBOFZOW
DB07023	HGLWHYRZHMOCMC-UHFFFAOYSA-N	HGLWHYRZHMOCMC
DB07024	CEXBEGBNDJVZPK-UHFFFAOYSA-N	CEXBEGBNDJVZPK
DB07025	KBIHHEGEALBUMT-UHFFFAOYSA-N	KBIHHEGEALBUMT
DB07026	PPLDARNGJSQINK-UHFFFAOYSA-N	PPLDARNGJSQINK
DB07027	JGZSVYZIJHGHMA-UHFFFAOYSA-N	JGZSVYZIJHGHMA
DB07028	ZLIGBZRXAQNUFO-UHFFFAOYSA-N	ZLIGBZRXAQNUFO
DB07029	QQBNDYARFVOEGW-UHFFFAOYSA-N	QQBNDYARFVOEGW
DB07030	VABIMMIJVWNHFI-UHFFFAOYSA-N	VABIMMIJVWNHFI
DB07031	AANFHDFOMFRLLR-UHFFFAOYSA-N	AANFHDFOMFRLLR
DB07032	SNNNDCMXZYWCCI-UHFFFAOYSA-N	SNNNDCMXZYWCCI
DB07033	VWQVBIPGKIAUGA-UHFFFAOYSA-N	VWQVBIPGKIAUGA
DB07034	VOKATEXROYSXDW-UHFFFAOYSA-N	VOKATEXROYSXDW
DB07035	XMFUXIRAVPMVRS-UHFFFAOYSA-N	XMFUXIRAVPMVRS
DB07036	GPFRMIHXGMVMGF-UHFFFAOYSA-N	GPFRMIHXGMVMGF
DB07037	MBZPCTWLFNYBND-UHFFFAOYSA-N	MBZPCTWLFNYBND
DB07038	JSXMFCCPQQJLCR-UHFFFAOYSA-N	JSXMFCCPQQJLCR
DB07039	RXSZCFAPSDTELY-UHFFFAOYSA-N	RXSZCFAPSDTELY
DB07040	GCHMLYYPYFXLQB-UHFFFAOYSA-N	GCHMLYYPYFXLQB
DB07041	FDJWFDQRPKKBFA-UHFFFAOYSA-N	FDJWFDQRPKKBFA
DB07042	XESUNWBIAADLPI-UHFFFAOYSA-N	XESUNWBIAADLPI
DB07043	CKLCIJCZOIDJQU-UHFFFAOYSA-N	CKLCIJCZOIDJQU
DB07044	VOWXAXNVAGLOGM-UHFFFAOYSA-N	VOWXAXNVAGLOGM
DB07045	VBJKVZXRYLCYGQ-UHFFFAOYSA-N	VBJKVZXRYLCYGQ
DB07046	FCADPEDUULETPK-UHFFFAOYSA-N	FCADPEDUULETPK
DB07047	SKAFZYDMDHPPJM-UHFFFAOYSA-N	SKAFZYDMDHPPJM
DB07048	XBYJCVDSFWJBSM-UHFFFAOYSA-N	XBYJCVDSFWJBSM
DB07049	SOFGQQQVQZQJFS-UHFFFAOYSA-N	SOFGQQQVQZQJFS
DB07050	PWDGTQXZLNDOKS-UHFFFAOYSA-N	PWDGTQXZLNDOKS
DB07051	BUIZDUYEIRRDAV-UHFFFAOYSA-O	BUIZDUYEIRRDAV
DB07052	HMXHURAGFHWODC-UHFFFAOYSA-N	HMXHURAGFHWODC
DB07053	TWVYNPULGKGJOS-UHFFFAOYSA-N	TWVYNPULGKGJOS
DB07054	OSCWQKTUILTARV-UHFFFAOYSA-N	OSCWQKTUILTARV
DB07055	DEOJDUHRJBKATO-UHFFFAOYSA-N	DEOJDUHRJBKATO
DB07056	JNWQLOFSMUGRNY-UHFFFAOYSA-N	JNWQLOFSMUGRNY
DB07057	FPQOSKXLHCTVED-UHFFFAOYSA-N	FPQOSKXLHCTVED
DB07058	QBVJMUOTMRYUKR-UHFFFAOYSA-N	QBVJMUOTMRYUKR
DB07059	GBXSOZDYCSBLQX-UHFFFAOYSA-N	GBXSOZDYCSBLQX
DB07060	XGILAAMKEQUXLS-UHFFFAOYSA-N	XGILAAMKEQUXLS
DB07061	AXYFCRIRLKSCRR-UHFFFAOYSA-N	AXYFCRIRLKSCRR
DB07062	TVPDHJRNQAAQLR-UHFFFAOYSA-N	TVPDHJRNQAAQLR
DB07063	KYHVTMFADJNSGS-UHFFFAOYSA-N	KYHVTMFADJNSGS
DB07064	HPVCRUIDFODATB-UHFFFAOYSA-N	HPVCRUIDFODATB
DB07065	AHPKUZJCNHGFQA-UHFFFAOYSA-N	AHPKUZJCNHGFQA
DB07066	LJAHIGGEXIWVJG-UHFFFAOYSA-N	LJAHIGGEXIWVJG
DB07067	SQCDMTZMCHZYGO-UHFFFAOYSA-N	SQCDMTZMCHZYGO
DB07068	VHLMZWXTBDMYOE-UHFFFAOYSA-N	VHLMZWXTBDMYOE
DB07069	XDOFWFNMYJRHEW-UHFFFAOYSA-N	XDOFWFNMYJRHEW
DB07070	BDLLIPYDNFENMY-UHFFFAOYSA-N	BDLLIPYDNFENMY
DB07071	ZYCNKSJMJFKCBX-UHFFFAOYSA-N	ZYCNKSJMJFKCBX
DB07072	CNKRZILQBKJWDS-UHFFFAOYSA-N	CNKRZILQBKJWDS
DB07073	DZXMARZBAUMWLK-UHFFFAOYSA-N	DZXMARZBAUMWLK
DB07074	OUBRALHIKGRAMA-UHFFFAOYSA-N	OUBRALHIKGRAMA
DB07075	WBKUBPBCFYCSRT-UHFFFAOYSA-N	WBKUBPBCFYCSRT
DB07076	FWTQOPWAMQXIMI-UHFFFAOYSA-N	FWTQOPWAMQXIMI
DB07077	PTRUIYBNRUNGLM-UHFFFAOYSA-N	PTRUIYBNRUNGLM
DB07078	AYSXURJZVXBSRV-UHFFFAOYSA-N	AYSXURJZVXBSRV
DB07079	CARKQNSZFCLNKM-UHFFFAOYSA-N	CARKQNSZFCLNKM
DB07080	SGIWFELWJPNFDH-UHFFFAOYSA-N	SGIWFELWJPNFDH
DB07081	FDEXEPZGMKFCTG-UHFFFAOYSA-N	FDEXEPZGMKFCTG
DB07082	VHDRSZOHKKZOQF-UHFFFAOYSA-N	VHDRSZOHKKZOQF
DB07083	HZKKJPDVZGOOPU-UHFFFAOYSA-N	HZKKJPDVZGOOPU
DB07084	YHKGWOJTUMJPNW-UHFFFAOYSA-N	YHKGWOJTUMJPNW
DB07085	LBMZLHCAPBBOFS-UHFFFAOYSA-N	LBMZLHCAPBBOFS
DB07086	XXIFNRNIQJKFLP-UHFFFAOYSA-N	XXIFNRNIQJKFLP
DB07087	YMSZEVAWRFDVQX-UHFFFAOYSA-N	YMSZEVAWRFDVQX
DB07088	ZWXWAYUCJVQHOR-UHFFFAOYSA-N	ZWXWAYUCJVQHOR
DB07089	VZSMTBLDWPKVRW-UHFFFAOYSA-N	VZSMTBLDWPKVRW
DB07090	NJNMAZNXKKBTPS-UHFFFAOYSA-N	NJNMAZNXKKBTPS
DB07091	IWPMQJKXKKKSEY-UHFFFAOYSA-N	IWPMQJKXKKKSEY
DB07092	JNAZOMVWUGPITI-UHFFFAOYSA-N	JNAZOMVWUGPITI
DB07093	RQWICELTTDJODO-UHFFFAOYSA-N	RQWICELTTDJODO
DB07094	FHYTVXBZSXZMGD-UHFFFAOYSA-N	FHYTVXBZSXZMGD
DB07095	BNCHHUFGEOJCNH-UHFFFAOYSA-N	BNCHHUFGEOJCNH
DB07096	SSMIFVHARFVINF-UHFFFAOYSA-N	SSMIFVHARFVINF
DB07097	FVJUELRQTOWYRY-UHFFFAOYSA-N	FVJUELRQTOWYRY
DB07098	HKNUDJDAVYPTGD-UHFFFAOYSA-N	HKNUDJDAVYPTGD
DB07099	YJPUATSIKWOSST-UHFFFAOYSA-N	YJPUATSIKWOSST
DB07100	RFPHEBUOQYYPDO-UHFFFAOYSA-N	RFPHEBUOQYYPDO
DB07101	SUDAHWBOROXANE-UHFFFAOYSA-N	SUDAHWBOROXANE
DB07102	BYSBXIPCDJNEBG-UHFFFAOYSA-N	BYSBXIPCDJNEBG
DB07103	SATOOOGJLDLPLZ-UHFFFAOYSA-M	SATOOOGJLDLPLZ
DB07104	QTWBKNVNGVYTNZ-UHFFFAOYSA-N	QTWBKNVNGVYTNZ
DB07105	IEEYGOJDTRVYGR-UHFFFAOYSA-N	IEEYGOJDTRVYGR
DB07106	UFYJLJINUGVUHO-UHFFFAOYSA-N	UFYJLJINUGVUHO
DB07107	SGHXFHRRWFLILP-UHFFFAOYSA-N	SGHXFHRRWFLILP
DB07108	LXWNTLBMNCXRQN-UHFFFAOYSA-N	LXWNTLBMNCXRQN
DB07109	QURCVMIEKCOAJU-UHFFFAOYSA-N	QURCVMIEKCOAJU
DB07110	JLAKCHGEEBPDQI-UHFFFAOYSA-N	JLAKCHGEEBPDQI
DB07111	IFRKCNPQVIJFAQ-UHFFFAOYSA-N	IFRKCNPQVIJFAQ
DB07112	FUMNLXHPILGSLC-UHFFFAOYSA-N	FUMNLXHPILGSLC
DB07113	KHZQOXQOUCGGGA-UHFFFAOYSA-N	KHZQOXQOUCGGGA
DB07114	SROHFTOYGFCJAF-UHFFFAOYSA-N	SROHFTOYGFCJAF
DB07115	IPPUTOHDQOYDIL-UHFFFAOYSA-N	IPPUTOHDQOYDIL
DB07116	UXXYPWCUINVUHL-UHFFFAOYSA-N	UXXYPWCUINVUHL
DB07117	FMKQJGOROFNCGM-UHFFFAOYSA-N	FMKQJGOROFNCGM
DB07118	HSHNITRMYYLLCV-UHFFFAOYSA-N	HSHNITRMYYLLCV
DB07119	YHEHVRSGKUYDON-UHFFFAOYSA-N	YHEHVRSGKUYDON
DB07120	QLXOHIUDKNRVBZ-UHFFFAOYSA-N	QLXOHIUDKNRVBZ
DB07121	AANXPIMDONQTQF-UHFFFAOYSA-N	AANXPIMDONQTQF
DB07122	MERNPSIIBFTCAI-UHFFFAOYSA-N	MERNPSIIBFTCAI
DB07123	DVOLWKZEIDCCES-UHFFFAOYSA-N	DVOLWKZEIDCCES
DB07124	CCIACUJJBPSOHE-UHFFFAOYSA-N	CCIACUJJBPSOHE
DB07125	KKZYGUVAFJCULH-UHFFFAOYSA-N	KKZYGUVAFJCULH
DB07126	OWXORKPNCHJYOF-UHFFFAOYSA-N	OWXORKPNCHJYOF
DB07127	SXDBFKLPNPUPRI-UHFFFAOYSA-N	SXDBFKLPNPUPRI
DB07128	ZTYBIJUAAWLJNU-UHFFFAOYSA-N	ZTYBIJUAAWLJNU
DB07129	VLPIATFUUWWMKC-UHFFFAOYSA-N	VLPIATFUUWWMKC
DB07130	MVDWLRCTJUXCCB-UHFFFAOYSA-N	MVDWLRCTJUXCCB
DB07131	DOTBZTLJSXFKCP-UHFFFAOYSA-N	DOTBZTLJSXFKCP
DB07132	KJDBLWKTHMHALD-UHFFFAOYSA-N	KJDBLWKTHMHALD
DB07133	CHKWABXWPATIIG-UHFFFAOYSA-N	CHKWABXWPATIIG
DB07134	LCPRWBWCEGWNKF-UHFFFAOYSA-N	LCPRWBWCEGWNKF
DB07135	ZPWDKZWKUOYOHA-UHFFFAOYSA-N	ZPWDKZWKUOYOHA
DB07136	WFFOOKSVFDUPDH-UHFFFAOYSA-N	WFFOOKSVFDUPDH
DB07137	JPAWNIKVRIVDBT-UHFFFAOYSA-N	JPAWNIKVRIVDBT
DB07138	VEPKQEUBKLEPRA-UHFFFAOYSA-N	VEPKQEUBKLEPRA
DB07139	IHKCOKRMJRDWAL-UHFFFAOYSA-N	IHKCOKRMJRDWAL
DB07140	JPENSYBRTSIYGO-UHFFFAOYSA-N	JPENSYBRTSIYGO
DB07141	QVXYJVHNRPNRJL-UHFFFAOYSA-N	QVXYJVHNRPNRJL
DB07142	ATFDKOLABYIYCC-UHFFFAOYSA-N	ATFDKOLABYIYCC
DB07143	MEPJWLFTTFHOQO-UHFFFAOYSA-N	MEPJWLFTTFHOQO
DB07144	XZXVRKHUCSXVBM-UHFFFAOYSA-N	XZXVRKHUCSXVBM
DB07145	YDMIPBHQKFOFQW-UHFFFAOYSA-N	YDMIPBHQKFOFQW
DB07146	QUIQCYFSBGOBKE-UHFFFAOYSA-N	QUIQCYFSBGOBKE
DB07147	HJWMYFBKJRVWJY-UHFFFAOYSA-N	HJWMYFBKJRVWJY
DB07148	HPAFVLDARQIHPU-UHFFFAOYSA-N	HPAFVLDARQIHPU
DB07149	LCBAQTCTQXHTJG-UHFFFAOYSA-N	LCBAQTCTQXHTJG
DB07150	VYQQTWUZKPWPRL-UHFFFAOYSA-N	VYQQTWUZKPWPRL
DB07151	AZXKZZMGLACNIJ-UHFFFAOYSA-N	AZXKZZMGLACNIJ
DB07152	TYPILNNEZPSNTI-UHFFFAOYSA-N	TYPILNNEZPSNTI
DB07153	FJNFXXGWYVMQNA-UHFFFAOYSA-N	FJNFXXGWYVMQNA
DB07154	SWKGZJAAGSVROJ-UHFFFAOYSA-N	SWKGZJAAGSVROJ
DB07155	BVUSHGJZBZMDML-UHFFFAOYSA-N	BVUSHGJZBZMDML
DB07156	RZPRSYVDBXYUML-UHFFFAOYSA-N	RZPRSYVDBXYUML
DB07157	RTFGEFWZCFCODU-UHFFFAOYSA-N	RTFGEFWZCFCODU
DB07158	ASEHARDUZDZEKS-UHFFFAOYSA-N	ASEHARDUZDZEKS
DB07159	NHHQJBCNYHBUSI-UHFFFAOYSA-N	NHHQJBCNYHBUSI
DB07160	MZJYLQZZISBOTF-UHFFFAOYSA-N	MZJYLQZZISBOTF
DB07161	ZCUSNQPYUNLATP-UHFFFAOYSA-N	ZCUSNQPYUNLATP
DB07162	KFJCXIOVAGJCKB-UHFFFAOYSA-N	KFJCXIOVAGJCKB
DB07163	CQCXWWWNUFQYJS-UHFFFAOYSA-N	CQCXWWWNUFQYJS
DB07164	CAGHIASAHLPQMS-UHFFFAOYSA-N	CAGHIASAHLPQMS
DB07165	SOBGXPPOYFFGTK-UHFFFAOYSA-N	SOBGXPPOYFFGTK
DB07167	NNPCFFIJVKYGHR-UHFFFAOYSA-N	NNPCFFIJVKYGHR
DB07168	MFMSRHREFZCFSN-UHFFFAOYSA-N	MFMSRHREFZCFSN
DB07169	GAOOBYJHWAKZKU-UHFFFAOYSA-N	GAOOBYJHWAKZKU
DB07170	QKUCDAPGYBWICH-UHFFFAOYSA-N	QKUCDAPGYBWICH
DB07171	VICIXNZSEUYGFV-UHFFFAOYSA-N	VICIXNZSEUYGFV
DB07172	FTAGQROYQYQRHF-UHFFFAOYSA-N	FTAGQROYQYQRHF
DB07173	NTXUAWGNGBSCRS-UHFFFAOYSA-N	NTXUAWGNGBSCRS
DB07174	WPAPODFGOZXFLG-UHFFFAOYSA-N	WPAPODFGOZXFLG
DB07175	CXQRKICWSCAUGW-UHFFFAOYSA-N	CXQRKICWSCAUGW
DB07176	DQNAQOYOSRJXFZ-UHFFFAOYSA-N	DQNAQOYOSRJXFZ
DB07177	YRTJDWROBKPZNV-UHFFFAOYSA-N	YRTJDWROBKPZNV
DB07178	OJLYTHOKCYLPMA-UHFFFAOYSA-N	OJLYTHOKCYLPMA
DB07179	DXUJQXZHHGJMFM-UHFFFAOYSA-N	DXUJQXZHHGJMFM
DB07180	FIRPCWHHIWFKCD-UHFFFAOYSA-N	FIRPCWHHIWFKCD
DB07181	JYKFWUXBFJJDTP-UHFFFAOYSA-N	JYKFWUXBFJJDTP
DB07182	HFRHWTYCVGKGIE-UHFFFAOYSA-N	HFRHWTYCVGKGIE
DB07183	CPVRYQAOUPSUDO-UHFFFAOYSA-N	CPVRYQAOUPSUDO
DB07184	JKXLRLDPSLZEDD-UHFFFAOYSA-N	JKXLRLDPSLZEDD
DB07185	LXSDGQYDSDIUPN-UHFFFAOYSA-N	LXSDGQYDSDIUPN
DB07186	TYYNSDQVFIOSFH-UHFFFAOYSA-N	TYYNSDQVFIOSFH
DB07187	FXFPQPNUMWQRAO-UHFFFAOYSA-N	FXFPQPNUMWQRAO
DB07188	YUFADRZDHJKVOT-UHFFFAOYSA-N	YUFADRZDHJKVOT
DB07189	BFZXMIUWGSTUAL-UHFFFAOYSA-N	BFZXMIUWGSTUAL
DB07190	JGFCNVHEEMBVJG-UHFFFAOYSA-N	JGFCNVHEEMBVJG
DB07192	MVPIURCUINFSAB-UHFFFAOYSA-N	MVPIURCUINFSAB
DB07193	HJJAYSSCWGUPKO-UHFFFAOYSA-N	HJJAYSSCWGUPKO
DB07194	PEGXADGTBNRSGV-UHFFFAOYSA-N	PEGXADGTBNRSGV
DB07195	DTZWKYVREFMAJA-UHFFFAOYSA-N	DTZWKYVREFMAJA
DB07196	MRKJJEJYTBOUTH-UHFFFAOYSA-N	MRKJJEJYTBOUTH
DB07197	QZWUMLLRAVGBHC-UHFFFAOYSA-N	QZWUMLLRAVGBHC
DB07198	GGEKOZPXKBYLNK-UHFFFAOYSA-N	GGEKOZPXKBYLNK
DB07199	SWYJAQWTBADJTB-UHFFFAOYSA-N	SWYJAQWTBADJTB
DB07200	ZNCZVHCYBGHCHA-UHFFFAOYSA-N	ZNCZVHCYBGHCHA
DB07201	ZHFDVDMCVXUGGF-UHFFFAOYSA-N	ZHFDVDMCVXUGGF
DB07202	QINNOQKHPLWGBK-UHFFFAOYSA-N	QINNOQKHPLWGBK
DB07203	OUEGMEMDEAOAEG-UHFFFAOYSA-N	OUEGMEMDEAOAEG
DB07204	DQIXTEDFNFZMCM-UHFFFAOYSA-N	DQIXTEDFNFZMCM
DB07205	GZJXCRHEMLAMRA-UHFFFAOYSA-N	GZJXCRHEMLAMRA
DB07206	OSHSZKRWKLQZBV-UHFFFAOYSA-N	OSHSZKRWKLQZBV
DB07207	CKSIVONWCYACAP-UHFFFAOYSA-N	CKSIVONWCYACAP
DB07208	OJFOOCZBVPQYRS-UHFFFAOYSA-N	OJFOOCZBVPQYRS
DB07209	MLHUENSFQCPBQH-UHFFFAOYSA-N	MLHUENSFQCPBQH
DB07210	JECHSYMSTXETFI-UHFFFAOYSA-N	JECHSYMSTXETFI
DB07211	YMJHMJLNQLVUAV-UHFFFAOYSA-N	YMJHMJLNQLVUAV
DB07212	NNGZRCYXFBHMRM-UHFFFAOYSA-N	NNGZRCYXFBHMRM
DB07213	FNWHPLLNMLOZTL-UHFFFAOYSA-N	FNWHPLLNMLOZTL
DB07215	ILUPZUOBHCUBKB-UHFFFAOYSA-N	ILUPZUOBHCUBKB
DB07216	ZMGCFGGMTCMSDP-UHFFFAOYSA-N	ZMGCFGGMTCMSDP
DB07217	YVYPYORTKAIUGJ-UHFFFAOYSA-N	YVYPYORTKAIUGJ
DB07218	AYKGPCNWPACUQV-UHFFFAOYSA-N	AYKGPCNWPACUQV
DB07219	OMQNYWZURFTFHE-UHFFFAOYSA-N	OMQNYWZURFTFHE
DB07220	ZXYIRNXOAJYLCU-UHFFFAOYSA-N	ZXYIRNXOAJYLCU
DB07221	QCMHKGWUOSRYCF-UHFFFAOYSA-O	QCMHKGWUOSRYCF
DB07222	RJWMDETWDDESBP-UHFFFAOYSA-N	RJWMDETWDDESBP
DB07223	XGWSRLSPWIEMLQ-UHFFFAOYSA-N	XGWSRLSPWIEMLQ
DB07224	FCCIQOJEDMDETP-UHFFFAOYSA-N	FCCIQOJEDMDETP
DB07225	CFABOFMUPCWOPC-UHFFFAOYSA-N	CFABOFMUPCWOPC
DB07226	JWZVNUNTFNELHL-UHFFFAOYSA-N	JWZVNUNTFNELHL
DB07227	JNUGFGAVPBYSHF-UHFFFAOYSA-N	JNUGFGAVPBYSHF
DB07228	GIAYFZLMPSVQDV-UHFFFAOYSA-N	GIAYFZLMPSVQDV
DB07229	MINVOLKUPZPDNX-UHFFFAOYSA-N	MINVOLKUPZPDNX
DB07230	DHPCBFMFERFZLR-UHFFFAOYSA-N	DHPCBFMFERFZLR
DB07231	MERYMLLGRCNRKE-UHFFFAOYSA-N	MERYMLLGRCNRKE
DB07232	JNAHVYVRKWKWKQ-UHFFFAOYSA-N	JNAHVYVRKWKWKQ
DB07233	SFVPXERGVLDWIS-UHFFFAOYSA-N	SFVPXERGVLDWIS
DB07234	MCBPNFWHHNJTGN-UHFFFAOYSA-N	MCBPNFWHHNJTGN
DB07235	HHOVRZGUSBMKKU-UHFFFAOYSA-N	HHOVRZGUSBMKKU
DB07236	LCGSYJVWLGYWTD-UHFFFAOYSA-N	LCGSYJVWLGYWTD
DB07237	VUWFJUJWAWMRQN-UHFFFAOYSA-N	VUWFJUJWAWMRQN
DB07238	WTDWVLJJJOTABN-UHFFFAOYSA-N	WTDWVLJJJOTABN
DB07239	YJLVMTVZVJSNHG-UHFFFAOYSA-N	YJLVMTVZVJSNHG
DB07240	LASWLEUVWJDDBA-UHFFFAOYSA-N	LASWLEUVWJDDBA
DB07241	LTOZELYBRTWMHC-UHFFFAOYSA-N	LTOZELYBRTWMHC
DB07242	XGUIMGJMQKZRGM-UHFFFAOYSA-N	XGUIMGJMQKZRGM
DB07243	WQGFCATXRXQKNB-UHFFFAOYSA-N	WQGFCATXRXQKNB
DB07244	SRRWXMSVQYQCRX-UHFFFAOYSA-N	SRRWXMSVQYQCRX
DB07245	AEVBKBAFFJKFJZ-UHFFFAOYSA-N	AEVBKBAFFJKFJZ
DB07246	MKRPIBSCGZAUCH-UHFFFAOYSA-N	MKRPIBSCGZAUCH
DB07247	SRPOHNDQBDHONJ-UHFFFAOYSA-N	SRPOHNDQBDHONJ
DB07248	YENZSPIOXMNEFF-UHFFFAOYSA-N	YENZSPIOXMNEFF
DB07249	QHIMVPIOWKYPSO-UHFFFAOYSA-N	QHIMVPIOWKYPSO
DB07250	HMKLUOPMOJOUDZ-UHFFFAOYSA-N	HMKLUOPMOJOUDZ
DB07251	ZVWFECUPYCFYBL-UHFFFAOYSA-N	ZVWFECUPYCFYBL
DB07252	TZHCXOMEOHEZDX-UHFFFAOYSA-N	TZHCXOMEOHEZDX
DB07253	QTFCKBFCXDAZIU-UHFFFAOYSA-N	QTFCKBFCXDAZIU
DB07254	KQGTYXRWSIBDOZ-UHFFFAOYSA-N	KQGTYXRWSIBDOZ
DB07255	PNEWIQAEGKQNCE-UHFFFAOYSA-N	PNEWIQAEGKQNCE
DB07256	ZVQZIVCQLFGXFZ-UHFFFAOYSA-N	ZVQZIVCQLFGXFZ
DB07257	WHMQZCPGFZBLBG-UHFFFAOYSA-N	WHMQZCPGFZBLBG
DB07258	QQRJWLDQBNAQCC-UHFFFAOYSA-N	QQRJWLDQBNAQCC
DB07259	YKNLMMDEWQZCLJ-UHFFFAOYSA-N	YKNLMMDEWQZCLJ
DB07260	HITMFLNAOQIZSN-UHFFFAOYSA-N	HITMFLNAOQIZSN
DB07261	NVKDOURNRJCKJE-UHFFFAOYSA-N	NVKDOURNRJCKJE
DB07262	DWJNPCRXBNWCJC-UHFFFAOYSA-N	DWJNPCRXBNWCJC
DB07263	WDTMVBQZDFMOIK-UHFFFAOYSA-N	WDTMVBQZDFMOIK
DB07264	YMUYGRBBEDYUOP-UHFFFAOYSA-N	YMUYGRBBEDYUOP
DB07265	JDARUOOLJCFUOY-UHFFFAOYSA-N	JDARUOOLJCFUOY
DB07266	AOMMPEGZDRAGRC-UHFFFAOYSA-N	AOMMPEGZDRAGRC
DB07267	JONFDFIXMPXTRH-UHFFFAOYSA-N	JONFDFIXMPXTRH
DB07268	QHPKKGUGRGRSGA-UHFFFAOYSA-N	QHPKKGUGRGRSGA
DB07269	SFUOOKBZBVUDBC-UHFFFAOYSA-N	SFUOOKBZBVUDBC
DB07270	GAYYMURZGLJDCT-UHFFFAOYSA-N	GAYYMURZGLJDCT
DB07271	RMDAPSXWBVPVOG-UHFFFAOYSA-N	RMDAPSXWBVPVOG
DB07272	GKODDLYLEKSDJL-UHFFFAOYSA-N	GKODDLYLEKSDJL
DB07273	OWYKAFABUYXQLE-UHFFFAOYSA-N	OWYKAFABUYXQLE
DB07274	ZATGFXTWDKIEKC-UHFFFAOYSA-N	ZATGFXTWDKIEKC
DB07275	MQFPIRFODWNQIO-UHFFFAOYSA-N	MQFPIRFODWNQIO
DB07276	VEGKZYFYGCWXMN-UHFFFAOYSA-N	VEGKZYFYGCWXMN
DB07277	IAUZEBLXCOCAFL-UHFFFAOYSA-N	IAUZEBLXCOCAFL
DB07278	ACEFOQMQINFMRW-UHFFFAOYSA-N	ACEFOQMQINFMRW
DB07279	JMPSZYHYDMQFEO-UHFFFAOYSA-N	JMPSZYHYDMQFEO
DB07280	AINVOEOJEKKMKB-UHFFFAOYSA-N	AINVOEOJEKKMKB
DB07281	MUKAGFLFIMVSQN-UHFFFAOYSA-N	MUKAGFLFIMVSQN
DB07282	HNYXMVDBRIIJGT-UHFFFAOYSA-N	HNYXMVDBRIIJGT
DB07283	VDOXYKGIKBUISK-UHFFFAOYSA-N	VDOXYKGIKBUISK
DB07284	NQSBHBFOOVYRNM-UHFFFAOYSA-N	NQSBHBFOOVYRNM
DB07285	OBQLOVWIRUXBAW-UHFFFAOYSA-N	OBQLOVWIRUXBAW
DB07286	KEJORAMIZFOODM-UHFFFAOYSA-N	KEJORAMIZFOODM
DB07287	AOVDSWPGWPRTSR-UHFFFAOYSA-N	AOVDSWPGWPRTSR
DB07288	GGPZCOONYBPZEW-UHFFFAOYSA-N	GGPZCOONYBPZEW
DB07289	XEQPGVUGYAUMSA-UHFFFAOYSA-N	XEQPGVUGYAUMSA
DB07290	LUCFRFDOOYLALP-UHFFFAOYSA-N	LUCFRFDOOYLALP
DB07291	WIWSALMJHPGFDY-UHFFFAOYSA-N	WIWSALMJHPGFDY
DB07292	QGSJYYIRAFRPIT-UHFFFAOYSA-N	QGSJYYIRAFRPIT
DB07293	GVRXLHLFAABVLJ-UHFFFAOYSA-N	GVRXLHLFAABVLJ
DB07294	AANFHDFOMFRLLR-UHFFFAOYSA-N	AANFHDFOMFRLLR
DB07295	IGOULVZYQKJJKC-UHFFFAOYSA-N	IGOULVZYQKJJKC
DB07296	PLGHLEBIWUQEPR-UHFFFAOYSA-N	PLGHLEBIWUQEPR
DB07297	PTILEOLOGGMFCS-UHFFFAOYSA-N	PTILEOLOGGMFCS
DB07298	JGZSWLHKOMFYHS-UHFFFAOYSA-N	JGZSWLHKOMFYHS
DB07299	ZXELQWLUDMEUHS-UHFFFAOYSA-N	ZXELQWLUDMEUHS
DB07300	QSSGYSRUMIOURP-UHFFFAOYSA-N	QSSGYSRUMIOURP
DB07301	UJOBWOGCFQCDNV-UHFFFAOYSA-N	UJOBWOGCFQCDNV
DB07302	NPDSHTNEKLQQIJ-UHFFFAOYSA-N	NPDSHTNEKLQQIJ
DB07303	PGAWZMRRCVSRIM-UHFFFAOYSA-N	PGAWZMRRCVSRIM
DB07304	PSLFQKRPFOCZHR-UHFFFAOYSA-N	PSLFQKRPFOCZHR
DB07305	HDIHNBCCQWMVBW-UHFFFAOYSA-N	HDIHNBCCQWMVBW
DB07306	YQEYLCGMINXDBN-UHFFFAOYSA-N	YQEYLCGMINXDBN
DB07307	GQXMJOSCBRZMKE-UHFFFAOYSA-N	GQXMJOSCBRZMKE
DB07308	YRUPEIZURHOLHV-UHFFFAOYSA-N	YRUPEIZURHOLHV
DB07309	JDVLYAYDIMUAAC-UHFFFAOYSA-N	JDVLYAYDIMUAAC
DB07310	KNHNFKZUNFPPQE-UHFFFAOYSA-N	KNHNFKZUNFPPQE
DB07311	JRSWWYITYIOHOP-UHFFFAOYSA-N	JRSWWYITYIOHOP
DB07312	JCXZHFCBNFFHRC-UHFFFAOYSA-N	JCXZHFCBNFFHRC
DB07313	HXQLTRSIZRSFTR-UHFFFAOYSA-N	HXQLTRSIZRSFTR
DB07314	URQYPXQXSVUVRG-UHFFFAOYSA-N	URQYPXQXSVUVRG
DB07315	SHCHFGSUYJUEBR-UHFFFAOYSA-N	SHCHFGSUYJUEBR
DB07316	FAVXIEFZKPJZRT-UHFFFAOYSA-N	FAVXIEFZKPJZRT
DB07317	BKXNPYSVWOVZGX-UHFFFAOYSA-N	BKXNPYSVWOVZGX
DB07318	BOAUWUUBSXECNL-UHFFFAOYSA-N	BOAUWUUBSXECNL
DB07319	RXSSKAZHCZWJPP-UHFFFAOYSA-N	RXSSKAZHCZWJPP
DB07320	MEDLHZCDTXWLOC-UHFFFAOYSA-N	MEDLHZCDTXWLOC
DB07321	KOKQLKWXOFRTHE-UHFFFAOYSA-N	KOKQLKWXOFRTHE
DB07322	RRXVUYHFDBLTEL-UHFFFAOYSA-N	RRXVUYHFDBLTEL
DB07323	CTZLIARLNXSXGL-UHFFFAOYSA-N	CTZLIARLNXSXGL
DB07324	ZUJWSOPIDUWELP-UHFFFAOYSA-N	ZUJWSOPIDUWELP
DB07325	VCOKUBHAJVTVNG-UHFFFAOYSA-N	VCOKUBHAJVTVNG
DB07326	FEGRQUWSKADGSP-UHFFFAOYSA-N	FEGRQUWSKADGSP
DB07327	FELUFXCUIYHAPB-UHFFFAOYSA-N	FELUFXCUIYHAPB
DB07328	USDCNOQKDUFKRD-UHFFFAOYSA-N	USDCNOQKDUFKRD
DB07329	RWVBLRUMXIXUAR-UHFFFAOYSA-N	RWVBLRUMXIXUAR
DB07330	KXSIHXHEHABEJX-UHFFFAOYSA-N	KXSIHXHEHABEJX
DB07331	YBADLXQNJCMBKR-UHFFFAOYSA-N	YBADLXQNJCMBKR
DB07332	CJPLEFFCVDQQFZ-UHFFFAOYSA-N	CJPLEFFCVDQQFZ
DB07333	KRGKAARWVPUWSY-UHFFFAOYSA-N	KRGKAARWVPUWSY
DB07334	HTIZPBXCJPQDEM-UHFFFAOYSA-N	HTIZPBXCJPQDEM
DB07335	MWYBBCLGEHZSCP-UHFFFAOYSA-N	MWYBBCLGEHZSCP
DB07336	GYPHGCGOSZJXOT-UHFFFAOYSA-N	GYPHGCGOSZJXOT
DB07337	SOKOHDQTKSROQZ-UHFFFAOYSA-N	SOKOHDQTKSROQZ
DB07338	NUFNQYOELLVIPL-UHFFFAOYSA-N	NUFNQYOELLVIPL
DB07339	RPHLQSHHTJORHI-UHFFFAOYSA-N	RPHLQSHHTJORHI
DB07340	ZFLJHSQHILSNCM-UHFFFAOYSA-N	ZFLJHSQHILSNCM
DB07341	GHTLMVRROQXELT-UHFFFAOYSA-N	GHTLMVRROQXELT
DB07342	BBCQJSMDKDHVKG-UHFFFAOYSA-N	BBCQJSMDKDHVKG
DB07343	NFNNMVVXXITVGD-UHFFFAOYSA-N	NFNNMVVXXITVGD
DB07344	NJRFAMBTWHGSDE-UHFFFAOYSA-N	NJRFAMBTWHGSDE
DB07345	DOCCSEDGBYCYLS-UHFFFAOYSA-N	DOCCSEDGBYCYLS
DB07346	LDAFQVRTSOETPE-UHFFFAOYSA-N	LDAFQVRTSOETPE
DB07347	MGSKVZWGBWPBTF-UHFFFAOYSA-N	MGSKVZWGBWPBTF
DB07348	KQNZDYYTLMIZCT-UHFFFAOYSA-N	KQNZDYYTLMIZCT
DB07349	UQSXQYRZHMGKIE-UHFFFAOYSA-M	UQSXQYRZHMGKIE
DB07350	UFQOXIMRSMFQRI-UHFFFAOYSA-N	UFQOXIMRSMFQRI
DB07351	ICACWKLCNCPHAM-UHFFFAOYSA-N	ICACWKLCNCPHAM
DB07352	KZNIFHPLKGYRTM-UHFFFAOYSA-N	KZNIFHPLKGYRTM
DB07353	VTBBVHAOBBELOH-UHFFFAOYSA-N	VTBBVHAOBBELOH
DB07354	LXDREMZQGAILJU-UHFFFAOYSA-O	LXDREMZQGAILJU
DB07355	FOFZVIUYGPBWLV-UHFFFAOYSA-N	FOFZVIUYGPBWLV
DB07356	XYVMJMYCUZCIPB-UHFFFAOYSA-N	XYVMJMYCUZCIPB
DB07357	MSXUDXAZMKOOST-UHFFFAOYSA-N	MSXUDXAZMKOOST
DB07358	JEBOJMQHVUEKBE-UHFFFAOYSA-N	JEBOJMQHVUEKBE
DB07359	SJTQKYKXCYVFHX-UHFFFAOYSA-N	SJTQKYKXCYVFHX
DB07360	JJHXPDTVQKWKHA-UHFFFAOYSA-N	JJHXPDTVQKWKHA
DB07362	UOLCZAFAGDOUFX-UHFFFAOYSA-N	UOLCZAFAGDOUFX
DB07363	GUNRMHMEAWSZQE-UHFFFAOYSA-N	GUNRMHMEAWSZQE
DB07364	PRIGRJPRGZCFAS-UHFFFAOYSA-N	PRIGRJPRGZCFAS
DB07365	OFYAYGJCPXRNBL-UHFFFAOYSA-N	OFYAYGJCPXRNBL
DB07366	MOCIXHUQBOUBAK-UHFFFAOYSA-N	MOCIXHUQBOUBAK
DB07367	QJILQIWQVOAQBB-UHFFFAOYSA-N	QJILQIWQVOAQBB
DB07368	ANPBNAUKOUYEGJ-UHFFFAOYSA-N	ANPBNAUKOUYEGJ
DB07369	YMJLSOJLEXWATP-UHFFFAOYSA-N	YMJLSOJLEXWATP
DB07370	HXWFEIXEWVGTGU-UHFFFAOYSA-N	HXWFEIXEWVGTGU
DB07371	CKQINRXZVYBCSC-UHFFFAOYSA-N	CKQINRXZVYBCSC
DB07373	LUJVUUWNAPIQQI-UHFFFAOYSA-N	LUJVUUWNAPIQQI
DB07374	YKJYKKNCCRKFSL-UHFFFAOYSA-N	YKJYKKNCCRKFSL
DB07375	RAJWOBJTTGJROA-UHFFFAOYSA-N	RAJWOBJTTGJROA
DB07376	BBEQQKBWUHCIOU-UHFFFAOYSA-N	BBEQQKBWUHCIOU
DB07377	BYBVYIPUGPZRSX-UHFFFAOYSA-N	BYBVYIPUGPZRSX
DB07378	HABUHWBZDNZBSI-UHFFFAOYSA-N	HABUHWBZDNZBSI
DB07379	RAMROQQYRRQPDL-UHFFFAOYSA-N	RAMROQQYRRQPDL
DB07380	JTIIYPHJIDENCW-UHFFFAOYSA-N	JTIIYPHJIDENCW
DB07381	NWCHELUCVWSRRS-UHFFFAOYSA-N	NWCHELUCVWSRRS
DB07382	WJNBSTLIALIIEW-UHFFFAOYSA-N	WJNBSTLIALIIEW
DB07383	NETPVFJEHOGNPJ-UHFFFAOYSA-N	NETPVFJEHOGNPJ
DB07384	JACZWLDAHFCGCC-UHFFFAOYSA-N	JACZWLDAHFCGCC
DB07385	RQFCSAVLOHDQNB-UHFFFAOYSA-N	RQFCSAVLOHDQNB
DB07387	GSHVAQAKBLEIEY-UHFFFAOYSA-N	GSHVAQAKBLEIEY
DB07388	LNRMJBWADUSJTA-UHFFFAOYSA-N	LNRMJBWADUSJTA
DB07389	QINCZVSBLITNRD-UHFFFAOYSA-N	QINCZVSBLITNRD
DB07390	RKWXKADYTDWZIJ-UHFFFAOYSA-N	RKWXKADYTDWZIJ
DB07391	PVDZDTVFUVTTDU-UHFFFAOYSA-N	PVDZDTVFUVTTDU
DB07392	MXWJVTOOROXGIU-UHFFFAOYSA-N	MXWJVTOOROXGIU
DB07393	GSKNNHAAFLPYHG-UHFFFAOYSA-N	GSKNNHAAFLPYHG
DB07394	QXCOFYWOWZJFEA-UHFFFAOYSA-N	QXCOFYWOWZJFEA
DB07395	NWQGDIBCFLDHDO-UHFFFAOYSA-N	NWQGDIBCFLDHDO
DB07396	KAJJGOCSAXKXBD-UHFFFAOYSA-N	KAJJGOCSAXKXBD
DB07397	ITADELAVAWJACR-UHFFFAOYSA-N	ITADELAVAWJACR
DB07398	VATFNEMGBRWLHI-UHFFFAOYSA-N	VATFNEMGBRWLHI
DB07400	AEHSFPPTWRQOFS-UHFFFAOYSA-N	AEHSFPPTWRQOFS
DB07401	WFDXOXNFNRHQEC-UHFFFAOYSA-N	WFDXOXNFNRHQEC
DB07402	WOIIIUDZSOLAIW-UHFFFAOYSA-N	WOIIIUDZSOLAIW
DB07403	DTDZLJHKVNTQGZ-UHFFFAOYSA-N	DTDZLJHKVNTQGZ
DB07404	YXQQNSYZOQHKHD-UHFFFAOYSA-N	YXQQNSYZOQHKHD
DB07405	GIZYIOOBBUHOBS-UHFFFAOYSA-N	GIZYIOOBBUHOBS
DB07406	QWFFPYQWUWLDBV-UHFFFAOYSA-N	QWFFPYQWUWLDBV
DB07407	CHWVDGYLKPLBES-UHFFFAOYSA-N	CHWVDGYLKPLBES
DB07408	XUFDYUSOQQYQRL-UHFFFAOYSA-N	XUFDYUSOQQYQRL
DB07409	MPBUFKZCEBTBSK-UHFFFAOYSA-N	MPBUFKZCEBTBSK
DB07410	BYVXAUZOTGITQZ-UHFFFAOYSA-N	BYVXAUZOTGITQZ
DB07411	OAZCLPVPUZOYGA-UHFFFAOYSA-N	OAZCLPVPUZOYGA
DB07412	YHXKXVFQHWJYOD-UHFFFAOYSA-N	YHXKXVFQHWJYOD
DB07413	CJIJFWHOTNCRDA-UHFFFAOYSA-N	CJIJFWHOTNCRDA
DB07414	XKOAFAIRGVAHRA-UHFFFAOYSA-N	XKOAFAIRGVAHRA
DB07415	RFLOFHKRBGKCOB-UHFFFAOYSA-N	RFLOFHKRBGKCOB
DB07416	JCEXPOMAGTUEEX-UHFFFAOYSA-N	JCEXPOMAGTUEEX
DB07418	MHSVUSZEHNVFKW-UHFFFAOYSA-N	MHSVUSZEHNVFKW
DB07419	SSFVOEAXHZGTRJ-UHFFFAOYSA-N	SSFVOEAXHZGTRJ
DB07420	RCGCZPXSRLLKCK-UHFFFAOYSA-N	RCGCZPXSRLLKCK
DB07421	INVUBEGZQHQAMY-UHFFFAOYSA-N	INVUBEGZQHQAMY
DB07422	MMNRWNREMUMYQG-UHFFFAOYSA-N	MMNRWNREMUMYQG
DB07423	YVXVTLGIDOACBJ-UHFFFAOYSA-N	YVXVTLGIDOACBJ
DB07424	XIIYQLCRTNBXRS-UHFFFAOYSA-K	XIIYQLCRTNBXRS
DB07425	QNAZTOHXCZPOSA-UHFFFAOYSA-N	QNAZTOHXCZPOSA
DB07426	NWIARQRYIRVYCM-UHFFFAOYSA-N	NWIARQRYIRVYCM
DB07427	AVXQTLSOXWQOHO-UHFFFAOYSA-N	AVXQTLSOXWQOHO
DB07428	MBHBRRBLXCXQKV-UHFFFAOYSA-N	MBHBRRBLXCXQKV
DB07429	VNOMZKMKBNFCMC-UHFFFAOYSA-N	VNOMZKMKBNFCMC
DB07430	CMWRPDHVGMHLSZ-UHFFFAOYSA-N	CMWRPDHVGMHLSZ
DB07431	TXYKBKYDFZQOCB-UHFFFAOYSA-N	TXYKBKYDFZQOCB
DB07432	ITVRELFVFCOUMV-UHFFFAOYSA-N	ITVRELFVFCOUMV
DB07433	MNUWNIQGBRBQRE-UHFFFAOYSA-N	MNUWNIQGBRBQRE
DB07434	TZWQPWGUQCSKDW-UHFFFAOYSA-N	TZWQPWGUQCSKDW
DB07435	GFANZDFKCCJYRF-UHFFFAOYSA-N	GFANZDFKCCJYRF
DB07436	UERJGKDKJBSKQN-UHFFFAOYSA-N	UERJGKDKJBSKQN
DB07437	SPJAGILXQBHHSZ-UHFFFAOYSA-N	SPJAGILXQBHHSZ
DB07439	CAWXCABXSPTFRN-UHFFFAOYSA-N	CAWXCABXSPTFRN
DB07440	LZQMCUIWYRQLOG-UHFFFAOYSA-N	LZQMCUIWYRQLOG
DB07441	FRBAOMHMZCGBOJ-UHFFFAOYSA-N	FRBAOMHMZCGBOJ
DB07443	MUVPBAIVOHJDOC-UHFFFAOYSA-N	MUVPBAIVOHJDOC
DB07444	PKPNSCZPIWCHMW-UHFFFAOYSA-N	PKPNSCZPIWCHMW
DB07445	PYVJEAZDEZTGIS-UHFFFAOYSA-N	PYVJEAZDEZTGIS
DB07446	FBSVJQQVDISETN-UHFFFAOYSA-N	FBSVJQQVDISETN
DB07447	NVKAWKQGWWIWPM-UHFFFAOYSA-N	NVKAWKQGWWIWPM
DB07448	QELOIXSGJMIHBZ-UHFFFAOYSA-N	QELOIXSGJMIHBZ
DB07449	LWFFSSMDFWZNNW-UHFFFAOYSA-N	LWFFSSMDFWZNNW
DB07450	BMHZAHGTGIZZCT-UHFFFAOYSA-N	BMHZAHGTGIZZCT
DB07451	VRAJWAGCJIXJHQ-UHFFFAOYSA-N	VRAJWAGCJIXJHQ
DB07452	WFECBOHPSURSGU-UHFFFAOYSA-N	WFECBOHPSURSGU
DB07453	VFMMPHCGEFXGIP-UHFFFAOYSA-N	VFMMPHCGEFXGIP
DB07454	QDSWNDMHSBZXKX-UHFFFAOYSA-N	QDSWNDMHSBZXKX
DB07455	ZESUARCHWPARIF-UHFFFAOYSA-N	ZESUARCHWPARIF
DB07456	LBFDERUQORUFIN-UHFFFAOYSA-N	LBFDERUQORUFIN
DB07457	APYXQTXFRIDSGE-UHFFFAOYSA-N	APYXQTXFRIDSGE
DB07458	LBFDERUQORUFIN-UHFFFAOYSA-N	LBFDERUQORUFIN
DB07459	HVLSCZSVTCNAQX-UHFFFAOYSA-N	HVLSCZSVTCNAQX
DB07460	UYJNQQDJUOUFQJ-UHFFFAOYSA-N	UYJNQQDJUOUFQJ
DB07461	JVDDTUQPPBUQDD-UHFFFAOYSA-N	JVDDTUQPPBUQDD
DB07462	ICLKAUQIPVFHOI-UHFFFAOYSA-N	ICLKAUQIPVFHOI
DB07463	LTSUEVPGSXUJHT-UHFFFAOYSA-N	LTSUEVPGSXUJHT
DB07464	MSRKDROGGGBNIX-UHFFFAOYSA-N	MSRKDROGGGBNIX
DB07465	QGJUIPDUBHWZPV-UHFFFAOYSA-N	QGJUIPDUBHWZPV
DB07466	ZAHVYMBTUDWUAX-UHFFFAOYSA-N	ZAHVYMBTUDWUAX
DB07467	NDDAHWYSQHTHNT-UHFFFAOYSA-N	NDDAHWYSQHTHNT
DB07468	NJBBBRZNBVLTRZ-UHFFFAOYSA-N	NJBBBRZNBVLTRZ
DB07469	KAJFGRLMKVNMLH-UHFFFAOYSA-N	KAJFGRLMKVNMLH
DB07470	DOMYOVZXZIZTRD-UHFFFAOYSA-N	DOMYOVZXZIZTRD
DB07471	UHCHLTQBLNUYRT-UHFFFAOYSA-N	UHCHLTQBLNUYRT
DB07472	FQVDJZWFSZSGGA-UHFFFAOYSA-N	FQVDJZWFSZSGGA
DB07473	JYIHODAXBBPFQF-UHFFFAOYSA-N	JYIHODAXBBPFQF
DB07474	GLTRPHMPCVLOJS-UHFFFAOYSA-N	GLTRPHMPCVLOJS
DB07476	MRLVIVXGUGNENL-UHFFFAOYSA-N	MRLVIVXGUGNENL
DB07477	QRZAKQDHEVVFRX-UHFFFAOYSA-N	QRZAKQDHEVVFRX
DB07478	QDNPCYCBQFHNJC-UHFFFAOYSA-N	QDNPCYCBQFHNJC
DB07479	WCUHTHVUZQCBTI-UHFFFAOYSA-N	WCUHTHVUZQCBTI
DB07480	LGSCVLKUKMBYNC-UHFFFAOYSA-N	LGSCVLKUKMBYNC
DB07481	RXVQMCMIOHBKNE-UHFFFAOYSA-N	RXVQMCMIOHBKNE
DB07482	XSBZZZGVAIXJLD-UHFFFAOYSA-N	XSBZZZGVAIXJLD
DB07483	LZCLZDCSBDVAOV-UHFFFAOYSA-N	LZCLZDCSBDVAOV
DB07484	CGGNZMVODZPHHK-UHFFFAOYSA-N	CGGNZMVODZPHHK
DB07485	SDDLEVPIDBLVHC-UHFFFAOYSA-N	SDDLEVPIDBLVHC
DB07486	KLSZVPNVFKKIRD-UHFFFAOYSA-N	KLSZVPNVFKKIRD
DB07487	QTHZTDVLJRQOGF-UHFFFAOYSA-M	QTHZTDVLJRQOGF
DB07488	XQKUGFIWKSKCDL-UHFFFAOYSA-N	XQKUGFIWKSKCDL
DB07489	WWGPTHOMFHDEEC-UHFFFAOYSA-O	WWGPTHOMFHDEEC
DB07490	MOZUMFSUQQHSCO-UHFFFAOYSA-N	MOZUMFSUQQHSCO
DB07491	KGKQFJKPOZCZLD-UHFFFAOYSA-N	KGKQFJKPOZCZLD
DB07492	UWOHGNMWBGIRAQ-UHFFFAOYSA-N	UWOHGNMWBGIRAQ
DB07493	XMPHNZMDLSUDQI-UHFFFAOYSA-N	XMPHNZMDLSUDQI
DB07494	BADPXOSJBUEVTR-UHFFFAOYSA-N	BADPXOSJBUEVTR
DB07495	HUNAOTXNHVALTN-UHFFFAOYSA-N	HUNAOTXNHVALTN
DB07496	GWEHVDNNLFDJLR-UHFFFAOYSA-N	GWEHVDNNLFDJLR
DB07497	ARDNWGMSCXSPBF-UHFFFAOYSA-N	ARDNWGMSCXSPBF
DB07498	LQQYZJRCWBRIMW-UHFFFAOYSA-N	LQQYZJRCWBRIMW
DB07499	VSIFMASDYAMOAN-UHFFFAOYSA-N	VSIFMASDYAMOAN
DB07500	ZUGCRBMNFSAUOC-UHFFFAOYSA-N	ZUGCRBMNFSAUOC
DB07501	MEIJADBULOETOV-UHFFFAOYSA-N	MEIJADBULOETOV
DB07502	LZACPHWPRDKUPK-UHFFFAOYSA-N	LZACPHWPRDKUPK
DB07503	SRLVNYDXMUGOFI-UHFFFAOYSA-N	SRLVNYDXMUGOFI
DB07504	MEIJADBULOETOV-UHFFFAOYSA-N	MEIJADBULOETOV
DB07505	DGURGFSAQIBQCO-UHFFFAOYSA-N	DGURGFSAQIBQCO
DB07506	GTOFKXZQQDSVFH-UHFFFAOYSA-N	GTOFKXZQQDSVFH
DB07507	ROMNEYAQUBNRLR-UHFFFAOYSA-N	ROMNEYAQUBNRLR
DB07508	MEUAVGJWGDPTLF-UHFFFAOYSA-N	MEUAVGJWGDPTLF
DB07509	JNKJCLYKBRBEKW-UHFFFAOYSA-N	JNKJCLYKBRBEKW
DB07510	CPZFGNOKCMJZFO-UHFFFAOYSA-N	CPZFGNOKCMJZFO
DB07511	MVYDBJXCIFMINH-UHFFFAOYSA-N	MVYDBJXCIFMINH
DB07512	ZOCADHRNWNJARU-UHFFFAOYSA-N	ZOCADHRNWNJARU
DB07513	JMGUSOLCNQVZCT-UHFFFAOYSA-N	JMGUSOLCNQVZCT
DB07514	LHLGUOHREUTYTO-UHFFFAOYSA-N	LHLGUOHREUTYTO
DB07515	MQHPMJMCBRFLML-UHFFFAOYSA-N	MQHPMJMCBRFLML
DB07516	IBJDCVXDXGFGIO-UHFFFAOYSA-N	IBJDCVXDXGFGIO
DB07517	WMCQWXZMVIETAO-UHFFFAOYSA-N	WMCQWXZMVIETAO
DB07518	MHGOKSLTIUHUBF-UHFFFAOYSA-N	MHGOKSLTIUHUBF
DB07519	VDFBMQAUECXNKR-UHFFFAOYSA-N	VDFBMQAUECXNKR
DB07520	BJIKKEHGGYGGIX-UHFFFAOYSA-N	BJIKKEHGGYGGIX
DB07521	YHTGPUXGIBWHPN-UHFFFAOYSA-N	YHTGPUXGIBWHPN
DB07522	QSSWSEQPKCCATQ-UHFFFAOYSA-N	QSSWSEQPKCCATQ
DB07524	CQFGXDQUQWRXLE-UHFFFAOYSA-N	CQFGXDQUQWRXLE
DB07525	GHQCCHWTDLTMJT-UHFFFAOYSA-N	GHQCCHWTDLTMJT
DB07526	XPCVYJATJSZGJU-UHFFFAOYSA-N	XPCVYJATJSZGJU
DB07527	HORGTFOBJRCVMO-UHFFFAOYSA-N	HORGTFOBJRCVMO
DB07528	HXUZQEYFKAZBPX-UHFFFAOYSA-N	HXUZQEYFKAZBPX
DB07529	LHGOQMPIWSCKBA-UHFFFAOYSA-N	LHGOQMPIWSCKBA
DB07530	PCHUQQNKOFNVDU-UHFFFAOYSA-N	PCHUQQNKOFNVDU
DB07531	JNPRTUHVCHGFHJ-UHFFFAOYSA-N	JNPRTUHVCHGFHJ
DB07533	FJJJERLTHDXEPT-UHFFFAOYSA-N	FJJJERLTHDXEPT
DB07534	BKUMVXIXUVYKDQ-UHFFFAOYSA-N	BKUMVXIXUVYKDQ
DB07535	VRAZIAJSKFRSIP-UHFFFAOYSA-N	VRAZIAJSKFRSIP
DB07536	FQYBTYFKOHPWQT-UHFFFAOYSA-N	FQYBTYFKOHPWQT
DB07537	CLEGTVIMOPPIBR-UHFFFAOYSA-N	CLEGTVIMOPPIBR
DB07538	RGVVHQNJKUNSFQ-UHFFFAOYSA-N	RGVVHQNJKUNSFQ
DB07539	JLRKRQCTYQGDKJ-UHFFFAOYSA-N	JLRKRQCTYQGDKJ
DB07540	AKFVRSQELXTCFW-UHFFFAOYSA-N	AKFVRSQELXTCFW
DB07541	JJPKFZAOXOEFHQ-UHFFFAOYSA-N	JJPKFZAOXOEFHQ
DB07542	INCRGCAIRMMQQJ-UHFFFAOYSA-N	INCRGCAIRMMQQJ
DB07543	BQXQGZPYHWWCEB-UHFFFAOYSA-N	BQXQGZPYHWWCEB
DB07544	ZLQBZYKAQQWOTK-UHFFFAOYSA-N	ZLQBZYKAQQWOTK
DB07545	RDTDWGQDFJPTPD-UHFFFAOYSA-N	RDTDWGQDFJPTPD
DB07546	BBYRUZKRFAIQSR-UHFFFAOYSA-N	BBYRUZKRFAIQSR
DB07547	RYXAHMSZLLIPRO-UHFFFAOYSA-N	RYXAHMSZLLIPRO
DB07548	JXHWVKOKYDAROD-UHFFFAOYSA-N	JXHWVKOKYDAROD
DB07549	WOYBPRBUPLYTPY-UHFFFAOYSA-P	WOYBPRBUPLYTPY
DB07550	ZIGSBBKEPNQXRG-UHFFFAOYSA-N	ZIGSBBKEPNQXRG
DB07551	IUCVBFHDSFSEIK-UHFFFAOYSA-N	IUCVBFHDSFSEIK
DB07552	IUCVBFHDSFSEIK-UHFFFAOYSA-N	IUCVBFHDSFSEIK
DB07553	KRCXZGYVOZSCSF-UHFFFAOYSA-N	KRCXZGYVOZSCSF
DB07555	CXESBBIBKWBQOV-UHFFFAOYSA-N	CXESBBIBKWBQOV
DB07556	BSIZUMJRKYHEBR-UHFFFAOYSA-N	BSIZUMJRKYHEBR
DB07557	XMRPGKVKISIQBV-UHFFFAOYSA-N	XMRPGKVKISIQBV
DB07558	FMYKJLXRRQTBOR-UHFFFAOYSA-N	FMYKJLXRRQTBOR
DB07559	DDSLONVJHZPSBB-UHFFFAOYSA-N	DDSLONVJHZPSBB
DB07560	VYLDPSVXLWTIAJ-UHFFFAOYSA-N	VYLDPSVXLWTIAJ
DB07561	RPILZQUCBKIPAZ-UHFFFAOYSA-N	RPILZQUCBKIPAZ
DB07562	FGGSNQOBRJVAKL-UHFFFAOYSA-N	FGGSNQOBRJVAKL
DB07563	GCJSOJRPNOWSEH-UHFFFAOYSA-N	GCJSOJRPNOWSEH
DB07564	JUHXOBNFTFUPKQ-UHFFFAOYSA-N	JUHXOBNFTFUPKQ
DB07565	LIRCDOVJWUGTMW-UHFFFAOYSA-N	LIRCDOVJWUGTMW
DB07567	XPVKGTWRXBSJKO-UHFFFAOYSA-N	XPVKGTWRXBSJKO
DB07568	ADRNPUSZBRQDBG-UHFFFAOYSA-N	ADRNPUSZBRQDBG
DB07569	OCZKGSPGDOPDAI-UHFFFAOYSA-N	OCZKGSPGDOPDAI
DB07570	ZKEZEXYKYHYIMQ-UHFFFAOYSA-N	ZKEZEXYKYHYIMQ
DB07571	ZUWYQZGBCBSHFK-UHFFFAOYSA-N	ZUWYQZGBCBSHFK
DB07572	ITYCDQJBLCTIID-UHFFFAOYSA-N	ITYCDQJBLCTIID
DB07573	HVMGGHDPXHODHE-UHFFFAOYSA-N	HVMGGHDPXHODHE
DB07574	TYDIWMTWTXFWSY-UHFFFAOYSA-N	TYDIWMTWTXFWSY
DB07575	GZBLEJZADHZBBZ-UHFFFAOYSA-N	GZBLEJZADHZBBZ
DB07577	XREDUPOVEQDQQS-UHFFFAOYSA-N	XREDUPOVEQDQQS
DB07578	WUOLYUKMMRCXGH-UHFFFAOYSA-N	WUOLYUKMMRCXGH
DB07579	HAVIIPIIAVTNFO-UHFFFAOYSA-N	HAVIIPIIAVTNFO
DB07580	GNQQJZKGGHOMBD-UHFFFAOYSA-N	GNQQJZKGGHOMBD
DB07581	SRFUYEFGHOTBHV-UHFFFAOYSA-N	SRFUYEFGHOTBHV
DB07582	GCDRFILPPBOJLM-UHFFFAOYSA-N	GCDRFILPPBOJLM
DB07583	RLNNFNGBXLTQOB-UHFFFAOYSA-N	RLNNFNGBXLTQOB
DB07584	OKGCSZUKOGMZAL-UHFFFAOYSA-N	OKGCSZUKOGMZAL
DB07585	YFFJXGRXFASBDL-UHFFFAOYSA-N	YFFJXGRXFASBDL
DB07586	DOPFUKKMSDUVTQ-UHFFFAOYSA-N	DOPFUKKMSDUVTQ
DB07587	JLPXDVXMMYRTKN-UHFFFAOYSA-N	JLPXDVXMMYRTKN
DB07588	FZDVNXHYGMEEDT-UHFFFAOYSA-N	FZDVNXHYGMEEDT
DB07589	DWWVPKCSDHDILN-UHFFFAOYSA-N	DWWVPKCSDHDILN
DB07590	WBRMJWLALJKZJY-UHFFFAOYSA-N	WBRMJWLALJKZJY
DB07591	BJHPYHUDDCVBNG-UHFFFAOYSA-N	BJHPYHUDDCVBNG
DB07592	ZLZXUNHJWVLGTE-UHFFFAOYSA-N	ZLZXUNHJWVLGTE
DB07593	ONABDOMWRCXLPX-UHFFFAOYSA-N	ONABDOMWRCXLPX
DB07594	OWPMENVYXDJDOW-UHFFFAOYSA-N	OWPMENVYXDJDOW
DB07595	WSIQKQLAGWVKSL-UHFFFAOYSA-O	WSIQKQLAGWVKSL
DB07596	NTSPHKOMJMBWOU-UHFFFAOYSA-N	NTSPHKOMJMBWOU
DB07597	IIMSEFZOOYSTDO-UHFFFAOYSA-N	IIMSEFZOOYSTDO
DB07598	RQEPVMAYUINZRE-UHFFFAOYSA-N	RQEPVMAYUINZRE
DB07599	FMYGJTQJYFMFCR-UHFFFAOYSA-N	FMYGJTQJYFMFCR
DB07601	JLIRVZVVCCIAKG-UHFFFAOYSA-N	JLIRVZVVCCIAKG
DB07602	NLVZTRZPMRTVRC-UHFFFAOYSA-N	NLVZTRZPMRTVRC
DB07604	CNZIQHGDUXRUJS-UHFFFAOYSA-N	CNZIQHGDUXRUJS
DB07605	DHDQMXPAANQKDC-UHFFFAOYSA-N	DHDQMXPAANQKDC
DB07606	OPRAIFVPXXVXDL-UHFFFAOYSA-N	OPRAIFVPXXVXDL
DB07607	RXDZANYWRNIAOR-UHFFFAOYSA-N	RXDZANYWRNIAOR
DB07608	JDGOPNUGILVNJZ-UHFFFAOYSA-N	JDGOPNUGILVNJZ
DB07609	PJHSLLRNPASXIS-UHFFFAOYSA-N	PJHSLLRNPASXIS
DB07610	NXPPAOGUKPJVDI-UHFFFAOYSA-N	NXPPAOGUKPJVDI
DB07611	VTXVGVNLYGSIAR-UHFFFAOYSA-N	VTXVGVNLYGSIAR
DB07612	XQKJVNGGVLHNLA-UHFFFAOYSA-N	XQKJVNGGVLHNLA
DB07613	SRSSTOPJERVMRZ-UHFFFAOYSA-N	SRSSTOPJERVMRZ
DB07614	NRAHRUHGPGBWSI-UHFFFAOYSA-N	NRAHRUHGPGBWSI
DB07615	NZHGWWWHIYHZNX-UHFFFAOYSA-N	NZHGWWWHIYHZNX
DB07616	LKZZDHKJFDTYCH-UHFFFAOYSA-N	LKZZDHKJFDTYCH
DB07617	MDGMPFRIYUFRRX-UHFFFAOYSA-N	MDGMPFRIYUFRRX
DB07618	AITZHKQVQNLKHI-UHFFFAOYSA-N	AITZHKQVQNLKHI
DB07619	FLRYWTWLHWACRP-UHFFFAOYSA-N	FLRYWTWLHWACRP
DB07620	INAZPZCJNPPHGV-UHFFFAOYSA-N	INAZPZCJNPPHGV
DB07621	LENAVORGWBTPJR-UHFFFAOYSA-N	LENAVORGWBTPJR
DB07622	KRKQVGZXTNLQSV-UHFFFAOYSA-N	KRKQVGZXTNLQSV
DB07623	UHBAPGWWRFVTFS-UHFFFAOYSA-N	UHBAPGWWRFVTFS
DB07624	YJFULAYRAKPBCY-UHFFFAOYSA-N	YJFULAYRAKPBCY
DB07625	PHTPPZCTHZHCQD-UHFFFAOYSA-N	PHTPPZCTHZHCQD
DB07626	CKBBGCJYKCLKHE-UHFFFAOYSA-N	CKBBGCJYKCLKHE
DB07627	DBPWWBMTZYJGGV-UHFFFAOYSA-N	DBPWWBMTZYJGGV
DB07628	IEWYEWDDQWYJLU-UHFFFAOYSA-N	IEWYEWDDQWYJLU
DB07629	ARPFWVKYXJZULB-UHFFFAOYSA-N	ARPFWVKYXJZULB
DB07630	ARPFWVKYXJZULB-UHFFFAOYSA-N	ARPFWVKYXJZULB
DB07631	DVEKCXOJTLDBFE-UHFFFAOYSA-N	DVEKCXOJTLDBFE
DB07632	PZVGOWIIHCUHAO-UHFFFAOYSA-N	PZVGOWIIHCUHAO
DB07633	FBVFDKBCZLMLQT-UHFFFAOYSA-N	FBVFDKBCZLMLQT
DB07634	MLBCURLNKYKBEQ-UHFFFAOYSA-N	MLBCURLNKYKBEQ
DB07635	RXNYJUSEXLAVNQ-UHFFFAOYSA-N	RXNYJUSEXLAVNQ
DB07636	PJALLUJRPFUWAF-UHFFFAOYSA-N	PJALLUJRPFUWAF
DB07637	COESHZUDRKCEPA-UHFFFAOYSA-N	COESHZUDRKCEPA
DB07638	QJSMFUTULGSHNQ-UHFFFAOYSA-N	QJSMFUTULGSHNQ
DB07639	LOYXUXZQQVEADT-UHFFFAOYSA-N	LOYXUXZQQVEADT
DB07640	VMEGFMNVSYVVOM-UHFFFAOYSA-N	VMEGFMNVSYVVOM
DB07641	GSVLCKASFMVUSW-UHFFFAOYSA-N	GSVLCKASFMVUSW
DB07642	GYKIQIOWVKCVBP-UHFFFAOYSA-N	GYKIQIOWVKCVBP
DB07643	XVLUVRFYGVJKGJ-UHFFFAOYSA-N	XVLUVRFYGVJKGJ
DB07644	IDHINEMSCUFEIP-UHFFFAOYSA-N	IDHINEMSCUFEIP
DB07645	CXMXRPHRNRROMY-UHFFFAOYSA-N	CXMXRPHRNRROMY
DB07646	OZHBUVQCJMARBN-UHFFFAOYSA-N	OZHBUVQCJMARBN
DB07647	VBASHTSSQNDDAS-UHFFFAOYSA-N	VBASHTSSQNDDAS
DB07648	TWEONIHFGKSPLC-UHFFFAOYSA-N	TWEONIHFGKSPLC
DB07649	DIGGNILBPCEZIV-UHFFFAOYSA-N	DIGGNILBPCEZIV
DB07650	BCLJZFLDSCTULJ-UHFFFAOYSA-N	BCLJZFLDSCTULJ
DB07651	KPMMESISHWWXNM-UHFFFAOYSA-N	KPMMESISHWWXNM
DB07652	NMMWBGNJJMNAIJ-UHFFFAOYSA-N	NMMWBGNJJMNAIJ
DB07653	VXTCEUDVOCLEJG-UHFFFAOYSA-N	VXTCEUDVOCLEJG
DB07654	VDJWWYRYKMXMKA-UHFFFAOYSA-N	VDJWWYRYKMXMKA
DB07655	MPJYGQHMIFDQIN-UHFFFAOYSA-N	MPJYGQHMIFDQIN
DB07657	SLLQAGCLXXPCKZ-UHFFFAOYSA-N	SLLQAGCLXXPCKZ
DB07658	UCQIHCRMWNRFNP-UHFFFAOYSA-N	UCQIHCRMWNRFNP
DB07659	AILSWIBFGYYZTK-UHFFFAOYSA-N	AILSWIBFGYYZTK
DB07660	YKWKWNKWBGQECF-UHFFFAOYSA-N	YKWKWNKWBGQECF
DB07661	FZZQNEVOYIYFPF-UHFFFAOYSA-N	FZZQNEVOYIYFPF
DB07662	HTUBKQUPEREOGA-UHFFFAOYSA-N	HTUBKQUPEREOGA
DB07663	QISJEFYTLZTWIQ-UHFFFAOYSA-N	QISJEFYTLZTWIQ
DB07664	ARIOBGGRZJITQX-UHFFFAOYSA-N	ARIOBGGRZJITQX
DB07665	STHCHQXQLDMISY-UHFFFAOYSA-N	STHCHQXQLDMISY
DB07666	OAWGQHXWGXOUKV-UHFFFAOYSA-N	OAWGQHXWGXOUKV
DB07667	ZMDQWZFZPGJFPM-UHFFFAOYSA-N	ZMDQWZFZPGJFPM
DB07668	JAEWDFYDSACHDN-UHFFFAOYSA-N	JAEWDFYDSACHDN
DB07669	LGFDNUSAWCHVJN-UHFFFAOYSA-N	LGFDNUSAWCHVJN
DB07670	KRHPBWNETCEFGS-UHFFFAOYSA-N	KRHPBWNETCEFGS
DB07671	RROCMCBQTUYDSD-UHFFFAOYSA-N	RROCMCBQTUYDSD
DB07672	HDJXTRKZEHHECC-UHFFFAOYSA-N	HDJXTRKZEHHECC
DB07673	MCIIDRLDHRQKPH-UHFFFAOYSA-N	MCIIDRLDHRQKPH
DB07674	PKUWKAXTAVNIJR-UHFFFAOYSA-N	PKUWKAXTAVNIJR
DB07675	WMUIIGVAWPWQAW-UHFFFAOYSA-N	WMUIIGVAWPWQAW
DB07676	TWOSIFOFWWXXIG-UHFFFAOYSA-N	TWOSIFOFWWXXIG
DB07677	HRYKZAKEAVZGJD-UHFFFAOYSA-N	HRYKZAKEAVZGJD
DB07678	ANAMDWGJXBYJEB-UHFFFAOYSA-N	ANAMDWGJXBYJEB
DB07679	RRAAROKJUVKWAF-UHFFFAOYSA-N	RRAAROKJUVKWAF
DB07680	HUJXISJLAPAFBO-UHFFFAOYSA-N	HUJXISJLAPAFBO
DB07681	LDMOEFOXLIZJOW-UHFFFAOYSA-M	LDMOEFOXLIZJOW
DB07683	RZWYSEXQXOXWKA-UHFFFAOYSA-N	RZWYSEXQXOXWKA
DB07684	VENHBDIMAAXWKI-UHFFFAOYSA-N	VENHBDIMAAXWKI
DB07685	NMAZGYDYIYLSLJ-UHFFFAOYSA-N	NMAZGYDYIYLSLJ
DB07686	VPOGRVWIIVMWRI-UHFFFAOYSA-N	VPOGRVWIIVMWRI
DB07687	LVRKQJAEQWVSCM-UHFFFAOYSA-N	LVRKQJAEQWVSCM
DB07688	RPJIMTALCNCQLV-UHFFFAOYSA-N	RPJIMTALCNCQLV
DB07689	NYNAFINLHQEHKU-UHFFFAOYSA-N	NYNAFINLHQEHKU
DB07691	GYILVHHTCYNIOS-UHFFFAOYSA-N	GYILVHHTCYNIOS
DB07692	SHWNKRPMUBFWKE-UHFFFAOYSA-N	SHWNKRPMUBFWKE
DB07693	IFECSMFQARKPSU-UHFFFAOYSA-N	IFECSMFQARKPSU
DB07694	IFLWCZRMFPKYBN-UHFFFAOYSA-N	IFLWCZRMFPKYBN
DB07695	HHFKUQZPNITQLU-UHFFFAOYSA-N	HHFKUQZPNITQLU
DB07696	QKEQESWFLCEUCV-UHFFFAOYSA-N	QKEQESWFLCEUCV
DB07697	HMGDKYUJSFVHIY-UHFFFAOYSA-N	HMGDKYUJSFVHIY
DB07698	JDNMRPIWJIDDAY-UHFFFAOYSA-N	JDNMRPIWJIDDAY
DB07700	YVAJWBACBRSVPR-UHFFFAOYSA-N	YVAJWBACBRSVPR
DB07701	ADEBPBSSDYVVLD-UHFFFAOYSA-N	ADEBPBSSDYVVLD
DB07702	PROQIPRRNZUXQM-UHFFFAOYSA-N	PROQIPRRNZUXQM
DB07703	NZUJVBSYQXETNF-UHFFFAOYSA-N	NZUJVBSYQXETNF
DB07704	UKRVQKUVWNDGMN-UHFFFAOYSA-N	UKRVQKUVWNDGMN
DB07705	LEZWWPYKPKIXLL-UHFFFAOYSA-N	LEZWWPYKPKIXLL
DB07706	DILDHNKDVHLEQB-UHFFFAOYSA-N	DILDHNKDVHLEQB
DB07707	LEOPSILMAOYZBO-UHFFFAOYSA-N	LEOPSILMAOYZBO
DB07708	ZNHQDSBJVFFIAK-UHFFFAOYSA-N	ZNHQDSBJVFFIAK
DB07710	QNZDHHNWUXIYOH-UHFFFAOYSA-N	QNZDHHNWUXIYOH
DB07711	IOSAAWHGJUZBOG-UHFFFAOYSA-N	IOSAAWHGJUZBOG
DB07712	XBMVVMYGKMGLJX-UHFFFAOYSA-N	XBMVVMYGKMGLJX
DB07713	BZVYQWLRCHLAGK-UHFFFAOYSA-N	BZVYQWLRCHLAGK
DB07714	ICGRXHWXPCXIKM-UHFFFAOYSA-N	ICGRXHWXPCXIKM
DB07715	RHMXXJGYXNZAPX-UHFFFAOYSA-N	RHMXXJGYXNZAPX
DB07716	VDRIXSJOPKVWKM-UHFFFAOYSA-N	VDRIXSJOPKVWKM
DB07717	AJODXHGZHBERGJ-UHFFFAOYSA-N	AJODXHGZHBERGJ
DB07718	KKADPXVIOXHVKN-UHFFFAOYSA-N	KKADPXVIOXHVKN
DB07719	PPSSYXOFPICMQD-UHFFFAOYSA-N	PPSSYXOFPICMQD
DB07720	NLPRAJRHRHZCQQ-UHFFFAOYSA-N	NLPRAJRHRHZCQQ
DB07721	GDWXALVJBAAUJN-UHFFFAOYSA-N	GDWXALVJBAAUJN
DB07722	XHRNQMMJGWBTBU-UHFFFAOYSA-N	XHRNQMMJGWBTBU
DB07723	ZLSZCJIWILJKMR-UHFFFAOYSA-N	ZLSZCJIWILJKMR
DB07724	YMPALHOKRBVHOJ-UHFFFAOYSA-N	YMPALHOKRBVHOJ
DB07726	BGNXCDMCOKJUMV-UHFFFAOYSA-N	BGNXCDMCOKJUMV
DB07728	XJJYJNMNYDNXNO-UHFFFAOYSA-N	XJJYJNMNYDNXNO
DB07729	GAKOBKPDJJGRIL-UHFFFAOYSA-N	GAKOBKPDJJGRIL
DB07730	FJABEDRGNJSWCC-UHFFFAOYSA-N	FJABEDRGNJSWCC
DB07731	AYZRKFOEZQBUEA-UHFFFAOYSA-N	AYZRKFOEZQBUEA
DB07732	FCROUVVWZFPGFM-UHFFFAOYSA-N	FCROUVVWZFPGFM
DB07733	HDKGQVZBBSICLG-UHFFFAOYSA-N	HDKGQVZBBSICLG
DB07734	XNIXPLIQGKQSIE-UHFFFAOYSA-N	XNIXPLIQGKQSIE
DB07735	MUDVORCZGBAHNA-UHFFFAOYSA-N	MUDVORCZGBAHNA
DB07736	CEXXKSSFAKABEN-UHFFFAOYSA-N	CEXXKSSFAKABEN
DB07737	OYTFYWWLBPDTNS-UHFFFAOYSA-N	OYTFYWWLBPDTNS
DB07738	HESMISSJMKCCAV-UHFFFAOYSA-N	HESMISSJMKCCAV
DB07739	SBUKSNPHYWXCDG-UHFFFAOYSA-N	SBUKSNPHYWXCDG
DB07740	CJCDMTWCUXKYGF-UHFFFAOYSA-N	CJCDMTWCUXKYGF
DB07741	VPNYXOTTXAXSIH-UHFFFAOYSA-N	VPNYXOTTXAXSIH
DB07742	QASSMVGOSBNFQY-UHFFFAOYSA-N	QASSMVGOSBNFQY
DB07743	VNGWUVBXUIDQTK-UHFFFAOYSA-N	VNGWUVBXUIDQTK
DB07744	SUUHZYLYARUNIA-UHFFFAOYSA-N	SUUHZYLYARUNIA
DB07745	YAHFSBJEYPSDPU-UHFFFAOYSA-N	YAHFSBJEYPSDPU
DB07746	MGUQWAOYPINSIT-UHFFFAOYSA-N	MGUQWAOYPINSIT
DB07747	YTBGBMPLINFTBQ-UHFFFAOYSA-N	YTBGBMPLINFTBQ
DB07748	JDDKDMFCTOZVCJ-UHFFFAOYSA-N	JDDKDMFCTOZVCJ
DB07749	QRDDFQYJOFVDNR-UHFFFAOYSA-N	QRDDFQYJOFVDNR
DB07750	GNLAGGCSJGJECE-UHFFFAOYSA-N	GNLAGGCSJGJECE
DB07751	ZVSBKYYVBCKDBO-UHFFFAOYSA-N	ZVSBKYYVBCKDBO
DB07753	VCEFNMHMLWBFNV-UHFFFAOYSA-N	VCEFNMHMLWBFNV
DB07754	IDTMSHGCAZPVLC-UHFFFAOYSA-N	IDTMSHGCAZPVLC
DB07755	GNLAGGCSJGJECE-UHFFFAOYSA-N	GNLAGGCSJGJECE
DB07756	GPBGHVRNVGXPNM-UHFFFAOYSA-N	GPBGHVRNVGXPNM
DB07757	FTEBGBCQCYMDPH-UHFFFAOYSA-N	FTEBGBCQCYMDPH
DB07758	ATAZLMGGQQLRBC-UHFFFAOYSA-N	ATAZLMGGQQLRBC
DB07759	IJPNRBZMRINMMR-UHFFFAOYSA-N	IJPNRBZMRINMMR
DB07760	TUYDQQMKXSQIQG-UHFFFAOYSA-N	TUYDQQMKXSQIQG
DB07761	ZVSBKYYVBCKDBO-UHFFFAOYSA-N	ZVSBKYYVBCKDBO
DB07762	USKXJFHTBQWXCS-UHFFFAOYSA-N	USKXJFHTBQWXCS
DB07763	OZZFJGCAYWBVBI-UHFFFAOYSA-N	OZZFJGCAYWBVBI
DB07764	MURGITYSBWUQTI-UHFFFAOYSA-N	MURGITYSBWUQTI
DB07765	UKCFUFHREWUXJJ-UHFFFAOYSA-N	UKCFUFHREWUXJJ
DB07766	TWOSIFOFWWXXIG-UHFFFAOYSA-N	TWOSIFOFWWXXIG
DB07767	KSEBMYQBYZTDHS-UHFFFAOYSA-N	KSEBMYQBYZTDHS
DB07768	MUMGGOZAMZWBJJ-UHFFFAOYSA-N	MUMGGOZAMZWBJJ
DB07769	KJMFOTCDISOHDX-UHFFFAOYSA-N	KJMFOTCDISOHDX
DB07770	DJPFUQBNQLKCAB-UHFFFAOYSA-N	DJPFUQBNQLKCAB
DB07771	JAOBYUCYSAOLHS-UHFFFAOYSA-N	JAOBYUCYSAOLHS
DB07772	BZVYQWLRCHLAGK-UHFFFAOYSA-N	BZVYQWLRCHLAGK
DB07773	YVYGGBFCYXRNKM-UHFFFAOYSA-N	YVYGGBFCYXRNKM
DB07775	BRPKBUNFOZFULQ-UHFFFAOYSA-N	BRPKBUNFOZFULQ
DB07776	VHBFFQKBGNRLFZ-UHFFFAOYSA-N	VHBFFQKBGNRLFZ
DB07778	PCCSBWNGDMYFCW-UHFFFAOYSA-N	PCCSBWNGDMYFCW
DB07779	ANQHSFFUNMTTRS-UHFFFAOYSA-N	ANQHSFFUNMTTRS
DB07780	VWFJDQUYCIWHTN-UHFFFAOYSA-N	VWFJDQUYCIWHTN
DB07781	PQSCCWFMTRVFDA-UHFFFAOYSA-N	PQSCCWFMTRVFDA
DB07782	UKNJCTHTCAKKNG-UHFFFAOYSA-N	UKNJCTHTCAKKNG
DB07783	GUYYFMCFEPDDFL-UHFFFAOYSA-N	GUYYFMCFEPDDFL
DB07784	WBCOLMYVEBTZOA-UHFFFAOYSA-N	WBCOLMYVEBTZOA
DB07785	UYAJDVNLQJVRHD-UHFFFAOYSA-N	UYAJDVNLQJVRHD
DB07786	SMFRBBHLVBWHGB-UHFFFAOYSA-N	SMFRBBHLVBWHGB
DB07787	PNPFDRCIGCUCMN-UHFFFAOYSA-N	PNPFDRCIGCUCMN
DB07788	NEQZWEXWOFPKOT-UHFFFAOYSA-N	NEQZWEXWOFPKOT
DB07789	KNTGXMNWVXZIMW-UHFFFAOYSA-N	KNTGXMNWVXZIMW
DB07790	LDXLQEXLXZCYSR-UHFFFAOYSA-N	LDXLQEXLXZCYSR
DB07791	MZWCVBFANHIPTJ-UHFFFAOYSA-N	MZWCVBFANHIPTJ
DB07792	VUKPNWLGSLOHIF-UHFFFAOYSA-N	VUKPNWLGSLOHIF
DB07793	ACSGSLPOHKRZCY-UHFFFAOYSA-N	ACSGSLPOHKRZCY
DB07794	XVECMUKVOMUNLE-UHFFFAOYSA-N	XVECMUKVOMUNLE
DB07795	XHEFDIBZLJXQHF-UHFFFAOYSA-N	XHEFDIBZLJXQHF
DB07796	GJYCQHGTXMVIBG-UHFFFAOYSA-O	GJYCQHGTXMVIBG
DB07797	VEBKSFPYWMOUBR-UHFFFAOYSA-N	VEBKSFPYWMOUBR
DB07798	BBUDQLKRZPRPFD-UHFFFAOYSA-N	BBUDQLKRZPRPFD
DB07800	MIJGLXFQYBTIFY-UHFFFAOYSA-N	MIJGLXFQYBTIFY
DB07801	WOYITRCGMUXUDE-UHFFFAOYSA-N	WOYITRCGMUXUDE
DB07802	MSOLROYRAHCJNK-UHFFFAOYSA-N	MSOLROYRAHCJNK
DB07803	XCAXKZJNJCKTQH-UHFFFAOYSA-N	XCAXKZJNJCKTQH
DB07804	FKCQUVAGEOSYRU-UHFFFAOYSA-N	FKCQUVAGEOSYRU
DB07805	QCQZFHOGRCQNIH-UHFFFAOYSA-N	QCQZFHOGRCQNIH
DB07806	UDMBRVGTYILYDX-UHFFFAOYSA-N	UDMBRVGTYILYDX
DB07807	NKARZGURZMIRMA-UHFFFAOYSA-N	NKARZGURZMIRMA
DB07808	QTWGHTBKFVANGX-UHFFFAOYSA-N	QTWGHTBKFVANGX
DB07809	MBJYEMUMDMGQQC-UHFFFAOYSA-N	MBJYEMUMDMGQQC
DB07810	VGEREEWJJVICBM-UHFFFAOYSA-N	VGEREEWJJVICBM
DB07811	UBVTVSINEVHYSY-UHFFFAOYSA-N	UBVTVSINEVHYSY
DB07812	TWYNGDRSMHRPSY-UHFFFAOYSA-N	TWYNGDRSMHRPSY
DB07813	KCELZXZDIUJGNM-UHFFFAOYSA-N	KCELZXZDIUJGNM
DB07814	IXORZMNAPKEEDV-UHFFFAOYSA-N	IXORZMNAPKEEDV
DB07815	RSQSQJNRHICNNH-UHFFFAOYSA-N	RSQSQJNRHICNNH
DB07816	KGHMYJFHUHFOGL-UHFFFAOYSA-N	KGHMYJFHUHFOGL
DB07817	NJPVZSIGDRLLTD-UHFFFAOYSA-N	NJPVZSIGDRLLTD
DB07818	LHTLDFWBUPYUDR-UHFFFAOYSA-N	LHTLDFWBUPYUDR
DB07819	YPYUWBDOEMPXSK-UHFFFAOYSA-N	YPYUWBDOEMPXSK
DB07820	NVGVZWUORYLPAL-UHFFFAOYSA-N	NVGVZWUORYLPAL
DB07821	QZUGWOMGKDLYKO-UHFFFAOYSA-N	QZUGWOMGKDLYKO
DB07823	REFMTLIXGKZVDF-UHFFFAOYSA-N	REFMTLIXGKZVDF
DB07824	WAVWUEFMWJZZFB-UHFFFAOYSA-N	WAVWUEFMWJZZFB
DB07825	SQGYWRZISBCKMW-UHFFFAOYSA-N	SQGYWRZISBCKMW
DB07826	DTGVSZSMDOMAEB-UHFFFAOYSA-N	DTGVSZSMDOMAEB
DB07827	FLTYDFYSVZBKOB-UHFFFAOYSA-N	FLTYDFYSVZBKOB
DB07829	BILJSHVAAVZERY-UHFFFAOYSA-N	BILJSHVAAVZERY
DB07830	DIRIFWIKLRTNMB-UHFFFAOYSA-N	DIRIFWIKLRTNMB
DB07831	SHSORWZDEKFFLP-UHFFFAOYSA-N	SHSORWZDEKFFLP
DB07832	VKQPTVJDZIILPG-UHFFFAOYSA-N	VKQPTVJDZIILPG
DB07833	PMMLSQFPBFKLHH-UHFFFAOYSA-N	PMMLSQFPBFKLHH
DB07834	FOHZGCHKLPIBBX-UHFFFAOYSA-N	FOHZGCHKLPIBBX
DB07835	BOPSUAHGQHFKGG-UHFFFAOYSA-N	BOPSUAHGQHFKGG
DB07836	YBCDZAGHRGXDRX-UHFFFAOYSA-N	YBCDZAGHRGXDRX
DB07837	SWXKLXXVFMYMDP-UHFFFAOYSA-N	SWXKLXXVFMYMDP
DB07838	ZTWBCEZQPRYIGY-UHFFFAOYSA-N	ZTWBCEZQPRYIGY
DB07839	VFNWTXUFNNOQHD-UHFFFAOYSA-N	VFNWTXUFNNOQHD
DB07840	MCTZMJQJFCGZBX-UHFFFAOYSA-N	MCTZMJQJFCGZBX
DB07841	OINNEUNVOZHBOX-UHFFFAOYSA-N	OINNEUNVOZHBOX
DB07842	CJMVTSLLWMPEKQ-UHFFFAOYSA-N	CJMVTSLLWMPEKQ
DB07843	LTJNKFUIOOJXNJ-UHFFFAOYSA-N	LTJNKFUIOOJXNJ
DB07844	PHLKBODTBJLXRD-UHFFFAOYSA-N	PHLKBODTBJLXRD
DB07845	VGYXXQRDIVRILX-UHFFFAOYSA-N	VGYXXQRDIVRILX
DB07846	MVHRCJQCKYPDRL-UHFFFAOYSA-N	MVHRCJQCKYPDRL
DB07847	ICLOZQFWTRAYPX-UHFFFAOYSA-N	ICLOZQFWTRAYPX
DB07848	BHNMMFGOJRIAEZ-UHFFFAOYSA-N	BHNMMFGOJRIAEZ
DB07849	NYQGIUKEPYHDNY-UHFFFAOYSA-N	NYQGIUKEPYHDNY
DB07850	DYLXWYPNDHPRPQ-UHFFFAOYSA-N	DYLXWYPNDHPRPQ
DB07851	DQJXBZGPJVSWFI-UHFFFAOYSA-N	DQJXBZGPJVSWFI
DB07852	CZTNDZALWLHXBA-UHFFFAOYSA-N	CZTNDZALWLHXBA
DB07853	AWMNWCNUTIFHRJ-UHFFFAOYSA-N	AWMNWCNUTIFHRJ
DB07854	VRGSDHJXBVCQEL-UHFFFAOYSA-N	VRGSDHJXBVCQEL
DB07855	CWHMAWBXRCDOEB-UHFFFAOYSA-N	CWHMAWBXRCDOEB
DB07856	HPWBHQIUIBFTQC-UHFFFAOYSA-N	HPWBHQIUIBFTQC
DB07857	HWVGILTYGZFGLR-UHFFFAOYSA-N	HWVGILTYGZFGLR
DB07858	HWVGILTYGZFGLR-UHFFFAOYSA-N	HWVGILTYGZFGLR
DB07859	LZMOSYUFVYJEPY-UHFFFAOYSA-N	LZMOSYUFVYJEPY
DB07860	PNKKPFLBOWGVSF-UHFFFAOYSA-N	PNKKPFLBOWGVSF
DB07861	MMOUXLMPQFMDRD-UHFFFAOYSA-N	MMOUXLMPQFMDRD
DB07862	GCPJCLJGTVTGRF-UHFFFAOYSA-N	GCPJCLJGTVTGRF
DB07863	DNTSIBUQMRRYIU-UHFFFAOYSA-N	DNTSIBUQMRRYIU
DB07864	YVJFHKQYMKKIHK-UHFFFAOYSA-N	YVJFHKQYMKKIHK
DB07865	REZXFQGPXQJVJG-UHFFFAOYSA-N	REZXFQGPXQJVJG
DB07866	SBTHYUAUBLEDJY-UHFFFAOYSA-N	SBTHYUAUBLEDJY
DB07867	BNZHKKGOSYAQSW-UHFFFAOYSA-N	BNZHKKGOSYAQSW
DB07868	CLKFNGKDJYMUPK-UHFFFAOYSA-N	CLKFNGKDJYMUPK
DB07869	QRBUGQMJMFAHKS-UHFFFAOYSA-N	QRBUGQMJMFAHKS
DB07870	GOCUAJYOYBLQRH-UHFFFAOYSA-N	GOCUAJYOYBLQRH
DB07871	OQCFORGSZJSAEL-UHFFFAOYSA-N	OQCFORGSZJSAEL
DB07872	IYGIXVNAMZPBDK-UHFFFAOYSA-N	IYGIXVNAMZPBDK
DB07873	KKVZONPEMODBBG-UHFFFAOYSA-N	KKVZONPEMODBBG
DB07874	LQOCXPOKEPYGTJ-UHFFFAOYSA-N	LQOCXPOKEPYGTJ
DB07875	ARAVOODWJJJNBY-UHFFFAOYSA-N	ARAVOODWJJJNBY
DB07876	AWDORCFLUJZUQS-UHFFFAOYSA-N	AWDORCFLUJZUQS
DB07877	MWGWLDJLENCVRQ-UHFFFAOYSA-N	MWGWLDJLENCVRQ
DB07878	OEHUTYXPQSSKAK-UHFFFAOYSA-N	OEHUTYXPQSSKAK
DB07879	SMSIXMLQOONOQQ-UHFFFAOYSA-N	SMSIXMLQOONOQQ
DB07880	DWQOTEPNRWVUDA-UHFFFAOYSA-N	DWQOTEPNRWVUDA
DB07881	DKQZZKSBRCTCQU-UHFFFAOYSA-N	DKQZZKSBRCTCQU
DB07882	VFIZFTGABDUGCF-UHFFFAOYSA-N	VFIZFTGABDUGCF
DB07883	XJQDTOANLAPEIM-UHFFFAOYSA-N	XJQDTOANLAPEIM
DB07884	KELNNWMENBUHNS-UHFFFAOYSA-N	KELNNWMENBUHNS
DB07885	GWKIPRVERALPRD-UHFFFAOYSA-N	GWKIPRVERALPRD
DB07887	IIZOWFNBOXPJES-UHFFFAOYSA-N	IIZOWFNBOXPJES
DB07888	AIXMJTYHQHQJLU-UHFFFAOYSA-N	AIXMJTYHQHQJLU
DB07889	VCPXSBULBDYRLT-UHFFFAOYSA-N	VCPXSBULBDYRLT
DB07890	GHNIEXOPSISMGX-UHFFFAOYSA-N	GHNIEXOPSISMGX
DB07892	HDMHBHNRWDNNCD-UHFFFAOYSA-N	HDMHBHNRWDNNCD
DB07893	FJQWWGCHPFSERW-UHFFFAOYSA-N	FJQWWGCHPFSERW
DB07894	UXOYJQMPYTYCMG-UHFFFAOYSA-N	UXOYJQMPYTYCMG
DB07895	IJNCEETVCWDDQB-UHFFFAOYSA-N	IJNCEETVCWDDQB
DB07896	YHXHKYRQLYQUIH-UHFFFAOYSA-N	YHXHKYRQLYQUIH
DB07897	SJEVZMRZAJQYFZ-UHFFFAOYSA-N	SJEVZMRZAJQYFZ
DB07898	YBSWGBVCGAZBHG-UHFFFAOYSA-N	YBSWGBVCGAZBHG
DB07899	WABWAIGLGFELMI-UHFFFAOYSA-N	WABWAIGLGFELMI
DB07900	YVDHZNIQWHUORH-UHFFFAOYSA-N	YVDHZNIQWHUORH
DB07901	HIUOABSWQSUEGK-UHFFFAOYSA-N	HIUOABSWQSUEGK
DB07902	QBMYJIFXSXKPFS-UHFFFAOYSA-N	QBMYJIFXSXKPFS
DB07903	CAVCWRXFMNCBCM-UHFFFAOYSA-N	CAVCWRXFMNCBCM
DB07905	SSNQAUBBJYCSMY-UHFFFAOYSA-N	SSNQAUBBJYCSMY
DB07906	RNUCRXHRBPLYTA-UHFFFAOYSA-N	RNUCRXHRBPLYTA
DB07907	JKRDADVRIYVCCY-UHFFFAOYSA-N	JKRDADVRIYVCCY
DB07908	VCGFYFKJZGIZMX-UHFFFAOYSA-N	VCGFYFKJZGIZMX
DB07909	OBWILOKKNDYPLX-UHFFFAOYSA-N	OBWILOKKNDYPLX
DB07910	IFTWVTAUEXLCHB-UHFFFAOYSA-N	IFTWVTAUEXLCHB
DB07911	QPGAZPBFRAAJBD-UHFFFAOYSA-M	QPGAZPBFRAAJBD
DB07912	ACMQFLCUSWMWKH-UHFFFAOYSA-N	ACMQFLCUSWMWKH
DB07913	ZDTWNRLBYDWRII-UHFFFAOYSA-N	ZDTWNRLBYDWRII
DB07914	YOVXRIACERVBAG-UHFFFAOYSA-N	YOVXRIACERVBAG
DB07915	YOVXRIACERVBAG-UHFFFAOYSA-N	YOVXRIACERVBAG
DB07916	QXMPYGCWDMKRMF-UHFFFAOYSA-N	QXMPYGCWDMKRMF
DB07917	TZQGXAHOROZEKN-UHFFFAOYSA-N	TZQGXAHOROZEKN
DB07918	ICTVCUOZYWNYHM-UHFFFAOYSA-N	ICTVCUOZYWNYHM
DB07919	BXNJHAXVSOCGBA-UHFFFAOYSA-N	BXNJHAXVSOCGBA
DB07920	OGRPZMQLAVBWPV-UHFFFAOYSA-N	OGRPZMQLAVBWPV
DB07921	ATANXIMWDMRRIO-UHFFFAOYSA-N	ATANXIMWDMRRIO
DB07922	LBEMJFIVKDOIBO-UHFFFAOYSA-N	LBEMJFIVKDOIBO
DB07923	HEGSGKPQLMEBJL-UHFFFAOYSA-N	HEGSGKPQLMEBJL
DB07924	HEGSGKPQLMEBJL-UHFFFAOYSA-N	HEGSGKPQLMEBJL
DB07925	FFIGWLBWBXCVHW-UHFFFAOYSA-N	FFIGWLBWBXCVHW
DB07926	QYZPDCGWIJYZMN-UHFFFAOYSA-N	QYZPDCGWIJYZMN
DB07927	RDPXXOOKKRIKFN-UHFFFAOYSA-N	RDPXXOOKKRIKFN
DB07928	JKEJEOJPJVRHMQ-UHFFFAOYSA-N	JKEJEOJPJVRHMQ
DB07929	JGJACZABNQGPMT-UHFFFAOYSA-N	JGJACZABNQGPMT
DB07930	MUCMKTPAZLSKTL-UHFFFAOYSA-N	MUCMKTPAZLSKTL
DB07931	PBBGSZCBWVPOOL-UHFFFAOYSA-N	PBBGSZCBWVPOOL
DB07932	CRLQCBACIMUGDZ-UHFFFAOYSA-N	CRLQCBACIMUGDZ
DB07933	XIESSJVMWNJCGZ-UHFFFAOYSA-N	XIESSJVMWNJCGZ
DB07934	KMUXFASJKPVMGU-UHFFFAOYSA-O	KMUXFASJKPVMGU
DB07935	JYAHFMKZJRVTDT-UHFFFAOYSA-N	JYAHFMKZJRVTDT
DB07936	BACSZMCLZIDTIO-UHFFFAOYSA-N	BACSZMCLZIDTIO
DB07937	UGZWPZWADDDTRN-UHFFFAOYSA-N	UGZWPZWADDDTRN
DB07938	HWJPWWYTGBZDEG-UHFFFAOYSA-N	HWJPWWYTGBZDEG
DB07939	JIAFOCJABIEPNM-UHFFFAOYSA-N	JIAFOCJABIEPNM
DB07940	ZUCWQTWGZGIYPV-UHFFFAOYSA-N	ZUCWQTWGZGIYPV
DB07941	KCAJXIDMCNPGHZ-UHFFFAOYSA-N	KCAJXIDMCNPGHZ
DB07942	YJCHZVXSPFPKMX-UHFFFAOYSA-N	YJCHZVXSPFPKMX
DB07943	CATQHDWESBRRQA-UHFFFAOYSA-N	CATQHDWESBRRQA
DB07944	MPTWCWHNLVMCRW-UHFFFAOYSA-O	MPTWCWHNLVMCRW
DB07945	GKBQRPKZHUFGOB-UHFFFAOYSA-N	GKBQRPKZHUFGOB
DB07946	DZEJHPMTDNDECN-UHFFFAOYSA-N	DZEJHPMTDNDECN
DB07947	AUHWQSZMVMMRLM-UHFFFAOYSA-N	AUHWQSZMVMMRLM
DB07949	BFQRPTKOSYMPOL-UHFFFAOYSA-N	BFQRPTKOSYMPOL
DB07950	SEOVTRFCIGRIMH-UHFFFAOYSA-N	SEOVTRFCIGRIMH
DB07951	VAFNMNRKDDAKRM-UHFFFAOYSA-N	VAFNMNRKDDAKRM
DB07952	YDXXLJMIHMIOIF-UHFFFAOYSA-N	YDXXLJMIHMIOIF
DB07953	AZEGJHGXTSUPPG-UHFFFAOYSA-N	AZEGJHGXTSUPPG
DB07954	APIXJSLKIYYUKG-UHFFFAOYSA-N	APIXJSLKIYYUKG
DB07955	SMKXVWWBCFWRMP-UHFFFAOYSA-N	SMKXVWWBCFWRMP
DB07956	GBHYPZDGTWSQFR-UHFFFAOYSA-N	GBHYPZDGTWSQFR
DB07957	DWYLZBJDRMVVPU-UHFFFAOYSA-N	DWYLZBJDRMVVPU
DB07958	OMLOGGCSARAIGZ-UHFFFAOYSA-N	OMLOGGCSARAIGZ
DB07959	JTKFRFMSUBOCIQ-UHFFFAOYSA-N	JTKFRFMSUBOCIQ
DB07960	QDVFOADQCFRSSP-UHFFFAOYSA-N	QDVFOADQCFRSSP
DB07961	NWKJBFSBEAMDBE-UHFFFAOYSA-N	NWKJBFSBEAMDBE
DB07962	ZMRRBWRMQPQQAN-UHFFFAOYSA-N	ZMRRBWRMQPQQAN
DB07963	YZQVXOZCPWWABX-UHFFFAOYSA-N	YZQVXOZCPWWABX
DB07964	CVZIHNYAZLXRRS-UHFFFAOYSA-N	CVZIHNYAZLXRRS
DB07965	OGODDSLNRULSMM-UHFFFAOYSA-N	OGODDSLNRULSMM
DB07966	NVMCVWOODOWOLT-UHFFFAOYSA-N	NVMCVWOODOWOLT
DB07967	JJNKDTWKWYLERH-UHFFFAOYSA-N	JJNKDTWKWYLERH
DB07968	RFOBTYLRURSVJE-UHFFFAOYSA-N	RFOBTYLRURSVJE
DB07969	QNCYYRHIUFGGJX-UHFFFAOYSA-N	QNCYYRHIUFGGJX
DB07970	SAAYRHKJHDIDPH-UHFFFAOYSA-N	SAAYRHKJHDIDPH
DB07971	FQQVTDIBUYSVHM-UHFFFAOYSA-N	FQQVTDIBUYSVHM
DB07972	VFSVFGIODYZMOF-UHFFFAOYSA-N	VFSVFGIODYZMOF
DB07973	GIPCBGDQVGKMPO-UHFFFAOYSA-N	GIPCBGDQVGKMPO
DB07974	BDLMBQRBNPDCSS-UHFFFAOYSA-N	BDLMBQRBNPDCSS
DB07975	VTGXLCZUWFYELR-UHFFFAOYSA-N	VTGXLCZUWFYELR
DB07976	GIUMGVUBDBDTDX-UHFFFAOYSA-N	GIUMGVUBDBDTDX
DB07977	CGNHUSCKOHDSMR-UHFFFAOYSA-N	CGNHUSCKOHDSMR
DB07978	ULMUPVXFUDHRGH-UHFFFAOYSA-N	ULMUPVXFUDHRGH
DB07979	VFINRVRRNHRWEQ-UHFFFAOYSA-N	VFINRVRRNHRWEQ
DB07981	GKJWXEORYGBJFS-UHFFFAOYSA-N	GKJWXEORYGBJFS
DB07982	PVTKDXZNSUHUMO-UHFFFAOYSA-N	PVTKDXZNSUHUMO
DB07983	CXBFZYKAVCAPSV-UHFFFAOYSA-N	CXBFZYKAVCAPSV
DB07984	GKJWXEORYGBJFS-UHFFFAOYSA-N	GKJWXEORYGBJFS
DB07985	PVALLOSAENRPQO-UHFFFAOYSA-N	PVALLOSAENRPQO
DB07986	GNSLACGSDSJAIQ-UHFFFAOYSA-N	GNSLACGSDSJAIQ
DB07987	AWAKNMKLVLWIIQ-UHFFFAOYSA-N	AWAKNMKLVLWIIQ
DB07988	HZAXNPDJVFUGDS-UHFFFAOYSA-N	HZAXNPDJVFUGDS
DB07989	OVUHENJPIUQHLJ-UHFFFAOYSA-N	OVUHENJPIUQHLJ
DB07990	YEIXDWIEYXZUBR-UHFFFAOYSA-N	YEIXDWIEYXZUBR
DB07991	APLJSSOXDWUNGV-UHFFFAOYSA-N	APLJSSOXDWUNGV
DB07992	BXFFHSIDQOFMLE-UHFFFAOYSA-N	BXFFHSIDQOFMLE
DB07993	LPQUIIHPUGDHJK-UHFFFAOYSA-N	LPQUIIHPUGDHJK
DB07994	KMBPJSHPAXOXBT-UHFFFAOYSA-N	KMBPJSHPAXOXBT
DB07995	ZKZXNDJNWUTGDK-UHFFFAOYSA-N	ZKZXNDJNWUTGDK
DB07996	BDVFVCGFMNCYPV-UHFFFAOYSA-N	BDVFVCGFMNCYPV
DB07997	PJWUXKNZVMEPPH-UHFFFAOYSA-N	PJWUXKNZVMEPPH
DB07999	IXLBOIRSEDMRPI-UHFFFAOYSA-N	IXLBOIRSEDMRPI
DB08000	ZTJGXDGAXGWOGR-UHFFFAOYSA-N	ZTJGXDGAXGWOGR
DB08001	DQSRCEFDWMQCCV-UHFFFAOYSA-N	DQSRCEFDWMQCCV
DB08003	UILYPHAKDBTKQV-UHFFFAOYSA-N	UILYPHAKDBTKQV
DB08004	PUMVONFFLKPPIM-UHFFFAOYSA-N	PUMVONFFLKPPIM
DB08005	ARMFMDYRYOKSOW-UHFFFAOYSA-N	ARMFMDYRYOKSOW
DB08006	OXYDLVAOXASTMW-UHFFFAOYSA-N	OXYDLVAOXASTMW
DB08007	KGFDIRSBGRVEFZ-UHFFFAOYSA-N	KGFDIRSBGRVEFZ
DB08008	LRHHXKBKRNNFRV-UHFFFAOYSA-N	LRHHXKBKRNNFRV
DB08009	XPLJEFSRINKZLC-UHFFFAOYSA-N	XPLJEFSRINKZLC
DB08010	WMFLJVNGJFEVOK-UHFFFAOYSA-N	WMFLJVNGJFEVOK
DB08011	VJBNQUYFELQGNY-UHFFFAOYSA-N	VJBNQUYFELQGNY
DB08012	KCHIOGFOPPOUJC-UHFFFAOYSA-N	KCHIOGFOPPOUJC
DB08013	UEIUDEUUVLYRFV-UHFFFAOYSA-N	UEIUDEUUVLYRFV
DB08014	AQILFLLHLFBLLG-UHFFFAOYSA-N	AQILFLLHLFBLLG
DB08015	WUSSFSFZXULXOP-UHFFFAOYSA-N	WUSSFSFZXULXOP
DB08016	DAUATIBSDSXXHA-UHFFFAOYSA-N	DAUATIBSDSXXHA
DB08017	DDOAUTHWSCUHQA-UHFFFAOYSA-N	DDOAUTHWSCUHQA
DB08018	JDRSQGJWTVRNGM-UHFFFAOYSA-N	JDRSQGJWTVRNGM
DB08019	VWCMAGONQJHIJZ-UHFFFAOYSA-N	VWCMAGONQJHIJZ
DB08020	RHQLNMNKTIOREN-UHFFFAOYSA-N	RHQLNMNKTIOREN
DB08021	MEFJFXHHHNDHEN-UHFFFAOYSA-N	MEFJFXHHHNDHEN
DB08022	RCYPVQCPYKNSTG-UHFFFAOYSA-N	RCYPVQCPYKNSTG
DB08023	HYNNWLVWJXWXFO-UHFFFAOYSA-N	HYNNWLVWJXWXFO
DB08024	MUUVLSCVDXKQQV-UHFFFAOYSA-N	MUUVLSCVDXKQQV
DB08025	ACGBFWCBVIXTPZ-UHFFFAOYSA-N	ACGBFWCBVIXTPZ
DB08026	AJLILYAPRHIFAS-UHFFFAOYSA-N	AJLILYAPRHIFAS
DB08027	WEYNBWVKOYCCQT-UHFFFAOYSA-N	WEYNBWVKOYCCQT
DB08028	ZVZPCRKQNRRBOQ-UHFFFAOYSA-N	ZVZPCRKQNRRBOQ
DB08029	QQDWEVONJRXVDB-UHFFFAOYSA-N	QQDWEVONJRXVDB
DB08030	XZWFHJUEAVOHHG-UHFFFAOYSA-N	XZWFHJUEAVOHHG
DB08031	LNQWELVSNCYKDU-UHFFFAOYSA-N	LNQWELVSNCYKDU
DB08032	NZTHBWHANVWSRX-UHFFFAOYSA-N	NZTHBWHANVWSRX
DB08033	UQKSYQYWUHUIEH-UHFFFAOYSA-N	UQKSYQYWUHUIEH
DB08034	TVOPERZEGKBKAY-UHFFFAOYSA-N	TVOPERZEGKBKAY
DB08035	QUPXEJURIFFVSX-UHFFFAOYSA-N	QUPXEJURIFFVSX
DB08036	MEXUTNIFSHFQRG-UHFFFAOYSA-N	MEXUTNIFSHFQRG
DB08037	MYBGWENAVMIGMM-UHFFFAOYSA-N	MYBGWENAVMIGMM
DB08038	CPAOOGAUUDSJCS-UHFFFAOYSA-N	CPAOOGAUUDSJCS
DB08039	LOGJQOUIVKBFGH-UHFFFAOYSA-N	LOGJQOUIVKBFGH
DB08040	OJCFZTVYDSKXNM-UHFFFAOYSA-N	OJCFZTVYDSKXNM
DB08041	JXJYTERRLRAUSF-UHFFFAOYSA-N	JXJYTERRLRAUSF
DB08042	FLXGQDHYCWXTAI-UHFFFAOYSA-N	FLXGQDHYCWXTAI
DB08043	DDDLGNOZDKDSEG-UHFFFAOYSA-N	DDDLGNOZDKDSEG
DB08044	NVVSPGQEXMJZIR-UHFFFAOYSA-N	NVVSPGQEXMJZIR
DB08045	XDDGJOIYZAMLBW-UHFFFAOYSA-N	XDDGJOIYZAMLBW
DB08046	JIVPVXMEBJLZRO-UHFFFAOYSA-N	JIVPVXMEBJLZRO
DB08047	ZDUDMCQPFKPISO-UHFFFAOYSA-N	ZDUDMCQPFKPISO
DB08048	WLDZDEMGKFWJNR-UHFFFAOYSA-N	WLDZDEMGKFWJNR
DB08049	JRVIIPJSVKTPBK-UHFFFAOYSA-N	JRVIIPJSVKTPBK
DB08050	MJXXAPORLGKVLB-UHFFFAOYSA-N	MJXXAPORLGKVLB
DB08051	XXRHRPGYYNOBHO-UHFFFAOYSA-N	XXRHRPGYYNOBHO
DB08052	NVRXTLZYXZNATH-UHFFFAOYSA-N	NVRXTLZYXZNATH
DB08053	ITOYZJGFTNTKKR-UHFFFAOYSA-N	ITOYZJGFTNTKKR
DB08054	GEZALMMCQYDFML-UHFFFAOYSA-N	GEZALMMCQYDFML
DB08055	NNBICZMPIJMWGC-UHFFFAOYSA-N	NNBICZMPIJMWGC
DB08056	KKYYLKPGILUPOA-UHFFFAOYSA-N	KKYYLKPGILUPOA
DB08057	VWJPPYCULHDHBB-UHFFFAOYSA-N	VWJPPYCULHDHBB
DB08058	HGEPGGJUGUMFHT-UHFFFAOYSA-N	HGEPGGJUGUMFHT
DB08059	QDLHCMPXEPAAMD-UHFFFAOYSA-N	QDLHCMPXEPAAMD
DB08060	BIASMBPERGWEBX-UHFFFAOYSA-N	BIASMBPERGWEBX
DB08061	GELALLNTKKLQLM-UHFFFAOYSA-N	GELALLNTKKLQLM
DB08062	YXVAYMRODBYXIQ-UHFFFAOYSA-N	YXVAYMRODBYXIQ
DB08063	HLZMYWLMBBLASX-UHFFFAOYSA-N	HLZMYWLMBBLASX
DB08064	NTMADESEDXKNFZ-UHFFFAOYSA-N	NTMADESEDXKNFZ
DB08065	IYTGPPNUOLLGBE-UHFFFAOYSA-N	IYTGPPNUOLLGBE
DB08066	FPKSFXFWECAIBR-UHFFFAOYSA-N	FPKSFXFWECAIBR
DB08067	LOLPPWBBNUVNQZ-UHFFFAOYSA-O	LOLPPWBBNUVNQZ
DB08068	YQJVDUKATDECHF-UHFFFAOYSA-N	YQJVDUKATDECHF
DB08069	CUEYNOAJNUCBAP-UHFFFAOYSA-N	CUEYNOAJNUCBAP
DB08070	ILTOXASLQDKYJW-UHFFFAOYSA-N	ILTOXASLQDKYJW
DB08071	UEEAJOUBQAEABH-UHFFFAOYSA-N	UEEAJOUBQAEABH
DB08072	AYKUIRSGEMLIFT-UHFFFAOYSA-N	AYKUIRSGEMLIFT
DB08073	YWTBGJGMTBHQTM-UHFFFAOYSA-N	YWTBGJGMTBHQTM
DB08074	DEAOYWWBDXWSOD-UHFFFAOYSA-N	DEAOYWWBDXWSOD
DB08075	FHERIFNAOMUFRM-UHFFFAOYSA-N	FHERIFNAOMUFRM
DB08076	CKSSZTMRRVJNNG-UHFFFAOYSA-N	CKSSZTMRRVJNNG
DB08077	OYJPTSMWFKGZJM-UHFFFAOYSA-N	OYJPTSMWFKGZJM
DB08078	HBBVCKCCQCQCTJ-UHFFFAOYSA-N	HBBVCKCCQCQCTJ
DB08079	HEAIZQNMNCHNFD-UHFFFAOYSA-N	HEAIZQNMNCHNFD
DB08080	NSHPHXHGRHSMIK-UHFFFAOYSA-N	NSHPHXHGRHSMIK
DB08081	FXCMGCFNLNFLSH-UHFFFAOYSA-N	FXCMGCFNLNFLSH
DB08082	GBARCMIFTACERW-UHFFFAOYSA-N	GBARCMIFTACERW
DB08083	KGMVTZZDGKDTEU-UHFFFAOYSA-N	KGMVTZZDGKDTEU
DB08084	JCZUIWYXULSXSW-UHFFFAOYSA-N	JCZUIWYXULSXSW
DB08085	IINHTEWASPUCMH-UHFFFAOYSA-N	IINHTEWASPUCMH
DB08086	PSJOKLGFODYIHJ-UHFFFAOYSA-N	PSJOKLGFODYIHJ
DB08087	NHBIWLQQJPSMNP-UHFFFAOYSA-N	NHBIWLQQJPSMNP
DB08088	KALFKWQLCWAXJO-UHFFFAOYSA-N	KALFKWQLCWAXJO
DB08089	ULBPQWIGZUGPHU-UHFFFAOYSA-N	ULBPQWIGZUGPHU
DB08090	QJILQIWQVOAQBB-UHFFFAOYSA-N	QJILQIWQVOAQBB
DB08091	HIUFYIOMUILESI-UHFFFAOYSA-N	HIUFYIOMUILESI
DB08092	VMLSXFMXUNVCSK-UHFFFAOYSA-N	VMLSXFMXUNVCSK
DB08093	SZANYTFSQVBOBA-UHFFFAOYSA-N	SZANYTFSQVBOBA
DB08094	JRNJNYBQQYBCLE-UHFFFAOYSA-N	JRNJNYBQQYBCLE
DB08095	ZWYFTKPEHRQCCW-UHFFFAOYSA-N	ZWYFTKPEHRQCCW
DB08096	ZWKOUFZHPNIQSH-UHFFFAOYSA-N	ZWKOUFZHPNIQSH
DB08097	OGWSGDLIXOEZJG-UHFFFAOYSA-N	OGWSGDLIXOEZJG
DB08098	ITBNJCVIFHSKRL-UHFFFAOYSA-N	ITBNJCVIFHSKRL
DB08099	UOYVKYJWAXJTTE-UHFFFAOYSA-N	UOYVKYJWAXJTTE
DB08100	PAHKYLUYTGBFNW-UHFFFAOYSA-N	PAHKYLUYTGBFNW
DB08101	WMVYUPRIADVLTH-UHFFFAOYSA-N	WMVYUPRIADVLTH
DB08102	SKQRVOXIIAXXEM-UHFFFAOYSA-N	SKQRVOXIIAXXEM
DB08103	CRSZEDOZGJPOHP-UHFFFAOYSA-N	CRSZEDOZGJPOHP
DB08104	HKODPZBPODONGO-UHFFFAOYSA-N	HKODPZBPODONGO
DB08105	UAGYXJBYAFGRFR-UHFFFAOYSA-N	UAGYXJBYAFGRFR
DB08106	UAGYXJBYAFGRFR-UHFFFAOYSA-N	UAGYXJBYAFGRFR
DB08107	LIGACKDHLKEZFH-UHFFFAOYSA-N	LIGACKDHLKEZFH
DB08108	PUHRQSFXADUGJW-UHFFFAOYSA-N	PUHRQSFXADUGJW
DB08109	WRBRCIHZCYLBFW-UHFFFAOYSA-N	WRBRCIHZCYLBFW
DB08110	ZYKSDPVHVMSKIL-UHFFFAOYSA-N	ZYKSDPVHVMSKIL
DB08111	ZGJYGQLGSXWEMY-UHFFFAOYSA-N	ZGJYGQLGSXWEMY
DB08112	IRJUSGUHNFMVCK-UHFFFAOYSA-N	IRJUSGUHNFMVCK
DB08113	MSRXUUDVRNWSTN-UHFFFAOYSA-N	MSRXUUDVRNWSTN
DB08114	FJIMLXBJUVLMMN-UHFFFAOYSA-N	FJIMLXBJUVLMMN
DB08115	PDCSQCHNOPNJMK-UHFFFAOYSA-N	PDCSQCHNOPNJMK
DB08116	DEOZLEGRVHDNKC-UHFFFAOYSA-N	DEOZLEGRVHDNKC
DB08118	XRJAKERBMMBUGR-UHFFFAOYSA-N	XRJAKERBMMBUGR
DB08119	MZNXJCZDQRNGRC-UHFFFAOYSA-N	MZNXJCZDQRNGRC
DB08120	VLYUGYAKYZETRF-UHFFFAOYSA-N	VLYUGYAKYZETRF
DB08121	TZTPJJNNACUQQR-UHFFFAOYSA-N	TZTPJJNNACUQQR
DB08122	GXZJLHQMNOLIAB-UHFFFAOYSA-N	GXZJLHQMNOLIAB
DB08123	DGGPZPWZNMDOFP-UHFFFAOYSA-N	DGGPZPWZNMDOFP
DB08124	ZUZDKICRQXWQSH-UHFFFAOYSA-N	ZUZDKICRQXWQSH
DB08125	TZWAPMQFRGZIFN-UHFFFAOYSA-N	TZWAPMQFRGZIFN
DB08126	UHCCZPSJWZLRKI-UHFFFAOYSA-N	UHCCZPSJWZLRKI
DB08127	KUEVAPFABUUVHS-UHFFFAOYSA-N	KUEVAPFABUUVHS
DB08128	HHIJEPNAHYLKPE-UHFFFAOYSA-N	HHIJEPNAHYLKPE
DB08129	RRBRWAPWPGAJMA-UHFFFAOYSA-N	RRBRWAPWPGAJMA
DB08130	FPDWDLAITHFTTP-UHFFFAOYSA-N	FPDWDLAITHFTTP
DB08131	MYENGRJSPURSQB-UHFFFAOYSA-N	MYENGRJSPURSQB
DB08132	NFVBVKHGDDDCEA-UHFFFAOYSA-N	NFVBVKHGDDDCEA
DB08133	MNHPHKFLWAPNOV-UHFFFAOYSA-N	MNHPHKFLWAPNOV
DB08134	RSNSGNZRUMHXAY-UHFFFAOYSA-N	RSNSGNZRUMHXAY
DB08135	WMZYZYFPPQOFKY-UHFFFAOYSA-N	WMZYZYFPPQOFKY
DB08136	CWQKPKYIMQTGJK-UHFFFAOYSA-N	CWQKPKYIMQTGJK
DB08137	ZMWYSLJBNJUCRK-UHFFFAOYSA-N	ZMWYSLJBNJUCRK
DB08138	BDRDBXXWQDFXEC-UHFFFAOYSA-N	BDRDBXXWQDFXEC
DB08139	HFTLYNKTSANXFA-UHFFFAOYSA-N	HFTLYNKTSANXFA
DB08140	FOESVLPZMGVWBM-UHFFFAOYSA-N	FOESVLPZMGVWBM
DB08141	KOMNQBZWMCFDTQ-UHFFFAOYSA-N	KOMNQBZWMCFDTQ
DB08142	OVPNQJVDAFNBDN-UHFFFAOYSA-N	OVPNQJVDAFNBDN
DB08143	SXIYSYYSKHUTQQ-UHFFFAOYSA-N	SXIYSYYSKHUTQQ
DB08144	HGIPWJYTPOHUGK-UHFFFAOYSA-N	HGIPWJYTPOHUGK
DB08145	LRPHIAJXODIASX-UHFFFAOYSA-N	LRPHIAJXODIASX
DB08146	QFWNOFXQNCLFBC-UHFFFAOYSA-N	QFWNOFXQNCLFBC
DB08147	RMWVENXKUQXLPW-UHFFFAOYSA-N	RMWVENXKUQXLPW
DB08148	QOZMRRGNAZNWDN-UHFFFAOYSA-N	QOZMRRGNAZNWDN
DB08149	KCWPSUKJCKZEAO-UHFFFAOYSA-N	KCWPSUKJCKZEAO
DB08150	RZIDZIGAXXNODG-UHFFFAOYSA-O	RZIDZIGAXXNODG
DB08151	YLTDNVVQKRHCJP-UHFFFAOYSA-N	YLTDNVVQKRHCJP
DB08152	ONXGIEJBNQLITK-UHFFFAOYSA-N	ONXGIEJBNQLITK
DB08153	VZTAZMSAAIUZJV-UHFFFAOYSA-N	VZTAZMSAAIUZJV
DB08154	WHCLIFOVZDANCU-UHFFFAOYSA-N	WHCLIFOVZDANCU
DB08155	IIMGUEXQORZTID-UHFFFAOYSA-N	IIMGUEXQORZTID
DB08156	JUEONDBIBADVGD-UHFFFAOYSA-N	JUEONDBIBADVGD
DB08157	OJBJALUJMRMNIR-UHFFFAOYSA-N	OJBJALUJMRMNIR
DB08158	UFSBFVZQJZMIOU-UHFFFAOYSA-N	UFSBFVZQJZMIOU
DB08159	AHIJTWCJGCWHMT-UHFFFAOYSA-N	AHIJTWCJGCWHMT
DB08160	NPPGNJAWTLSRQG-UHFFFAOYSA-N	NPPGNJAWTLSRQG
DB08161	HEPZYEZEUMVYDV-UHFFFAOYSA-N	HEPZYEZEUMVYDV
DB08162	NGOGFTYYXHNFQH-UHFFFAOYSA-N	NGOGFTYYXHNFQH
DB08163	XUKYGMIDWKBMIW-UHFFFAOYSA-N	XUKYGMIDWKBMIW
DB08164	GOBIXGZJSMAOFV-UHFFFAOYSA-N	GOBIXGZJSMAOFV
DB08165	XVQJTFMKKZBBSX-UHFFFAOYSA-N	XVQJTFMKKZBBSX
DB08166	LPFQFJAOMCGYCP-UHFFFAOYSA-N	LPFQFJAOMCGYCP
DB08167	RBTBFTRPCNLSDE-UHFFFAOYSA-N	RBTBFTRPCNLSDE
DB08168	GLNDAGDHSLMOKX-UHFFFAOYSA-N	GLNDAGDHSLMOKX
DB08169	CAGGGMPTWTUYHZ-UHFFFAOYSA-N	CAGGGMPTWTUYHZ
DB08170	AYFCYVLVRYQGME-UHFFFAOYSA-N	AYFCYVLVRYQGME
DB08171	GWOLZNVIRIHJHB-UHFFFAOYSA-N	GWOLZNVIRIHJHB
DB08172	YUDQXOMZBLEWBH-UHFFFAOYSA-N	YUDQXOMZBLEWBH
DB08173	UCKHUNHXYMAFQM-UHFFFAOYSA-N	UCKHUNHXYMAFQM
DB08174	QCPYHSAHOYXXQK-UHFFFAOYSA-N	QCPYHSAHOYXXQK
DB08175	MNYBEULOKRVZKY-UHFFFAOYSA-N	MNYBEULOKRVZKY
DB08176	CFVUPEQWSFCCFT-UHFFFAOYSA-N	CFVUPEQWSFCCFT
DB08177	YZLFZFALAZYTCI-UHFFFAOYSA-N	YZLFZFALAZYTCI
DB08178	GGEWEQJWGGJUHO-UHFFFAOYSA-N	GGEWEQJWGGJUHO
DB08179	BLXSEOJIXHWXQJ-UHFFFAOYSA-N	BLXSEOJIXHWXQJ
DB08180	OEMBPHBKZPOPBN-UHFFFAOYSA-N	OEMBPHBKZPOPBN
DB08181	SBSCJWJICRGLIV-UHFFFAOYSA-N	SBSCJWJICRGLIV
DB08182	ZHMRPXZRUZLCNL-UHFFFAOYSA-N	ZHMRPXZRUZLCNL
DB08184	YOZKTHGEOJHIDP-UHFFFAOYSA-N	YOZKTHGEOJHIDP
DB08185	LCHGAOHLDYRACA-UHFFFAOYSA-N	LCHGAOHLDYRACA
DB08186	HCYQBFAGILCNRB-UHFFFAOYSA-N	HCYQBFAGILCNRB
DB08187	MDSVGJAUFNXYRR-UHFFFAOYSA-N	MDSVGJAUFNXYRR
DB08188	MLILORUFDVLTSP-UHFFFAOYSA-N	MLILORUFDVLTSP
DB08190	FJDDSMSDZHURBJ-UHFFFAOYSA-N	FJDDSMSDZHURBJ
DB08191	KSFDVNIKNYXUIP-UHFFFAOYSA-N	KSFDVNIKNYXUIP
DB08192	HCUGCUQZFBURHR-UHFFFAOYSA-N	HCUGCUQZFBURHR
DB08193	WUKHOVCMWXMOOA-UHFFFAOYSA-N	WUKHOVCMWXMOOA
DB08194	ONZWAEXRMZGFAN-UHFFFAOYSA-N	ONZWAEXRMZGFAN
DB08195	YKWHKILAGONYKL-UHFFFAOYSA-N	YKWHKILAGONYKL
DB08196	OUUSCQGLQHBVJX-UHFFFAOYSA-N	OUUSCQGLQHBVJX
DB08197	KYIXUSLGFINPTC-UHFFFAOYSA-N	KYIXUSLGFINPTC
DB08198	JGBBILLMZPWNFU-UHFFFAOYSA-N	JGBBILLMZPWNFU
DB08199	DHTSUHYTYUXMOL-UHFFFAOYSA-N	DHTSUHYTYUXMOL
DB08200	WAVIZOVSJOXCKT-UHFFFAOYSA-N	WAVIZOVSJOXCKT
DB08201	WAVIZOVSJOXCKT-UHFFFAOYSA-N	WAVIZOVSJOXCKT
DB08202	BPPLIZHQOIGRPZ-UHFFFAOYSA-N	BPPLIZHQOIGRPZ
DB08203	MQTGHZCEDQNMOZ-UHFFFAOYSA-N	MQTGHZCEDQNMOZ
DB08204	FLWABCQDXUKNQY-UHFFFAOYSA-N	FLWABCQDXUKNQY
DB08205	NORYHCMDDBZXDX-UHFFFAOYSA-N	NORYHCMDDBZXDX
DB08206	DMOJYCAJRLAKQW-UHFFFAOYSA-N	DMOJYCAJRLAKQW
DB08207	BIHLSRJPJFOESJ-UHFFFAOYSA-N	BIHLSRJPJFOESJ
DB08208	AMNKRBRQQAMACZ-UHFFFAOYSA-N	AMNKRBRQQAMACZ
DB08209	CEQFOVLGLXCDCX-UHFFFAOYSA-N	CEQFOVLGLXCDCX
DB08210	YUCYMQBDBXVNCE-UHFFFAOYSA-N	YUCYMQBDBXVNCE
DB08211	FEPUPYVRZUWCQB-UHFFFAOYSA-N	FEPUPYVRZUWCQB
DB08212	FSRLCMRWYUJTNT-UHFFFAOYSA-N	FSRLCMRWYUJTNT
DB08213	PFAYCUAUBOGVDX-UHFFFAOYSA-N	PFAYCUAUBOGVDX
DB08214	CYKCUAPYWQDIKR-UHFFFAOYSA-N	CYKCUAPYWQDIKR
DB08215	IROINLKCQGIITA-UHFFFAOYSA-N	IROINLKCQGIITA
DB08216	RLAQYNIYEMUFPA-UHFFFAOYSA-N	RLAQYNIYEMUFPA
DB08217	MXZPGYFBZHBAQM-UHFFFAOYSA-N	MXZPGYFBZHBAQM
DB08218	PLQVWKCQWFFUFJ-UHFFFAOYSA-N	PLQVWKCQWFFUFJ
DB08219	RPSZSAKYXPWBRR-UHFFFAOYSA-N	RPSZSAKYXPWBRR
DB08220	RPNNXCYIESWDSC-UHFFFAOYSA-N	RPNNXCYIESWDSC
DB08221	NESXBRNDMQUVNG-UHFFFAOYSA-N	NESXBRNDMQUVNG
DB08222	JBVUSHKPEBKWQP-UHFFFAOYSA-N	JBVUSHKPEBKWQP
DB08224	WWSNTLOVYSRDEL-UHFFFAOYSA-N	WWSNTLOVYSRDEL
DB08226	QBIHIGNYQFSBGW-UHFFFAOYSA-N	QBIHIGNYQFSBGW
DB08227	ZHMZILPINCAHPK-UHFFFAOYSA-N	ZHMZILPINCAHPK
DB08228	FTGZPMFPUDKJBX-UHFFFAOYSA-N	FTGZPMFPUDKJBX
DB08229	JGMMFVVACJREFE-UHFFFAOYSA-N	JGMMFVVACJREFE
DB08230	ARSRJFRKVXALTF-UHFFFAOYSA-N	ARSRJFRKVXALTF
DB08231	TUNFSRHWOTWDNC-UHFFFAOYSA-N	TUNFSRHWOTWDNC
DB08232	BVBGZXXLVHYBKI-UHFFFAOYSA-N	BVBGZXXLVHYBKI
DB08233	RFSDQDHHBKYQOD-UHFFFAOYSA-N	RFSDQDHHBKYQOD
DB08234	NNFDQABYXZBKRK-UHFFFAOYSA-N	NNFDQABYXZBKRK
DB08235	ACAKNPKRLPMONU-UHFFFAOYSA-N	ACAKNPKRLPMONU
DB08236	KEGQNJITMFBVAC-UHFFFAOYSA-N	KEGQNJITMFBVAC
DB08237	COMPKRGNHXOXMN-UHFFFAOYSA-N	COMPKRGNHXOXMN
DB08238	UWPJYQYRSWYIGZ-UHFFFAOYSA-N	UWPJYQYRSWYIGZ
DB08239	NKLVBHMAIMEVEH-UHFFFAOYSA-N	NKLVBHMAIMEVEH
DB08240	RQAQWBFHPMSXKR-UHFFFAOYSA-N	RQAQWBFHPMSXKR
DB08241	RUUOIINPNMNPIU-UHFFFAOYSA-N	RUUOIINPNMNPIU
DB08242	OYTBZXSFNNAVKU-UHFFFAOYSA-N	OYTBZXSFNNAVKU
DB08244	VCOUEHUEFUDZIS-UHFFFAOYSA-N	VCOUEHUEFUDZIS
DB08245	FQCJFJRLZCIFHB-UHFFFAOYSA-N	FQCJFJRLZCIFHB
DB08246	WFFMEXQHWXEKBV-UHFFFAOYSA-N	WFFMEXQHWXEKBV
DB08247	JABXNQUXGJTKRO-UHFFFAOYSA-N	JABXNQUXGJTKRO
DB08248	BKDUVKJYBJDZQW-UHFFFAOYSA-N	BKDUVKJYBJDZQW
DB08249	MJELOWOAIAAUJT-UHFFFAOYSA-N	MJELOWOAIAAUJT
DB08250	OQMVLDZJPRSNOG-UHFFFAOYSA-N	OQMVLDZJPRSNOG
DB08251	JNRAPROKLOUIRA-UHFFFAOYSA-N	JNRAPROKLOUIRA
DB08252	SXAUIPSOPPASFY-UHFFFAOYSA-N	SXAUIPSOPPASFY
DB08253	DGFMSNJYBBNHCX-UHFFFAOYSA-N	DGFMSNJYBBNHCX
DB08254	KVBGVZZKJNLNJU-UHFFFAOYSA-N	KVBGVZZKJNLNJU
DB08255	QWOPEBCGKASVQP-UHFFFAOYSA-N	QWOPEBCGKASVQP
DB08256	NVORCMBCUHQRDL-UHFFFAOYSA-N	NVORCMBCUHQRDL
DB08257	WSVFRGGLURJIMG-UHFFFAOYSA-N	WSVFRGGLURJIMG
DB08258	KFTVEPYSUSWBRD-UHFFFAOYSA-N	KFTVEPYSUSWBRD
DB08259	GYTIWWDVOFXKPF-UHFFFAOYSA-N	GYTIWWDVOFXKPF
DB08260	LFSNQOFOMJLHIW-UHFFFAOYSA-N	LFSNQOFOMJLHIW
DB08261	XILHLKXLRFUQFI-UHFFFAOYSA-N	XILHLKXLRFUQFI
DB08262	RXOHFPCZGPKIRD-UHFFFAOYSA-N	RXOHFPCZGPKIRD
DB08263	ULQWGBCNOHBNDB-UHFFFAOYSA-N	ULQWGBCNOHBNDB
DB08264	QPUHWUSUBHNZCG-UHFFFAOYSA-N	QPUHWUSUBHNZCG
DB08265	UQIDNSKBUXCODH-UHFFFAOYSA-N	UQIDNSKBUXCODH
DB08266	LTDLIPXLSBMTFP-UHFFFAOYSA-N	LTDLIPXLSBMTFP
DB08267	PBZAIUVFRISTSZ-UHFFFAOYSA-N	PBZAIUVFRISTSZ
DB08268	SPVJRTJUEVXOMS-UHFFFAOYSA-N	SPVJRTJUEVXOMS
DB08270	QPXXBNKMAHUXBB-UHFFFAOYSA-N	QPXXBNKMAHUXBB
DB08271	JIRXORZYIXSWOB-UHFFFAOYSA-N	JIRXORZYIXSWOB
DB08272	YDWIUFASTTZKNI-UHFFFAOYSA-N	YDWIUFASTTZKNI
DB08273	LKGGMBQFWIIXJM-UHFFFAOYSA-M	LKGGMBQFWIIXJM
DB08274	YKJXQZGJGDTEOC-UHFFFAOYSA-N	YKJXQZGJGDTEOC
DB08275	SVQAZCRYIXURJT-UHFFFAOYSA-N	SVQAZCRYIXURJT
DB08277	ULLPKOZNMAWTIP-UHFFFAOYSA-N	ULLPKOZNMAWTIP
DB08278	QEMCDXCXSVPAAB-UHFFFAOYSA-N	QEMCDXCXSVPAAB
DB08279	RZXQBIKGWSLVEK-UHFFFAOYSA-N	RZXQBIKGWSLVEK
DB08280	MNVKIDPRYUGTTG-UHFFFAOYSA-N	MNVKIDPRYUGTTG
DB08281	BDVAWAILQCYMQE-UHFFFAOYSA-N	BDVAWAILQCYMQE
DB08282	BWRRXOIACQYNEK-UHFFFAOYSA-N	BWRRXOIACQYNEK
DB08283	FTSCEGKYKXESFF-UHFFFAOYSA-N	FTSCEGKYKXESFF
DB08284	CYYIBMGIJWXZEP-UHFFFAOYSA-N	CYYIBMGIJWXZEP
DB08285	SQUNOCMDMIQIQK-UHFFFAOYSA-N	SQUNOCMDMIQIQK
DB08286	GHRYSOFWKRRLMI-UHFFFAOYSA-N	GHRYSOFWKRRLMI
DB08287	QTGNVZPFJQOWFL-UHFFFAOYSA-N	QTGNVZPFJQOWFL
DB08289	RKJXWOJUCCBWSC-UHFFFAOYSA-N	RKJXWOJUCCBWSC
DB08291	GVGDDEYVTBKACE-UHFFFAOYSA-N	GVGDDEYVTBKACE
DB08292	AQKZYZQONWDDLS-UHFFFAOYSA-N	AQKZYZQONWDDLS
DB08293	AQKZYZQONWDDLS-UHFFFAOYSA-N	AQKZYZQONWDDLS
DB08294	QBHBHOSRLDPIHG-UHFFFAOYSA-N	QBHBHOSRLDPIHG
DB08295	XAYGJFACOIKJCT-UHFFFAOYSA-M	XAYGJFACOIKJCT
DB08296	XVVZSEXTAACTPS-UHFFFAOYSA-M	XVVZSEXTAACTPS
DB08297	SWRPIVXPHLYETN-UHFFFAOYSA-N	SWRPIVXPHLYETN
DB08299	QTNUWEKKZHSUQO-UHFFFAOYSA-N	QTNUWEKKZHSUQO
DB08300	UOKGZPYGRJDACN-UHFFFAOYSA-N	UOKGZPYGRJDACN
DB08301	HDCXQTPVTAIPNZ-UHFFFAOYSA-N	HDCXQTPVTAIPNZ
DB08302	IRHZCQDCMUWUKV-UHFFFAOYSA-N	IRHZCQDCMUWUKV
DB08303	CUMKMTBOHBENJI-UHFFFAOYSA-N	CUMKMTBOHBENJI
DB08304	QZBQVXXESPXFPZ-UHFFFAOYSA-N	QZBQVXXESPXFPZ
DB08305	KQAGZLQCEURCKJ-UHFFFAOYSA-N	KQAGZLQCEURCKJ
DB08306	CITCNTPVKZFUAJ-UHFFFAOYSA-N	CITCNTPVKZFUAJ
DB08307	PMHVFNYNPNKNRO-UHFFFAOYSA-N	PMHVFNYNPNKNRO
DB08308	IRQUJNVGEAJGSD-UHFFFAOYSA-N	IRQUJNVGEAJGSD
DB08309	AMFGILNPFBVREA-UHFFFAOYSA-N	AMFGILNPFBVREA
DB08310	QDDZLTVSNABZIK-UHFFFAOYSA-N	QDDZLTVSNABZIK
DB08312	DGWXOLHKVGDQLN-UHFFFAOYSA-N	DGWXOLHKVGDQLN
DB08313	KYRVNWMVYQXFEU-UHFFFAOYSA-N	KYRVNWMVYQXFEU
DB08314	YDCMMVTWXORJGO-UHFFFAOYSA-N	YDCMMVTWXORJGO
DB08315	KIJXWOGFYAWTNC-UHFFFAOYSA-N	KIJXWOGFYAWTNC
DB08316	DYPFWRCGECJCBK-UHFFFAOYSA-N	DYPFWRCGECJCBK
DB08317	HUCOXWPHDFINIW-UHFFFAOYSA-N	HUCOXWPHDFINIW
DB08318	LRQXUZUFSOQMGU-UHFFFAOYSA-N	LRQXUZUFSOQMGU
DB08319	HPKSNFTYZHYEKV-UHFFFAOYSA-N	HPKSNFTYZHYEKV
DB08320	NHKDFDHHMHBFLG-UHFFFAOYSA-N	NHKDFDHHMHBFLG
DB08321	UPZUHYMBTUUPML-UHFFFAOYSA-N	UPZUHYMBTUUPML
DB08322	VJLMRHSHSNLOGC-UHFFFAOYSA-N	VJLMRHSHSNLOGC
DB08323	VEYZCVBECUYIJZ-UHFFFAOYSA-N	VEYZCVBECUYIJZ
DB08324	PHSRRHGYXQCRPU-UHFFFAOYSA-N	PHSRRHGYXQCRPU
DB08325	XZEFMZCNXDQXOZ-UHFFFAOYSA-N	XZEFMZCNXDQXOZ
DB08326	JJVOROULKOMTKG-UHFFFAOYSA-N	JJVOROULKOMTKG
DB08327	IGMNYECMUMZDDF-UHFFFAOYSA-N	IGMNYECMUMZDDF
DB08328	BUEKNBNKVUKNIB-UHFFFAOYSA-N	BUEKNBNKVUKNIB
DB08329	HMHVCUVYZFYAJI-UHFFFAOYSA-N	HMHVCUVYZFYAJI
DB08330	VEJCBCPEURAYAS-UHFFFAOYSA-N	VEJCBCPEURAYAS
DB08331	JHMXUERQMCJRHG-UHFFFAOYSA-N	JHMXUERQMCJRHG
DB08332	IOWYALZFEJOVHO-UHFFFAOYSA-N	IOWYALZFEJOVHO
DB08333	YWZBYSBZDQWXGQ-UHFFFAOYSA-N	YWZBYSBZDQWXGQ
DB08334	NPVNUGQNVVMJJP-UHFFFAOYSA-N	NPVNUGQNVVMJJP
DB08335	IRHAIEVALGHVLW-UHFFFAOYSA-N	IRHAIEVALGHVLW
DB08336	PARUDDGQWSBIIO-UHFFFAOYSA-N	PARUDDGQWSBIIO
DB08337	PARUDDGQWSBIIO-UHFFFAOYSA-N	PARUDDGQWSBIIO
DB08338	HIJNSOUPEZHEMC-UHFFFAOYSA-N	HIJNSOUPEZHEMC
DB08339	ZIQFYVPVJZEOFS-UHFFFAOYSA-N	ZIQFYVPVJZEOFS
DB08340	LLYYAUZAGCZEKV-UHFFFAOYSA-N	LLYYAUZAGCZEKV
DB08341	CAUFYHKGKDJMQG-UHFFFAOYSA-N	CAUFYHKGKDJMQG
DB08342	FRAMWPHPFIXRCP-UHFFFAOYSA-N	FRAMWPHPFIXRCP
DB08344	OOUGHDJEJNMXSV-UHFFFAOYSA-N	OOUGHDJEJNMXSV
DB08345	IWUUKHQIKFHWIW-UHFFFAOYSA-N	IWUUKHQIKFHWIW
DB08346	YUZYDHRGGDTZLG-UHFFFAOYSA-N	YUZYDHRGGDTZLG
DB08347	CQEFAUFOQSCRMZ-UHFFFAOYSA-N	CQEFAUFOQSCRMZ
DB08348	UYJZZVDLGDDTCL-UHFFFAOYSA-N	UYJZZVDLGDDTCL
DB08349	WMEYCLAVMZKZCS-UHFFFAOYSA-N	WMEYCLAVMZKZCS
DB08350	GYQRHHQPEMOLKH-UHFFFAOYSA-N	GYQRHHQPEMOLKH
DB08351	MNEXDVSJIUQQRH-UHFFFAOYSA-N	MNEXDVSJIUQQRH
DB08352	FQYJTHIYAQQJAB-UHFFFAOYSA-N	FQYJTHIYAQQJAB
DB08353	NCVMTHVSAJMOPI-UHFFFAOYSA-N	NCVMTHVSAJMOPI
DB08354	QCVULERVJOYHCP-UHFFFAOYSA-N	QCVULERVJOYHCP
DB08355	ZOBRPBVIEUWYJR-UHFFFAOYSA-N	ZOBRPBVIEUWYJR
DB08356	GSBFARPNIZUMHA-UHFFFAOYSA-N	GSBFARPNIZUMHA
DB08357	RRQYJINTUHWNHW-UHFFFAOYSA-N	RRQYJINTUHWNHW
DB08358	OWFLADWRSCINST-UHFFFAOYSA-N	OWFLADWRSCINST
DB08359	UIIUOFPGDKBCEZ-UHFFFAOYSA-N	UIIUOFPGDKBCEZ
DB08360	BIFHJPUTQBOBGJ-UHFFFAOYSA-N	BIFHJPUTQBOBGJ
DB08361	NZNTWOVDIXCHHS-UHFFFAOYSA-N	NZNTWOVDIXCHHS
DB08362	QVKXQLGRDOMAGC-UHFFFAOYSA-N	QVKXQLGRDOMAGC
DB08363	LBPNOEAFWYTTEB-UHFFFAOYSA-N	LBPNOEAFWYTTEB
DB08364	AREBROFQZMNIOE-UHFFFAOYSA-O	AREBROFQZMNIOE
DB08365	XUAHLMVOYLUYSB-UHFFFAOYSA-N	XUAHLMVOYLUYSB
DB08366	XADCWKSMHQPTGH-UHFFFAOYSA-N	XADCWKSMHQPTGH
DB08367	JDTMNMAQWVSSOO-UHFFFAOYSA-N	JDTMNMAQWVSSOO
DB08368	UEYGDIASMOPQFG-UHFFFAOYSA-N	UEYGDIASMOPQFG
DB08369	DLYMRVCQTVOYEW-UHFFFAOYSA-N	DLYMRVCQTVOYEW
DB08370	QZGWXEMBSFZEBK-UHFFFAOYSA-N	QZGWXEMBSFZEBK
DB08371	TVIDEEHSOPHZBR-UHFFFAOYSA-N	TVIDEEHSOPHZBR
DB08372	QOVMZMFNTIUFLU-UHFFFAOYSA-N	QOVMZMFNTIUFLU
DB08373	RDBKPLOYRMCFIY-UHFFFAOYSA-N	RDBKPLOYRMCFIY
DB08374	CNNSBPMDYXZFTQ-UHFFFAOYSA-N	CNNSBPMDYXZFTQ
DB08375	NRYMPLKBKFIWQC-UHFFFAOYSA-N	NRYMPLKBKFIWQC
DB08376	JAXUAGQDLYDLQB-UHFFFAOYSA-N	JAXUAGQDLYDLQB
DB08377	KBXXIYHMPQZHCH-UHFFFAOYSA-N	KBXXIYHMPQZHCH
DB08378	SUETUOGYOWOLNJ-UHFFFAOYSA-N	SUETUOGYOWOLNJ
DB08379	NOVPOXGMADEKPP-UHFFFAOYSA-N	NOVPOXGMADEKPP
DB08382	QWEWGXUTRTXFRF-UHFFFAOYSA-N	QWEWGXUTRTXFRF
DB08383	XBMULXNXJLWLLD-UHFFFAOYSA-N	XBMULXNXJLWLLD
DB08384	RQDDHVVAAJVVKM-UHFFFAOYSA-N	RQDDHVVAAJVVKM
DB08385	QUAGUFNCKDDJFZ-UHFFFAOYSA-N	QUAGUFNCKDDJFZ
DB08386	VRWJZGHUCOFGPZ-UHFFFAOYSA-N	VRWJZGHUCOFGPZ
DB08387	AZEXWHKOMMASPA-UHFFFAOYSA-N	AZEXWHKOMMASPA
DB08388	XRSYNYGEEYTXJV-UHFFFAOYSA-N	XRSYNYGEEYTXJV
DB08389	UPTQSRGSSJRBKJ-UHFFFAOYSA-N	UPTQSRGSSJRBKJ
DB08390	AKNIHFDXRAOPAI-UHFFFAOYSA-N	AKNIHFDXRAOPAI
DB08391	UBIIFKJMNRPNMT-UHFFFAOYSA-N	UBIIFKJMNRPNMT
DB08392	ARBUGBBNEFAECO-UHFFFAOYSA-N	ARBUGBBNEFAECO
DB08393	UQHINZSKNAAVOZ-UHFFFAOYSA-N	UQHINZSKNAAVOZ
DB08394	WLNKGRQBMNPVSJ-UHFFFAOYSA-N	WLNKGRQBMNPVSJ
DB08395	ZSOXFJURLPCSOO-UHFFFAOYSA-N	ZSOXFJURLPCSOO
DB08396	RXQQQCJIZJZOBT-UHFFFAOYSA-N	RXQQQCJIZJZOBT
DB08397	NKGNOWNPXBURRW-UHFFFAOYSA-N	NKGNOWNPXBURRW
DB08398	UQVKZNNCIHJZLS-UHFFFAOYSA-N	UQVKZNNCIHJZLS
DB08399	CDRPUGZCRXZLFL-UHFFFAOYSA-N	CDRPUGZCRXZLFL
DB08400	KUEKMTNOUPAOBS-UHFFFAOYSA-N	KUEKMTNOUPAOBS
DB08401	LDNKNKRRFZRLIG-UHFFFAOYSA-N	LDNKNKRRFZRLIG
DB08402	VNDRRWBKNSHALL-UHFFFAOYSA-N	VNDRRWBKNSHALL
DB08403	MOPRTFSMCQNUCT-UHFFFAOYSA-N	MOPRTFSMCQNUCT
DB08404	RXYQLYCKZTXHTF-UHFFFAOYSA-N	RXYQLYCKZTXHTF
DB08405	IPSBILXXAVXCDA-UHFFFAOYSA-N	IPSBILXXAVXCDA
DB08406	NXCCIJQEAKMFGW-UHFFFAOYSA-N	NXCCIJQEAKMFGW
DB08407	CSOMAHTTWTVBFL-UHFFFAOYSA-N	CSOMAHTTWTVBFL
DB08408	KVQSHCZSRKQWCB-UHFFFAOYSA-N	KVQSHCZSRKQWCB
DB08409	LNMNPGKCSJFAGN-UHFFFAOYSA-N	LNMNPGKCSJFAGN
DB08410	UCFVFUIGNWHAJJ-UHFFFAOYSA-N	UCFVFUIGNWHAJJ
DB08411	KBXXIYHMPQZHCH-UHFFFAOYSA-N	KBXXIYHMPQZHCH
DB08412	WYHHVZLGTMCKOR-UHFFFAOYSA-N	WYHHVZLGTMCKOR
DB08413	VJPXTXIEAOSJBR-UHFFFAOYSA-N	VJPXTXIEAOSJBR
DB08414	ATCRIOJPQXDFNY-UHFFFAOYSA-N	ATCRIOJPQXDFNY
DB08416	AQSNIXKAKUZPSI-UHFFFAOYSA-N	AQSNIXKAKUZPSI
DB08418	LSJKARAMQNGZDF-UHFFFAOYSA-N	LSJKARAMQNGZDF
DB08419	YEIXDWIEYXZUBR-UHFFFAOYSA-N	YEIXDWIEYXZUBR
DB08420	UFOIPTZMXQILSG-UHFFFAOYSA-N	UFOIPTZMXQILSG
DB08421	BZRGONFHSWNSQA-UHFFFAOYSA-N	BZRGONFHSWNSQA
DB08422	GEIDRYBJURDUSW-UHFFFAOYSA-N	GEIDRYBJURDUSW
DB08423	QKZZJXRGCHXIAI-UHFFFAOYSA-N	QKZZJXRGCHXIAI
DB08424	IJDQETGUEUJVTB-UHFFFAOYSA-N	IJDQETGUEUJVTB
DB08426	PLXOQMHGHDZMSX-UHFFFAOYSA-N	PLXOQMHGHDZMSX
DB08427	FPWMCUPFBRFMLH-UHFFFAOYSA-N	FPWMCUPFBRFMLH
DB08428	SMZUMFSKQVVOOV-UHFFFAOYSA-N	SMZUMFSKQVVOOV
DB08429	QRGBOABBMKYMLG-UHFFFAOYSA-N	QRGBOABBMKYMLG
DB08430	IXFOBQXJWRLXMD-UHFFFAOYSA-N	IXFOBQXJWRLXMD
DB08431	UXHVQAJQXZWLAW-UHFFFAOYSA-N	UXHVQAJQXZWLAW
DB08432	OJRKJKYGUAALCJ-UHFFFAOYSA-N	OJRKJKYGUAALCJ
DB08433	CILDJVVXNMDAGY-UHFFFAOYSA-N	CILDJVVXNMDAGY
DB08434	GIIUHKRUTUSHAB-UHFFFAOYSA-N	GIIUHKRUTUSHAB
DB08435	VHRUMKCAEVRUBK-UHFFFAOYSA-N	VHRUMKCAEVRUBK
DB08436	JCDXXNIRWRRGBX-UHFFFAOYSA-N	JCDXXNIRWRRGBX
DB08437	RXWNCPJZOCPEPQ-UHFFFAOYSA-N	RXWNCPJZOCPEPQ
DB08438	XWTWKBKNEMLBKW-UHFFFAOYSA-N	XWTWKBKNEMLBKW
DB08439	TZRHLKRLEZJVIJ-UHFFFAOYSA-N	TZRHLKRLEZJVIJ
DB08440	AAJXINSCZMZERD-UHFFFAOYSA-N	AAJXINSCZMZERD
DB08441	AWSQADBSXFTFKL-UHFFFAOYSA-N	AWSQADBSXFTFKL
DB08442	TWODFUZHWYZBHZ-UHFFFAOYSA-N	TWODFUZHWYZBHZ
DB08443	RYGSNHBTZDYVSS-UHFFFAOYSA-N	RYGSNHBTZDYVSS
DB08444	YYGZQXRLQMFHDH-UHFFFAOYSA-N	YYGZQXRLQMFHDH
DB08445	IFKWHPAWYJARQJ-UHFFFAOYSA-N	IFKWHPAWYJARQJ
DB08446	OHQMEDBYNUAVNE-UHFFFAOYSA-N	OHQMEDBYNUAVNE
DB08447	KKQDXWHOFSMCSA-UHFFFAOYSA-N	KKQDXWHOFSMCSA
DB08448	PCBWLKUEKANDCL-UHFFFAOYSA-N	PCBWLKUEKANDCL
DB08449	IEVFQDJUDLCOQY-UHFFFAOYSA-N	IEVFQDJUDLCOQY
DB08450	HNHRWNUXTCATSG-UHFFFAOYSA-N	HNHRWNUXTCATSG
DB08451	XYEPUTZVZYUENX-UHFFFAOYSA-N	XYEPUTZVZYUENX
DB08453	JYFNTDPGDPZMCM-UHFFFAOYSA-N	JYFNTDPGDPZMCM
DB08454	JYCUVOXSZBECAY-UHFFFAOYSA-N	JYCUVOXSZBECAY
DB08455	CAAFTBWHFUPDGX-UHFFFAOYSA-N	CAAFTBWHFUPDGX
DB08456	ZXJJZPNUOZSZBU-UHFFFAOYSA-N	ZXJJZPNUOZSZBU
DB08457	YZLKVEDFWLGNQP-UHFFFAOYSA-N	YZLKVEDFWLGNQP
DB08458	JAZMZJDLZUDIDG-UHFFFAOYSA-N	JAZMZJDLZUDIDG
DB08459	SVMHTBVIPYVDIL-UHFFFAOYSA-N	SVMHTBVIPYVDIL
DB08460	KXDIHAQCVNNLIB-UHFFFAOYSA-N	KXDIHAQCVNNLIB
DB08461	QMAIQPBRCNEJAT-UHFFFAOYSA-N	QMAIQPBRCNEJAT
DB08462	JGWHILNNHLDARR-UHFFFAOYSA-N	JGWHILNNHLDARR
DB08463	HOCBJBNQIQQQGT-UHFFFAOYSA-N	HOCBJBNQIQQQGT
DB08464	GUVWEHNRWHNDRF-UHFFFAOYSA-N	GUVWEHNRWHNDRF
DB08465	DFYGLJKFZQGYPA-UHFFFAOYSA-N	DFYGLJKFZQGYPA
DB08466	HITJFUSPLYBJPE-UHFFFAOYSA-N	HITJFUSPLYBJPE
DB08467	HEVXQLBAMFMFKU-UHFFFAOYSA-N	HEVXQLBAMFMFKU
DB08469	METBQPRXNZHZMB-UHFFFAOYSA-N	METBQPRXNZHZMB
DB08470	KMGPJKOKSYGMJD-UHFFFAOYSA-N	KMGPJKOKSYGMJD
DB08471	SJEVDMFUHCVNPM-UHFFFAOYSA-N	SJEVDMFUHCVNPM
DB08472	RTHCYVBBDHJXIQ-UHFFFAOYSA-N	RTHCYVBBDHJXIQ
DB08473	XHSQDZXAVJRBMX-UHFFFAOYSA-N	XHSQDZXAVJRBMX
DB08474	UVHRROJQACYJNP-UHFFFAOYSA-N	UVHRROJQACYJNP
DB08475	BUTLRPVAJSANIT-UHFFFAOYSA-N	BUTLRPVAJSANIT
DB08476	CQZLEYBEPASILI-UHFFFAOYSA-N	CQZLEYBEPASILI
DB08478	IGFTZEOFHWPCDL-UHFFFAOYSA-N	IGFTZEOFHWPCDL
DB08479	VQKIGKHIRBCYNE-UHFFFAOYSA-N	VQKIGKHIRBCYNE
DB08480	OFWOPQIDDNCCLL-UHFFFAOYSA-N	OFWOPQIDDNCCLL
DB08481	MXAPQGDBWFYKKX-UHFFFAOYSA-N	MXAPQGDBWFYKKX
DB08482	XKRONJXEXGFBRZ-UHFFFAOYSA-N	XKRONJXEXGFBRZ
DB08484	LHVDNDIAMJOEKH-UHFFFAOYSA-N	LHVDNDIAMJOEKH
DB08485	QMNMNSINKIFYBV-UHFFFAOYSA-N	QMNMNSINKIFYBV
DB08486	BNFRJXLZYUTIII-UHFFFAOYSA-N	BNFRJXLZYUTIII
DB08487	PRMSFVUWLBPPLY-UHFFFAOYSA-N	PRMSFVUWLBPPLY
DB08488	PLWVUIRWJVKSSD-UHFFFAOYSA-N	PLWVUIRWJVKSSD
DB08489	GCBPAPVOMPJQHK-UHFFFAOYSA-N	GCBPAPVOMPJQHK
DB08490	ROSNVSQTEGHUKU-UHFFFAOYSA-N	ROSNVSQTEGHUKU
DB08491	ARIRIZBKMKMEBD-UHFFFAOYSA-N	ARIRIZBKMKMEBD
DB08492	KRDSGPLHVQJFLM-UHFFFAOYSA-N	KRDSGPLHVQJFLM
DB08493	AKWKBACKRMYPRV-UHFFFAOYSA-N	AKWKBACKRMYPRV
DB08494	AWAKIULNKVOBKE-UHFFFAOYSA-N	AWAKIULNKVOBKE
DB08495	VXONTEUOQXFJJS-UHFFFAOYSA-N	VXONTEUOQXFJJS
DB08496	PJVWKTKQMONHTI-UHFFFAOYSA-N	PJVWKTKQMONHTI
DB08497	NKBDSMREMMRFSI-UHFFFAOYSA-N	NKBDSMREMMRFSI
DB08498	OVSAMUIBGQSLDC-UHFFFAOYSA-N	OVSAMUIBGQSLDC
DB08499	DQXBKUVWJSZHSI-UHFFFAOYSA-N	DQXBKUVWJSZHSI
DB08500	ZCJBDRSKHARECB-UHFFFAOYSA-N	ZCJBDRSKHARECB
DB08501	BWWHOVJFNMPUKF-UHFFFAOYSA-N	BWWHOVJFNMPUKF
DB08502	YQXCVAGCMNFUMQ-UHFFFAOYSA-N	YQXCVAGCMNFUMQ
DB08503	HRCKGDOSPBFICB-UHFFFAOYSA-N	HRCKGDOSPBFICB
DB08504	ZNHVIJAGMFQGMS-UHFFFAOYSA-N	ZNHVIJAGMFQGMS
DB08505	UPYGSQPRAHMDPD-UHFFFAOYSA-N	UPYGSQPRAHMDPD
DB08506	MMWNOZXGYRPSCJ-UHFFFAOYSA-N	MMWNOZXGYRPSCJ
DB08507	KGUVBHLPMGERAT-UHFFFAOYSA-N	KGUVBHLPMGERAT
DB08508	UAQVHNZEONHPQG-UHFFFAOYSA-N	UAQVHNZEONHPQG
DB08509	UKVVEWLDHJDSNJ-UHFFFAOYSA-N	UKVVEWLDHJDSNJ
DB08510	UVTGFMKBPVLATL-UHFFFAOYSA-N	UVTGFMKBPVLATL
DB08511	PLJNUNPYZVVIRA-UHFFFAOYSA-N	PLJNUNPYZVVIRA
DB08512	MCEZMMDIEXECTI-UHFFFAOYSA-N	MCEZMMDIEXECTI
DB08513	PAIQRYUOBBCBSE-UHFFFAOYSA-N	PAIQRYUOBBCBSE
DB08514	IQKMJWDYMFWZRF-UHFFFAOYSA-N	IQKMJWDYMFWZRF
DB08515	YVABESCRHMBHJD-UHFFFAOYSA-N	YVABESCRHMBHJD
DB08516	RJJDIVMWGWHPFE-UHFFFAOYSA-N	RJJDIVMWGWHPFE
DB08517	DJOJDHGQRNZXQQ-UHFFFAOYSA-N	DJOJDHGQRNZXQQ
DB08519	SQQAPOSROFWHIB-UHFFFAOYSA-N	SQQAPOSROFWHIB
DB08520	VUCSBBBCFXBFFY-UHFFFAOYSA-N	VUCSBBBCFXBFFY
DB08521	CDMGBJANTYXAIV-UHFFFAOYSA-N	CDMGBJANTYXAIV
DB08522	ROKOFZNQCIIJMI-UHFFFAOYSA-N	ROKOFZNQCIIJMI
DB08523	GELOPWXSYZDPJT-UHFFFAOYSA-N	GELOPWXSYZDPJT
DB08524	ZHFKBNAHHTUQBH-UHFFFAOYSA-N	ZHFKBNAHHTUQBH
DB08525	FJYUGRZKJXCRFF-UHFFFAOYSA-N	FJYUGRZKJXCRFF
DB08526	LHCNZPLAATYYPI-UHFFFAOYSA-N	LHCNZPLAATYYPI
DB08527	BMHIIUZLKDDAPX-UHFFFAOYSA-N	BMHIIUZLKDDAPX
DB08528	SWGDXLAZBZDUBR-UHFFFAOYSA-N	SWGDXLAZBZDUBR
DB08529	PFKBXXKNHWTTCS-UHFFFAOYSA-N	PFKBXXKNHWTTCS
DB08530	QFSMMXJBEBXTJP-UHFFFAOYSA-O	QFSMMXJBEBXTJP
DB08531	CVYWYUAQFJMLEO-UHFFFAOYSA-N	CVYWYUAQFJMLEO
DB08532	WCNPGRRMPFCHEO-UHFFFAOYSA-N	WCNPGRRMPFCHEO
DB08533	LXRVAGIYXNQOKP-UHFFFAOYSA-N	LXRVAGIYXNQOKP
DB08534	ZAIYYXVHGBMLEC-UHFFFAOYSA-N	ZAIYYXVHGBMLEC
DB08535	SMIZFGZXFDGISG-UHFFFAOYSA-N	SMIZFGZXFDGISG
DB08536	IBUPHWYGVDAASU-UHFFFAOYSA-N	IBUPHWYGVDAASU
DB08537	LZLKFNBMXXLTLX-UHFFFAOYSA-N	LZLKFNBMXXLTLX
DB08538	HQPVGVSQPQVZLD-UHFFFAOYSA-N	HQPVGVSQPQVZLD
DB08539	CCDIUVLNHCGSMH-UHFFFAOYSA-N	CCDIUVLNHCGSMH
DB08540	AQJQFCRTSWIUCY-UHFFFAOYSA-N	AQJQFCRTSWIUCY
DB08541	HHXSOTFPYPQSBU-UHFFFAOYSA-N	HHXSOTFPYPQSBU
DB08542	YUHVBHDSVLKFNI-UHFFFAOYSA-N	YUHVBHDSVLKFNI
DB08543	BZJHCQBNFUNZPJ-UHFFFAOYSA-N	BZJHCQBNFUNZPJ
DB08544	RTHCYVBBDHJXIQ-UHFFFAOYSA-N	RTHCYVBBDHJXIQ
DB08545	YPTMOJMDCPUCJT-UHFFFAOYSA-M	YPTMOJMDCPUCJT
DB08546	CETLUACQMGBMFH-UHFFFAOYSA-N	CETLUACQMGBMFH
DB08547	JBBNFGYRYNBDIH-UHFFFAOYSA-N	JBBNFGYRYNBDIH
DB08548	BUTLRPVAJSANIT-UHFFFAOYSA-N	BUTLRPVAJSANIT
DB08549	MFDBNNQUDZFSES-UHFFFAOYSA-N	MFDBNNQUDZFSES
DB08550	WFPUBEDBBOGGIQ-UHFFFAOYSA-N	WFPUBEDBBOGGIQ
DB08551	HQLQTGGLHBYZSA-UHFFFAOYSA-N	HQLQTGGLHBYZSA
DB08552	LGJCDEZMANATFA-UHFFFAOYSA-N	LGJCDEZMANATFA
DB08553	KWEFZSZCLBHIEQ-UHFFFAOYSA-N	KWEFZSZCLBHIEQ
DB08554	HRAPDLBXHOBAKA-UHFFFAOYSA-N	HRAPDLBXHOBAKA
DB08555	IKGXHBGCVQTQBH-UHFFFAOYSA-N	IKGXHBGCVQTQBH
DB08556	CMHHNHDPPWDNAH-UHFFFAOYSA-N	CMHHNHDPPWDNAH
DB08557	XQKFKSJUBJPOLY-UHFFFAOYSA-N	XQKFKSJUBJPOLY
DB08558	CGVLVOOFCGWBCS-UHFFFAOYSA-N	CGVLVOOFCGWBCS
DB08559	WMPGEOZLAYOFHH-UHFFFAOYSA-N	WMPGEOZLAYOFHH
DB08560	GULUFDCOGAXLEP-UHFFFAOYSA-N	GULUFDCOGAXLEP
DB08561	PLBINCOCFGQAJM-UHFFFAOYSA-N	PLBINCOCFGQAJM
DB08562	FTXJWRRYLLRFMG-UHFFFAOYSA-N	FTXJWRRYLLRFMG
DB08564	ZCIXBBSRVLSRJQ-UHFFFAOYSA-N	ZCIXBBSRVLSRJQ
DB08565	XDFLCBUAVBYWFW-UHFFFAOYSA-N	XDFLCBUAVBYWFW
DB08566	XDFLCBUAVBYWFW-UHFFFAOYSA-N	XDFLCBUAVBYWFW
DB08568	BPNUQXPIQBZCMR-UHFFFAOYSA-N	BPNUQXPIQBZCMR
DB08569	VLPMRZSKJUTRBQ-UHFFFAOYSA-N	VLPMRZSKJUTRBQ
DB08570	JIDRTCHFBHJIDG-UHFFFAOYSA-N	JIDRTCHFBHJIDG
DB08571	CALDTVBHJMBRTM-UHFFFAOYSA-N	CALDTVBHJMBRTM
DB08572	YBKLJTXDSBEVRV-UHFFFAOYSA-N	YBKLJTXDSBEVRV
DB08573	YRWKEEDITQJPCZ-UHFFFAOYSA-N	YRWKEEDITQJPCZ
DB08574	HBYVUUWMCCSRBI-UHFFFAOYSA-N	HBYVUUWMCCSRBI
DB08575	DCUCDCAIOMIBEA-UHFFFAOYSA-O	DCUCDCAIOMIBEA
DB08576	CLBJJWUUSJAAPJ-UHFFFAOYSA-N	CLBJJWUUSJAAPJ
DB08577	JNDVEAXZWJIOKB-UHFFFAOYSA-N	JNDVEAXZWJIOKB
DB08578	XFYYQDHEDOXWGA-UHFFFAOYSA-N	XFYYQDHEDOXWGA
DB08579	IUPOWBZLJSPZFT-UHFFFAOYSA-N	IUPOWBZLJSPZFT
DB08580	JEGGWFHNKPRKTO-UHFFFAOYSA-N	JEGGWFHNKPRKTO
DB08581	JSVSGWHGYIDZFX-UHFFFAOYSA-N	JSVSGWHGYIDZFX
DB08582	DELARNBPJXTDBD-UHFFFAOYSA-N	DELARNBPJXTDBD
DB08583	INAGORZAOFUKOZ-UHFFFAOYSA-N	INAGORZAOFUKOZ
DB08584	BCZUAADEACICHN-UHFFFAOYSA-N	BCZUAADEACICHN
DB08585	KGMBPSVUBJAAEN-UHFFFAOYSA-N	KGMBPSVUBJAAEN
DB08586	JIQRMRIKUIPMRV-UHFFFAOYSA-N	JIQRMRIKUIPMRV
DB08587	PCMORTLOPMLEFB-UHFFFAOYSA-N	PCMORTLOPMLEFB
DB08588	OYNURZXTLNNKAP-UHFFFAOYSA-N	OYNURZXTLNNKAP
DB08589	ZMXJAEGJWHJMGX-UHFFFAOYSA-N	ZMXJAEGJWHJMGX
DB08590	CEAYRKIZESVQSN-UHFFFAOYSA-N	CEAYRKIZESVQSN
DB08591	IGXKSKWHHHYBFM-UHFFFAOYSA-N	IGXKSKWHHHYBFM
DB08593	LDCZCUKQWRZSDT-UHFFFAOYSA-N	LDCZCUKQWRZSDT
DB08594	SWELYBAPJHIOQT-UHFFFAOYSA-N	SWELYBAPJHIOQT
DB08595	BBZPJHFECDCNGT-UHFFFAOYSA-N	BBZPJHFECDCNGT
DB08596	GMOUOGHZJCSNOZ-UHFFFAOYSA-N	GMOUOGHZJCSNOZ
DB08597	XHBVYDAKJHETMP-UHFFFAOYSA-N	XHBVYDAKJHETMP
DB08598	RCSLUNOLLUVOOG-UHFFFAOYSA-N	RCSLUNOLLUVOOG
DB08599	XTCIPBHRVYICGT-UHFFFAOYSA-N	XTCIPBHRVYICGT
DB08600	ZNFFMCYSMBXZQU-UHFFFAOYSA-N	ZNFFMCYSMBXZQU
DB08601	DBGVGMSCBYYSLD-UHFFFAOYSA-N	DBGVGMSCBYYSLD
DB08602	BFNBJSXMXXQLAW-UHFFFAOYSA-N	BFNBJSXMXXQLAW
DB08603	RDFCSSHDJSZMTQ-UHFFFAOYSA-N	RDFCSSHDJSZMTQ
DB08604	XEFQLINVKFYRCS-UHFFFAOYSA-N	XEFQLINVKFYRCS
DB08605	TVXLILKNSPCVRB-UHFFFAOYSA-N	TVXLILKNSPCVRB
DB08606	NTHMDFGHOCNNOE-UHFFFAOYSA-N	NTHMDFGHOCNNOE
DB08607	GXPHKUHSUJUWKP-UHFFFAOYSA-N	GXPHKUHSUJUWKP
DB08608	IWFSHKKFDSWNLZ-UHFFFAOYSA-N	IWFSHKKFDSWNLZ
DB08609	SHEIQJGQDUYUBE-UHFFFAOYSA-N	SHEIQJGQDUYUBE
DB08610	DFXJYVQAAFOZDP-UHFFFAOYSA-N	DFXJYVQAAFOZDP
DB08611	AGXPXFPIOHNDAN-UHFFFAOYSA-N	AGXPXFPIOHNDAN
DB08612	WMQHRXUKAYSPPK-UHFFFAOYSA-N	WMQHRXUKAYSPPK
DB08613	OFBFUNBBOQCNFX-UHFFFAOYSA-N	OFBFUNBBOQCNFX
DB08614	MYFMPKCOIMRDDD-UHFFFAOYSA-N	MYFMPKCOIMRDDD
DB08615	NOVJJPLRUMZSDK-UHFFFAOYSA-O	NOVJJPLRUMZSDK
DB08617	VXIZYDKGLBPCAQ-UHFFFAOYSA-N	VXIZYDKGLBPCAQ
DB08618	WJTKWTJTOSZMKO-UHFFFAOYSA-N	WJTKWTJTOSZMKO
DB08619	CJQNBXFUHQZFOE-UHFFFAOYSA-N	CJQNBXFUHQZFOE
DB08620	HOKKPVIRMVDYPB-UHFFFAOYSA-N	HOKKPVIRMVDYPB
DB08621	OTVAEFIXJLOWRX-UHFFFAOYSA-N	OTVAEFIXJLOWRX
DB08622	KVDKNVPAAQKHKD-UHFFFAOYSA-N	KVDKNVPAAQKHKD
DB08623	VBBNCGUNWSPHOY-UHFFFAOYSA-N	VBBNCGUNWSPHOY
DB08624	MAJHCCQPIDXPAN-UHFFFAOYSA-N	MAJHCCQPIDXPAN
DB08626	LJJKNPQAGWVLDQ-UHFFFAOYSA-N	LJJKNPQAGWVLDQ
DB08627	FVTQYHVYLPKMOX-UHFFFAOYSA-N	FVTQYHVYLPKMOX
DB08628	TXGVAQMIEXZDPM-UHFFFAOYSA-N	TXGVAQMIEXZDPM
DB08629	SOQLOPQBSFMPNJ-UHFFFAOYSA-N	SOQLOPQBSFMPNJ
DB08631	UVSIFVBCHJEYJP-UHFFFAOYSA-N	UVSIFVBCHJEYJP
DB08632	QMKYBPDZANOJGF-UHFFFAOYSA-N	QMKYBPDZANOJGF
DB08633	MSHZHSPISPJWHW-UHFFFAOYSA-N	MSHZHSPISPJWHW
DB08634	KSAAUHMSLCPIEX-UHFFFAOYSA-N	KSAAUHMSLCPIEX
DB08635	QLLZAVDYYAQESE-UHFFFAOYSA-N	QLLZAVDYYAQESE
DB08636	HMXOGGUFCBUALL-UHFFFAOYSA-N	HMXOGGUFCBUALL
DB08637	QGTBUESLYPYXRT-UHFFFAOYSA-N	QGTBUESLYPYXRT
DB08638	STOHYHPMXPRWTJ-UHFFFAOYSA-N	STOHYHPMXPRWTJ
DB08639	ILAYIAGXTHKHNT-UHFFFAOYSA-N	ILAYIAGXTHKHNT
DB08640	IDDWUPNJUMHKFQ-UHFFFAOYSA-N	IDDWUPNJUMHKFQ
DB08641	JPQYVEFTAZEPOD-UHFFFAOYSA-N	JPQYVEFTAZEPOD
DB08642	JJWPLCQODKLEHY-UHFFFAOYSA-N	JJWPLCQODKLEHY
DB08643	QFAWBPLETHINFK-UHFFFAOYSA-N	QFAWBPLETHINFK
DB08644	NOWIRVOXJOWTSQ-UHFFFAOYSA-N	NOWIRVOXJOWTSQ
DB08645	LMJSLTNSBFUCMU-UHFFFAOYSA-N	LMJSLTNSBFUCMU
DB08646	PSUOZWHAKZSNOB-UHFFFAOYSA-N	PSUOZWHAKZSNOB
DB08647	YUTXECPABXNXPU-UHFFFAOYSA-N	YUTXECPABXNXPU
DB08648	KRZHNRULRHECRF-UHFFFAOYSA-N	KRZHNRULRHECRF
DB08649	WNWJSYYPDDQIQV-UHFFFAOYSA-N	WNWJSYYPDDQIQV
DB08651	BORVFKJZAOEGOO-UHFFFAOYSA-N	BORVFKJZAOEGOO
DB08652	ZOAMBXDOGPRZLP-UHFFFAOYSA-N	ZOAMBXDOGPRZLP
DB08653	APJYDQYYACXCRM-UHFFFAOYSA-N	APJYDQYYACXCRM
DB08654	IIMSEFZOOYSTDO-UHFFFAOYSA-N	IIMSEFZOOYSTDO
DB08655	MIGJEXKBUJPKJF-UHFFFAOYSA-N	MIGJEXKBUJPKJF
DB08656	UVERBUNNCOKGNZ-UHFFFAOYSA-N	UVERBUNNCOKGNZ
DB08657	SSXCWVOQWRUMGN-UHFFFAOYSA-N	SSXCWVOQWRUMGN
DB08658	DUNFIZRDIMDMIH-UHFFFAOYSA-N	DUNFIZRDIMDMIH
DB08659	PPDLAUCFAOODER-UHFFFAOYSA-N	PPDLAUCFAOODER
DB08660	VBHKTXLEJZIDJF-UHFFFAOYSA-N	VBHKTXLEJZIDJF
DB08661	XUSBTLVYPZUOAW-UHFFFAOYSA-N	XUSBTLVYPZUOAW
DB08662	KGDWLSFLMSFPSU-UHFFFAOYSA-N	KGDWLSFLMSFPSU
DB08663	CCPGCKQLIHGSCJ-UHFFFAOYSA-N	CCPGCKQLIHGSCJ
DB08664	QUQQVMVIWCUYFV-UHFFFAOYSA-N	QUQQVMVIWCUYFV
DB08665	YCFJZPGDTZVVSM-UHFFFAOYSA-N	YCFJZPGDTZVVSM
DB08666	UWZUKULUSUBUOU-UHFFFAOYSA-N	UWZUKULUSUBUOU
DB08667	XCDRRKZJZOYQRS-UHFFFAOYSA-N	XCDRRKZJZOYQRS
DB08668	MBYHOWWAJOLPNG-UHFFFAOYSA-N	MBYHOWWAJOLPNG
DB08669	BMHZOSJVDHAFEE-UHFFFAOYSA-N	BMHZOSJVDHAFEE
DB08670	WIWZNHHLFMPGGO-UHFFFAOYSA-N	WIWZNHHLFMPGGO
DB08671	AXVCAYVDTZRQAC-UHFFFAOYSA-N	AXVCAYVDTZRQAC
DB08672	OIWWNWQZJJKBTR-UHFFFAOYSA-N	OIWWNWQZJJKBTR
DB08673	LPQUJAANWFHCJV-UHFFFAOYSA-N	LPQUJAANWFHCJV
DB08674	USPFJPDEADLGIG-UHFFFAOYSA-N	USPFJPDEADLGIG
DB08675	SRIZDZJPKIYUPZ-UHFFFAOYSA-N	SRIZDZJPKIYUPZ
DB08676	GBEQWWUQNVMGMR-UHFFFAOYSA-N	GBEQWWUQNVMGMR
DB08677	WQZOOPQQADNJEG-UHFFFAOYSA-N	WQZOOPQQADNJEG
DB08678	HXARYYGNSVTEFC-UHFFFAOYSA-N	HXARYYGNSVTEFC
DB08680	PLGIIOKXCKDKEU-UHFFFAOYSA-N	PLGIIOKXCKDKEU
DB08681	AXTNFJKQZPETJA-UHFFFAOYSA-N	AXTNFJKQZPETJA
DB08682	FMQGUMRNTBJHEA-UHFFFAOYSA-N	FMQGUMRNTBJHEA
DB08683	OTPNDVKVEAIXTI-UHFFFAOYSA-N	OTPNDVKVEAIXTI
DB08684	RFWUWWWJCLPVPT-UHFFFAOYSA-N	RFWUWWWJCLPVPT
DB08685	TWGYATHIWDUKGY-UHFFFAOYSA-N	TWGYATHIWDUKGY
DB08686	UXCLJNSXDNCIIT-UHFFFAOYSA-N	UXCLJNSXDNCIIT
DB08687	OUQVKRKGTAUJQA-UHFFFAOYSA-N	OUQVKRKGTAUJQA
DB08688	KYWIYKKSMDLRDC-UHFFFAOYSA-N	KYWIYKKSMDLRDC
DB08689	SOECUQMRSRVZQQ-UHFFFAOYSA-N	SOECUQMRSRVZQQ
DB08690	SQQWBSBBCSFQGC-UHFFFAOYSA-N	SQQWBSBBCSFQGC
DB08691	CXJCGSPAPOTTSF-UHFFFAOYSA-N	CXJCGSPAPOTTSF
DB08692	FPCXTDQHLFRWCJ-UHFFFAOYSA-N	FPCXTDQHLFRWCJ
DB08693	FPCXTDQHLFRWCJ-UHFFFAOYSA-N	FPCXTDQHLFRWCJ
DB08694	RTHKPHCVZVYDFN-UHFFFAOYSA-N	RTHKPHCVZVYDFN
DB08695	IPIYADCDDIUVPS-UHFFFAOYSA-N	IPIYADCDDIUVPS
DB08697	JDYIYIRPQKMWMM-UHFFFAOYSA-N	JDYIYIRPQKMWMM
DB08698	BKSGACYTXOQQNI-UHFFFAOYSA-N	BKSGACYTXOQQNI
DB08699	FYCOTGCSHZKHPR-UHFFFAOYSA-N	FYCOTGCSHZKHPR
DB08701	JZCUVYNOSDWORZ-UHFFFAOYSA-N	JZCUVYNOSDWORZ
DB08702	QPKYPOMZPFDBEZ-UHFFFAOYSA-N	QPKYPOMZPFDBEZ
DB08703	FGKKIHITEICGMN-UHFFFAOYSA-N	FGKKIHITEICGMN
DB08704	NUNQIQQEEPOGDJ-UHFFFAOYSA-N	NUNQIQQEEPOGDJ
DB08705	SVSYJTYGPLVUOZ-UHFFFAOYSA-N	SVSYJTYGPLVUOZ
DB08706	RNEACARJKXYVND-UHFFFAOYSA-N	RNEACARJKXYVND
DB08707	AQVFETGXIRKVAQ-UHFFFAOYSA-N	AQVFETGXIRKVAQ
DB08708	XYYDXQCAYXOGQT-UHFFFAOYSA-N	XYYDXQCAYXOGQT
DB08709	OLUDUXWVPIEHDA-UHFFFAOYSA-N	OLUDUXWVPIEHDA
DB08710	BKZOQCGDCHOGOQ-UHFFFAOYSA-N	BKZOQCGDCHOGOQ
DB08711	BVWTXUYLKBHMOX-UHFFFAOYSA-N	BVWTXUYLKBHMOX
DB08712	XSZQJZYGKSSUAF-UHFFFAOYSA-N	XSZQJZYGKSSUAF
DB08713	RVZKQTQAFHEOKT-UHFFFAOYSA-N	RVZKQTQAFHEOKT
DB08714	DRCNRTRGWUYJBH-UHFFFAOYSA-N	DRCNRTRGWUYJBH
DB08715	SLPKYEWAKMNCPT-UHFFFAOYSA-N	SLPKYEWAKMNCPT
DB08717	CLWDLBDPVUWYEW-UHFFFAOYSA-N	CLWDLBDPVUWYEW
DB08718	VXLXQOMDQVQQLA-UHFFFAOYSA-N	VXLXQOMDQVQQLA
DB08719	FCSKOFQQCWLGMV-UHFFFAOYSA-N	FCSKOFQQCWLGMV
DB08720	IWZDYGHUSXWPPM-UHFFFAOYSA-N	IWZDYGHUSXWPPM
DB08721	JLSNWEWWUSOSMP-UHFFFAOYSA-N	JLSNWEWWUSOSMP
DB08722	WOJFAPUTPSWFLJ-UHFFFAOYSA-N	WOJFAPUTPSWFLJ
DB08723	JJDHAOLOHQTGMG-UHFFFAOYSA-N	JJDHAOLOHQTGMG
DB08724	UXIYKMARWUSIKU-UHFFFAOYSA-N	UXIYKMARWUSIKU
DB08725	PZDSRPCFNWOUFP-UHFFFAOYSA-N	PZDSRPCFNWOUFP
DB08726	FKLJPTJMIBLJAV-UHFFFAOYSA-N	FKLJPTJMIBLJAV
DB08727	NEAZMARKCJKUMF-UHFFFAOYSA-N	NEAZMARKCJKUMF
DB08728	TUGBWRGTMLOFAX-UHFFFAOYSA-N	TUGBWRGTMLOFAX
DB08729	FENWRHVHBZQJGW-UHFFFAOYSA-N	FENWRHVHBZQJGW
DB08730	CPFBZMFUCGHBAP-UHFFFAOYSA-N	CPFBZMFUCGHBAP
DB08731	GPOKTQCDBPECSS-UHFFFAOYSA-N	GPOKTQCDBPECSS
DB08732	UUOOAGBWJUGBMV-UHFFFAOYSA-N	UUOOAGBWJUGBMV
DB08733	GAHIXYNNFMCKFQ-UHFFFAOYSA-N	GAHIXYNNFMCKFQ
DB08734	MJZJYWCQPMNPRM-UHFFFAOYSA-N	MJZJYWCQPMNPRM
DB08735	ZUJMMGHIYSAEOU-UHFFFAOYSA-N	ZUJMMGHIYSAEOU
DB08736	ZUJMMGHIYSAEOU-UHFFFAOYSA-N	ZUJMMGHIYSAEOU
DB08737	FSYFYSFYUHBIHE-UHFFFAOYSA-N	FSYFYSFYUHBIHE
DB08738	KWCKZIJGKMCYCI-UHFFFAOYSA-N	KWCKZIJGKMCYCI
DB08739	ZSXNPAWXICXNGZ-UHFFFAOYSA-N	ZSXNPAWXICXNGZ
DB08740	KGYZGGUJJIVOQX-UHFFFAOYSA-N	KGYZGGUJJIVOQX
DB08741	HWJPWWYTGBZDEG-UHFFFAOYSA-N	HWJPWWYTGBZDEG
DB08742	CEEUUHVULXTFGS-UHFFFAOYSA-N	CEEUUHVULXTFGS
DB08743	XJNKUWDMCBZMTG-UHFFFAOYSA-N	XJNKUWDMCBZMTG
DB08744	DPXXJCMMMXZVSW-UHFFFAOYSA-N	DPXXJCMMMXZVSW
DB08745	QLHUDNKWOSQSMK-UHFFFAOYSA-N	QLHUDNKWOSQSMK
DB08746	ZOSSOFIFNGGDKG-UHFFFAOYSA-N	ZOSSOFIFNGGDKG
DB08747	JJTPPGUNMJMPLY-UHFFFAOYSA-N	JJTPPGUNMJMPLY
DB08748	YDIYEOMDOWUDTJ-UHFFFAOYSA-N	YDIYEOMDOWUDTJ
DB08749	KTRFBFMYAJOXLG-UHFFFAOYSA-N	KTRFBFMYAJOXLG
DB08750	SFPCNWQWKOUNRT-UHFFFAOYSA-N	SFPCNWQWKOUNRT
DB08751	YSVJZZZGPPWEIC-UHFFFAOYSA-N	YSVJZZZGPPWEIC
DB08752	IRSOCWQJNYLTDD-UHFFFAOYSA-N	IRSOCWQJNYLTDD
DB08753	GARHCDOTUULBOQ-UHFFFAOYSA-N	GARHCDOTUULBOQ
DB08754	VSHUQLRHTJOKTA-UHFFFAOYSA-N	VSHUQLRHTJOKTA
DB08755	MQWUTQCRGGBPBT-UHFFFAOYSA-N	MQWUTQCRGGBPBT
DB08756	IYOZTVGMEWJPKR-UHFFFAOYSA-N	IYOZTVGMEWJPKR
DB08757	XQMRHWSGTVEDFG-UHFFFAOYSA-N	XQMRHWSGTVEDFG
DB08758	WSNWYZBDIKCPIG-UHFFFAOYSA-N	WSNWYZBDIKCPIG
DB08759	OMENZZONRIXNPG-UHFFFAOYSA-N	OMENZZONRIXNPG
DB08760	CPBLTMSKPQDJPW-UHFFFAOYSA-N	CPBLTMSKPQDJPW
DB08761	NGPCLOGFGKJCBP-UHFFFAOYSA-N	NGPCLOGFGKJCBP
DB08762	UPJNMOBJDSFRTI-UHFFFAOYSA-N	UPJNMOBJDSFRTI
DB08763	FSNDLCSOLUMYRH-UHFFFAOYSA-N	FSNDLCSOLUMYRH
DB08765	NOOBQTYVTDBXTL-UHFFFAOYSA-N	NOOBQTYVTDBXTL
DB08766	UQWLOWFDKAFKAP-UHFFFAOYSA-N	UQWLOWFDKAFKAP
DB08767	OLKQIWCQICCYQS-UHFFFAOYSA-N	OLKQIWCQICCYQS
DB08768	HYVABZIGRDEKCD-UHFFFAOYSA-N	HYVABZIGRDEKCD
DB08770	PWTBZOIUWZOPFT-UHFFFAOYSA-N	PWTBZOIUWZOPFT
DB08771	OJJBBNIYQKFZDK-UHFFFAOYSA-N	OJJBBNIYQKFZDK
DB08772	BCSVCWVQNOXFGL-UHFFFAOYSA-N	BCSVCWVQNOXFGL
DB08773	MDGWZLQPNOETLH-UHFFFAOYSA-N	MDGWZLQPNOETLH
DB08774	YBRZCAKSBYWZTC-UHFFFAOYSA-N	YBRZCAKSBYWZTC
DB08775	RYABQRLJLIHDIP-UHFFFAOYSA-N	RYABQRLJLIHDIP
DB08776	OYHOEDBNAJPFKK-UHFFFAOYSA-N	OYHOEDBNAJPFKK
DB08777	NMMOEJUJKIXUQZ-UHFFFAOYSA-N	NMMOEJUJKIXUQZ
DB08778	KEHNGAHNKVLUSC-UHFFFAOYSA-N	KEHNGAHNKVLUSC
DB08779	QWYGHJVEZLVLSU-UHFFFAOYSA-N	QWYGHJVEZLVLSU
DB08780	MEOMXKNIFWDDGZ-UHFFFAOYSA-N	MEOMXKNIFWDDGZ
DB08781	BJUBFXSKTBULRW-UHFFFAOYSA-N	BJUBFXSKTBULRW
DB08782	FXNSVEQMUYPYJS-UHFFFAOYSA-N	FXNSVEQMUYPYJS
DB08783	CEUSGDKNGCAEAX-UHFFFAOYSA-N	CEUSGDKNGCAEAX
DB08784	YEXIXVLEDGNAKM-UHFFFAOYSA-N	YEXIXVLEDGNAKM
DB08785	PSGQCCSGKGJLRL-UHFFFAOYSA-N	PSGQCCSGKGJLRL
DB08786	VCJHOFUOIQHNBC-UHFFFAOYSA-N	VCJHOFUOIQHNBC
DB08787	UNJMNJFPEVJCQK-UHFFFAOYSA-N	UNJMNJFPEVJCQK
DB08788	UOPQHPBCVYHSFF-UHFFFAOYSA-N	UOPQHPBCVYHSFF
DB08789	YPEOXUOUTBMBCX-UHFFFAOYSA-N	YPEOXUOUTBMBCX
DB08790	ZROILLPDIUNLSE-UHFFFAOYSA-N	ZROILLPDIUNLSE
DB08791	USLOIFPDNUDIEG-UHFFFAOYSA-N	USLOIFPDNUDIEG
DB08792	GZZZSOOGQLOEOB-UHFFFAOYSA-N	GZZZSOOGQLOEOB
DB08794	JCLHQFUTFHUXNN-UHFFFAOYSA-N	JCLHQFUTFHUXNN
DB08795	ODFHGIPNGIAMDK-UHFFFAOYSA-N	ODFHGIPNGIAMDK
DB08796	DTVJXCOMJLLMAK-UHFFFAOYSA-N	DTVJXCOMJLLMAK
DB08797	SKZKKFZAGNVIMN-UHFFFAOYSA-N	SKZKKFZAGNVIMN
DB08798	CYFLXLSBHQBMFT-UHFFFAOYSA-N	CYFLXLSBHQBMFT
DB08799	REYFJDPCWQRWAA-UHFFFAOYSA-N	REYFJDPCWQRWAA
DB08800	ICKFFNBDFNZJSX-UHFFFAOYSA-N	ICKFFNBDFNZJSX
DB08801	MVMQESMQSYOVGV-UHFFFAOYSA-N	MVMQESMQSYOVGV
DB08802	OQJBSDFFQWMKBQ-UHFFFAOYSA-N	OQJBSDFFQWMKBQ
DB08803	QRORCRWSRPKEHR-UHFFFAOYSA-N	QRORCRWSRPKEHR
DB08804	JKWKMORAXJQQSR-UHFFFAOYSA-N	JKWKMORAXJQQSR
DB08805	FPBPLBWLMYGIQR-UHFFFAOYSA-N	FPBPLBWLMYGIQR
DB08806	SMTZFNFIKUPEJC-UHFFFAOYSA-N	SMTZFNFIKUPEJC
DB08807	UUOJIACWOAYWEZ-UHFFFAOYSA-N	UUOJIACWOAYWEZ
DB08808	HQIRNZOQPUAHHV-UHFFFAOYSA-N	HQIRNZOQPUAHHV
DB08809	JXTHNDFMNIQAHM-UHFFFAOYSA-N	JXTHNDFMNIQAHM
DB08810	ZDLBNXXKDMLZMF-UHFFFAOYSA-N	ZDLBNXXKDMLZMF
DB08811	RUJBDQSFYCKFAA-UHFFFAOYSA-N	RUJBDQSFYCKFAA
DB08814	RMWVZGDJPAKBDE-UHFFFAOYSA-N	RMWVZGDJPAKBDE
DB08815	PQXKDMSYBGKCJA-UHFFFAOYSA-N	PQXKDMSYBGKCJA
DB08816	OEKWJQXRCDYSHL-UHFFFAOYSA-N	OEKWJQXRCDYSHL
DB08818	KIUKXJAPPMFGSW-UHFFFAOYSA-N	KIUKXJAPPMFGSW
DB08819	WSNODXPBBALQOF-UHFFFAOYSA-N	WSNODXPBBALQOF
DB08820	PURKAOJPTOLRMP-UHFFFAOYSA-N	PURKAOJPTOLRMP
DB08822	QJFSABGVXDWMIW-UHFFFAOYSA-N	QJFSABGVXDWMIW
DB08823	RDECBWLKMPEKPM-UHFFFAOYSA-N	RDECBWLKMPEKPM
DB08824	HXWLAJVUJSVENX-UHFFFAOYSA-N	HXWLAJVUJSVENX
DB08826	TZXKOCQBRNJULO-UHFFFAOYSA-N	TZXKOCQBRNJULO
DB08827	MBBCVAKAJPKAKM-UHFFFAOYSA-N	MBBCVAKAJPKAKM
DB08828	BPQMGSKTAYIVFO-UHFFFAOYSA-N	BPQMGSKTAYIVFO
DB08830	SBJKKFFYIZUCET-UHFFFAOYSA-N	SBJKKFFYIZUCET
DB08831	VRYALKFFQXWPIH-UHFFFAOYSA-N	VRYALKFFQXWPIH
DB08833	BHTRKEVKTKCXOH-UHFFFAOYSA-N	BHTRKEVKTKCXOH
DB08834	BHTRKEVKTKCXOH-UHFFFAOYSA-N	BHTRKEVKTKCXOH
DB08835	GUCKKCMJTSNWCU-UHFFFAOYSA-N	GUCKKCMJTSNWCU
DB08836	FIQOFIRCTOWDOW-UHFFFAOYSA-N	FIQOFIRCTOWDOW
DB08837	CBXCPBUEXACCNR-UHFFFAOYSA-N	CBXCPBUEXACCNR
DB08838	QYPPJABKJHAVHS-UHFFFAOYSA-N	QYPPJABKJHAVHS
DB08839	QZAYGJVTTNCVMB-UHFFFAOYSA-N	QZAYGJVTTNCVMB
DB08840	ZYVXHFWBYUDDBM-UHFFFAOYSA-N	ZYVXHFWBYUDDBM
DB08841	DZGWFCGJZKJUFP-UHFFFAOYSA-N	DZGWFCGJZKJUFP
DB08842	RDHQFKQIGNGIED-UHFFFAOYSA-N	RDHQFKQIGNGIED
DB08843	XHXFQGAZAVKMFF-UHFFFAOYSA-N	XHXFQGAZAVKMFF
DB08844	LEHOTFFKMJEONL-UHFFFAOYSA-N	LEHOTFFKMJEONL
DB08845	KPGXRSRHYNQIFN-UHFFFAOYSA-N	KPGXRSRHYNQIFN
DB08846	AFSDNFLWKVMVRB-UHFFFAOYSA-N	AFSDNFLWKVMVRB
DB08847	PMMYEEVYMWASQN-UHFFFAOYSA-N	PMMYEEVYMWASQN
DB08848	QTDZOWFRBNTPQR-UHFFFAOYSA-N	QTDZOWFRBNTPQR
DB08855	GWNVDXQDILPJIG-UHFFFAOYSA-N	GWNVDXQDILPJIG
DB08856	ZHUJMSMQIPIPTF-UHFFFAOYSA-N	ZHUJMSMQIPIPTF
DB08858	RFDAIACWWDREDC-UHFFFAOYSA-L	RFDAIACWWDREDC
DB08860	VGYFMXBACGZSIL-UHFFFAOYSA-N	VGYFMXBACGZSIL
DB08861	MCMMCRYPQBNCPH-UHFFFAOYSA-N	MCMMCRYPQBNCPH
DB08864	YIBOMRUWOWDFLG-UHFFFAOYSA-N	YIBOMRUWOWDFLG
DB08865	KTEIFNKAUNYNJU-UHFFFAOYSA-N	KTEIFNKAUNYNJU
DB08867	HKDLNTKNLJPAIY-UHFFFAOYSA-N	HKDLNTKNLJPAIY
DB08868	KKGQTZUTZRNORY-UHFFFAOYSA-N	KKGQTZUTZRNORY
DB08869	LAJJBLZKAIOLRM-UHFFFAOYSA-N	LAJJBLZKAIOLRM
DB08871	UFNVPOGXISZXJD-UHFFFAOYSA-N	UFNVPOGXISZXJD
DB08872	TZDUHAJSIBHXDL-UHFFFAOYSA-N	TZDUHAJSIBHXDL
DB08873	LHHCSNFAOIFYRV-UHFFFAOYSA-N	LHHCSNFAOIFYRV
DB08874	ZVGNESXIJDCBKN-UHFFFAOYSA-N	ZVGNESXIJDCBKN
DB08875	ONIQOQHATWINJY-UHFFFAOYSA-N	ONIQOQHATWINJY
DB08877	HFNKQEVNSGCOJV-UHFFFAOYSA-N	HFNKQEVNSGCOJV
DB08878	TVZGACDUOSZQKY-UHFFFAOYSA-N	TVZGACDUOSZQKY
DB08880	UTNUDOFZCWSZMS-UHFFFAOYSA-N	UTNUDOFZCWSZMS
DB08881	GPXBXXGIAQBQNI-UHFFFAOYSA-N	GPXBXXGIAQBQNI
DB08882	LTXREWYXXSTFRX-UHFFFAOYSA-N	LTXREWYXXSTFRX
DB08883	PRMWGUBFXWROHD-UHFFFAOYSA-N	PRMWGUBFXWROHD
DB08884	AQOXEJNYXXLRQQ-UHFFFAOYSA-K	AQOXEJNYXXLRQQ
DB08887	SSQPWTVBQMWLSZ-UHFFFAOYSA-N	SSQPWTVBQMWLSZ
DB08889	BLMPQMFVWMYDKT-UHFFFAOYSA-N	BLMPQMFVWMYDKT
DB08890	KXGCNMMJRFDFNR-UHFFFAOYSA-N	KXGCNMMJRFDFNR
DB08891	KPYSYYIEGFHWSV-UHFFFAOYSA-N	KPYSYYIEGFHWSV
DB08892	JXTAALBWJQJLGN-UHFFFAOYSA-N	JXTAALBWJQJLGN
DB08893	PBAPPPCECJKMCM-UHFFFAOYSA-N	PBAPPPCECJKMCM
DB08895	UJLAWZDWDVHWOW-UHFFFAOYSA-N	UJLAWZDWDVHWOW
DB08896	FNHKPVJBJVTLMP-UHFFFAOYSA-N	FNHKPVJBJVTLMP
DB08897	ASMXXROZKSBQIH-UHFFFAOYSA-N	ASMXXROZKSBQIH
DB08899	WXCXUHSOUPDCQV-UHFFFAOYSA-N	WXCXUHSOUPDCQV
DB08901	PHXJVRSECIGDHY-UHFFFAOYSA-N	PHXJVRSECIGDHY
DB08903	QUIJNHUBAXPXFS-UHFFFAOYSA-N	QUIJNHUBAXPXFS
DB08905	OSVMTWJCGUFAOD-UHFFFAOYSA-N	OSVMTWJCGUFAOD
DB08906	XTULMSXFIHGYFS-UHFFFAOYSA-N	XTULMSXFIHGYFS
DB08907	XTNGUQKDFGDXSJ-UHFFFAOYSA-N	XTNGUQKDFGDXSJ
DB08908	LDCRTTXIJACKKU-UHFFFAOYSA-N	LDCRTTXIJACKKU
DB08909	ZSDBFLMJVAGKOU-UHFFFAOYSA-N	ZSDBFLMJVAGKOU
DB08910	UVSMNLNDYGZFPF-UHFFFAOYSA-N	UVSMNLNDYGZFPF
DB08911	LIRYPHYGHXZJBZ-UHFFFAOYSA-N	LIRYPHYGHXZJBZ
DB08912	BFSMGDJOXZAERB-UHFFFAOYSA-N	BFSMGDJOXZAERB
DB08915	DAYKLWSKQJBGCS-UHFFFAOYSA-N	DAYKLWSKQJBGCS
DB08916	ULXXDDBFHOBEHA-UHFFFAOYSA-N	ULXXDDBFHOBEHA
DB08918	GJJFMKBJSRMPLA-UHFFFAOYSA-N	GJJFMKBJSRMPLA
DB08922	FBVFZWUMDDXLLG-UHFFFAOYSA-N	FBVFZWUMDDXLLG
DB08924	VBZDETYCYXPOAK-UHFFFAOYSA-N	VBZDETYCYXPOAK
DB08927	NNAIYOXJNVGUOM-UHFFFAOYSA-N	NNAIYOXJNVGUOM
DB08928	MRUDSZSRLQAPOG-UHFFFAOYSA-N	MRUDSZSRLQAPOG
DB08930	RHWKPHLQXYSBKR-UHFFFAOYSA-N	RHWKPHLQXYSBKR
DB08931	WXXSNCNJFUAIDG-UHFFFAOYSA-N	WXXSNCNJFUAIDG
DB08932	JGCMEBMXRHSZKX-UHFFFAOYSA-N	JGCMEBMXRHSZKX
DB08933	YTAOBBFIOAEMLL-UHFFFAOYSA-N	YTAOBBFIOAEMLL
DB08934	TTZHDVOVKQGIBA-UHFFFAOYSA-N	TTZHDVOVKQGIBA
DB08936	WFNAKBGANONZEQ-UHFFFAOYSA-N	WFNAKBGANONZEQ
DB08938	QAOWNCQODCNURD-UHFFFAOYSA-L	QAOWNCQODCNURD
DB08939	IKOCLISPVJZJEA-UHFFFAOYSA-N	IKOCLISPVJZJEA
DB08940	LGYTZKPVOAIUKX-UHFFFAOYSA-N	LGYTZKPVOAIUKX
DB08941	BMUKKTUHUDJSNZ-UHFFFAOYSA-N	BMUKKTUHUDJSNZ
DB08942	YYUAYBYLJSNDCX-UHFFFAOYSA-N	YYUAYBYLJSNDCX
DB08943	MPIPASJGOJYODL-UHFFFAOYSA-N	MPIPASJGOJYODL
DB08944	WFLSCFISQHLEED-UHFFFAOYSA-N	WFLSCFISQHLEED
DB08945	JXMIBUGMYLQZGO-UHFFFAOYSA-N	JXMIBUGMYLQZGO
DB08946	OIRFJRBSRORBCM-UHFFFAOYSA-N	OIRFJRBSRORBCM
DB08947	XQZXYNRDCRIARQ-UHFFFAOYSA-N	XQZXYNRDCRIARQ
DB08948	VVDGWALACJEJKG-UHFFFAOYSA-N	VVDGWALACJEJKG
DB08949	MFZCIDXOLLEMOO-UHFFFAOYSA-N	MFZCIDXOLLEMOO
DB08950	JXZZEXZZKAWDSP-UHFFFAOYSA-N	JXZZEXZZKAWDSP
DB08951	RJMIEHBSYVWVIN-UHFFFAOYSA-N	RJMIEHBSYVWVIN
DB08952	MPGBPFMOOXKQRX-UHFFFAOYSA-N	MPGBPFMOOXKQRX
DB08953	SADQVAVFGNTEOD-UHFFFAOYSA-N	SADQVAVFGNTEOD
DB08954	UYNVMODNBIQBMV-UHFFFAOYSA-N	UYNVMODNBIQBMV
DB08955	BYPIURIATSUHDW-UHFFFAOYSA-N	BYPIURIATSUHDW
DB08956	USPYDUPOCUYHQL-UHFFFAOYSA-N	USPYDUPOCUYHQL
DB08957	OXLZNBCNGJWPRV-UHFFFAOYSA-N	OXLZNBCNGJWPRV
DB08958	DTOUUUZOYKYHEP-UHFFFAOYSA-N	DTOUUUZOYKYHEP
DB08960	VZJFGSRCJCXDSG-UHFFFAOYSA-N	VZJFGSRCJCXDSG
DB08961	HMEDEBAJARCKCT-UHFFFAOYSA-N	HMEDEBAJARCKCT
DB08962	RMTYNAPTNBJHQI-UHFFFAOYSA-N	RMTYNAPTNBJHQI
DB08964	KYBOHGVERHWSSV-UHFFFAOYSA-N	KYBOHGVERHWSSV
DB08965	MIZMDSVSLSIMSC-UHFFFAOYSA-N	MIZMDSVSLSIMSC
DB08966	JTLXCMOFVBXEKD-UHFFFAOYSA-N	JTLXCMOFVBXEKD
DB08967	VWNWVCJGUMZDIU-UHFFFAOYSA-N	VWNWVCJGUMZDIU
DB08969	KGPPDNUWZNWPSI-UHFFFAOYSA-N	KGPPDNUWZNWPSI
DB08970	YVHXHNGGPURVOS-UHFFFAOYSA-N	YVHXHNGGPURVOS
DB08971	GAKMQHDJQHZUTJ-UHFFFAOYSA-N	GAKMQHDJQHZUTJ
DB08972	DPSPPJIUMHPXMA-UHFFFAOYSA-N	DPSPPJIUMHPXMA
DB08974	CPEUVMUXAHMANV-UHFFFAOYSA-N	CPEUVMUXAHMANV
DB08976	APQPGQGAWABJLN-UHFFFAOYSA-N	APQPGQGAWABJLN
DB08978	CSYZZFNWCDOVIM-UHFFFAOYSA-N	CSYZZFNWCDOVIM
DB08979	FVNFBBAOMBJTST-UHFFFAOYSA-N	FVNFBBAOMBJTST
DB08980	NMKSAYKQLCHXDK-UHFFFAOYSA-N	NMKSAYKQLCHXDK
DB08981	ZPAKPRAICRBAOD-UHFFFAOYSA-N	ZPAKPRAICRBAOD
DB08983	XXRVYAFBUDSLJX-UHFFFAOYSA-N	XXRVYAFBUDSLJX
DB08984	XILVEPYQJIOVNB-UHFFFAOYSA-N	XILVEPYQJIOVNB
DB08985	SQVIAVUSQAWMKL-UHFFFAOYSA-N	SQVIAVUSQAWMKL
DB08986	IBYCYJFUEJQSMK-UHFFFAOYSA-N	IBYCYJFUEJQSMK
DB08987	VTUSIVBDOCDNHS-UHFFFAOYSA-N	VTUSIVBDOCDNHS
DB08989	BQJODPIMMWWMFC-UHFFFAOYSA-N	BQJODPIMMWWMFC
DB08990	BSHWLCACYCVCJE-UHFFFAOYSA-N	BSHWLCACYCVCJE
DB08991	RHAXSHUQNIEUEY-UHFFFAOYSA-N	RHAXSHUQNIEUEY
DB08992	SQUNAWUMZGQQJD-UHFFFAOYSA-N	SQUNAWUMZGQQJD
DB08993	HPWIIERXAFODPP-UHFFFAOYSA-N	HPWIIERXAFODPP
DB08994	UUCMDZWCRNZCOY-UHFFFAOYSA-N	UUCMDZWCRNZCOY
DB08995	GZSOSUNBTXMUFQ-UHFFFAOYSA-N	GZSOSUNBTXMUFQ
DB08996	RYQOGSFEJBUZBX-UHFFFAOYSA-N	RYQOGSFEJBUZBX
DB08997	LQQIVYSCPWCSSD-UHFFFAOYSA-N	LQQIVYSCPWCSSD
DB08998	SEDQWOMFMIJKCU-UHFFFAOYSA-N	SEDQWOMFMIJKCU
DB08999	HFXKQSZZZPGLKQ-UHFFFAOYSA-N	HFXKQSZZZPGLKQ
DB09000	SLFGIOIONGJGRT-UHFFFAOYSA-N	SLFGIOIONGJGRT
DB09001	DDBREPKUVSBGFI-UHFFFAOYSA-N	DDBREPKUVSBGFI
DB09002	FLNXBVJLPJNOSI-UHFFFAOYSA-N	FLNXBVJLPJNOSI
DB09003	QAZKXHSIKKNOHH-UHFFFAOYSA-N	QAZKXHSIKKNOHH
DB09004	KVHHQGIIZCJATJ-UHFFFAOYSA-N	KVHHQGIIZCJATJ
DB09006	BMOVQUBVGICXQN-UHFFFAOYSA-N	BMOVQUBVGICXQN
DB09007	KKHPNPMTPORSQE-UHFFFAOYSA-N	KKHPNPMTPORSQE
DB09008	CZTQZXZIADLWOZ-UHFFFAOYSA-N	CZTQZXZIADLWOZ
DB09009	QTGIAADRBBLJGA-UHFFFAOYSA-N	QTGIAADRBBLJGA
DB09010	AOCCBINRVIKJHY-UHFFFAOYSA-N	AOCCBINRVIKJHY
DB09011	JPYQFYIEOUVJDU-UHFFFAOYSA-N	JPYQFYIEOUVJDU
DB09012	SSCSSDNTQJGTJT-UHFFFAOYSA-N	SSCSSDNTQJGTJT
DB09013	ZPQPDBIHYCBNIG-UHFFFAOYSA-N	ZPQPDBIHYCBNIG
DB09014	IZLPZXSZLLELBJ-UHFFFAOYSA-N	IZLPZXSZLLELBJ
DB09015	PBKZPPIHUVSDNM-UHFFFAOYSA-N	PBKZPPIHUVSDNM
DB09016	ALELTFCQZDXAMQ-UHFFFAOYSA-N	ALELTFCQZDXAMQ
DB09017	UMSGKTJDUHERQW-UHFFFAOYSA-N	UMSGKTJDUHERQW
DB09018	GIYAQDDTCWHPPL-UHFFFAOYSA-N	GIYAQDDTCWHPPL
DB09019	OJGDCBLYJGHCIH-UHFFFAOYSA-N	OJGDCBLYJGHCIH
DB09020	KHOITXIGCFIULA-UHFFFAOYSA-N	KHOITXIGCFIULA
DB09021	GNRXCIONJWKSEA-UHFFFAOYSA-N	GNRXCIONJWKSEA
DB09022	CJAVTWRYCDNHSM-UHFFFAOYSA-N	CJAVTWRYCDNHSM
DB09023	IVQOFBKHQCTVQV-UHFFFAOYSA-N	IVQOFBKHQCTVQV
DB09026	UXOWGYHJODZGMF-UHFFFAOYSA-N	UXOWGYHJODZGMF
DB09027	VRTWBAAJJOHBQU-UHFFFAOYSA-N	VRTWBAAJJOHBQU
DB09028	ANJTVLIZGCUXLD-UHFFFAOYSA-N	ANJTVLIZGCUXLD
DB09030	ZBGXUVOIWDMMJE-UHFFFAOYSA-N	ZBGXUVOIWDMMJE
DB09031	PQLXHQMOHUQAKB-UHFFFAOYSA-N	PQLXHQMOHUQAKB
DB09034	JYTNQNCOQXFQPK-UHFFFAOYSA-N	JYTNQNCOQXFQPK
DB09038	OBWASQILIWPZMG-UHFFFAOYSA-N	OBWASQILIWPZMG
DB09039	FJZZPCZKBUKGGU-UHFFFAOYSA-N	FJZZPCZKBUKGGU
DB09040	NFEZZTICAUWDHU-UHFFFAOYSA-N	NFEZZTICAUWDHU
DB09041	LFQDNHWZDQTITF-UHFFFAOYSA-N	LFQDNHWZDQTITF
DB09042	QCGUSIANLFXSGE-UHFFFAOYSA-N	QCGUSIANLFXSGE
DB09047	FYMHQCNFKNMJAV-UHFFFAOYSA-N	FYMHQCNFKNMJAV
DB09048	WAXQNWCZJDTGBU-UHFFFAOYSA-N	WAXQNWCZJDTGBU
DB09049	XNKCCCKFOQNXKV-UHFFFAOYSA-N	XNKCCCKFOQNXKV
DB09050	JHFNIHVVXRKLEF-UHFFFAOYSA-N	JHFNIHVVXRKLEF
DB09053	XYFPWWZEPKGCCK-UHFFFAOYSA-N	XYFPWWZEPKGCCK
DB09054	IFSDAJWBUCMOAH-UHFFFAOYSA-N	IFSDAJWBUCMOAH
DB09055	DJQOOSBJCLSSEY-UHFFFAOYSA-N	DJQOOSBJCLSSEY
DB09056	MQHLMHIZUIDKOO-UHFFFAOYSA-N	MQHLMHIZUIDKOO
DB09059	VWXRQYYUEIYXCZ-UHFFFAOYSA-N	VWXRQYYUEIYXCZ
DB09060	NDCUAPJVLWFHHB-UHFFFAOYSA-N	NDCUAPJVLWFHHB
DB09061	QHMBSVQNZZTUGM-UHFFFAOYSA-N	QHMBSVQNZZTUGM
DB09062	JSDXOWVAHXDYCU-UHFFFAOYSA-N	JSDXOWVAHXDYCU
DB09063	VERWOWGGCGHDQE-UHFFFAOYSA-N	VERWOWGGCGHDQE
DB09064	KPSRODZRAIWAKH-UHFFFAOYSA-N	KPSRODZRAIWAKH
DB09065	ZCIGNRJZKPOIKD-UHFFFAOYSA-N	ZCIGNRJZKPOIKD
DB09067	QEEJLLNYQOBRRM-UHFFFAOYSA-N	QEEJLLNYQOBRRM
DB09068	YQNWZWMKLDQSAC-UHFFFAOYSA-N	YQNWZWMKLDQSAC
DB09069	UHWVSEOVJBQKBE-UHFFFAOYSA-N	UHWVSEOVJBQKBE
DB09070	WZDGZWOAQTVYBX-UHFFFAOYSA-N	WZDGZWOAQTVYBX
DB09071	PTOIAAWZLUQTIO-UHFFFAOYSA-N	PTOIAAWZLUQTIO
DB09072	SJZRECIVHVDYJC-UHFFFAOYSA-M	SJZRECIVHVDYJC
DB09073	AHJRHEGDXFFMBM-UHFFFAOYSA-N	AHJRHEGDXFFMBM
DB09074	FDLYAMZZIXQODN-UHFFFAOYSA-N	FDLYAMZZIXQODN
DB09075	HGVDHZBSSITLCT-UHFFFAOYSA-N	HGVDHZBSSITLCT
DB09076	FVTWTVQXNAJTQP-UHFFFAOYSA-N	FVTWTVQXNAJTQP
DB09078	WOSKHXYHFSIKNG-UHFFFAOYSA-N	WOSKHXYHFSIKNG
DB09079	CPMDPSXJELVGJG-UHFFFAOYSA-N	CPMDPSXJELVGJG
DB09080	COUYJEVMBVSIHV-UHFFFAOYSA-N	COUYJEVMBVSIHV
DB09081	VMHWZDULLBLUMS-UHFFFAOYSA-N	VMHWZDULLBLUMS
DB09082	DAFYYTQWSAWIGS-UHFFFAOYSA-N	DAFYYTQWSAWIGS
DB09083	ACRHBAYQBXXRTO-UHFFFAOYSA-N	ACRHBAYQBXXRTO
DB09084	CNBGNNVCVSKAQZ-UHFFFAOYSA-N	CNBGNNVCVSKAQZ
DB09085	GKCBAIGFKIBETG-UHFFFAOYSA-N	GKCBAIGFKIBETG
DB09086	RRAFCDWBNXTKKO-UHFFFAOYSA-N	RRAFCDWBNXTKKO
DB09087	QAOWNCQODCNURD-UHFFFAOYSA-L	QAOWNCQODCNURD
DB09088	FDMBBCOBEAVDAO-UHFFFAOYSA-N	FDMBBCOBEAVDAO
DB09089	LORDFXWUHHSAQU-UHFFFAOYSA-N	LORDFXWUHHSAQU
DB09090	DDHUTBKXLWCZCO-UHFFFAOYSA-N	DDHUTBKXLWCZCO
DB09091	YWDBSCORAARPPF-UHFFFAOYSA-N	YWDBSCORAARPPF
DB09092	DSFGXPJYDCSWTA-UHFFFAOYSA-N	DSFGXPJYDCSWTA
DB09093	DHPRQBPJLMKORJ-UHFFFAOYSA-N	DHPRQBPJLMKORJ
DB09094	XRBSKUSTLXISAB-UHFFFAOYSA-N	XRBSKUSTLXISAB
DB09095	OGPWIDANBSLJPC-UHFFFAOYSA-N	OGPWIDANBSLJPC
DB09096	OMPJBNCRMGITSC-UHFFFAOYSA-N	OMPJBNCRMGITSC
DB09097	GDFGTRDCCWFXTG-UHFFFAOYSA-N	GDFGTRDCCWFXTG
DB09099	NHXLMOGPVYXJNR-UHFFFAOYSA-N	NHXLMOGPVYXJNR
DB09101	JUZYLCPPVHEVSV-UHFFFAOYSA-N	JUZYLCPPVHEVSV
DB09102	FKRSSPOQAMALKA-UHFFFAOYSA-N	FKRSSPOQAMALKA
DB09104	XLYOFNOQVPJJNP-UHFFFAOYSA-M	XLYOFNOQVPJJNP
DB09110	ZNEWHQLOPFWXOF-UHFFFAOYSA-N	ZNEWHQLOPFWXOF
DB09112	IOVCWXUNBOPUCH-UHFFFAOYSA-N	IOVCWXUNBOPUCH
DB09114	KILNVBDSWZSGLL-UHFFFAOYSA-N	KILNVBDSWZSGLL
DB09115	UXZFQZANDVDGMM-UHFFFAOYSA-N	UXZFQZANDVDGMM
DB09116	YNPNDPSDUHYDEO-UHFFFAOYSA-N	YNPNDPSDUHYDEO
DB09117	SQYNKIJPMDEDEG-UHFFFAOYSA-N	SQYNKIJPMDEDEG
DB09118	IBLNKMRFIPWSOY-UHFFFAOYSA-N	IBLNKMRFIPWSOY
DB09119	QIALRBLEEWJACW-UHFFFAOYSA-N	QIALRBLEEWJACW
DB09120	YKPUWZUDDOIDPM-UHFFFAOYSA-N	YKPUWZUDDOIDPM
DB09121	JUSMHIGDXPKSID-UHFFFAOYSA-M	JUSMHIGDXPKSID
DB09123	AZFLJNIPTRTECV-UHFFFAOYSA-N	AZFLJNIPTRTECV
DB09124	HCFSGRMEEXUOSS-UHFFFAOYSA-N	HCFSGRMEEXUOSS
DB09125	KRKNYBCHXYNGOX-UHFFFAOYSA-K	KRKNYBCHXYNGOX
DB09128	ZKIAIYBUSXZPLP-UHFFFAOYSA-N	ZKIAIYBUSXZPLP
DB09129	VEXZGXHMUGYJMC-UHFFFAOYSA-M	VEXZGXHMUGYJMC
DB09130	RYGMFSIKBFXOCR-UHFFFAOYSA-N	RYGMFSIKBFXOCR
DB09131	ORTQZVOHEJQUHG-UHFFFAOYSA-L	ORTQZVOHEJQUHG
DB09132	WDLRUFUQRNWCPK-UHFFFAOYSA-K	WDLRUFUQRNWCPK
DB09133	UXIGWFXRQKWHHA-UHFFFAOYSA-N	UXIGWFXRQKWHHA
DB09134	AMDBBAQNWSUWGN-UHFFFAOYSA-N	AMDBBAQNWSUWGN
DB09135	UUMLTINZBQPNGF-UHFFFAOYSA-N	UUMLTINZBQPNGF
DB09136	YFKDCGWIINMRQY-UHFFFAOYSA-O	YFKDCGWIINMRQY
DB09137	MHPZZZZLAQGTHT-UHFFFAOYSA-N	MHPZZZZLAQGTHT
DB09138	MBKDYNNUVRNNRF-UHFFFAOYSA-J	MBKDYNNUVRNNRF
DB09139	HJZKOAYDRQLPME-UHFFFAOYSA-N	HJZKOAYDRQLPME
DB09140	MYMOFIZGZYHOMD-UHFFFAOYSA-N	MYMOFIZGZYHOMD
DB09142	IZTQOLKUZKXIRV-UHFFFAOYSA-N	IZTQOLKUZKXIRV
DB09143	VZZJRYRQSPEMTK-UHFFFAOYSA-N	VZZJRYRQSPEMTK
DB09144	AUFUWRKPQLGTGF-UHFFFAOYSA-N	AUFUWRKPQLGTGF
DB09145	XLYOFNOQVPJJNP-UHFFFAOYSA-N	XLYOFNOQVPJJNP
DB09146	CZMRCDWAGMRECN-UHFFFAOYSA-N	CZMRCDWAGMRECN
DB09147	XPPKVPWEQAFLFU-UHFFFAOYSA-J	XPPKVPWEQAFLFU
DB09148	NCWZOASIUQVOFA-UHFFFAOYSA-N	NCWZOASIUQVOFA
DB09149	YNDIAUKFXKEXSV-UHFFFAOYSA-N	YNDIAUKFXKEXSV
DB09151	VVECGOCJFKTUAX-UHFFFAOYSA-N	VVECGOCJFKTUAX
DB09152	IJGRMHOSHXDMSA-UHFFFAOYSA-N	IJGRMHOSHXDMSA
DB09153	FKNQFGJONOIPTF-UHFFFAOYSA-N	FKNQFGJONOIPTF
DB09154	KRKNYBCHXYNGOX-UHFFFAOYSA-K	KRKNYBCHXYNGOX
DB09155	SWQJXJOGLNCZEY-UHFFFAOYSA-N	SWQJXJOGLNCZEY
DB09156	DGAIEPBNLOQYER-UHFFFAOYSA-N	DGAIEPBNLOQYER
DB09157	CURLTUGMZLYLDI-UHFFFAOYSA-N	CURLTUGMZLYLDI
DB09160	QCWJONLQSHEGEJ-UHFFFAOYSA-N	QCWJONLQSHEGEJ
DB09161	LJJFNFYPZOHRHM-UHFFFAOYSA-N	LJJFNFYPZOHRHM
DB09164	UDUSOMRJOPCWHT-UHFFFAOYSA-N	UDUSOMRJOPCWHT
DB09165	XPPKVPWEQAFLFU-UHFFFAOYSA-J	XPPKVPWEQAFLFU
DB09166	VMZUTJCNQWMAGF-UHFFFAOYSA-N	VMZUTJCNQWMAGF
DB09167	PHTUQLWOUWZIMZ-UHFFFAOYSA-N	PHTUQLWOUWZIMZ
DB09173	QQOMYEQLWQJRKK-UHFFFAOYSA-N	QQOMYEQLWQJRKK
DB09174	IMYHGORQCPYVBZ-UHFFFAOYSA-N	IMYHGORQCPYVBZ
DB09179	GARXJOUQUSNOGK-UHFFFAOYSA-N	GARXJOUQUSNOGK
DB09183	NBRBXGKOEOGLOI-UHFFFAOYSA-N	NBRBXGKOEOGLOI
DB09184	CPBHSHYQQLFAPW-UHFFFAOYSA-N	CPBHSHYQQLFAPW
DB09185	YWPHCCPCQOJSGZ-UHFFFAOYSA-N	YWPHCCPCQOJSGZ
DB09186	ITJNARMNRKSWTA-UHFFFAOYSA-N	ITJNARMNRKSWTA
DB09187	MJRPHRMGEKCADU-UHFFFAOYSA-N	MJRPHRMGEKCADU
DB09190	LJBBMCNHIUJBDU-UHFFFAOYSA-N	LJBBMCNHIUJBDU
DB09193	HLOCJJORRHQDKS-UHFFFAOYSA-N	HLOCJJORRHQDKS
DB09194	IZBNNCFOBMGTQX-UHFFFAOYSA-N	IZBNNCFOBMGTQX
DB09195	BNRMWKUVWLKDQJ-UHFFFAOYSA-N	BNRMWKUVWLKDQJ
DB09196	HTODIQZHVCHVGM-UHFFFAOYSA-N	HTODIQZHVCHVGM
DB09198	CHHXEZSCHQVSRE-UHFFFAOYSA-N	CHHXEZSCHQVSRE
DB09199	PKWDZWYVIHVNKS-UHFFFAOYSA-N	PKWDZWYVIHVNKS
DB09200	XMSXOLDPMGMWTH-UHFFFAOYSA-N	XMSXOLDPMGMWTH
DB09201	YZFWTZACSRHJQD-UHFFFAOYSA-N	YZFWTZACSRHJQD
DB09202	YAORIDZYZDUZCM-UHFFFAOYSA-N	YAORIDZYZDUZCM
DB09203	YRCWQPVGYLYSOX-UHFFFAOYSA-N	YRCWQPVGYLYSOX
DB09204	BHIAIPWSVYSKJS-UHFFFAOYSA-N	BHIAIPWSVYSKJS
DB09205	VRYMTAVOXVTQEF-UHFFFAOYSA-N	VRYMTAVOXVTQEF
DB09206	YNZXWQJZEDLQEG-UHFFFAOYSA-N	YNZXWQJZEDLQEG
DB09207	DALSFUWTAOKVTF-UHFFFAOYSA-N	DALSFUWTAOKVTF
DB09209	GPFAJKDEDBRFOS-UHFFFAOYSA-N	GPFAJKDEDBRFOS
DB09210	GMZVRMREEHBGGF-UHFFFAOYSA-N	GMZVRMREEHBGGF
DB09211	OJZYRQPMEIEQFC-UHFFFAOYSA-N	OJZYRQPMEIEQFC
DB09212	YMBXTVYHTMGZDW-UHFFFAOYSA-N	YMBXTVYHTMGZDW
DB09213	HEFNNWSXXWATRW-UHFFFAOYSA-N	HEFNNWSXXWATRW
DB09214	DKYWVDODHFEZIM-UHFFFAOYSA-N	DKYWVDODHFEZIM
DB09215	OEHFRZLKGRKFAS-UHFFFAOYSA-N	OEHFRZLKGRKFAS
DB09216	YEZNLOUZAIOMLT-UHFFFAOYSA-N	YEZNLOUZAIOMLT
DB09217	FULAPETWGIGNMT-UHFFFAOYSA-N	FULAPETWGIGNMT
DB09218	CLOMYZFHNHFSIQ-UHFFFAOYSA-N	CLOMYZFHNHFSIQ
DB09219	BPKUDUSVDVLOPY-UHFFFAOYSA-N	BPKUDUSVDVLOPY
DB09220	LBHIOVVIQHSOQN-UHFFFAOYSA-N	LBHIOVVIQHSOQN
DB09221	PPDLYIDQBLYMJV-UHFFFAOYSA-M	PPDLYIDQBLYMJV
DB09223	XVGOZDAJGBALKS-UHFFFAOYSA-N	XVGOZDAJGBALKS
DB09224	DKMFBWQBDIGMHM-UHFFFAOYSA-N	DKMFBWQBDIGMHM
DB09225	HDOZVRUNCMBHFH-UHFFFAOYSA-N	HDOZVRUNCMBHFH
DB09226	PMKMNTBZJOXTJW-UHFFFAOYSA-N	PMKMNTBZJOXTJW
DB09227	VXMOONUMYLCFJD-UHFFFAOYSA-N	VXMOONUMYLCFJD
DB09229	NCUCGYYHUFIYNU-UHFFFAOYSA-N	NCUCGYYHUFIYNU
DB09230	ZKFQEACEUNWPMT-UHFFFAOYSA-N	ZKFQEACEUNWPMT
DB09231	QZVNQOLPLYWLHQ-UHFFFAOYSA-N	QZVNQOLPLYWLHQ
DB09232	KJEBULYHNRNJTE-UHFFFAOYSA-N	KJEBULYHNRNJTE
DB09234	QERUYFVNIOLCHV-UHFFFAOYSA-N	QERUYFVNIOLCHV
DB09235	NSVFSAJIGAJDMR-UHFFFAOYSA-N	NSVFSAJIGAJDMR
DB09236	GKQPCPXONLDCMU-UHFFFAOYSA-N	GKQPCPXONLDCMU
DB09237	HTIQEAQVCYTUBX-UHFFFAOYSA-N	HTIQEAQVCYTUBX
DB09238	ANEBWFXPVPTEET-UHFFFAOYSA-N	ANEBWFXPVPTEET
DB09239	SVJMLYUFVDMUHP-UHFFFAOYSA-N	SVJMLYUFVDMUHP
DB09240	VZWXXKDFACOXNT-UHFFFAOYSA-N	VZWXXKDFACOXNT
DB09241	RBTBFTRPCNLSDE-UHFFFAOYSA-N	RBTBFTRPCNLSDE
DB09242	WPNJAUFVNXKLIM-UHFFFAOYSA-N	WPNJAUFVNXKLIM
DB09243	WRYZEGZNBYOMLE-UHFFFAOYSA-N	WRYZEGZNBYOMLE
DB09244	IWVRVEIKCBFZNF-UHFFFAOYSA-N	IWVRVEIKCBFZNF
DB09245	MXUNKHLAEDCYJL-UHFFFAOYSA-N	MXUNKHLAEDCYJL
DB09246	BEWNZPMDJIGBED-UHFFFAOYSA-N	BEWNZPMDJIGBED
DB09247	GGECDTUJZOXAAR-UHFFFAOYSA-N	GGECDTUJZOXAAR
DB09248	HHRZAEJMHSGZNP-UHFFFAOYSA-N	HHRZAEJMHSGZNP
DB09249	FODQIVGFADUBKE-UHFFFAOYSA-N	FODQIVGFADUBKE
DB09250	VXTWEDPZMSVFEF-UHFFFAOYSA-N	VXTWEDPZMSVFEF
DB09251	QNEXFJFTGQBXBJ-UHFFFAOYSA-N	QNEXFJFTGQBXBJ
DB09252	FWWDFDMCZLOXQI-UHFFFAOYSA-N	FWWDFDMCZLOXQI
DB09253	IBWPUTAKVGZXRB-UHFFFAOYSA-N	IBWPUTAKVGZXRB
DB09254	KYCBWEZLKCTALM-UHFFFAOYSA-N	KYCBWEZLKCTALM
DB09256	WFWLQNSHRPWKFK-UHFFFAOYSA-N	WFWLQNSHRPWKFK
DB09257	ZPLQIPFOCGIIHV-UHFFFAOYSA-N	ZPLQIPFOCGIIHV
DB09262	SQKXYSGRELMAAU-UHFFFAOYSA-N	SQKXYSGRELMAAU
DB09265	XVVOERDUTLJJHN-UHFFFAOYSA-N	XVVOERDUTLJJHN
DB09267	DJSXNILVACEBLP-UHFFFAOYSA-J	DJSXNILVACEBLP
DB09268	UJIDKYTZIQTXPM-UHFFFAOYSA-N	UJIDKYTZIQTXPM
DB09269	WLJVXDMOQOGPHL-UHFFFAOYSA-N	WLJVXDMOQOGPHL
DB09270	ACTIUHUUMQJHFO-UHFFFAOYSA-N	ACTIUHUUMQJHFO
DB09271	QVVOZYKELHAIPX-UHFFFAOYSA-N	QVVOZYKELHAIPX
DB09272	QFNHIDANIVGXPE-UHFFFAOYSA-N	QFNHIDANIVGXPE
DB09273	HWXIGFIVGWUZAO-UHFFFAOYSA-N	HWXIGFIVGWUZAO
DB09274	FIHJKUPKCHIPAT-UHFFFAOYSA-N	FIHJKUPKCHIPAT
DB09275	KSXLKRAZYZIYCZ-UHFFFAOYSA-K	KSXLKRAZYZIYCZ
DB09276	NJRXVEJTAYWCQJ-UHFFFAOYSA-K	NJRXVEJTAYWCQJ
DB09277	OEYIOHPDSNJKLS-UHFFFAOYSA-N	OEYIOHPDSNJKLS
DB09278	VNWKTOKETHGBQD-UHFFFAOYSA-N	VNWKTOKETHGBQD
DB09279	AMEROGPZOLAFBN-UHFFFAOYSA-N	AMEROGPZOLAFBN
DB09280	UFSKUSARDNFIRC-UHFFFAOYSA-N	UFSKUSARDNFIRC
DB09281	CZONNRSTWJECNT-UHFFFAOYSA-N	CZONNRSTWJECNT
DB09282	XLFWDASMENKTKL-UHFFFAOYSA-N	XLFWDASMENKTKL
DB09283	GSNOZLZNQMLSKJ-UHFFFAOYSA-N	GSNOZLZNQMLSKJ
DB09284	MGSPDRWOUCPKNZ-UHFFFAOYSA-N	MGSPDRWOUCPKNZ
DB09285	LDXSPUSKBDTEKA-UHFFFAOYSA-N	LDXSPUSKBDTEKA
DB09286	AXKPFOAXAHJUAG-UHFFFAOYSA-N	AXKPFOAXAHJUAG
DB09288	QTGAJCQTLIRCFL-UHFFFAOYSA-N	QTGAJCQTLIRCFL
DB09289	JICJBGPOMZQUBB-UHFFFAOYSA-N	JICJBGPOMZQUBB
DB09290	NTHPAPBPFQJABD-UHFFFAOYSA-N	NTHPAPBPFQJABD
DB09291	FIVSJYGQAIEMOC-UHFFFAOYSA-N	FIVSJYGQAIEMOC
DB09292	PYNXFZCZUAOOQC-UHFFFAOYSA-N	PYNXFZCZUAOOQC
DB09293	XMBWDFGMSWQBCA-UHFFFAOYSA-M	XMBWDFGMSWQBCA
DB09295	ANMLJLFWUCQGKZ-UHFFFAOYSA-N	ANMLJLFWUCQGKZ
DB09296	PIDFDZJZLOTZTM-UHFFFAOYSA-N	PIDFDZJZLOTZTM
DB09297	UAUIUKWPKRJZJV-UHFFFAOYSA-N	UAUIUKWPKRJZJV
DB09298	SEBFKMXJBCUCAI-UHFFFAOYSA-N	SEBFKMXJBCUCAI
DB09299	LDEKQSIMHVQZJK-UHFFFAOYSA-N	LDEKQSIMHVQZJK
DB09300	YBCNXCRZPWQOBR-UHFFFAOYSA-N	YBCNXCRZPWQOBR
DB09304	GVPIXRLYKVFFMK-UHFFFAOYSA-N	GVPIXRLYKVFFMK
DB09305	MNHDDERDSNZCCK-UHFFFAOYSA-N	MNHDDERDSNZCCK
DB09308	IXXFZUPTQVDPPK-UHFFFAOYSA-N	IXXFZUPTQVDPPK
DB09309	IEMDOFXTVAPVLX-UHFFFAOYSA-N	IEMDOFXTVAPVLX
DB09313	TYYBFXNZMFNZJT-UHFFFAOYSA-N	TYYBFXNZMFNZJT
DB09314	XLYOFNOQVPJJNP-UHFFFAOYSA-N	XLYOFNOQVPJJNP
DB09315	FHNFHKCVQCLJFQ-UHFFFAOYSA-N	FHNFHKCVQCLJFQ
DB09319	JIRBAUWICKGBFE-UHFFFAOYSA-N	JIRBAUWICKGBFE
DB09320	JGSARLDLIJGVTE-UHFFFAOYSA-N	JGSARLDLIJGVTE
DB09321	XLOMVQKBTHCTTD-UHFFFAOYSA-N	XLOMVQKBTHCTTD
DB09322	QAOWNCQODCNURD-UHFFFAOYSA-L	QAOWNCQODCNURD
DB09324	FKENQMMABCRJMK-UHFFFAOYSA-N	FKENQMMABCRJMK
DB09325	KRHYYFGTRYWZRS-UHFFFAOYSA-M	KRHYYFGTRYWZRS
DB09326	QGZKDVFQNNGYKY-UHFFFAOYSA-N	QGZKDVFQNNGYKY
DB09327	WFWLQNSHRPWKFK-UHFFFAOYSA-N	WFWLQNSHRPWKFK
DB09330	DUYJMQONPNNFPI-UHFFFAOYSA-N	DUYJMQONPNNFPI
DB09332	JTNHOVZOOVVGHI-UHFFFAOYSA-J	JTNHOVZOOVVGHI
DB09333	YQNFBOJPTAXAKV-UHFFFAOYSA-N	YQNFBOJPTAXAKV
DB09335	UUZPPAMZDFLUHD-UHFFFAOYSA-N	UUZPPAMZDFLUHD
DB09338	JSYUKXVWRPINHC-UHFFFAOYSA-N	JSYUKXVWRPINHC
DB09340	YMOXVLQZFAUUKI-UHFFFAOYSA-N	YMOXVLQZFAUUKI
DB09342	CAJIGINSTLKQMM-UHFFFAOYSA-N	CAJIGINSTLKQMM
DB09343	QQHMKNYGKVVGCZ-UHFFFAOYSA-N	QQHMKNYGKVVGCZ
DB09345	DQKXQSGTHWVTAD-UHFFFAOYSA-N	DQKXQSGTHWVTAD
DB09346	GGGDNPWHMNJRFN-UHFFFAOYSA-N	GGGDNPWHMNJRFN
DB09347	GNOGSFBXBWBTIG-UHFFFAOYSA-N	GNOGSFBXBWBTIG
DB09348	VEZXCJBBBCKRPI-UHFFFAOYSA-N	VEZXCJBBBCKRPI
DB09350	FIPWRIJSWJWJAI-UHFFFAOYSA-N	FIPWRIJSWJWJAI
DB09351	NWIUTZDMDHAVTP-UHFFFAOYSA-N	NWIUTZDMDHAVTP
DB09352	GIKNHHRFLCDOEU-UHFFFAOYSA-N	GIKNHHRFLCDOEU
DB09353	JLQNHALFVCURHW-UHFFFAOYSA-N	JLQNHALFVCURHW
DB09357	SNPLKNRPJHDVJA-UHFFFAOYSA-N	SNPLKNRPJHDVJA
DB09366	ROSXARVHJNYYDO-UHFFFAOYSA-N	ROSXARVHJNYYDO
DB09371	ICTXHFFSOAJUMG-UHFFFAOYSA-N	ICTXHFFSOAJUMG
DB09374	BDBMLMBYCXNVMC-UHFFFAOYSA-O	BDBMLMBYCXNVMC
DB09378	MYYIMZRZXIQBGI-UHFFFAOYSA-N	MYYIMZRZXIQBGI
DB09383	PIDANAQULIKBQS-UHFFFAOYSA-N	PIDANAQULIKBQS
DB09389	WWYNJERNGUHSAO-UHFFFAOYSA-N	WWYNJERNGUHSAO
DB09394	NBIIXXVUZAFLBC-UHFFFAOYSA-N	NBIIXXVUZAFLBC
DB09395	QTBSBXVTEAMEQO-UHFFFAOYSA-M	QTBSBXVTEAMEQO
DB09397	JLQNHALFVCURHW-UHFFFAOYSA-N	JLQNHALFVCURHW
DB09398	KRHYYFGTRYWZRS-UHFFFAOYSA-M	KRHYYFGTRYWZRS
DB09400	RJFAYQIBOAGBLC-UHFFFAOYSA-N	RJFAYQIBOAGBLC
DB09401	KLDXJTOLSGUMSJ-UHFFFAOYSA-N	KLDXJTOLSGUMSJ
DB09403	GSVQIUGOUKJHRC-UHFFFAOYSA-N	GSVQIUGOUKJHRC
DB09407	JLVVSXFLKOJNIY-UHFFFAOYSA-N	JLVVSXFLKOJNIY
DB09409	QTBSBXVTEAMEQO-UHFFFAOYSA-M	QTBSBXVTEAMEQO
DB09413	NBIIXXVUZAFLBC-UHFFFAOYSA-M	NBIIXXVUZAFLBC
DB09414	NBIIXXVUZAFLBC-UHFFFAOYSA-L	NBIIXXVUZAFLBC
DB09418	VLTRZXGMWDSKGL-UHFFFAOYSA-M	VLTRZXGMWDSKGL
DB09419	PYMYPHUHKUWMLA-UHFFFAOYSA-N	PYMYPHUHKUWMLA
DB09420	XMBWDFGMSWQBCA-UHFFFAOYSA-M	XMBWDFGMSWQBCA
DB09421	XNSAINXGIQZQOO-UHFFFAOYSA-N	XNSAINXGIQZQOO
DB09425	QPCDCPDFJACHGM-UHFFFAOYSA-K	QPCDCPDFJACHGM
DB09443	DNNSSWSSYDEUBZ-UHFFFAOYSA-N	DNNSSWSSYDEUBZ
DB09449	NBIIXXVUZAFLBC-UHFFFAOYSA-M	NBIIXXVUZAFLBC
DB09459	FEWJPZIEWOKRBE-UHFFFAOYSA-N	FEWJPZIEWOKRBE
DB09460	BVKZGUZCCUSVTD-UHFFFAOYSA-L	BVKZGUZCCUSVTD
DB09462	PEDCQBHIVMGVHV-UHFFFAOYSA-N	PEDCQBHIVMGVHV
DB09472	QAOWNCQODCNURD-UHFFFAOYSA-L	QAOWNCQODCNURD
DB09477	LZFZMUMEGBBDTC-UHFFFAOYSA-N	LZFZMUMEGBBDTC
DB09479	NCCSSGKUIKYAJD-UHFFFAOYSA-N	NCCSSGKUIKYAJD
DB09480	ISEHJSHTIVKELA-UHFFFAOYSA-N	ISEHJSHTIVKELA
DB09481	BVKZGUZCCUSVTD-UHFFFAOYSA-L	BVKZGUZCCUSVTD
DB09483	JVTAAEKCZFNVCJ-UHFFFAOYSA-M	JVTAAEKCZFNVCJ
DB09484	DWYMPOCYEZONEA-UHFFFAOYSA-L	DWYMPOCYEZONEA
DB09487	XUHXFSYUBXNTHU-UHFFFAOYSA-N	XUHXFSYUBXNTHU
DB09488	PWACSDKDOHSSQD-UHFFFAOYSA-N	PWACSDKDOHSSQD
DB09495	XNEFYCZVKIDDMS-UHFFFAOYSA-N	XNEFYCZVKIDDMS
DB09496	YBGZDTIWKVFICR-UHFFFAOYSA-N	YBGZDTIWKVFICR
DB09498	VEXZGXHMUGYJMC-UHFFFAOYSA-M	VEXZGXHMUGYJMC
DB09499	DHCDFWKWKRSZHF-UHFFFAOYSA-N	DHCDFWKWKRSZHF
DB09501	KRKNYBCHXYNGOX-UHFFFAOYSA-N	KRKNYBCHXYNGOX
DB09502	AOYNUTHNTBLRMT-UHFFFAOYSA-N	AOYNUTHNTBLRMT
DB09510	XSQUKJJJFZCRTK-UHFFFAOYSA-N	XSQUKJJJFZCRTK
DB09512	DIBFCVPKSNXGHE-UHFFFAOYSA-N	DIBFCVPKSNXGHE
DB09513	XSQUKJJJFZCRTK-UHFFFAOYSA-N	XSQUKJJJFZCRTK
DB09516	NWVVVBRKAWDGAB-UHFFFAOYSA-N	NWVVVBRKAWDGAB
DB09517	CZMRCDWAGMRECN-UHFFFAOYSA-N	CZMRCDWAGMRECN
DB09526	QIGBRXMKCJKVMJ-UHFFFAOYSA-N	QIGBRXMKCJKVMJ
DB09536	GWEVSGVZZGPLCZ-UHFFFAOYSA-N	GWEVSGVZZGPLCZ
DB09543	OSWPMRLSEDHDFF-UHFFFAOYSA-N	OSWPMRLSEDHDFF
DB09546	PDWUPXJEEYOOTR-UHFFFAOYSA-N	PDWUPXJEEYOOTR
DB09552	IOYZYMQFUSNATM-UHFFFAOYSA-N	IOYZYMQFUSNATM
DB09555	SOYKEARSMXGVTM-UHFFFAOYSA-N	SOYKEARSMXGVTM
DB09561	AWUCVROLDVIAJX-UHFFFAOYSA-L	AWUCVROLDVIAJX
DB09563	OEYIOHPDSNJKLS-UHFFFAOYSA-N	OEYIOHPDSNJKLS
DB09570	MXAYKZJJDUDWDS-UHFFFAOYSA-N	MXAYKZJJDUDWDS
DB09571	MYWUZJCMWCOHBA-UHFFFAOYSA-N	MYWUZJCMWCOHBA
DB11064	WSSJONWNBBTCMG-UHFFFAOYSA-N	WSSJONWNBBTCMG
DB11068	QYHFIVBSNOWOCQ-UHFFFAOYSA-N	QYHFIVBSNOWOCQ
DB11071	ZQBAKBUEJOMQEX-UHFFFAOYSA-N	ZQBAKBUEJOMQEX
DB11072	KRHYYFGTRYWZRS-UHFFFAOYSA-N	KRHYYFGTRYWZRS
DB11073	NEUSVAOJNUQRTM-UHFFFAOYSA-N	NEUSVAOJNUQRTM
DB11079	YGSDEFSMJLZEOE-UHFFFAOYSA-N	YGSDEFSMJLZEOE
DB11080	NHNBFGGVMKEFGY-UHFFFAOYSA-N	NHNBFGGVMKEFGY
DB11081	VSCWAEJMTAWNJL-UHFFFAOYSA-K	VSCWAEJMTAWNJL
DB11085	GHMLBKRAJCXXBS-UHFFFAOYSA-N	GHMLBKRAJCXXBS
DB11089	HNSDLXPSAYFUHK-UHFFFAOYSA-N	HNSDLXPSAYFUHK
DB11090	NHNBFGGVMKEFGY-UHFFFAOYSA-N	NHNBFGGVMKEFGY
DB11091	MHAJPDPJQMAIIY-UHFFFAOYSA-N	MHAJPDPJQMAIIY
DB11092	ANOBYBYXJXCGBS-UHFFFAOYSA-L	ANOBYBYXJXCGBS
DB11093	KRKNYBCHXYNGOX-UHFFFAOYSA-K	KRKNYBCHXYNGOX
DB11098	BVKZGUZCCUSVTD-UHFFFAOYSA-M	BVKZGUZCCUSVTD
DB11100	POJWUDADGALRAB-UHFFFAOYSA-N	POJWUDADGALRAB
DB11102	CAHKINHBCWCHCF-UHFFFAOYSA-N	CAHKINHBCWCHCF
DB11104	SFZCNBIFKDRMGX-UHFFFAOYSA-N	SFZCNBIFKDRMGX
DB11107	FEWJPZIEWOKRBE-UHFFFAOYSA-M	FEWJPZIEWOKRBE
DB11109	KZBUYRJDOAKODT-UHFFFAOYSA-N	KZBUYRJDOAKODT
DB11110	KRKNYBCHXYNGOX-UHFFFAOYSA-K	KRKNYBCHXYNGOX
DB11117	FRPZMMHWLSIFAZ-UHFFFAOYSA-N	FRPZMMHWLSIFAZ
DB11119	FKNQFGJONOIPTF-UHFFFAOYSA-N	FKNQFGJONOIPTF
DB11121	OSDLLIBGSJNGJE-UHFFFAOYSA-N	OSDLLIBGSJNGJE
DB11123	WQYVRQLZKVEZGA-UHFFFAOYSA-N	WQYVRQLZKVEZGA
DB11125	SIYLLGKDQZGJHK-UHFFFAOYSA-N	SIYLLGKDQZGJHK
DB11126	RGHNJXZEOKUKBD-UHFFFAOYSA-M	RGHNJXZEOKUKBD
DB11127	MCAHWIHFGHIESP-UHFFFAOYSA-N	MCAHWIHFGHIESP
DB11132	VYPSYNLAJGMNEJ-UHFFFAOYSA-N	VYPSYNLAJGMNEJ
DB11134	AHKZTVQIVOEVFO-UHFFFAOYSA-N	AHKZTVQIVOEVFO
DB11135	BUGBHKTXTAQXES-UHFFFAOYSA-N	BUGBHKTXTAQXES
DB11136	VYZAMTAEIAYCRO-UHFFFAOYSA-N	VYZAMTAEIAYCRO
DB11137	ZOKXTWBITQBERF-UHFFFAOYSA-N	ZOKXTWBITQBERF
DB11140	VYZAMTAEIAYCRO-UHFFFAOYSA-N	VYZAMTAEIAYCRO
DB11142	RJFAYQIBOAGBLC-UHFFFAOYSA-N	RJFAYQIBOAGBLC
DB11145	MCJGNVYPOGVAJF-UHFFFAOYSA-N	MCJGNVYPOGVAJF
DB11148	IUWVALYLNVXWKX-UHFFFAOYSA-N	IUWVALYLNVXWKX
DB11150	QAOWNCQODCNURD-UHFFFAOYSA-L	QAOWNCQODCNURD
DB11151	XLYOFNOQVPJJNP-UHFFFAOYSA-M	XLYOFNOQVPJJNP
DB11153	XLYOFNOQVPJJNP-UHFFFAOYSA-M	XLYOFNOQVPJJNP
DB11154	KRKNYBCHXYNGOX-UHFFFAOYSA-K	KRKNYBCHXYNGOX
DB11155	ICUTUKXCWQYESQ-UHFFFAOYSA-N	ICUTUKXCWQYESQ
DB11156	YSAUAVHXTIETRK-UHFFFAOYSA-N	YSAUAVHXTIETRK
DB11157	NUZWLKWWNNJHPT-UHFFFAOYSA-N	NUZWLKWWNNJHPT
DB11159	FKNQFGJONOIPTF-UHFFFAOYSA-N	FKNQFGJONOIPTF
DB11160	IZRPKIZLIFYYKR-UHFFFAOYSA-N	IZRPKIZLIFYYKR
DB11164	RZQNBTMGBODDSK-UHFFFAOYSA-N	RZQNBTMGBODDSK
DB11168	JPIJQSOTBSSVTP-UHFFFAOYSA-M	JPIJQSOTBSSVTP
DB11171	QAOWNCQODCNURD-UHFFFAOYSA-L	QAOWNCQODCNURD
DB11175	SIOXPEMLGUPBBT-UHFFFAOYSA-M	SIOXPEMLGUPBBT
DB11181	ZTVIKZXZYLEVOL-UHFFFAOYSA-N	ZTVIKZXZYLEVOL
DB11182	VDNLFJGJEQUWRB-UHFFFAOYSA-N	VDNLFJGJEQUWRB
DB11184	DEGAKNSWVGKMLS-UHFFFAOYSA-N	DEGAKNSWVGKMLS
DB11185	CXVGEDCSTKKODG-UHFFFAOYSA-N	CXVGEDCSTKKODG
DB11186	CFJMRBQWBDQYMK-UHFFFAOYSA-N	CFJMRBQWBDQYMK
DB11189	DHMQDGOQFOQNFH-UHFFFAOYSA-M	DHMQDGOQFOQNFH
DB11190	DJWYOLJPSHDSAL-UHFFFAOYSA-N	DJWYOLJPSHDSAL
DB11191	RHYVGCKRBKDRDX-UHFFFAOYSA-L	RHYVGCKRBKDRDX
DB11195	HEBKCHPVOIAQTA-UHFFFAOYSA-N	HEBKCHPVOIAQTA
DB11200	DHMQDGOQFOQNFH-UHFFFAOYSA-M	DHMQDGOQFOQNFH
DB11201	SJOXEWUZWQYCGL-UHFFFAOYSA-N	SJOXEWUZWQYCGL
DB11203	ZOXJGFHDIHLPTG-UHFFFAOYSA-N	ZOXJGFHDIHLPTG
DB11210	DHMQDGOQFOQNFH-UHFFFAOYSA-M	DHMQDGOQFOQNFH
DB11217	BJRNKVDFDLYUGJ-UHFFFAOYSA-N	BJRNKVDFDLYUGJ
DB11219	HEOCBCNFKCOKBX-UHFFFAOYSA-N	HEOCBCNFKCOKBX
DB11221	MEZZCSHVIGVWFI-UHFFFAOYSA-N	MEZZCSHVIGVWFI
DB11231	OAIJSZIZWZSQBC-UHFFFAOYSA-N	OAIJSZIZWZSQBC
DB11235	GULNIHOSWFYMRN-UHFFFAOYSA-N	GULNIHOSWFYMRN
DB11239	QAOWNCQODCNURD-UHFFFAOYSA-L	QAOWNCQODCNURD
DB11248	RGHNJXZEOKUKBD-UHFFFAOYSA-M	RGHNJXZEOKUKBD
DB11254	WFJIVOKAWHGMBH-UHFFFAOYSA-N	WFJIVOKAWHGMBH
DB11256	ZNOVTXRBGFNYRX-UHFFFAOYSA-N	ZNOVTXRBGFNYRX
DB11257	KRHYYFGTRYWZRS-UHFFFAOYSA-M	KRHYYFGTRYWZRS
DB11259	MBNGWHIJMBWFHU-UHFFFAOYSA-N	MBNGWHIJMBWFHU
DB11263	HSTZMXCBWJGKHG-UHFFFAOYSA-N	HSTZMXCBWJGKHG
DB11268	IBGBGRVKPALMCQ-UHFFFAOYSA-N	IBGBGRVKPALMCQ
DB11273	SEALOBQTUQIVGU-UHFFFAOYSA-N	SEALOBQTUQIVGU
DB11274	PBUNVLRHZGSROC-UHFFFAOYSA-N	PBUNVLRHZGSROC
DB11275	SBFXHXZNBNFPHV-UHFFFAOYSA-N	SBFXHXZNBNFPHV
DB11278	FMCGSUUBYTWNDP-UHFFFAOYSA-N	FMCGSUUBYTWNDP
DB11281	BVKZGUZCCUSVTD-UHFFFAOYSA-L	BVKZGUZCCUSVTD
DB11282	MMOXZBCLCQITDF-UHFFFAOYSA-N	MMOXZBCLCQITDF
DB11283	CITHEXJVPOWHKC-UHFFFAOYSA-N	CITHEXJVPOWHKC
DB11284	BPHQZTVXXXJVHI-UHFFFAOYSA-N	BPHQZTVXXXJVHI
DB11304	QCDWFXQBSFUVSP-UHFFFAOYSA-N	QCDWFXQBSFUVSP
DB11309	QAOWNCQODCNURD-UHFFFAOYSA-N	QAOWNCQODCNURD
DB11315	LZCOQTDXKCNBEE-UHFFFAOYSA-N	LZCOQTDXKCNBEE
DB11323	LVYLCBNXHHHPSB-UHFFFAOYSA-N	LVYLCBNXHHHPSB
DB11324	RGOVYLWUIBMPGK-UHFFFAOYSA-N	RGOVYLWUIBMPGK
DB11326	KGBXLFKZBHKPEV-UHFFFAOYSA-N	KGBXLFKZBHKPEV
DB11327	ZHDBTKPXEJDTTQ-UHFFFAOYSA-N	ZHDBTKPXEJDTTQ
DB11328	GROJOWHVXQYQGN-UHFFFAOYSA-N	GROJOWHVXQYQGN
DB11332	QSIRXSYRKZHJHX-UHFFFAOYSA-N	QSIRXSYRKZHJHX
DB11336	QANMHLXAZMSUEX-UHFFFAOYSA-N	QANMHLXAZMSUEX
DB11337	UZKQTCBAMSWPJD-UHFFFAOYSA-N	UZKQTCBAMSWPJD
DB11340	QNTNKSLOFHEFPK-UHFFFAOYSA-N	QNTNKSLOFHEFPK
DB11342	AHKZTVQIVOEVFO-UHFFFAOYSA-N	AHKZTVQIVOEVFO
DB11345	DSSYKIVIOFKYAU-UHFFFAOYSA-N	DSSYKIVIOFKYAU
DB11346	IGLNJRXAVVLDKE-UHFFFAOYSA-N	IGLNJRXAVVLDKE
DB11348	NBIIXXVUZAFLBC-UHFFFAOYSA-K	NBIIXXVUZAFLBC
DB11359	LHGVFZTZFXWLCP-UHFFFAOYSA-N	LHGVFZTZFXWLCP
DB11362	QXWZQTURMXZVHJ-UHFFFAOYSA-N	QXWZQTURMXZVHJ
DB11363	KDGFLJKFZUIJMX-UHFFFAOYSA-N	KDGFLJKFZUIJMX
DB11364	UUTKICFRNVKFRG-UHFFFAOYSA-N	UUTKICFRNVKFRG
DB11365	IPQVTOJGNYVQEO-UHFFFAOYSA-N	IPQVTOJGNYVQEO
DB11366	SGOOQMRIPALTEL-UHFFFAOYSA-N	SGOOQMRIPALTEL
DB11367	RDMOROXKXONCAL-UHFFFAOYSA-N	RDMOROXKXONCAL
DB11368	GEGSSUSEWOHAFE-UHFFFAOYSA-N	GEGSSUSEWOHAFE
DB11371	DUHUCHOQIDJXAT-UHFFFAOYSA-N	DUHUCHOQIDJXAT
DB11372	VWAUPFMBXBWEQY-UHFFFAOYSA-N	VWAUPFMBXBWEQY
DB11373	QXAITBQSYVNQDR-UHFFFAOYSA-N	QXAITBQSYVNQDR
DB11375	XIRGHRXBGGPPKY-UHFFFAOYSA-N	XIRGHRXBGGPPKY
DB11376	XTKDAFGWCDAMPY-UHFFFAOYSA-N	XTKDAFGWCDAMPY
DB11377	FUIOWSNNCWZETH-UHFFFAOYSA-N	FUIOWSNNCWZETH
DB11380	QZWHWHNCPFEXLL-UHFFFAOYSA-N	QZWHWHNCPFEXLL
DB11383	FQVHOULQCKDUCY-UHFFFAOYSA-N	FQVHOULQCKDUCY
DB11386	OSASVXMJTNOKOY-UHFFFAOYSA-N	OSASVXMJTNOKOY
DB11387	HEDRZPFGACZZDS-UHFFFAOYSA-N	HEDRZPFGACZZDS
DB11389	QOVTVIYTBRHADL-UHFFFAOYSA-N	QOVTVIYTBRHADL
DB11390	BXNANOICGRISHX-UHFFFAOYSA-N	BXNANOICGRISHX
DB11393	QMLVECGLEOSESV-UHFFFAOYSA-N	QMLVECGLEOSESV
DB11394	JHAYEQICABJSTP-UHFFFAOYSA-N	JHAYEQICABJSTP
DB11395	WAZQAZKAZLXFMK-UHFFFAOYSA-N	WAZQAZKAZLXFMK
DB11396	MDNWOSOZYLHTCG-UHFFFAOYSA-N	MDNWOSOZYLHTCG
DB11397	OEBRKCOSUFCWJD-UHFFFAOYSA-N	OEBRKCOSUFCWJD
DB11398	ZSZFUDFOPOMEET-UHFFFAOYSA-N	ZSZFUDFOPOMEET
DB11399	TUOSYWCFRFNJBS-UHFFFAOYSA-N	TUOSYWCFRFNJBS
DB11400	QLFZZSKTJWDQOS-UHFFFAOYSA-N	QLFZZSKTJWDQOS
DB11401	ASOJLQIBBYOFDE-UHFFFAOYSA-N	ASOJLQIBBYOFDE
DB11403	ZMQMTKVVAMWKNY-UHFFFAOYSA-N	ZMQMTKVVAMWKNY
DB11404	SPFYMRJSYKOXGV-UHFFFAOYSA-N	SPFYMRJSYKOXGV
DB11405	WPNHOHPRXXCPRA-UHFFFAOYSA-N	WPNHOHPRXXCPRA
DB11408	JISACBWYRJHSMG-UHFFFAOYSA-N	JISACBWYRJHSMG
DB11409	HMCCXLBXIJMERM-UHFFFAOYSA-N	HMCCXLBXIJMERM
DB11410	HDDSHPAODJUKPD-UHFFFAOYSA-N	HDDSHPAODJUKPD
DB11411	BYNHBQROLKAEDQ-UHFFFAOYSA-N	BYNHBQROLKAEDQ
DB11412	PNVJTZOFSHSLTO-UHFFFAOYSA-N	PNVJTZOFSHSLTO
DB11413	AYIRNRDRBQJXIF-UHFFFAOYSA-N	AYIRNRDRBQJXIF
DB11416	VWAMTBXLZPEDQO-UHFFFAOYSA-N	VWAMTBXLZPEDQO
DB11417	CDXJPGDTQSCRGD-UHFFFAOYSA-M	CDXJPGDTQSCRGD
DB11419	KULDXINYXFTXMO-UHFFFAOYSA-N	KULDXINYXFTXMO
DB11420	PRAKJMSDJKAYCZ-UHFFFAOYSA-N	PRAKJMSDJKAYCZ
DB11421	YWTYJOPNNQFBPC-UHFFFAOYSA-N	YWTYJOPNNQFBPC
DB11423	BBMULGJBVDDDNI-UHFFFAOYSA-N	BBMULGJBVDDDNI
DB11424	PWPJGUXAGUPAHP-UHFFFAOYSA-N	PWPJGUXAGUPAHP
DB11425	KFUDFIMHDRJVLV-UHFFFAOYSA-N	KFUDFIMHDRJVLV
DB11426	BPFYOAJNDMUVBL-UHFFFAOYSA-N	BPFYOAJNDMUVBL
DB11428	CUHVIMMYOGQXCV-UHFFFAOYSA-N	CUHVIMMYOGQXCV
DB11429	PTQMMNYJKCSPET-UHFFFAOYSA-N	PTQMMNYJKCSPET
DB11430	GAOZTHIDHYLHMS-UHFFFAOYSA-N	GAOZTHIDHYLHMS
DB11431	YZBLFMPOMVTDJY-UHFFFAOYSA-N	YZBLFMPOMVTDJY
DB11432	VHKXXVVRRDYCIK-UHFFFAOYSA-N	VHKXXVVRRDYCIK
DB11438	CFRPSFYHXJZSBI-UHFFFAOYSA-N	CFRPSFYHXJZSBI
DB11442	RZPAKFUAFGMUPI-UHFFFAOYSA-N	RZPAKFUAFGMUPI
DB11443	QIPQASLPWJVQMH-UHFFFAOYSA-N	QIPQASLPWJVQMH
DB11446	BEZZFPOZAYTVHN-UHFFFAOYSA-N	BEZZFPOZAYTVHN
DB11447	WJFKNYWRSNBZNX-UHFFFAOYSA-N	WJFKNYWRSNBZNX
DB11448	LMNZTLDVJIUSHT-UHFFFAOYSA-N	LMNZTLDVJIUSHT
DB11450	GLBJJMFZWDBELO-UHFFFAOYSA-N	GLBJJMFZWDBELO
DB11454	GNIYHUSSKSFYBD-UHFFFAOYSA-N	GNIYHUSSKSFYBD
DB11455	ZEXGDYFACFXQPF-UHFFFAOYSA-N	ZEXGDYFACFXQPF
DB11457	JUVIOZPCNVVQFO-UHFFFAOYSA-N	JUVIOZPCNVVQFO
DB11458	XMVJITFPVVRMHC-UHFFFAOYSA-N	XMVJITFPVVRMHC
DB11459	AFJYYKSVHJGXSN-UHFFFAOYSA-N	AFJYYKSVHJGXSN
DB11460	YYGNTYWPHWGJRM-UHFFFAOYSA-N	YYGNTYWPHWGJRM
DB11461	XOXHILFPRYWFOD-UHFFFAOYSA-N	XOXHILFPRYWFOD
DB11462	FFJIWWBSBCOKLS-UHFFFAOYSA-N	FFJIWWBSBCOKLS
DB11463	GWBPFRGXNGPPMF-UHFFFAOYSA-N	GWBPFRGXNGPPMF
DB11464	NHZLNPMOSADWGC-UHFFFAOYSA-N	NHZLNPMOSADWGC
DB11466	XYKWNRUXCOIMFZ-UHFFFAOYSA-N	XYKWNRUXCOIMFZ
DB11467	NSFFHOGKXHRQEW-UHFFFAOYSA-N	NSFFHOGKXHRQEW
DB11468	UURAUHCOJAIIRQ-UHFFFAOYSA-N	UURAUHCOJAIIRQ
DB11470	HNDXPZPJZGTJLJ-UHFFFAOYSA-N	HNDXPZPJZGTJLJ
DB11471	JTSDBFGMPLKDCD-UHFFFAOYSA-N	JTSDBFGMPLKDCD
DB11473	NFACJZMKEDPNKN-UHFFFAOYSA-N	NFACJZMKEDPNKN
DB11474	GUARTUJKFNAVIK-UHFFFAOYSA-N	GUARTUJKFNAVIK
DB11475	WBPYTXDJUQJLPQ-UHFFFAOYSA-N	WBPYTXDJUQJLPQ
DB11476	FEPMHVLSLDOMQC-UHFFFAOYSA-N	FEPMHVLSLDOMQC
DB11477	BPICBUSOMSTKRF-UHFFFAOYSA-N	BPICBUSOMSTKRF
DB11478	DWTTZBARDOXEAM-UHFFFAOYSA-N	DWTTZBARDOXEAM
DB11479	ZSTCZWJCLIRCOJ-UHFFFAOYSA-N	ZSTCZWJCLIRCOJ
DB11480	ZEFNOZRLAWVAQF-UHFFFAOYSA-N	ZEFNOZRLAWVAQF
DB11481	HSWPZIDYAHLZDD-UHFFFAOYSA-N	HSWPZIDYAHLZDD
DB11485	ZBHXIWJRIFEVQY-UHFFFAOYSA-N	ZBHXIWJRIFEVQY
DB11487	BQTXJHAJMDGOFI-UHFFFAOYSA-N	BQTXJHAJMDGOFI
DB11490	UIQMVEYFGZJHCZ-UHFFFAOYSA-N	UIQMVEYFGZJHCZ
DB11491	XBHBWNFJWIASRO-UHFFFAOYSA-N	XBHBWNFJWIASRO
DB11493	UNXRWKVEANCORM-UHFFFAOYSA-I	UNXRWKVEANCORM
DB11496	YXIWHUQXZSMYRE-UHFFFAOYSA-N	YXIWHUQXZSMYRE
DB11497	XIUROWKZWPIAIB-UHFFFAOYSA-N	XIUROWKZWPIAIB
DB11502	HQFWVSGBVLEQGA-UHFFFAOYSA-N	HQFWVSGBVLEQGA
DB11504	OFAIGZWCDGNZGT-UHFFFAOYSA-N	OFAIGZWCDGNZGT
DB11507	VJGGHXVGBSZVMZ-UHFFFAOYSA-N	VJGGHXVGBSZVMZ
DB11510	GJKXGJCSJWBJEZ-UHFFFAOYSA-N	GJKXGJCSJWBJEZ
DB11511	NOCJXYPHIIZEHN-UHFFFAOYSA-N	NOCJXYPHIIZEHN
DB11512	ASXBYYWOLISCLQ-UHFFFAOYSA-N	ASXBYYWOLISCLQ
DB11518	NOOCSNJCXJYGPE-UHFFFAOYSA-N	NOOCSNJCXJYGPE
DB11519	WWSWYXNVCBLWNZ-UHFFFAOYSA-N	WWSWYXNVCBLWNZ
DB11520	GRRNUXAQVGOGFE-UHFFFAOYSA-N	GRRNUXAQVGOGFE
DB11521	SCEVFJUWLLRELN-UHFFFAOYSA-N	SCEVFJUWLLRELN
DB11525	RWVUEZAROXKXRT-UHFFFAOYSA-N	RWVUEZAROXKXRT
DB11526	WJEOLQLKVOPQFV-UHFFFAOYSA-N	WJEOLQLKVOPQFV
DB11529	OKHAOBQKCCIRLO-UHFFFAOYSA-N	OKHAOBQKCCIRLO
DB11537	HBJOXQRURQPDEX-UHFFFAOYSA-N	HBJOXQRURQPDEX
DB11540	ZQTVCQIJTREKSP-UHFFFAOYSA-N	ZQTVCQIJTREKSP
DB11541	YJQZYXCXBBCEAQ-UHFFFAOYSA-N	YJQZYXCXBBCEAQ
DB11543	KDPNLRQZHDJRFU-UHFFFAOYSA-N	KDPNLRQZHDJRFU
DB11544	KQXDHUJYNAXLNZ-UHFFFAOYSA-N	KQXDHUJYNAXLNZ
DB11549	QAXBVGVYDCAVLV-UHFFFAOYSA-N	QAXBVGVYDCAVLV
DB11552	ZMCBYSBVJIMENC-UHFFFAOYSA-N	ZMCBYSBVJIMENC
DB11554	KCJJINQANFZSAM-UHFFFAOYSA-N	KCJJINQANFZSAM
DB11555	GDSCFOSHSOWNDL-UHFFFAOYSA-N	GDSCFOSHSOWNDL
DB11556	RHDJRPPFURBGLQ-UHFFFAOYSA-N	RHDJRPPFURBGLQ
DB11558	YXFVVABEGXRONW-UHFFFAOYSA-N	YXFVVABEGXRONW
DB11560	FGQFOYHRJSUHMR-UHFFFAOYSA-N	FGQFOYHRJSUHMR
DB11561	XJGFWWJLMVZSIG-UHFFFAOYSA-N	XJGFWWJLMVZSIG
DB11562	IYGYMKDQCDOMRE-UHFFFAOYSA-N	IYGYMKDQCDOMRE
DB11573	XLYOFNOQVPJJNP-UHFFFAOYSA-N	XLYOFNOQVPJJNP
DB11574	BVAZQCUMNICBAQ-UHFFFAOYSA-N	BVAZQCUMNICBAQ
DB11575	OBMNJSNZOWALQB-UHFFFAOYSA-N	OBMNJSNZOWALQB
DB11576	JEIPFZHSYJVQDO-UHFFFAOYSA-N	JEIPFZHSYJVQDO
DB11577	JMEVHYCNAPFOAB-UHFFFAOYSA-N	JMEVHYCNAPFOAB
DB11581	LQBVNQSMGBZMKD-UHFFFAOYSA-N	LQBVNQSMGBZMKD
DB11582	LEQAKWQJCITZNK-UHFFFAOYSA-N	LEQAKWQJCITZNK
DB11584	XSWHNYGMWWVAIE-UHFFFAOYSA-N	XSWHNYGMWWVAIE
DB11586	XRWSZZJLZRKHHD-UHFFFAOYSA-N	XRWSZZJLZRKHHD
DB11587	IRVLBORJKFZWMI-UHFFFAOYSA-N	IRVLBORJKFZWMI
DB11588	UGFAIRIUMAVXCW-UHFFFAOYSA-N	UGFAIRIUMAVXCW
DB11590	HXQVQGWHFRNKMS-UHFFFAOYSA-L	HXQVQGWHFRNKMS
DB11591	ACCMWZWAEFYUGZ-UHFFFAOYSA-N	ACCMWZWAEFYUGZ
DB11593	TXJUTRJFNRYTHH-UHFFFAOYSA-N	TXJUTRJFNRYTHH
DB11594	YXUPZGKORWTXID-UHFFFAOYSA-N	YXUPZGKORWTXID
DB11596	VVIAGPKUTFNRDU-UHFFFAOYSA-N	VVIAGPKUTFNRDU
DB11609	WCJFBSYALHQBSK-UHFFFAOYSA-N	WCJFBSYALHQBSK
DB11611	JFOZKMSJYSPYLN-UHFFFAOYSA-N	JFOZKMSJYSPYLN
DB11613	FHCUMDQMBHQXKK-UHFFFAOYSA-N	FHCUMDQMBHQXKK
DB11614	WUZYKBABMWJHDL-UHFFFAOYSA-N	WUZYKBABMWJHDL
DB11616	KMSKQZKKOZQFFG-UHFFFAOYSA-N	KMSKQZKKOZQFFG
DB11617	USZYSDMBJDPRIF-UHFFFAOYSA-N	USZYSDMBJDPRIF
DB11618	FBTUMDXHSRTGRV-UHFFFAOYSA-N	FBTUMDXHSRTGRV
DB11619	BJJXHLWLUDYTGC-UHFFFAOYSA-N	BJJXHLWLUDYTGC
DB11620	PUUSSSIBPPTKTP-UHFFFAOYSA-N	PUUSSSIBPPTKTP
DB11622	OHXPGWPVLFPUSM-UHFFFAOYSA-N	OHXPGWPVLFPUSM
DB11623	ACZWIDANLCXHBM-UHFFFAOYSA-N	ACZWIDANLCXHBM
DB11625	NJCBUSHGCBERSK-UHFFFAOYSA-N	NJCBUSHGCBERSK
DB11629	NXFFJDQHYLNEJK-UHFFFAOYSA-N	NXFFJDQHYLNEJK
DB11630	LYPFDBRUNKHDGX-UHFFFAOYSA-N	LYPFDBRUNKHDGX
DB11632	ASOADIZOVZTJSR-UHFFFAOYSA-N	ASOADIZOVZTJSR
DB11633	DDFOUSQFMYRUQK-UHFFFAOYSA-N	DDFOUSQFMYRUQK
DB11636	KZUIYQJTUIACIG-UHFFFAOYSA-N	KZUIYQJTUIACIG
DB11637	XDAOLTSRNUSPPH-UHFFFAOYSA-N	XDAOLTSRNUSPPH
DB11638	BJDCWCLMFKKGEE-UHFFFAOYSA-N	BJDCWCLMFKKGEE
DB11640	OYTKINVCDFNREN-UHFFFAOYSA-N	OYTKINVCDFNREN
DB11641	NMDYYWFGPIMTKO-UHFFFAOYSA-N	NMDYYWFGPIMTKO
DB11642	NNACHAUCXXVJSP-UHFFFAOYSA-N	NNACHAUCXXVJSP
DB11644	TXEIIPDJKFWEEC-UHFFFAOYSA-N	TXEIIPDJKFWEEC
DB11645	DVNQWYLVSNPCJZ-UHFFFAOYSA-N	DVNQWYLVSNPCJZ
DB11647	NBRQRXRBIHVLGI-UHFFFAOYSA-N	NBRQRXRBIHVLGI
DB11648	AFJRDFWMXUECEW-UHFFFAOYSA-N	AFJRDFWMXUECEW
DB11649	MCPUZZJBAHRIPO-UHFFFAOYSA-N	MCPUZZJBAHRIPO
DB11651	JOGKUKXHTYWRGZ-UHFFFAOYSA-N	JOGKUKXHTYWRGZ
DB11652	SDEAXTCZPQIFQM-UHFFFAOYSA-N	SDEAXTCZPQIFQM
DB11653	FFHBJDQSGDNCIV-UHFFFAOYSA-N	FFHBJDQSGDNCIV
DB11655	IHIUGIVXARLYHP-UHFFFAOYSA-N	IHIUGIVXARLYHP
DB11656	ALLWOAVDORUJLA-UHFFFAOYSA-N	ALLWOAVDORUJLA
DB11658	YOPFAMROKXHVCQ-UHFFFAOYSA-N	YOPFAMROKXHVCQ
DB11659	APFVFJFRJDLVQX-UHFFFAOYSA-N	APFVFJFRJDLVQX
DB11660	LOVMMUBRQUFEAH-UHFFFAOYSA-N	LOVMMUBRQUFEAH
DB11662	SYYBDNPGDKKJDU-UHFFFAOYSA-N	SYYBDNPGDKKJDU
DB11663	LHNIIDJUOCFXAP-UHFFFAOYSA-N	LHNIIDJUOCFXAP
DB11664	QVDSEJDULKLHCG-UHFFFAOYSA-N	QVDSEJDULKLHCG
DB11665	CSGQVNMSRKWUSH-UHFFFAOYSA-N	CSGQVNMSRKWUSH
DB11666	CWHUFRVAEUJCEF-UHFFFAOYSA-N	CWHUFRVAEUJCEF
DB11669	BWKDAMBGCPRVPI-UHFFFAOYSA-N	BWKDAMBGCPRVPI
DB11671	SMFXSYMLJDHGIE-UHFFFAOYSA-N	SMFXSYMLJDHGIE
DB11672	VFLDPWHFBUODDF-UHFFFAOYSA-N	VFLDPWHFBUODDF
DB11673	NHZMQXZHNVQTQA-UHFFFAOYSA-N	NHZMQXZHNVQTQA
DB11674	ADFCQWZHKCXPAJ-UHFFFAOYSA-N	ADFCQWZHKCXPAJ
DB11675	YPELFRMCRYSPKZ-UHFFFAOYSA-N	YPELFRMCRYSPKZ
DB11677	PJHKBYALYHRYSK-UHFFFAOYSA-N	PJHKBYALYHRYSK
DB11678	YCPOZVAOBBQLRI-UHFFFAOYSA-N	YCPOZVAOBBQLRI
DB11679	BALLNEJQLSTPIO-UHFFFAOYSA-N	BALLNEJQLSTPIO
DB11681	DHCOPPHTVOXDKU-UHFFFAOYSA-N	DHCOPPHTVOXDKU
DB11682	RUEYEZADQJCKGV-UHFFFAOYSA-N	RUEYEZADQJCKGV
DB11683	ICYNYWFGIDGBRD-UHFFFAOYSA-N	ICYNYWFGIDGBRD
DB11686	UXIPFQUBOVWAQW-UHFFFAOYSA-N	UXIPFQUBOVWAQW
DB11687	MWUFVYLAWAXDHQ-UHFFFAOYSA-N	MWUFVYLAWAXDHQ
DB11688	HYHJFNXFVPGMBI-UHFFFAOYSA-N	HYHJFNXFVPGMBI
DB11689	CYOHGALHFOKKQC-UHFFFAOYSA-N	CYOHGALHFOKKQC
DB11691	AXQACEQYCPKDMV-UHFFFAOYSA-N	AXQACEQYCPKDMV
DB11692	QYTBBBAHNIWFOD-UHFFFAOYSA-N	QYTBBBAHNIWFOD
DB11693	BICRTLVBTLFLRD-UHFFFAOYSA-N	BICRTLVBTLFLRD
DB11694	WPHKIQPVPYJNAX-UHFFFAOYSA-N	WPHKIQPVPYJNAX
DB11695	CQOVPNPJLQNMDC-UHFFFAOYSA-N	CQOVPNPJLQNMDC
DB11696	ODUOJXZPIYUATO-UHFFFAOYSA-N	ODUOJXZPIYUATO
DB11697	HWXVIOGONBBTBY-UHFFFAOYSA-N	HWXVIOGONBBTBY
DB11698	AHFWIQIYAXSLBA-UHFFFAOYSA-N	AHFWIQIYAXSLBA
DB11699	ZNRGQMMCGHDTEI-UHFFFAOYSA-N	ZNRGQMMCGHDTEI
DB11700	HDHDTKMUACZDAA-UHFFFAOYSA-N	HDHDTKMUACZDAA
DB11703	WDENQIQQYWYTPO-UHFFFAOYSA-N	WDENQIQQYWYTPO
DB11704	FASLTMSUPQDLIB-UHFFFAOYSA-N	FASLTMSUPQDLIB
DB11705	NJKDOADNQSYQEV-UHFFFAOYSA-N	NJKDOADNQSYQEV
DB11706	JESCETIFNOFKEU-UHFFFAOYSA-N	JESCETIFNOFKEU
DB11708	DREIJXJRTLTGJC-UHFFFAOYSA-N	DREIJXJRTLTGJC
DB11710	LDHMAVIPBRSVRG-UHFFFAOYSA-O	LDHMAVIPBRSVRG
DB11712	MJUVRTYWUMPBTR-UHFFFAOYSA-N	MJUVRTYWUMPBTR
DB11713	AXWDHVUJXNOWCC-UHFFFAOYSA-N	AXWDHVUJXNOWCC
DB11716	OBBCSXFCDPPXOL-UHFFFAOYSA-N	OBBCSXFCDPPXOL
DB11717	FBKMWOJEPMPVTQ-UHFFFAOYSA-N	FBKMWOJEPMPVTQ
DB11718	CMJCXYNUCSMDBY-UHFFFAOYSA-N	CMJCXYNUCSMDBY
DB11719	VCNSPGHSQPMCFF-UHFFFAOYSA-N	VCNSPGHSQPMCFF
DB11720	PVHLMTREZMEJCG-UHFFFAOYSA-N	PVHLMTREZMEJCG
DB11721	IRNJSRAGRIZIHD-UHFFFAOYSA-N	IRNJSRAGRIZIHD
DB11723	DVJAMEIQRSHVKC-UHFFFAOYSA-N	DVJAMEIQRSHVKC
DB11724	QXZBMSIDSOZZHK-UHFFFAOYSA-N	QXZBMSIDSOZZHK
DB11725	JNODQFNWMXFMEV-UHFFFAOYSA-N	JNODQFNWMXFMEV
DB11726	SSRDSYXGYPJKRR-UHFFFAOYSA-N	SSRDSYXGYPJKRR
DB11730	RHXHGRAEPCAFML-UHFFFAOYSA-N	RHXHGRAEPCAFML
DB11732	XEDHVZKDSYZQBF-UHFFFAOYSA-N	XEDHVZKDSYZQBF
DB11734	RUOLFWZIFNQQGH-UHFFFAOYSA-N	RUOLFWZIFNQQGH
DB11735	GZCGUPFRVQAUEE-UHFFFAOYSA-N	GZCGUPFRVQAUEE
DB11736	ZUHZNKJIJDAJFD-UHFFFAOYSA-N	ZUHZNKJIJDAJFD
DB11737	QQLKULDARVNMAL-UHFFFAOYSA-N	QQLKULDARVNMAL
DB11738	CQXADFVORZEARL-UHFFFAOYSA-N	CQXADFVORZEARL
DB11740	BKWJAKQVGHWELA-UHFFFAOYSA-N	BKWJAKQVGHWELA
DB11741	GKEYKDOLBLYGRB-UHFFFAOYSA-N	GKEYKDOLBLYGRB
DB11742	MJJALKDDGIKVBE-UHFFFAOYSA-N	MJJALKDDGIKVBE
DB11743	GRZXWCHAXNAUHY-UHFFFAOYSA-N	GRZXWCHAXNAUHY
DB11744	FXQIIDINBDJDKL-UHFFFAOYSA-N	FXQIIDINBDJDKL
DB11745	UNAZAADNBYXMIV-UHFFFAOYSA-N	UNAZAADNBYXMIV
DB11747	GBJVVSCPOBPEIT-UHFFFAOYSA-N	GBJVVSCPOBPEIT
DB11748	BTNNPSLJPBRMLZ-UHFFFAOYSA-N	BTNNPSLJPBRMLZ
DB11750	FCSHDIVRCWTZOX-UHFFFAOYSA-N	FCSHDIVRCWTZOX
DB11751	WCWSTNLSLKSJPK-UHFFFAOYSA-N	WCWSTNLSLKSJPK
DB11753	HJYYPODYNSCCOU-UHFFFAOYSA-N	HJYYPODYNSCCOU
DB11755	ZROLHBHDLIHEMS-UHFFFAOYSA-N	ZROLHBHDLIHEMS
DB11757	IQVRBWUUXZMOPW-UHFFFAOYSA-N	IQVRBWUUXZMOPW
DB11758	PNDKCRDVVKJPKG-UHFFFAOYSA-N	PNDKCRDVVKJPKG
DB11759	MPUQHZXIXSTTDU-UHFFFAOYSA-N	MPUQHZXIXSTTDU
DB11760	HWGQMRYQVZSGDQ-UHFFFAOYSA-N	HWGQMRYQVZSGDQ
DB11761	DNHPDWGIXIMXSA-UHFFFAOYSA-N	DNHPDWGIXIMXSA
DB11762	NGWSFRIPKNWYAO-UHFFFAOYSA-N	NGWSFRIPKNWYAO
DB11763	ZVHNDZWQTBEVRY-UHFFFAOYSA-N	ZVHNDZWQTBEVRY
DB11764	KXBDTLQSDKGAEB-UHFFFAOYSA-N	KXBDTLQSDKGAEB
DB11765	GKMLFBRLRVQVJO-UHFFFAOYSA-N	GKMLFBRLRVQVJO
DB11769	NEBUOXBYNAHKFV-UHFFFAOYSA-N	NEBUOXBYNAHKFV
DB11770	MXFWWQICDIZSOA-UHFFFAOYSA-N	MXFWWQICDIZSOA
DB11772	QINPEPAQOBZPOF-UHFFFAOYSA-N	QINPEPAQOBZPOF
DB11774	XAGMUUZPGZWTRP-UHFFFAOYSA-N	XAGMUUZPGZWTRP
DB11775	AYCPARAPKDAOEN-UHFFFAOYSA-N	AYCPARAPKDAOEN
DB11778	XKFTZKGMDDZMJI-UHFFFAOYSA-N	XKFTZKGMDDZMJI
DB11779	ZVTDLPBHTSMEJZ-UHFFFAOYSA-N	ZVTDLPBHTSMEJZ
DB11780	JDLKFOPOAOFWQN-UHFFFAOYSA-N	JDLKFOPOAOFWQN
DB11781	FWFGIHPGRQZWIW-UHFFFAOYSA-N	FWFGIHPGRQZWIW
DB11782	PKWRMUKBEYJEIX-UHFFFAOYSA-N	PKWRMUKBEYJEIX
DB11783	KLZWOWYOHUKJIG-UHFFFAOYSA-N	KLZWOWYOHUKJIG
DB11785	WTQYWNWRJNXDEG-UHFFFAOYSA-N	WTQYWNWRJNXDEG
DB11787	XPPBBJCBDOEXDN-UHFFFAOYSA-N	XPPBBJCBDOEXDN
DB11789	DGABKXLVXPYZII-UHFFFAOYSA-N	DGABKXLVXPYZII
DB11790	RCOBKSKAZMVBHT-UHFFFAOYSA-N	RCOBKSKAZMVBHT
DB11791	LIOLIMKSCNQPLV-UHFFFAOYSA-N	LIOLIMKSCNQPLV
DB11792	MIJFNYMSCFYZNY-UHFFFAOYSA-N	MIJFNYMSCFYZNY
DB11793	PCHKPVIQAHNQLW-UHFFFAOYSA-N	PCHKPVIQAHNQLW
DB11794	JZCWLJDSIRUGIN-UHFFFAOYSA-N	JZCWLJDSIRUGIN
DB11795	XTKLTGBKIDQGQL-UHFFFAOYSA-N	XTKLTGBKIDQGQL
DB11797	KBGAYAKRZNYFFG-UHFFFAOYSA-N	KBGAYAKRZNYFFG
DB11798	IBGLGMOPHJQDJB-UHFFFAOYSA-N	IBGLGMOPHJQDJB
DB11799	SOLUWJRYJLAZCX-UHFFFAOYSA-N	SOLUWJRYJLAZCX
DB11800	SPMVMDHWKHCIDT-UHFFFAOYSA-N	SPMVMDHWKHCIDT
DB11801	GIBQQARAXHVEGD-UHFFFAOYSA-N	GIBQQARAXHVEGD
DB11804	SCXSQUUTGCWHFU-UHFFFAOYSA-N	SCXSQUUTGCWHFU
DB11805	OUKYUETWWIPKQR-UHFFFAOYSA-N	OUKYUETWWIPKQR
DB11806	BOOOLEGQBVUTKC-UHFFFAOYSA-N	BOOOLEGQBVUTKC
DB11807	IMYZQPCYWPFTAG-UHFFFAOYSA-N	IMYZQPCYWPFTAG
DB11808	LLGDPTDZOVKFDU-UHFFFAOYSA-N	LLGDPTDZOVKFDU
DB11809	XLCNVWUKICLURR-UHFFFAOYSA-N	XLCNVWUKICLURR
DB11811	BJBCSGQLZQGGIQ-UHFFFAOYSA-N	BJBCSGQLZQGGIQ
DB11812	SIEXFRDYNDREBM-UHFFFAOYSA-N	SIEXFRDYNDREBM
DB11814	XNULRSOGWPFPBL-UHFFFAOYSA-N	XNULRSOGWPFPBL
DB11815	NTNWOCRCBQPEKQ-UHFFFAOYSA-N	NTNWOCRCBQPEKQ
DB11816	RFUBTTPMWSKEIW-UHFFFAOYSA-N	RFUBTTPMWSKEIW
DB11817	XUZMWHLSFXCVMG-UHFFFAOYSA-N	XUZMWHLSFXCVMG
DB11818	PLVGDGRBPMVYPB-UHFFFAOYSA-N	PLVGDGRBPMVYPB
DB11819	NJNXCJPSMWKXHO-UHFFFAOYSA-N	NJNXCJPSMWKXHO
DB11820	ARFHIAQFJWUCFH-UHFFFAOYSA-N	ARFHIAQFJWUCFH
DB11823	YQEZLKZALYSWHR-UHFFFAOYSA-N	YQEZLKZALYSWHR
DB11824	VWVKUNOPTJGDOB-UHFFFAOYSA-N	VWVKUNOPTJGDOB
DB11825	FTBQORVNHOIASH-UHFFFAOYSA-N	FTBQORVNHOIASH
DB11827	MCIACXAZCBVDEE-UHFFFAOYSA-N	MCIACXAZCBVDEE
DB11828	JWNPDZNEKVCWMY-UHFFFAOYSA-N	JWNPDZNEKVCWMY
DB11829	ZCBUQCWBWNUWSU-UHFFFAOYSA-N	ZCBUQCWBWNUWSU
DB11830	HRNLUBSXIHFDHP-UHFFFAOYSA-N	HRNLUBSXIHFDHP
DB11831	VYZAHLCBVHPDDF-UHFFFAOYSA-N	VYZAHLCBVHPDDF
DB11832	DYNHJHQFHQTFTP-UHFFFAOYSA-N	DYNHJHQFHQTFTP
DB11833	UPZWINBEAHDTLA-UHFFFAOYSA-N	UPZWINBEAHDTLA
DB11835	HZPALDSXZACDRI-UHFFFAOYSA-J	HZPALDSXZACDRI
DB11836	GYLDXIAOMVERTK-UHFFFAOYSA-N	GYLDXIAOMVERTK
DB11837	USUZGMWDZDXMDG-UHFFFAOYSA-N	USUZGMWDZDXMDG
DB11841	INVTYAOGFAGBOE-UHFFFAOYSA-N	INVTYAOGFAGBOE
DB11842	CZGUSIXMZVURDU-UHFFFAOYSA-N	CZGUSIXMZVURDU
DB11844	IVZKZONQVYTCKC-UHFFFAOYSA-N	IVZKZONQVYTCKC
DB11845	CUDVHEFYRIWYQD-UHFFFAOYSA-N	CUDVHEFYRIWYQD
DB11846	DDRJAANPRJIHGJ-UHFFFAOYSA-N	DDRJAANPRJIHGJ
DB11848	VFRROHXSMXFLSN-UHFFFAOYSA-N	VFRROHXSMXFLSN
DB11851	ZGBAJMQHJDFTQJ-UHFFFAOYSA-N	ZGBAJMQHJDFTQJ
DB11852	XBEQSQDCBSKCHJ-UHFFFAOYSA-N	XBEQSQDCBSKCHJ
DB11853	AOMXMOCNKJTRQP-UHFFFAOYSA-N	AOMXMOCNKJTRQP
DB11855	FYDWDCIFZSGNBU-UHFFFAOYSA-N	FYDWDCIFZSGNBU
DB11858	YEESKJGWJFYOOK-UHFFFAOYSA-N	YEESKJGWJFYOOK
DB11859	AURFZBICLPNKBZ-UHFFFAOYSA-N	AURFZBICLPNKBZ
DB11860	SHKXZIQNFMOPBS-UHFFFAOYSA-N	SHKXZIQNFMOPBS
DB11861	YVAFBXLHPINSIK-UHFFFAOYSA-N	YVAFBXLHPINSIK
DB11863	QNQZWEGMKJBHEM-UHFFFAOYSA-N	QNQZWEGMKJBHEM
DB11864	DTYWJKSSUANMHD-UHFFFAOYSA-N	DTYWJKSSUANMHD
DB11865	LTEJRLHKIYCEOX-UHFFFAOYSA-N	LTEJRLHKIYCEOX
DB11867	IURMHZBQEYNQOH-UHFFFAOYSA-N	IURMHZBQEYNQOH
DB11868	HPHUVLMMVZITSG-UHFFFAOYSA-N	HPHUVLMMVZITSG
DB11869	YJDYDFNKCBANTM-UHFFFAOYSA-N	YJDYDFNKCBANTM
DB11871	YPHDIMUXXABSSO-UHFFFAOYSA-N	YPHDIMUXXABSSO
DB11874	SEBIKDIMAPSUBY-UHFFFAOYSA-N	SEBIKDIMAPSUBY
DB11875	VFTRKSBEFQDZKX-UHFFFAOYSA-N	VFTRKSBEFQDZKX
DB11876	HJCMDXDYPOUFDY-UHFFFAOYSA-N	HJCMDXDYPOUFDY
DB11880	XBGNERSKEKDZDS-UHFFFAOYSA-N	XBGNERSKEKDZDS
DB11883	JYILLRHXRVTRSH-UHFFFAOYSA-N	JYILLRHXRVTRSH
DB11886	QADPYRIHXKWUSV-UHFFFAOYSA-N	QADPYRIHXKWUSV
DB11888	UKTIJASCFRNWCB-UHFFFAOYSA-N	UKTIJASCFRNWCB
DB11889	FWUQWDCOOWEXRY-UHFFFAOYSA-N	FWUQWDCOOWEXRY
DB11890	AMLYAMJWYAIXIA-UHFFFAOYSA-N	AMLYAMJWYAIXIA
DB11891	JOWXJLIFIIOYMS-UHFFFAOYSA-N	JOWXJLIFIIOYMS
DB11892	PWNMXPDKBYZCOO-UHFFFAOYSA-N	PWNMXPDKBYZCOO
DB11893	XEAOPVUAMONVLA-UHFFFAOYSA-N	XEAOPVUAMONVLA
DB11894	JCYNMRJCUYVDBC-UHFFFAOYSA-N	JCYNMRJCUYVDBC
DB11896	DWZAEMINVBZMHQ-UHFFFAOYSA-N	DWZAEMINVBZMHQ
DB11898	ZOBPZXTWZATXDG-UHFFFAOYSA-N	ZOBPZXTWZATXDG
DB11899	GMIZZEXBPRLVIV-UHFFFAOYSA-N	GMIZZEXBPRLVIV
DB11900	FATGTHLOZSXOBC-UHFFFAOYSA-N	FATGTHLOZSXOBC
DB11901	HJBWBFZLDZWPHF-UHFFFAOYSA-N	HJBWBFZLDZWPHF
DB11902	YPFZMBHKIVDSNR-UHFFFAOYSA-N	YPFZMBHKIVDSNR
DB11903	TWQYWUXBZHPIIV-UHFFFAOYSA-N	TWQYWUXBZHPIIV
DB11904	BJCJYEYYYGBROF-UHFFFAOYSA-N	BJCJYEYYYGBROF
DB11906	ZWNUQDJANZGVFO-UHFFFAOYSA-N	ZWNUQDJANZGVFO
DB11907	HUFOZJXAKZVRNJ-UHFFFAOYSA-N	HUFOZJXAKZVRNJ
DB11909	BHLXTPHDSZUFHR-UHFFFAOYSA-N	BHLXTPHDSZUFHR
DB11910	DDDZBLNULGDPGA-UHFFFAOYSA-N	DDDZBLNULGDPGA
DB11911	IVRXNBXKWIJUQB-UHFFFAOYSA-N	IVRXNBXKWIJUQB
DB11912	SWHNZGMQMGFQGW-UHFFFAOYSA-N	SWHNZGMQMGFQGW
DB11913	HRJWTAWVFDCTGO-UHFFFAOYSA-N	HRJWTAWVFDCTGO
DB11915	GEJDGVNQKABXKG-UHFFFAOYSA-N	GEJDGVNQKABXKG
DB11917	LNOVHERIIMJMDG-UHFFFAOYSA-N	LNOVHERIIMJMDG
DB11918	GUWXKKAWLCENJA-UHFFFAOYSA-N	GUWXKKAWLCENJA
DB11919	KRWMERLEINMZFT-UHFFFAOYSA-N	KRWMERLEINMZFT
DB11920	WVTGPBOMAQLPCP-UHFFFAOYSA-O	WVTGPBOMAQLPCP
DB11921	FBHSPRKOSMHSIF-UHFFFAOYSA-N	FBHSPRKOSMHSIF
DB11922	NGYNBSHYFOFVLS-UHFFFAOYSA-N	NGYNBSHYFOFVLS
DB11923	DMJHZVARRXJSEG-UHFFFAOYSA-N	DMJHZVARRXJSEG
DB11924	OTKJDMGTUTTYMP-UHFFFAOYSA-N	OTKJDMGTUTTYMP
DB11925	JUSFANSTBFGBAF-UHFFFAOYSA-N	JUSFANSTBFGBAF
DB11927	MVYUCRDXZXLFSB-UHFFFAOYSA-N	MVYUCRDXZXLFSB
DB11929	KUQWGLQLLVFLSM-UHFFFAOYSA-N	KUQWGLQLLVFLSM
DB11934	UWHCWRQFNKUYCG-UHFFFAOYSA-N	UWHCWRQFNKUYCG
DB11935	UHRBTBZOWWGKMK-UHFFFAOYSA-N	UHRBTBZOWWGKMK
DB11936	HYHMLYSLQUKXKP-UHFFFAOYSA-N	HYHMLYSLQUKXKP
DB11937	HCZHHEIFKROPDY-UHFFFAOYSA-N	HCZHHEIFKROPDY
DB11938	FWMNVWWHGCHHJJ-UHFFFAOYSA-N	FWMNVWWHGCHHJJ
DB11940	XMYKNCNAZKMVQN-UHFFFAOYSA-N	XMYKNCNAZKMVQN
DB11942	DEVSOMFAQLZNKR-UHFFFAOYSA-N	DEVSOMFAQLZNKR
DB11943	DYDCPNMLZGFQTM-UHFFFAOYSA-N	DYDCPNMLZGFQTM
DB11944	KZIMLUFVKJLCCH-UHFFFAOYSA-N	KZIMLUFVKJLCCH
DB11946	JWYIGNODXSRKGP-UHFFFAOYSA-N	JWYIGNODXSRKGP
DB11947	YGKUEOZJFIXDGI-UHFFFAOYSA-N	YGKUEOZJFIXDGI
DB11948	QZPQTZZNNJUOLS-UHFFFAOYSA-N	QZPQTZZNNJUOLS
DB11949	SBBYBXSFWOLDDG-UHFFFAOYSA-N	SBBYBXSFWOLDDG
DB11950	WGRQANOPCQRCME-UHFFFAOYSA-N	WGRQANOPCQRCME
DB11951	MUGXRYIUWFITCP-UHFFFAOYSA-N	MUGXRYIUWFITCP
DB11952	SJVQHLPISAIATJ-UHFFFAOYSA-N	SJVQHLPISAIATJ
DB11953	IWXUVYOOUMLUTQ-UHFFFAOYSA-N	IWXUVYOOUMLUTQ
DB11956	SJFBTAPEPRWNKH-UHFFFAOYSA-N	SJFBTAPEPRWNKH
DB11957	YBAWYTYNMZWMMJ-UHFFFAOYSA-N	YBAWYTYNMZWMMJ
DB11958	WCWUXEGQKLTGDX-UHFFFAOYSA-N	WCWUXEGQKLTGDX
DB11960	WNRZHQBJSXRYJK-UHFFFAOYSA-N	WNRZHQBJSXRYJK
DB11961	SFJFBTPHDHUUPU-UHFFFAOYSA-N	SFJFBTPHDHUUPU
DB11962	QDITZBLZQQZVEE-UHFFFAOYSA-N	QDITZBLZQQZVEE
DB11963	LVXJQMNHJWSHET-UHFFFAOYSA-N	LVXJQMNHJWSHET
DB11964	HRRXCXABAPSOCP-UHFFFAOYSA-N	HRRXCXABAPSOCP
DB11967	ACWZRVQXLIRSDF-UHFFFAOYSA-N	ACWZRVQXLIRSDF
DB11969	AXTAPYRUEKNRBA-UHFFFAOYSA-N	AXTAPYRUEKNRBA
DB11973	HVXKQKFEHMGHSL-UHFFFAOYSA-N	HVXKQKFEHMGHSL
DB11974	XDLYKKIQACFMJG-UHFFFAOYSA-N	XDLYKKIQACFMJG
DB11977	UQRCJCNVNUFYDX-UHFFFAOYSA-N	UQRCJCNVNUFYDX
DB11978	SFNSLLSYNZWZQG-UHFFFAOYSA-N	SFNSLLSYNZWZQG
DB11979	HEAUOKZIVMZVQL-UHFFFAOYSA-N	HEAUOKZIVMZVQL
DB11982	RFWVETIZUQEJEF-UHFFFAOYSA-N	RFWVETIZUQEJEF
DB11984	GEHAEMCVKDPMKO-UHFFFAOYSA-N	GEHAEMCVKDPMKO
DB11986	HAYYBYPASCDWEQ-UHFFFAOYSA-N	HAYYBYPASCDWEQ
DB11989	CULUWZNBISUWAS-UHFFFAOYSA-N	CULUWZNBISUWAS
DB11991	SWZXEVABPLUDIO-UHFFFAOYSA-N	SWZXEVABPLUDIO
DB11992	MKMPWKUAHLTIBJ-UHFFFAOYSA-N	MKMPWKUAHLTIBJ
DB11993	KYLOBHXXQOZRKK-UHFFFAOYSA-N	KYLOBHXXQOZRKK
DB11994	TYNLGDBUJLVSMA-UHFFFAOYSA-N	TYNLGDBUJLVSMA
DB11995	OFZJKCQENFPZBH-UHFFFAOYSA-N	OFZJKCQENFPZBH
DB11996	PSWFFKRAVBDQEG-UHFFFAOYSA-N	PSWFFKRAVBDQEG
DB11998	GCQYYIHYQMVWLT-UHFFFAOYSA-N	GCQYYIHYQMVWLT
DB11999	XZAFZXJXZHRNAQ-UHFFFAOYSA-N	XZAFZXJXZHRNAQ
DB12000	NETXMUIMUZJUTB-UHFFFAOYSA-N	NETXMUIMUZJUTB
DB12001	UZWDCWONPYILKI-UHFFFAOYSA-N	UZWDCWONPYILKI
DB12004	LXENKEWVEVKKGV-UHFFFAOYSA-N	LXENKEWVEVKKGV
DB12005	VFCRKLWBYMDAED-UHFFFAOYSA-N	VFCRKLWBYMDAED
DB12007	GOMNOOKGLZYEJT-UHFFFAOYSA-N	GOMNOOKGLZYEJT
DB12008	DOTGPNHGTYJDEP-UHFFFAOYSA-N	DOTGPNHGTYJDEP
DB12009	NXMZBNYLCVTRGB-UHFFFAOYSA-N	NXMZBNYLCVTRGB
DB12010	GKDRMWXFWHEQQT-UHFFFAOYSA-N	GKDRMWXFWHEQQT
DB12011	GFPPXZDRVCSVNR-UHFFFAOYSA-N	GFPPXZDRVCSVNR
DB12012	BATCTBJIJJEPHM-UHFFFAOYSA-N	BATCTBJIJJEPHM
DB12013	ATLYLVPZNWDJBW-UHFFFAOYSA-N	ATLYLVPZNWDJBW
DB12015	STUWGJZDJHPWGZ-UHFFFAOYSA-N	STUWGJZDJHPWGZ
DB12016	LPAUOXUZGSBGDU-UHFFFAOYSA-N	LPAUOXUZGSBGDU
DB12017	SHZKQBHERIJWAO-UHFFFAOYSA-N	SHZKQBHERIJWAO
DB12019	MODVSQKJJIBWPZ-UHFFFAOYSA-N	MODVSQKJJIBWPZ
DB12020	CSKDFZIMJXRJGH-UHFFFAOYSA-N	CSKDFZIMJXRJGH
DB12021	PIMQWRZWLQKKBJ-UHFFFAOYSA-N	PIMQWRZWLQKKBJ
DB12022	WOHRHWDYFNWPNG-UHFFFAOYSA-N	WOHRHWDYFNWPNG
DB12024	LWJGMYMNSNVCEM-UHFFFAOYSA-N	LWJGMYMNSNVCEM
DB12025	DFBIRQPKNDILPW-UHFFFAOYSA-N	DFBIRQPKNDILPW
DB12026	MZBLZLWXUBZHSL-UHFFFAOYSA-N	MZBLZLWXUBZHSL
DB12027	CEGSUKYESLWKJP-UHFFFAOYSA-N	CEGSUKYESLWKJP
DB12028	WOVKYSAHUYNSMH-UHFFFAOYSA-N	WOVKYSAHUYNSMH
DB12029	CWVRJTMFETXNAD-UHFFFAOYSA-N	CWVRJTMFETXNAD
DB12032	IUVMAUQEZFTTFB-UHFFFAOYSA-N	IUVMAUQEZFTTFB
DB12035	AYUMVPHUMFKFPJ-UHFFFAOYSA-N	AYUMVPHUMFKFPJ
DB12036	QKDCLUARMDUUKN-UHFFFAOYSA-N	QKDCLUARMDUUKN
DB12037	OTXAMWFYPMNDME-UHFFFAOYSA-N	OTXAMWFYPMNDME
DB12039	PFTAWBLQPZVEMU-UHFFFAOYSA-N	PFTAWBLQPZVEMU
DB12041	VJGFOYBQOIPQFY-UHFFFAOYSA-N	VJGFOYBQOIPQFY
DB12042	YQYSVMKCMIUCHY-UHFFFAOYSA-N	YQYSVMKCMIUCHY
DB12044	DNTVJEMGHBIUMW-UHFFFAOYSA-N	DNTVJEMGHBIUMW
DB12046	QWKAUGRRIXBIPO-UHFFFAOYSA-N	QWKAUGRRIXBIPO
DB12047	RVAQIUULWULRNW-UHFFFAOYSA-N	RVAQIUULWULRNW
DB12048	XYDNMOZJKOGZLS-UHFFFAOYSA-N	XYDNMOZJKOGZLS
DB12050	YCBAQKQAINQRFW-UHFFFAOYSA-N	YCBAQKQAINQRFW
DB12051	DEKOYVOWOVJMPM-UHFFFAOYSA-N	DEKOYVOWOVJMPM
DB12052	TZJALUIVHRYQQB-UHFFFAOYSA-N	TZJALUIVHRYQQB
DB12054	VYCMAAOURFJIHD-UHFFFAOYSA-N	VYCMAAOURFJIHD
DB12057	OCUKPFWNSAAHRP-UHFFFAOYSA-N	OCUKPFWNSAAHRP
DB12058	BCPQOBQIVJZOFL-UHFFFAOYSA-N	BCPQOBQIVJZOFL
DB12061	YVPUUUDAZYFFQT-UHFFFAOYSA-N	YVPUUUDAZYFFQT
DB12062	SXNJFOWDRLKDSF-UHFFFAOYSA-N	SXNJFOWDRLKDSF
DB12063	RECBFDWSXWAXHY-UHFFFAOYSA-N	RECBFDWSXWAXHY
DB12064	VNBRGSXVFBYQNN-UHFFFAOYSA-N	VNBRGSXVFBYQNN
DB12066	OZPFIJIOIVJZMN-UHFFFAOYSA-N	OZPFIJIOIVJZMN
DB12067	LADJRPDOKVCQCG-UHFFFAOYSA-N	LADJRPDOKVCQCG
DB12070	FWYSMLBETOMXAG-UHFFFAOYSA-N	FWYSMLBETOMXAG
DB12071	NPTIPEQJIDTVKR-UHFFFAOYSA-N	NPTIPEQJIDTVKR
DB12072	NHFDRBXTEDBWCZ-UHFFFAOYSA-N	NHFDRBXTEDBWCZ
DB12073	UHIXWHUVLCAJQL-UHFFFAOYSA-N	UHIXWHUVLCAJQL
DB12078	JNGVJMBLXIUVRD-UHFFFAOYSA-N	JNGVJMBLXIUVRD
DB12079	ZPACYDRSPFRDHO-UHFFFAOYSA-N	ZPACYDRSPFRDHO
DB12080	VMMYRRFPMAGXNP-UHFFFAOYSA-N	VMMYRRFPMAGXNP
DB12081	BCFCRXOJOFDUMZ-UHFFFAOYSA-N	BCFCRXOJOFDUMZ
DB12082	ZVNYJIZDIRKMBF-UHFFFAOYSA-N	ZVNYJIZDIRKMBF
DB12083	PBUUPFTVAPUWDE-UHFFFAOYSA-N	PBUUPFTVAPUWDE
DB12084	WPDCHTSXOPUOII-UHFFFAOYSA-N	WPDCHTSXOPUOII
DB12085	UFPFGVNKHCLJJO-UHFFFAOYSA-N	UFPFGVNKHCLJJO
DB12086	NVOYVOBDTVTBDX-UHFFFAOYSA-N	NVOYVOBDTVTBDX
DB12088	SNAJPQVDGYDQSW-UHFFFAOYSA-N	SNAJPQVDGYDQSW
DB12091	UIWYJDYFSGRHKR-UHFFFAOYSA-N	UIWYJDYFSGRHKR
DB12092	HRRBJVNMSRJFHQ-UHFFFAOYSA-N	HRRBJVNMSRJFHQ
DB12093	AEQDJSLRWYMAQI-UHFFFAOYSA-N	AEQDJSLRWYMAQI
DB12094	PWDYHMBTPGXCSN-UHFFFAOYSA-N	PWDYHMBTPGXCSN
DB12095	MDSQOJYHHZBZKA-UHFFFAOYSA-N	MDSQOJYHHZBZKA
DB12096	BDXXSFOJPYSYOC-UHFFFAOYSA-N	BDXXSFOJPYSYOC
DB12097	ODOISJJCWUVNDJ-UHFFFAOYSA-N	ODOISJJCWUVNDJ
DB12099	OTDGPKRCQXSTPV-UHFFFAOYSA-N	OTDGPKRCQXSTPV
DB12100	SFYAXIFVXBKRPK-UHFFFAOYSA-N	SFYAXIFVXBKRPK
DB12101	IXZOHGPZAQLIBH-UHFFFAOYSA-N	IXZOHGPZAQLIBH
DB12105	JXEHXYFSIOYTAH-UHFFFAOYSA-N	JXEHXYFSIOYTAH
DB12107	IOOWNWLVCOUUEX-UHFFFAOYSA-N	IOOWNWLVCOUUEX
DB12108	BEUQXVWXFDOSAQ-UHFFFAOYSA-N	BEUQXVWXFDOSAQ
DB12109	ZYRLHJIMTROTBO-UHFFFAOYSA-N	ZYRLHJIMTROTBO
DB12110	VHFVKMTVMIZMIK-UHFFFAOYSA-N	VHFVKMTVMIZMIK
DB12111	CJAWPFJGFFNXQI-UHFFFAOYSA-N	CJAWPFJGFFNXQI
DB12112	QGNJRVVDBSJHIZ-UHFFFAOYSA-N	QGNJRVVDBSJHIZ
DB12113	FUCKCIVGBCBZNP-UHFFFAOYSA-N	FUCKCIVGBCBZNP
DB12114	LPFWVDIFUFFKJU-UHFFFAOYSA-N	LPFWVDIFUFFKJU
DB12115	FNYFFCOCVNTJCD-UHFFFAOYSA-N	FNYFFCOCVNTJCD
DB12116	WMBWREPUVVBILR-UHFFFAOYSA-N	WMBWREPUVVBILR
DB12121	XSMSNFMDVXXHGJ-UHFFFAOYSA-N	XSMSNFMDVXXHGJ
DB12122	HUTHJVYJUPXHDF-UHFFFAOYSA-N	HUTHJVYJUPXHDF
DB12123	RCUDFXMNPQNBDU-UHFFFAOYSA-N	RCUDFXMNPQNBDU
DB12124	IBTISPLPBBHVSU-UHFFFAOYSA-N	IBTISPLPBBHVSU
DB12125	SUPRUPHAEXPGPF-UHFFFAOYSA-N	SUPRUPHAEXPGPF
DB12126	QXZGBUJJYSLZLT-UHFFFAOYSA-N	QXZGBUJJYSLZLT
DB12127	OPYGFNJSCUDTBT-UHFFFAOYSA-N	OPYGFNJSCUDTBT
DB12128	WGYPAJVJMXQXTR-UHFFFAOYSA-N	WGYPAJVJMXQXTR
DB12129	PMJIHLSCWIDGMD-UHFFFAOYSA-N	PMJIHLSCWIDGMD
DB12130	IIXWYSCJSQVBQM-UHFFFAOYSA-N	IIXWYSCJSQVBQM
DB12131	DDNCQMVWWZOMLN-UHFFFAOYSA-N	DDNCQMVWWZOMLN
DB12134	PZFAZQUREQIODZ-UHFFFAOYSA-N	PZFAZQUREQIODZ
DB12135	YQYFEGTYCUQBEI-UHFFFAOYSA-N	YQYFEGTYCUQBEI
DB12137	JFHROPTYMMSOLG-UHFFFAOYSA-N	JFHROPTYMMSOLG
DB12138	VGEXRDWWPSGZDH-UHFFFAOYSA-N	VGEXRDWWPSGZDH
DB12139	OLROWHGDTNFZBH-UHFFFAOYSA-N	OLROWHGDTNFZBH
DB12140	ORVNHOYNEHYKJG-UHFFFAOYSA-N	ORVNHOYNEHYKJG
DB12141	GYQYAJJFPNQOOW-UHFFFAOYSA-N	GYQYAJJFPNQOOW
DB12145	OCKIPDMKGPYYJS-UHFFFAOYSA-N	OCKIPDMKGPYYJS
DB12146	OWBFCJROIKNMGD-UHFFFAOYSA-N	OWBFCJROIKNMGD
DB12147	OLAHOMJCDNXHFI-UHFFFAOYSA-N	OLAHOMJCDNXHFI
DB12148	DKHGMERMDICWDU-UHFFFAOYSA-N	DKHGMERMDICWDU
DB12149	YWCLDDLVLSQGSZ-UHFFFAOYSA-N	YWCLDDLVLSQGSZ
DB12151	WXJFKKQWPMNTIM-UHFFFAOYSA-N	WXJFKKQWPMNTIM
DB12153	RZZPDXZPRHQOCG-UHFFFAOYSA-N	RZZPDXZPRHQOCG
DB12154	KTBSXLIQKWEBRB-UHFFFAOYSA-N	KTBSXLIQKWEBRB
DB12155	DPHUWDIXHNQOSY-UHFFFAOYSA-N	DPHUWDIXHNQOSY
DB12156	OFEZSBMBBKLLBJ-UHFFFAOYSA-N	OFEZSBMBBKLLBJ
DB12158	NPFDWHQSDBWQLH-UHFFFAOYSA-N	NPFDWHQSDBWQLH
DB12160	VUAFHZCUKUDDBC-UHFFFAOYSA-N	VUAFHZCUKUDDBC
DB12161	MKJIEFSOBYUXJB-UHFFFAOYSA-N	MKJIEFSOBYUXJB
DB12163	FFYNAVGJSYHHFO-UHFFFAOYSA-N	FFYNAVGJSYHHFO
DB12167	ACCFLVVUVBJNGT-UHFFFAOYSA-N	ACCFLVVUVBJNGT
DB12172	MDJFHRLTPRPZLY-UHFFFAOYSA-N	MDJFHRLTPRPZLY
DB12173	HCIBTBXNLVOFER-UHFFFAOYSA-N	HCIBTBXNLVOFER
DB12174	PLIVFNIUGLLCEK-UHFFFAOYSA-N	PLIVFNIUGLLCEK
DB12177	VAIOZOCLKVMIMN-UHFFFAOYSA-N	VAIOZOCLKVMIMN
DB12178	ZILOOGIOHVCEKS-UHFFFAOYSA-N	ZILOOGIOHVCEKS
DB12180	YOVVNQKCSKSHKT-UHFFFAOYSA-N	YOVVNQKCSKSHKT
DB12181	YZQLWPMZQVHJED-UHFFFAOYSA-N	YZQLWPMZQVHJED
DB12183	DFJSJLGUIXFDJP-UHFFFAOYSA-N	DFJSJLGUIXFDJP
DB12184	QOIGKGMMAGJZNZ-UHFFFAOYSA-N	QOIGKGMMAGJZNZ
DB12185	ZVYVPGLRVWUPMP-UHFFFAOYSA-N	ZVYVPGLRVWUPMP
DB12188	BYPMJBXPNZMNQD-UHFFFAOYSA-N	BYPMJBXPNZMNQD
DB12190	HGGAKXAHAYOLDJ-UHFFFAOYSA-N	HGGAKXAHAYOLDJ
DB12191	CVCLJVVBHYOXDC-UHFFFAOYSA-N	CVCLJVVBHYOXDC
DB12192	JUTBAVRYDAKVGQ-UHFFFAOYSA-N	JUTBAVRYDAKVGQ
DB12193	YCHYFHOSGQABSW-UHFFFAOYSA-N	YCHYFHOSGQABSW
DB12194	PEPMWUSGRKINHX-UHFFFAOYSA-N	PEPMWUSGRKINHX
DB12196	ZBVPUFSKFGYNLC-UHFFFAOYSA-N	ZBVPUFSKFGYNLC
DB12198	BVXLAHSJXXSWFF-UHFFFAOYSA-N	BVXLAHSJXXSWFF
DB12200	UCEQXRCJXIVODC-UHFFFAOYSA-N	UCEQXRCJXIVODC
DB12201	SXMBKHYDZOCBMT-UHFFFAOYSA-N	SXMBKHYDZOCBMT
DB12203	XNBRWUQWSKXMPW-UHFFFAOYSA-N	XNBRWUQWSKXMPW
DB12204	XUTLOCQNGLJNSA-UHFFFAOYSA-N	XUTLOCQNGLJNSA
DB12207	OPAKEJZFFCECPN-UHFFFAOYSA-N	OPAKEJZFFCECPN
DB12209	RSQGZEAXODVTOL-UHFFFAOYSA-N	RSQGZEAXODVTOL
DB12210	NVWCZRPXYVDQEE-UHFFFAOYSA-N	NVWCZRPXYVDQEE
DB12211	DIEPFYNZGUUVHD-UHFFFAOYSA-N	DIEPFYNZGUUVHD
DB12212	WMDSZGFJQKSLLH-UHFFFAOYSA-N	WMDSZGFJQKSLLH
DB12214	WHSOLWOTCHFFBK-UHFFFAOYSA-N	WHSOLWOTCHFFBK
DB12216	BGEBZHIAGXMEMV-UHFFFAOYSA-N	BGEBZHIAGXMEMV
DB12218	JDUBGYFRJFOXQC-UHFFFAOYSA-N	JDUBGYFRJFOXQC
DB12221	UJVLDDZCTMKXJK-UHFFFAOYSA-N	UJVLDDZCTMKXJK
DB12222	RVFGKBWWUQOIOU-UHFFFAOYSA-N	RVFGKBWWUQOIOU
DB12223	XBRWELTXMQSEIN-UHFFFAOYSA-N	XBRWELTXMQSEIN
DB12225	ZTTKEBYSXUCBSE-UHFFFAOYSA-N	ZTTKEBYSXUCBSE
DB12226	ORQFDHFZSMXRLM-UHFFFAOYSA-N	ORQFDHFZSMXRLM
DB12228	CGDZXLJGHVKVIE-UHFFFAOYSA-N	CGDZXLJGHVKVIE
DB12229	NXQGEDVQXVTCDA-UHFFFAOYSA-N	NXQGEDVQXVTCDA
DB12230	RHLJLALHBZGAFM-UHFFFAOYSA-N	RHLJLALHBZGAFM
DB12231	WWJZWCUNLNYYAU-UHFFFAOYSA-N	WWJZWCUNLNYYAU
DB12232	VQFKFAKEUMHBLV-UHFFFAOYSA-N	VQFKFAKEUMHBLV
DB12233	ANMATWQYLIFGOK-UHFFFAOYSA-N	ANMATWQYLIFGOK
DB12234	OLCWFLWEHWLBTO-UHFFFAOYSA-N	OLCWFLWEHWLBTO
DB12235	AJIPIJNNOJSSQC-UHFFFAOYSA-N	AJIPIJNNOJSSQC
DB12236	BTCRKOKVYTVOLU-UHFFFAOYSA-N	BTCRKOKVYTVOLU
DB12237	MOLOJNHYNHBPCW-UHFFFAOYSA-N	MOLOJNHYNHBPCW
DB12238	QKIWQBLNTSQOLY-UHFFFAOYSA-N	QKIWQBLNTSQOLY
DB12239	LLCRBOWRJOUJAE-UHFFFAOYSA-N	LLCRBOWRJOUJAE
DB12241	RCLQNICOARASSR-UHFFFAOYSA-N	RCLQNICOARASSR
DB12242	IAYGCINLNONXHY-UHFFFAOYSA-N	IAYGCINLNONXHY
DB12243	QELUYTUMUWHWMC-UHFFFAOYSA-N	QELUYTUMUWHWMC
DB12245	NQPDXQQQCQDHHW-UHFFFAOYSA-N	NQPDXQQQCQDHHW
DB12248	YREYLAVBNPACJM-UHFFFAOYSA-N	YREYLAVBNPACJM
DB12251	MYCMTMIGRXJNSO-UHFFFAOYSA-N	MYCMTMIGRXJNSO
DB12253	BURHGPHDEVGCEZ-UHFFFAOYSA-N	BURHGPHDEVGCEZ
DB12254	URCVCIZFVQDVPM-UHFFFAOYSA-N	URCVCIZFVQDVPM
DB12255	JGRXMPYUTJLTKT-UHFFFAOYSA-N	JGRXMPYUTJLTKT
DB12257	BASFCYQUMIYNBI-UHFFFAOYSA-N	BASFCYQUMIYNBI
DB12259	AUGCSOFQTDKPSO-UHFFFAOYSA-N	AUGCSOFQTDKPSO
DB12260	GKGRZLGAQZPEHO-UHFFFAOYSA-N	GKGRZLGAQZPEHO
DB12263	PSXOKXJMVRSARX-UHFFFAOYSA-N	PSXOKXJMVRSARX
DB12264	UCPOMLWZWRTIAA-UHFFFAOYSA-N	UCPOMLWZWRTIAA
DB12265	MIWWSGDADVMLTG-UHFFFAOYSA-N	MIWWSGDADVMLTG
DB12267	AILRADAXUVEEIR-UHFFFAOYSA-N	AILRADAXUVEEIR
DB12268	GUYMHFIHHOEFOA-UHFFFAOYSA-N	GUYMHFIHHOEFOA
DB12270	KKYABQBFGDZVNQ-UHFFFAOYSA-N	KKYABQBFGDZVNQ
DB12271	NTCCRGGIJNDEAB-UHFFFAOYSA-N	NTCCRGGIJNDEAB
DB12272	PFWVGKROPKKEDW-UHFFFAOYSA-N	PFWVGKROPKKEDW
DB12273	DMJWENQHWZZWDF-UHFFFAOYSA-N	DMJWENQHWZZWDF
DB12278	QPCVHQBVMYCJOM-UHFFFAOYSA-N	QPCVHQBVMYCJOM
DB12279	XFLBOEMFLGLWFF-UHFFFAOYSA-N	XFLBOEMFLGLWFF
DB12280	FCNQMDSJHADDFT-UHFFFAOYSA-N	FCNQMDSJHADDFT
DB12282	FWLMVFUGMHIOAA-UHFFFAOYSA-N	FWLMVFUGMHIOAA
DB12285	YHYKUSGACIYRML-UHFFFAOYSA-N	YHYKUSGACIYRML
DB12286	WHXMKTBCFHIYNQ-UHFFFAOYSA-N	WHXMKTBCFHIYNQ
DB12287	XVFJONKUSLSKSW-UHFFFAOYSA-N	XVFJONKUSLSKSW
DB12288	PNTNBIHOAPJYDB-UHFFFAOYSA-N	PNTNBIHOAPJYDB
DB12289	IJNIQYINMSGIPS-UHFFFAOYSA-N	IJNIQYINMSGIPS
DB12290	HKEAFJYKMMKDOR-UHFFFAOYSA-N	HKEAFJYKMMKDOR
DB12291	VAZAPHZUAVEOMC-UHFFFAOYSA-N	VAZAPHZUAVEOMC
DB12292	UGNGRKKDUVKQDF-UHFFFAOYSA-N	UGNGRKKDUVKQDF
DB12293	RGPDEAGGEXEMMM-UHFFFAOYSA-N	RGPDEAGGEXEMMM
DB12295	SQJXTUJMBYVDBB-UHFFFAOYSA-N	SQJXTUJMBYVDBB
DB12297	CXHCNOMGODVIKB-UHFFFAOYSA-N	CXHCNOMGODVIKB
DB12298	NOEGNKMFWQHSLB-UHFFFAOYSA-N	NOEGNKMFWQHSLB
DB12299	BGBVSGSIXIIREO-UHFFFAOYSA-N	BGBVSGSIXIIREO
DB12301	ZIAOVIPSKUPPQW-UHFFFAOYSA-N	ZIAOVIPSKUPPQW
DB12302	LLVZBTWPGQVVLW-UHFFFAOYSA-N	LLVZBTWPGQVVLW
DB12303	QSPOQCXMGPDIHI-UHFFFAOYSA-N	QSPOQCXMGPDIHI
DB12305	SRPXSILJHWNFMK-UHFFFAOYSA-N	SRPXSILJHWNFMK
DB12307	CXQHYVUVSFXTMY-UHFFFAOYSA-N	CXQHYVUVSFXTMY
DB12308	AURFZBICLPNKBZ-UHFFFAOYSA-N	AURFZBICLPNKBZ
DB12309	CABBMMXFOOZVMS-UHFFFAOYSA-N	CABBMMXFOOZVMS
DB12310	HDTRYLNUVZCQOY-UHFFFAOYSA-N	HDTRYLNUVZCQOY
DB12311	DJKNRCWSXSZACF-UHFFFAOYSA-N	DJKNRCWSXSZACF
DB12313	RYBJORHCUPVNMB-UHFFFAOYSA-N	RYBJORHCUPVNMB
DB12314	ISZNZKHCRKXXAU-UHFFFAOYSA-N	ISZNZKHCRKXXAU
DB12316	PPGNMFUMZSAZCW-UHFFFAOYSA-N	PPGNMFUMZSAZCW
DB12318	LUJZZYWHBDHDQX-UHFFFAOYSA-N	LUJZZYWHBDHDQX
DB12319	WHQCHUCQKNIQEC-UHFFFAOYSA-N	WHQCHUCQKNIQEC
DB12320	YTFHCXIPDIHOIA-UHFFFAOYSA-N	YTFHCXIPDIHOIA
DB12321	BBPRUNPUJIUXSE-UHFFFAOYSA-N	BBPRUNPUJIUXSE
DB12323	DUPWHXBITIZIKZ-UHFFFAOYSA-N	DUPWHXBITIZIKZ
DB12325	TVTXCJFHQKSQQM-UHFFFAOYSA-N	TVTXCJFHQKSQQM
DB12326	LJTSIMVOOOLKOL-UHFFFAOYSA-N	LJTSIMVOOOLKOL
DB12327	OBSYBRPAKCASQB-UHFFFAOYSA-N	OBSYBRPAKCASQB
DB12328	DHZBEENLJMYSHQ-UHFFFAOYSA-N	DHZBEENLJMYSHQ
DB12329	AKLMFDDQCHURPW-UHFFFAOYSA-N	AKLMFDDQCHURPW
DB12332	HMABYWSNWIZPAG-UHFFFAOYSA-N	HMABYWSNWIZPAG
DB12334	XIVMHSNIQAICTR-UHFFFAOYSA-N	XIVMHSNIQAICTR
DB12338	OLBWFRRUHYQABZ-UHFFFAOYSA-N	OLBWFRRUHYQABZ
DB12339	BTTNOGHPGJANSW-UHFFFAOYSA-N	BTTNOGHPGJANSW
DB12340	JLYAXFNOILIKPP-UHFFFAOYSA-N	JLYAXFNOILIKPP
DB12341	ZHPMYDSXGRRERG-UHFFFAOYSA-N	ZHPMYDSXGRRERG
DB12343	BVCKFLJARNKCSS-UHFFFAOYSA-N	BVCKFLJARNKCSS
DB12345	NFTMKHWBOINJGM-UHFFFAOYSA-N	NFTMKHWBOINJGM
DB12350	AEAPORIZZWBIEX-UHFFFAOYSA-N	AEAPORIZZWBIEX
DB12352	FONKWHRXTPJODV-UHFFFAOYSA-N	FONKWHRXTPJODV
DB12353	AFNHHLILYQEHKK-UHFFFAOYSA-N	AFNHHLILYQEHKK
DB12355	YDZYKNJZCVIKPP-UHFFFAOYSA-N	YDZYKNJZCVIKPP
DB12357	JJWLXRKVUJDJKG-UHFFFAOYSA-N	JJWLXRKVUJDJKG
DB12358	JJJFUHOGVZWXNQ-UHFFFAOYSA-N	JJJFUHOGVZWXNQ
DB12359	QULDDKSCVCJTPV-UHFFFAOYSA-N	QULDDKSCVCJTPV
DB12360	DJRDLCHHQYHQQK-UHFFFAOYSA-N	DJRDLCHHQYHQQK
DB12361	URMTUEWUIGOJBW-UHFFFAOYSA-N	URMTUEWUIGOJBW
DB12364	XHOLNRLADUSQLD-UHFFFAOYSA-N	XHOLNRLADUSQLD
DB12367	MCECSFFXUPEPDB-UHFFFAOYSA-N	MCECSFFXUPEPDB
DB12368	MRXBCEQZNKUUIP-UHFFFAOYSA-N	MRXBCEQZNKUUIP
DB12369	OAVGBZOFDPFGPJ-UHFFFAOYSA-N	OAVGBZOFDPFGPJ
DB12370	NEHWBYHLYZGBNO-UHFFFAOYSA-N	NEHWBYHLYZGBNO
DB12371	KIHYPELVXPAIDH-UHFFFAOYSA-N	KIHYPELVXPAIDH
DB12376	QGZYDVAGYRLSKP-UHFFFAOYSA-N	QGZYDVAGYRLSKP
DB12377	SMOBCLHAZXOKDQ-UHFFFAOYSA-N	SMOBCLHAZXOKDQ
DB12378	JTMITOKKUMVWRT-UHFFFAOYSA-N	JTMITOKKUMVWRT
DB12379	JNLNPCNGMHKCKO-UHFFFAOYSA-N	JNLNPCNGMHKCKO
DB12380	WZRFLSDVFPIXOV-UHFFFAOYSA-N	WZRFLSDVFPIXOV
DB12381	QHADVLVFMKEIIP-UHFFFAOYSA-N	QHADVLVFMKEIIP
DB12382	MUTBJZVSRNUIHA-UHFFFAOYSA-N	MUTBJZVSRNUIHA
DB12385	HAWSQZCWOQZXHI-UHFFFAOYSA-N	HAWSQZCWOQZXHI
DB12387	JROFGZPOBKIAEW-UHFFFAOYSA-N	JROFGZPOBKIAEW
DB12391	BFZKMNSQCNVFGM-UHFFFAOYSA-N	BFZKMNSQCNVFGM
DB12392	FECGNJPYVFEKOD-UHFFFAOYSA-N	FECGNJPYVFEKOD
DB12393	WZMQMKNCWDCCMT-UHFFFAOYSA-N	WZMQMKNCWDCCMT
DB12394	YNUAEEJQYHYLMS-UHFFFAOYSA-N	YNUAEEJQYHYLMS
DB12395	CBQGYUDMJHNJBX-UHFFFAOYSA-N	CBQGYUDMJHNJBX
DB12398	JGBUBSOKFSVXKS-UHFFFAOYSA-N	JGBUBSOKFSVXKS
DB12399	IJWPAFMIFNSIGD-UHFFFAOYSA-N	IJWPAFMIFNSIGD
DB12400	RGHYDLZMTYDBDT-UHFFFAOYSA-N	RGHYDLZMTYDBDT
DB12401	RKLNONIVDFXQRX-UHFFFAOYSA-N	RKLNONIVDFXQRX
DB12402	AFUWQWYPPZFWCO-UHFFFAOYSA-N	AFUWQWYPPZFWCO
DB12405	HOGVTUZUJGHKPL-UHFFFAOYSA-N	HOGVTUZUJGHKPL
DB12406	NSMXQKNUPPXBRG-UHFFFAOYSA-N	NSMXQKNUPPXBRG
DB12407	YLPBXIKWXNRACS-UHFFFAOYSA-N	YLPBXIKWXNRACS
DB12408	WGOJWDWKHJHXSV-UHFFFAOYSA-N	WGOJWDWKHJHXSV
DB12410	VQHRZZISQVWPLK-UHFFFAOYSA-N	VQHRZZISQVWPLK
DB12412	ZWPRRQZNBDYKLH-UHFFFAOYSA-N	ZWPRRQZNBDYKLH
DB12415	PAFKTGFSEFKSQG-UHFFFAOYSA-N	PAFKTGFSEFKSQG
DB12416	NXWASIVXQMMPLM-UHFFFAOYSA-N	NXWASIVXQMMPLM
DB12417	LDXYBEHACFJIEL-UHFFFAOYSA-N	LDXYBEHACFJIEL
DB12418	CVHZOJJKTDOEJC-UHFFFAOYSA-N	CVHZOJJKTDOEJC
DB12420	SALVHVNECODMJP-UHFFFAOYSA-N	SALVHVNECODMJP
DB12422	SUVMJBTUFCVSAD-UHFFFAOYSA-N	SUVMJBTUFCVSAD
DB12424	AZAANWYREOQRFB-UHFFFAOYSA-N	AZAANWYREOQRFB
DB12425	AUYYCJSJGJYCDS-UHFFFAOYSA-N	AUYYCJSJGJYCDS
DB12426	YUUGYIUSCYNSQR-UHFFFAOYSA-N	YUUGYIUSCYNSQR
DB12427	XWNBGDJPEXZSQM-UHFFFAOYSA-N	XWNBGDJPEXZSQM
DB12429	GFMMXOIFOQCCGU-UHFFFAOYSA-N	GFMMXOIFOQCCGU
DB12432	XDJCLCLBSGGNKS-UHFFFAOYSA-N	XDJCLCLBSGGNKS
DB12433	ARJKMWXLIHZLQZ-UHFFFAOYSA-N	ARJKMWXLIHZLQZ
DB12436	XILNRORTJVDYRH-UHFFFAOYSA-N	XILNRORTJVDYRH
DB12438	KMUNHOKTIVSFRA-UHFFFAOYSA-N	KMUNHOKTIVSFRA
DB12440	FVJCUZCRPIMVLB-UHFFFAOYSA-N	FVJCUZCRPIMVLB
DB12441	DVJXNXPFYJIACK-UHFFFAOYSA-N	DVJXNXPFYJIACK
DB12442	KUFRQPKVAWMTJO-UHFFFAOYSA-N	KUFRQPKVAWMTJO
DB12443	WUCQGGOGHZRELS-UHFFFAOYSA-N	WUCQGGOGHZRELS
DB12445	IOJUJUOXKXMJNF-UHFFFAOYSA-N	IOJUJUOXKXMJNF
DB12446	RBZNJGHIKXAKQE-UHFFFAOYSA-N	RBZNJGHIKXAKQE
DB12447	JYJTVFIEFKZWCJ-UHFFFAOYSA-N	JYJTVFIEFKZWCJ
DB12448	LNXBEIZREVRNTF-UHFFFAOYSA-N	LNXBEIZREVRNTF
DB12449	UZFMOKQJFYMBGY-UHFFFAOYSA-N	UZFMOKQJFYMBGY
DB12450	ZTHYODDOHIVTJV-UHFFFAOYSA-N	ZTHYODDOHIVTJV
DB12451	AQHMBDAHQGYLIU-UHFFFAOYSA-N	AQHMBDAHQGYLIU
DB12452	KBPLFHHGFOOTCA-UHFFFAOYSA-N	KBPLFHHGFOOTCA
DB12453	OSVXSBDYLRYLIG-UHFFFAOYSA-N	OSVXSBDYLRYLIG
DB12455	VJYKVCURWJGLPG-UHFFFAOYSA-N	VJYKVCURWJGLPG
DB12457	KRNAOFGYEFKHPB-UHFFFAOYSA-N	KRNAOFGYEFKHPB
DB12458	ZJQHPWUVQPJPQT-UHFFFAOYSA-N	ZJQHPWUVQPJPQT
DB12459	LNHWXBUNXOXMRL-UHFFFAOYSA-N	LNHWXBUNXOXMRL
DB12461	VAJGULUVTFDTAS-UHFFFAOYSA-N	VAJGULUVTFDTAS
DB12462	NPDKXVKJRHPDQT-UHFFFAOYSA-N	NPDKXVKJRHPDQT
DB12463	PKXWXXPNHIWQHW-UHFFFAOYSA-N	PKXWXXPNHIWQHW
DB12464	ZGCYVRNZWGUXNQ-UHFFFAOYSA-N	ZGCYVRNZWGUXNQ
DB12465	FPCCSQOGAWCVBH-UHFFFAOYSA-N	FPCCSQOGAWCVBH
DB12466	ZCGNOVWYSGBHAU-UHFFFAOYSA-N	ZCGNOVWYSGBHAU
DB12468	ZRJGMDIPCQOGNI-UHFFFAOYSA-N	ZRJGMDIPCQOGNI
DB12470	HSBKFSPNDWWPSL-UHFFFAOYSA-N	HSBKFSPNDWWPSL
DB12472	PTVWPYVOOKLBCG-UHFFFAOYSA-N	PTVWPYVOOKLBCG
DB12473	AJKIRUJIDFJUKJ-UHFFFAOYSA-N	AJKIRUJIDFJUKJ
DB12474	YNVGQYHLRCDXFQ-UHFFFAOYSA-N	YNVGQYHLRCDXFQ
DB12476	YZOQZEXYFLXNKA-UHFFFAOYSA-N	YZOQZEXYFLXNKA
DB12478	OQDPVLVUJFGPGQ-UHFFFAOYSA-N	OQDPVLVUJFGPGQ
DB12480	QGJZLNKBHJESQX-UHFFFAOYSA-N	QGJZLNKBHJESQX
DB12481	DSAJWYNOEDNPEQ-UHFFFAOYSA-N	DSAJWYNOEDNPEQ
DB12482	TWHZNAUBXFZMCA-UHFFFAOYSA-N	TWHZNAUBXFZMCA
DB12483	MWYDSXOGIBMAET-UHFFFAOYSA-N	MWYDSXOGIBMAET
DB12484	UCKYOOZPSJFJIZ-UHFFFAOYSA-N	UCKYOOZPSJFJIZ
DB12485	WVWOOAYQYLJEFD-UHFFFAOYSA-N	WVWOOAYQYLJEFD
DB12486	XFLQIRAKKLNXRQ-UHFFFAOYSA-N	XFLQIRAKKLNXRQ
DB12491	BZCALJIHZVNMGJ-UHFFFAOYSA-N	BZCALJIHZVNMGJ
DB12492	IHEHEFLXQFOQJO-UHFFFAOYSA-N	IHEHEFLXQFOQJO
DB12494	MHXGEROHKGDZGO-UHFFFAOYSA-N	MHXGEROHKGDZGO
DB12495	JCVQBJTWWDYUFQ-UHFFFAOYSA-N	JCVQBJTWWDYUFQ
DB12497	LYLFQLCLUXOFOL-UHFFFAOYSA-N	LYLFQLCLUXOFOL
DB12499	GPNHMOZDMYNCPO-UHFFFAOYSA-N	GPNHMOZDMYNCPO
DB12500	JOOXLOJCABQBSG-UHFFFAOYSA-N	JOOXLOJCABQBSG
DB12505	LWGUASZLXHYWIV-UHFFFAOYSA-N	LWGUASZLXHYWIV
DB12509	GFICWFZTBXUVIG-UHFFFAOYSA-N	GFICWFZTBXUVIG
DB12510	CBENFWSGALASAD-UHFFFAOYSA-N	CBENFWSGALASAD
DB12511	ULVDFHLHKNJICZ-UHFFFAOYSA-N	ULVDFHLHKNJICZ
DB12512	VKHVAUKFLBBZFJ-UHFFFAOYSA-N	VKHVAUKFLBBZFJ
DB12515	FUXVKZWTXQUGMW-UHFFFAOYSA-N	FUXVKZWTXQUGMW
DB12517	WHPJOAUPIZDJNX-UHFFFAOYSA-N	WHPJOAUPIZDJNX
DB12518	WAOQONBSWFLFPE-UHFFFAOYSA-N	WAOQONBSWFLFPE
DB12519	FSYKKLYZXJSNPZ-UHFFFAOYSA-N	FSYKKLYZXJSNPZ
DB12521	SECXISVLQFMRJM-UHFFFAOYSA-N	SECXISVLQFMRJM
DB12522	FCRFVPZAXGJLPW-UHFFFAOYSA-N	FCRFVPZAXGJLPW
DB12523	PVLJETXTTWAYEW-UHFFFAOYSA-N	PVLJETXTTWAYEW
DB12524	XEOSTBFUCNZKGS-UHFFFAOYSA-N	XEOSTBFUCNZKGS
DB12526	URWYQGVSPQJGGB-UHFFFAOYSA-N	URWYQGVSPQJGGB
DB12527	MBQYQLWSBRANKQ-UHFFFAOYSA-N	MBQYQLWSBRANKQ
DB12529	IOVCWXUNBOPUCH-UHFFFAOYSA-M	IOVCWXUNBOPUCH
DB12531	GWFOVSGRNGAGDL-UHFFFAOYSA-N	GWFOVSGRNGAGDL
DB12532	FTLDJPRFCGDUFH-UHFFFAOYSA-N	FTLDJPRFCGDUFH
DB12535	DCRWIATZWHLIPN-UHFFFAOYSA-N	DCRWIATZWHLIPN
DB12537	SVUOLADPCWQTTE-UHFFFAOYSA-N	SVUOLADPCWQTTE
DB12538	NGCNKEZHGRXHNL-UHFFFAOYSA-N	NGCNKEZHGRXHNL
DB12539	CKNAQFVBEHDJQV-UHFFFAOYSA-N	CKNAQFVBEHDJQV
DB12540	NRPQELCNMADTOZ-UHFFFAOYSA-N	NRPQELCNMADTOZ
DB12541	IDKAKZRYYDCJDU-UHFFFAOYSA-N	IDKAKZRYYDCJDU
DB12543	RYIDHLJADOKWFM-UHFFFAOYSA-N	RYIDHLJADOKWFM
DB12545	AYDXAULLCROVIT-UHFFFAOYSA-N	AYDXAULLCROVIT
DB12547	NIDRNVHMMDAAIK-UHFFFAOYSA-N	NIDRNVHMMDAAIK
DB12548	WRFHGDPIDHPWIQ-UHFFFAOYSA-N	WRFHGDPIDHPWIQ
DB12549	HZCWPKGYTCJSEB-UHFFFAOYSA-N	HZCWPKGYTCJSEB
DB12550	SZBGQDXLNMELTB-UHFFFAOYSA-N	SZBGQDXLNMELTB
DB12551	HPMRFMKYPGXPEP-UHFFFAOYSA-N	HPMRFMKYPGXPEP
DB12553	UUOUOERPONYGOS-UHFFFAOYSA-N	UUOUOERPONYGOS
DB12554	VYVKHNNGDFVQGA-UHFFFAOYSA-N	VYVKHNNGDFVQGA
DB12555	COSPVUFTLGQDQL-UHFFFAOYSA-N	COSPVUFTLGQDQL
DB12557	UYGZODVVDUIDDQ-UHFFFAOYSA-N	UYGZODVVDUIDDQ
DB12558	OONFNUWBHFSNBT-UHFFFAOYSA-N	OONFNUWBHFSNBT
DB12562	IHAXLPDVOWLUOS-UHFFFAOYSA-N	IHAXLPDVOWLUOS
DB12563	WZZIQHIQMWJNLU-UHFFFAOYSA-N	WZZIQHIQMWJNLU
DB12565	MAUCONCHVWBMHK-UHFFFAOYSA-N	MAUCONCHVWBMHK
DB12566	ASUGUQWIHMTFJL-UHFFFAOYSA-N	ASUGUQWIHMTFJL
DB12567	RZKDEGZIFSJVNA-UHFFFAOYSA-N	RZKDEGZIFSJVNA
DB12569	ZWTVVWUOTJRXKM-UHFFFAOYSA-N	ZWTVVWUOTJRXKM
DB12572	LBWQSAZEYIZZCE-UHFFFAOYSA-N	LBWQSAZEYIZZCE
DB12573	IHIWYQYVBNODSV-UHFFFAOYSA-N	IHIWYQYVBNODSV
DB12574	VAMFSFIPDOODFH-UHFFFAOYSA-N	VAMFSFIPDOODFH
DB12576	QPUVKSKJCNGSGT-UHFFFAOYSA-N	QPUVKSKJCNGSGT
DB12577	WDOGQTQEKVLZIJ-UHFFFAOYSA-N	WDOGQTQEKVLZIJ
DB12579	UVUYWJWYRLJHEN-UHFFFAOYSA-N	UVUYWJWYRLJHEN
DB12580	CAVRKWRKTNINFF-UHFFFAOYSA-N	CAVRKWRKTNINFF
DB12582	MXXWOMGUGJBKIW-UHFFFAOYSA-N	MXXWOMGUGJBKIW
DB12585	QWNDOCKIKKQJNN-UHFFFAOYSA-N	QWNDOCKIKKQJNN
DB12588	PDOQBOJDRPLBQU-UHFFFAOYSA-N	PDOQBOJDRPLBQU
DB12590	CBIAWPMZSFFRGN-UHFFFAOYSA-N	CBIAWPMZSFFRGN
DB12591	JCINBYQJBYJGDM-UHFFFAOYSA-N	JCINBYQJBYJGDM
DB12593	MXPOCMVWFLDDLZ-UHFFFAOYSA-N	MXPOCMVWFLDDLZ
DB12594	HSQAARMBHJCUOK-UHFFFAOYSA-N	HSQAARMBHJCUOK
DB12596	LGZKGOGODCLQHG-UHFFFAOYSA-N	LGZKGOGODCLQHG
DB12597	VOVZXURTCKPRDQ-UHFFFAOYSA-N	VOVZXURTCKPRDQ
DB12598	MQQNFDZXWVTQEH-UHFFFAOYSA-N	MQQNFDZXWVTQEH
DB12601	QIUASFSNWYMDFS-UHFFFAOYSA-N	QIUASFSNWYMDFS
DB12602	CNLWNYCFDMAZCB-UHFFFAOYSA-N	CNLWNYCFDMAZCB
DB12604	URWAJWIAIPFPJE-UHFFFAOYSA-N	URWAJWIAIPFPJE
DB12608	WJIGGYYSZBWCGC-UHFFFAOYSA-N	WJIGGYYSZBWCGC
DB12610	DYEFUKCXAQOFHX-UHFFFAOYSA-N	DYEFUKCXAQOFHX
DB12612	XRVDGNKRPOAQTN-UHFFFAOYSA-N	XRVDGNKRPOAQTN
DB12613	DWLTUUXCVGVRAV-UHFFFAOYSA-N	DWLTUUXCVGVRAV
DB12614	KQDRVXQXKZXMHP-UHFFFAOYSA-N	KQDRVXQXKZXMHP
DB12615	IYDYFVUFSPQPPV-UHFFFAOYSA-N	IYDYFVUFSPQPPV
DB12617	HZQDCMWJEBCWBR-UHFFFAOYSA-N	HZQDCMWJEBCWBR
DB12618	DFYRUELUNQRZTB-UHFFFAOYSA-N	DFYRUELUNQRZTB
DB12622	MQYXUWHLBZFQQO-UHFFFAOYSA-N	MQYXUWHLBZFQQO
DB12623	MFFBXYNKZHTCEY-UHFFFAOYSA-N	MFFBXYNKZHTCEY
DB12624	ZVXNYZWXUADSRV-UHFFFAOYSA-N	ZVXNYZWXUADSRV
DB12625	LCDDAGSJHKEABN-UHFFFAOYSA-N	LCDDAGSJHKEABN
DB12627	AYJRTVVIBJSSKN-UHFFFAOYSA-N	AYJRTVVIBJSSKN
DB12629	WONYMNWUJVKVII-UHFFFAOYSA-N	WONYMNWUJVKVII
DB12630	GASDVTHQNCFANM-UHFFFAOYSA-N	GASDVTHQNCFANM
DB12633	UBJAHGAUPNGZFF-UHFFFAOYSA-N	UBJAHGAUPNGZFF
DB12635	HSXLMAFNWCSZGP-UHFFFAOYSA-N	HSXLMAFNWCSZGP
DB12637	IEXUMDBQLIVNHZ-UHFFFAOYSA-N	IEXUMDBQLIVNHZ
DB12638	SUPVGFZUWFMATN-UHFFFAOYSA-N	SUPVGFZUWFMATN
DB12641	CVASBKDYSQKLSO-UHFFFAOYSA-N	CVASBKDYSQKLSO
DB12643	NJXZWIIMWNEOGJ-UHFFFAOYSA-N	NJXZWIIMWNEOGJ
DB12644	SXWHYTICXCLKDG-UHFFFAOYSA-N	SXWHYTICXCLKDG
DB12645	YALNUENQHAQXEA-UHFFFAOYSA-N	YALNUENQHAQXEA
DB12647	GJJVAFUKOBZPCB-UHFFFAOYSA-N	GJJVAFUKOBZPCB
DB12649	AXJQVVLKUYCICH-UHFFFAOYSA-N	AXJQVVLKUYCICH
DB12651	TXGZJQLMVSIZEI-UHFFFAOYSA-N	TXGZJQLMVSIZEI
DB12655	HZLFFNCLTRVYJG-UHFFFAOYSA-N	HZLFFNCLTRVYJG
DB12661	ICMGLRUYEQNHPF-UHFFFAOYSA-N	ICMGLRUYEQNHPF
DB12662	OKJHGOPITGTTIM-UHFFFAOYSA-N	OKJHGOPITGTTIM
DB12663	XQKYUBTUOHHNDV-UHFFFAOYSA-N	XQKYUBTUOHHNDV
DB12664	MNLULKBKWKTZPE-UHFFFAOYSA-N	MNLULKBKWKTZPE
DB12666	NBMBIEOUVBHEBM-UHFFFAOYSA-N	NBMBIEOUVBHEBM
DB12667	VRDIULHPQTYCLN-UHFFFAOYSA-N	VRDIULHPQTYCLN
DB12668	YFGBQHOOROIVKG-UHFFFAOYSA-N	YFGBQHOOROIVKG
DB12670	PJBFVWGQFLYWCB-UHFFFAOYSA-N	PJBFVWGQFLYWCB
DB12671	ZEZFKUBILQRZCK-UHFFFAOYSA-N	ZEZFKUBILQRZCK
DB12672	TUUXBSASAQJECY-UHFFFAOYSA-N	TUUXBSASAQJECY
DB12675	WLLOFQROROXOMO-UHFFFAOYSA-N	WLLOFQROROXOMO
DB12677	DZMVCVHATYROOS-UHFFFAOYSA-N	DZMVCVHATYROOS
DB12680	JJZFWROHYSMCMU-UHFFFAOYSA-N	JJZFWROHYSMCMU
DB12681	WUILNKCFCLNXOK-UHFFFAOYSA-N	WUILNKCFCLNXOK
DB12682	ZTFBIUXIQYRUNT-UHFFFAOYSA-N	ZTFBIUXIQYRUNT
DB12686	HUXYBQXJVXOMKX-UHFFFAOYSA-N	HUXYBQXJVXOMKX
DB12687	VFOKSTCIRGDTBR-UHFFFAOYSA-N	VFOKSTCIRGDTBR
DB12689	KJNNWYBAOPXVJY-UHFFFAOYSA-N	KJNNWYBAOPXVJY
DB12690	FYXRSVDHGLUMHB-UHFFFAOYSA-N	FYXRSVDHGLUMHB
DB12691	ZOTHAEBAWXWVID-UHFFFAOYSA-N	ZOTHAEBAWXWVID
DB12692	IDINUJSAMVOPCM-UHFFFAOYSA-N	IDINUJSAMVOPCM
DB12693	JUQLTPCYUFPYKE-UHFFFAOYSA-N	JUQLTPCYUFPYKE
DB12694	UBNMGTSDHSQBEL-UHFFFAOYSA-N	UBNMGTSDHSQBEL
DB12695	IZJDOKYDEWTZSO-UHFFFAOYSA-N	IZJDOKYDEWTZSO
DB12696	GDTQLZHHDRRBEB-UHFFFAOYSA-N	GDTQLZHHDRRBEB
DB12697	XDSSPSLGNGIIHP-UHFFFAOYSA-N	XDSSPSLGNGIIHP
DB12702	HXLOHDZQBKCUCR-UHFFFAOYSA-N	HXLOHDZQBKCUCR
DB12703	CGBJSGAELGCMKE-UHFFFAOYSA-N	CGBJSGAELGCMKE
DB12704	NYKCGQQJNVPOLU-UHFFFAOYSA-N	NYKCGQQJNVPOLU
DB12706	LNLJHGXOFYUARS-UHFFFAOYSA-N	LNLJHGXOFYUARS
DB12707	LAMIXXKAWNLXOC-UHFFFAOYSA-N	LAMIXXKAWNLXOC
DB12708	UQZVCDCIMBLVNR-UHFFFAOYSA-N	UQZVCDCIMBLVNR
DB12709	UYXTWWCETRIEDR-UHFFFAOYSA-N	UYXTWWCETRIEDR
DB12710	WEYVCQFUGFRXOM-UHFFFAOYSA-N	WEYVCQFUGFRXOM
DB12712	BCQTVJKBTWGHCX-UHFFFAOYSA-N	BCQTVJKBTWGHCX
DB12713	QKDRXGFQVGOQKS-UHFFFAOYSA-N	QKDRXGFQVGOQKS
DB12714	BTDHTARYCBHHPJ-UHFFFAOYSA-N	BTDHTARYCBHHPJ
DB12715	PXZXYRKDDXKDTK-UHFFFAOYSA-N	PXZXYRKDDXKDTK
DB12717	ULRDYYKSPCRXAJ-UHFFFAOYSA-N	ULRDYYKSPCRXAJ
DB12719	INASOKQDNHHMRE-UHFFFAOYSA-N	INASOKQDNHHMRE
DB12720	VYFGDLGHHBUDTQ-UHFFFAOYSA-N	VYFGDLGHHBUDTQ
DB12721	QZXVLRCMAHJVIP-UHFFFAOYSA-N	QZXVLRCMAHJVIP
DB12725	MZOITCJKGUIQEI-UHFFFAOYSA-N	MZOITCJKGUIQEI
DB12727	VPAWVRUHMJVRHU-UHFFFAOYSA-N	VPAWVRUHMJVRHU
DB12729	MGGBYMDAPCCKCT-UHFFFAOYSA-N	MGGBYMDAPCCKCT
DB12730	OFDNQWIFNXBECV-UHFFFAOYSA-N	OFDNQWIFNXBECV
DB12731	KPBNHDGDUADAGP-UHFFFAOYSA-N	KPBNHDGDUADAGP
DB12732	YLFZHHDVRSYTKT-UHFFFAOYSA-N	YLFZHHDVRSYTKT
DB12733	LZXMUJCJAWVHPZ-UHFFFAOYSA-N	LZXMUJCJAWVHPZ
DB12736	WCDWBPCFGJXFJZ-UHFFFAOYSA-N	WCDWBPCFGJXFJZ
DB12740	GMYLVKUGJMYTFB-UHFFFAOYSA-N	GMYLVKUGJMYTFB
DB12741	AVSMSXHPIYIKIJ-UHFFFAOYSA-N	AVSMSXHPIYIKIJ
DB12742	FOFDIMHVKGYHRU-UHFFFAOYSA-N	FOFDIMHVKGYHRU
DB12743	VCPMZDWBEWTGNW-UHFFFAOYSA-N	VCPMZDWBEWTGNW
DB12744	ZXBFYBLSJMEBEP-UHFFFAOYSA-N	ZXBFYBLSJMEBEP
DB12745	KGPGFQWBCSZGEL-UHFFFAOYSA-N	KGPGFQWBCSZGEL
DB12746	JLRIJKVMMZEKDF-UHFFFAOYSA-N	JLRIJKVMMZEKDF
DB12749	HJXMNVQARNZTEE-UHFFFAOYSA-N	HJXMNVQARNZTEE
DB12750	KCWZGJVSDFYRIX-UHFFFAOYSA-N	KCWZGJVSDFYRIX
DB12751	BJEPYKJPYRNKOW-UHFFFAOYSA-N	BJEPYKJPYRNKOW
DB12752	FBMYKMYQHCBIGU-UHFFFAOYSA-N	FBMYKMYQHCBIGU
DB12754	XMBWDFGMSWQBCA-UHFFFAOYSA-M	XMBWDFGMSWQBCA
DB12756	WKDACQVEJIVHMZ-UHFFFAOYSA-N	WKDACQVEJIVHMZ
DB12758	MMSNEKOTSJRTRI-UHFFFAOYSA-N	MMSNEKOTSJRTRI
DB12764	CAOTVXGYTWCKQE-UHFFFAOYSA-N	CAOTVXGYTWCKQE
DB12765	HAMGRBXTJNITHG-UHFFFAOYSA-N	HAMGRBXTJNITHG
DB12766	CVKNDPRBJVBDSS-UHFFFAOYSA-N	CVKNDPRBJVBDSS
DB12769	ZUQBAQVRAURMCL-UHFFFAOYSA-N	ZUQBAQVRAURMCL
DB12770	KMZQAVXSMUKBPD-UHFFFAOYSA-N	KMZQAVXSMUKBPD
DB12771	JUUBCHWRXWPFFH-UHFFFAOYSA-N	JUUBCHWRXWPFFH
DB12774	KVLFRAWTRWDEDF-UHFFFAOYSA-N	KVLFRAWTRWDEDF
DB12776	BBTFKAOFCSOZMB-UHFFFAOYSA-N	BBTFKAOFCSOZMB
DB12778	VXBNTHRZPJLRSS-UHFFFAOYSA-N	VXBNTHRZPJLRSS
DB12779	WZRCQWQRFZITDX-UHFFFAOYSA-N	WZRCQWQRFZITDX
DB12780	SBJGFIXQRZOVTO-UHFFFAOYSA-N	SBJGFIXQRZOVTO
DB12781	IETKPTYAGKZLKY-UHFFFAOYSA-N	IETKPTYAGKZLKY
DB12783	BNQDCRGUHNALGH-UHFFFAOYSA-N	BNQDCRGUHNALGH
DB12784	UQTPDWDAYHAZNT-UHFFFAOYSA-N	UQTPDWDAYHAZNT
DB12787	ZDHCJEIGTNNEMY-UHFFFAOYSA-N	ZDHCJEIGTNNEMY
DB12789	PXGPLTODNUVGFL-UHFFFAOYSA-N	PXGPLTODNUVGFL
DB12791	QNRRHYPPQFELSF-UHFFFAOYSA-N	QNRRHYPPQFELSF
DB12798	KGMMSPVVHZGPHL-UHFFFAOYSA-N	KGMMSPVVHZGPHL
DB12799	TULGGJGJQXESOO-UHFFFAOYSA-N	TULGGJGJQXESOO
DB12802	YJGVMLPVUAXIQN-UHFFFAOYSA-N	YJGVMLPVUAXIQN
DB12803	VKMGSWIFEHZQRS-UHFFFAOYSA-N	VKMGSWIFEHZQRS
DB12805	PQHLRGARXNPFCF-UHFFFAOYSA-N	PQHLRGARXNPFCF
DB12806	YANGEESWIGIKOP-UHFFFAOYSA-N	YANGEESWIGIKOP
DB12808	MFBCDACCJCDGBA-UHFFFAOYSA-N	MFBCDACCJCDGBA
DB12812	YEAHTLOYHVWAKW-UHFFFAOYSA-N	YEAHTLOYHVWAKW
DB12819	PYZFRRVBPNGCBX-UHFFFAOYSA-N	PYZFRRVBPNGCBX
DB12821	KAVGMUDTWQVPDF-UHFFFAOYSA-N	KAVGMUDTWQVPDF
DB12823	QFLNTQDOVCLQKW-UHFFFAOYSA-N	QFLNTQDOVCLQKW
DB12825	KPVIXBKIJXZQJX-UHFFFAOYSA-N	KPVIXBKIJXZQJX
DB12829	SRVJKTDHMYAMHA-UHFFFAOYSA-N	SRVJKTDHMYAMHA
DB12830	CSMVOZKEWSOFER-UHFFFAOYSA-N	CSMVOZKEWSOFER
DB12831	YKGYIDJEEQRWQH-UHFFFAOYSA-N	YKGYIDJEEQRWQH
DB12832	HFVNWDWLWUCIHC-UHFFFAOYSA-N	HFVNWDWLWUCIHC
DB12833	CEIJFEGBUDEYSX-UHFFFAOYSA-N	CEIJFEGBUDEYSX
DB12834	KPQZUUQMTUIKBP-UHFFFAOYSA-N	KPQZUUQMTUIKBP
DB12836	HZVLFTCYCLXTGV-UHFFFAOYSA-N	HZVLFTCYCLXTGV
DB12837	OHIUQAZROSYCMC-UHFFFAOYSA-N	OHIUQAZROSYCMC
DB12839	NPOCDVAOUKODSQ-UHFFFAOYSA-N	NPOCDVAOUKODSQ
DB12843	JLPDBLFIVFSOCC-UHFFFAOYSA-N	JLPDBLFIVFSOCC
DB12846	WVLAAKXASPCBGT-UHFFFAOYSA-N	WVLAAKXASPCBGT
DB12847	PTJGLFIIZFVFJV-UHFFFAOYSA-N	PTJGLFIIZFVFJV
DB12848	PDMUGYOXRHVNMO-UHFFFAOYSA-N	PDMUGYOXRHVNMO
DB12850	YFIZRWPXUYFCSN-UHFFFAOYSA-N	YFIZRWPXUYFCSN
DB12853	AULLTYAISZREAX-UHFFFAOYSA-N	AULLTYAISZREAX
DB12854	MMNNTJYFHUDSKL-UHFFFAOYSA-N	MMNNTJYFHUDSKL
DB12855	RYMCFYKJDVMSIR-UHFFFAOYSA-N	RYMCFYKJDVMSIR
DB12857	POERAARDVFVDLO-UHFFFAOYSA-N	POERAARDVFVDLO
DB12858	RBSGUQYXRDKPAE-UHFFFAOYSA-N	RBSGUQYXRDKPAE
DB12859	GUVRBAGPIYLISA-UHFFFAOYSA-N	GUVRBAGPIYLISA
DB12863	BTGNGJJLZOIYID-UHFFFAOYSA-N	BTGNGJJLZOIYID
DB12864	JCYZMTMYPZHVBF-UHFFFAOYSA-N	JCYZMTMYPZHVBF
DB12865	ANIAZGVDEUQPRI-UHFFFAOYSA-N	ANIAZGVDEUQPRI
DB12866	GXALXAKNHIROPE-UHFFFAOYSA-N	GXALXAKNHIROPE
DB12867	FEBOTPHFXYHVPL-UHFFFAOYSA-N	FEBOTPHFXYHVPL
DB12869	GGUSQTSTQSHJAH-UHFFFAOYSA-N	GGUSQTSTQSHJAH
DB12870	KJQFBVYMGADDTQ-UHFFFAOYSA-N	KJQFBVYMGADDTQ
DB12873	AAFJXZWCNVJTMK-UHFFFAOYSA-N	AAFJXZWCNVJTMK
DB12874	CVWXJKQAOSCOAB-UHFFFAOYSA-N	CVWXJKQAOSCOAB
DB12875	ORDHXXHTBUZRCN-UHFFFAOYSA-N	ORDHXXHTBUZRCN
DB12877	BAINIUMDFURPJM-UHFFFAOYSA-N	BAINIUMDFURPJM
DB12879	QLMMOGWZCFQAPU-UHFFFAOYSA-N	QLMMOGWZCFQAPU
DB12881	IVYPNXXAYMYVSP-UHFFFAOYSA-N	IVYPNXXAYMYVSP
DB12883	WVLHGCRWEHCIOT-UHFFFAOYSA-N	WVLHGCRWEHCIOT
DB12884	VTLNPNNUIJHJQB-UHFFFAOYSA-N	VTLNPNNUIJHJQB
DB12885	IPSYPUKKXMNCNQ-UHFFFAOYSA-N	IPSYPUKKXMNCNQ
DB12886	WIEDUMBCZQRGSY-UHFFFAOYSA-N	WIEDUMBCZQRGSY
DB12887	NSQSAUGJQHDYNO-UHFFFAOYSA-N	NSQSAUGJQHDYNO
DB12889	WGEWUYACXPEFPO-UHFFFAOYSA-N	WGEWUYACXPEFPO
DB12890	BGOQGUHWXBGXJW-UHFFFAOYSA-N	BGOQGUHWXBGXJW
DB12900	XUKROCVZGZNGSI-UHFFFAOYSA-N	XUKROCVZGZNGSI
DB12901	GIMSJJHKKXRFGV-UHFFFAOYSA-N	GIMSJJHKKXRFGV
DB12902	UMKFEPPTGMDVMI-UHFFFAOYSA-N	UMKFEPPTGMDVMI
DB12903	BEMNJULZEQTDJY-UHFFFAOYSA-N	BEMNJULZEQTDJY
DB12904	HGVNLRPZOWWDKD-UHFFFAOYSA-N	HGVNLRPZOWWDKD
DB12907	GZCGUPFRVQAUEE-UHFFFAOYSA-N	GZCGUPFRVQAUEE
DB12910	JFHJGXQFESYQGY-UHFFFAOYSA-N	JFHJGXQFESYQGY
DB12912	XHWRWCSCBDLOLM-UHFFFAOYSA-N	XHWRWCSCBDLOLM
DB12914	FDBYIYFVSAHJLY-UHFFFAOYSA-N	FDBYIYFVSAHJLY
DB12916	VFKZTMPDYBFSTM-UHFFFAOYSA-N	VFKZTMPDYBFSTM
DB12919	OTZVBZFYMFTYKH-UHFFFAOYSA-N	OTZVBZFYMFTYKH
DB12920	LXFOLMYKSYSZQS-UHFFFAOYSA-N	LXFOLMYKSYSZQS
DB12921	CTSNHMQGVWXIEG-UHFFFAOYSA-N	CTSNHMQGVWXIEG
DB12923	XQLWNAFCTODIRK-UHFFFAOYSA-N	XQLWNAFCTODIRK
DB12924	XPIJWUTXQAGSLK-UHFFFAOYSA-N	XPIJWUTXQAGSLK
DB12925	JXONINOYTKKXQQ-UHFFFAOYSA-N	JXONINOYTKKXQQ
DB12926	UJSKUDDDPKGBJY-UHFFFAOYSA-N	UJSKUDDDPKGBJY
DB12927	WMCMJIGLYZDKRN-UHFFFAOYSA-N	WMCMJIGLYZDKRN
DB12929	IQOWHZHNGJXGHG-UHFFFAOYSA-N	IQOWHZHNGJXGHG
DB12930	YNZFUWZUGRBMHL-UHFFFAOYSA-N	YNZFUWZUGRBMHL
DB12931	DWPQODZAOSWNHB-UHFFFAOYSA-N	DWPQODZAOSWNHB
DB12933	FIMYFEGKMOCQKT-UHFFFAOYSA-N	FIMYFEGKMOCQKT
DB12935	UAOCLDQAQNNEAX-UHFFFAOYSA-N	UAOCLDQAQNNEAX
DB12939	WWJFFVUVFNBJTN-UHFFFAOYSA-N	WWJFFVUVFNBJTN
DB12941	BLIJXOOIHRSQRB-UHFFFAOYSA-N	BLIJXOOIHRSQRB
DB12942	VQHSOMBJVWLPSR-UHFFFAOYSA-N	VQHSOMBJVWLPSR
DB12944	QCDYQQDYXPDABM-UHFFFAOYSA-N	QCDYQQDYXPDABM
DB12945	VQKLRVZQQYVIJW-UHFFFAOYSA-N	VQKLRVZQQYVIJW
DB12946	FFBDFADSZUINTG-UHFFFAOYSA-N	FFBDFADSZUINTG
DB12947	ZWAOHEXOSAUJHY-UHFFFAOYSA-N	ZWAOHEXOSAUJHY
DB12948	QJMCKEPOKRERLN-UHFFFAOYSA-N	QJMCKEPOKRERLN
DB12949	AGMOFKKOVMRGAK-UHFFFAOYSA-N	AGMOFKKOVMRGAK
DB12951	SRPNQDXRVRCTNK-UHFFFAOYSA-N	SRPNQDXRVRCTNK
DB12952	SVYCRJXQZUCUND-UHFFFAOYSA-N	SVYCRJXQZUCUND
DB12954	ODKYYBOHSVLGNU-UHFFFAOYSA-N	ODKYYBOHSVLGNU
DB12958	JTTAUPUMOLRVRA-UHFFFAOYSA-N	JTTAUPUMOLRVRA
DB12960	ZMCJFJZOSKEMOM-UHFFFAOYSA-N	ZMCJFJZOSKEMOM
DB12961	VNYSSYRCGWBHLG-UHFFFAOYSA-N	VNYSSYRCGWBHLG
DB12962	HXHAJRMTJXHJJZ-UHFFFAOYSA-N	HXHAJRMTJXHJJZ
DB12964	PWWDCRQZITYKDV-UHFFFAOYSA-N	PWWDCRQZITYKDV
DB12965	BQCADISMDOOEFD-UHFFFAOYSA-N	BQCADISMDOOEFD
DB12966	FTFRZXFNZVCRSK-UHFFFAOYSA-N	FTFRZXFNZVCRSK
DB12967	MXWHMTNPTTVWDM-UHFFFAOYSA-N	MXWHMTNPTTVWDM
DB12969	DSCFFEYYQKSRSV-UHFFFAOYSA-N	DSCFFEYYQKSRSV
DB12971	TXIIZHHIOHVWJD-UHFFFAOYSA-N	TXIIZHHIOHVWJD
DB12973	FLNYCRJBCNNHRH-UHFFFAOYSA-N	FLNYCRJBCNNHRH
DB12975	DJUFPMUQJKWIJB-UHFFFAOYSA-N	DJUFPMUQJKWIJB
DB12978	JGWRKYUXBBNENE-UHFFFAOYSA-N	JGWRKYUXBBNENE
DB12979	YZZVIKDAOTXDEB-UHFFFAOYSA-N	YZZVIKDAOTXDEB
DB12982	XUIMIQQOPSSXEZ-UHFFFAOYSA-N	XUIMIQQOPSSXEZ
DB12983	IEQIEDJGQAUEQZ-UHFFFAOYSA-N	IEQIEDJGQAUEQZ
DB12984	DXOJIXGRFSHVKA-UHFFFAOYSA-N	DXOJIXGRFSHVKA
DB12985	PAWIYAYFNXQGAP-UHFFFAOYSA-N	PAWIYAYFNXQGAP
DB12986	QYBGBLQCOOISAR-UHFFFAOYSA-N	QYBGBLQCOOISAR
DB12987	DZVPGIORVGSQMC-UHFFFAOYSA-N	DZVPGIORVGSQMC
DB12988	PNHFDVSKDSLUFH-UHFFFAOYSA-N	PNHFDVSKDSLUFH
DB12989	PPEKGEBBBBNZKS-UHFFFAOYSA-N	PPEKGEBBBBNZKS
DB12991	IDINUJSAMVOPCM-UHFFFAOYSA-N	IDINUJSAMVOPCM
DB12996	FBSKJMQYURKNSU-UHFFFAOYSA-N	FBSKJMQYURKNSU
DB12998	QGNOXTFZOLDODX-UHFFFAOYSA-N	QGNOXTFZOLDODX
DB13001	PFENFDGYVLAFBR-UHFFFAOYSA-N	PFENFDGYVLAFBR
DB13003	RKHQGWMMUURILY-UHFFFAOYSA-N	RKHQGWMMUURILY
DB13004	ZFPZEYHRWGMJCV-UHFFFAOYSA-N	ZFPZEYHRWGMJCV
DB13005	WVXNSAVVKYZVOE-UHFFFAOYSA-N	WVXNSAVVKYZVOE
DB13006	WZTIQQBMSJTRBR-UHFFFAOYSA-N	WZTIQQBMSJTRBR
DB13009	TWFZGCMQGLPBSX-UHFFFAOYSA-N	TWFZGCMQGLPBSX
DB13012	MDEJTPWQNNMAQF-UHFFFAOYSA-N	MDEJTPWQNNMAQF
DB13014	UHJAFZZGOSOFFV-UHFFFAOYSA-N	UHJAFZZGOSOFFV
DB13018	XTXXOHPHLNROBN-UHFFFAOYSA-N	XTXXOHPHLNROBN
DB13020	MAVDNGWEBZTACC-UHFFFAOYSA-N	MAVDNGWEBZTACC
DB13022	GKJCVYLDJWTWQU-UHFFFAOYSA-N	GKJCVYLDJWTWQU
DB13025	JTVPZMFULRWINT-UHFFFAOYSA-N	JTVPZMFULRWINT
DB13026	IPWKIXLWTCNBKN-UHFFFAOYSA-N	IPWKIXLWTCNBKN
DB13027	XEDONBRPTABQFB-UHFFFAOYSA-N	XEDONBRPTABQFB
DB13028	MRMBZHPJVKCOMA-UHFFFAOYSA-N	MRMBZHPJVKCOMA
DB13029	JJWKQXNHYDJXKF-UHFFFAOYSA-N	JJWKQXNHYDJXKF
DB13036	LDXDSHIEDAPSSA-UHFFFAOYSA-N	LDXDSHIEDAPSSA
DB13038	PHYFQTYBJUILEZ-UHFFFAOYSA-N	PHYFQTYBJUILEZ
DB13039	YLMPBJUYFTWHKJ-UHFFFAOYSA-N	YLMPBJUYFTWHKJ
DB13040	SQSZANZGUXWJEA-UHFFFAOYSA-N	SQSZANZGUXWJEA
DB13041	LSYBRGMTRKJATA-UHFFFAOYSA-N	LSYBRGMTRKJATA
DB13042	UBAJTZKNDCEGKL-UHFFFAOYSA-N	UBAJTZKNDCEGKL
DB13044	QBKSWRVVCFFDOT-UHFFFAOYSA-N	QBKSWRVVCFFDOT
DB13046	CLLFEJLEDNXZNR-UHFFFAOYSA-N	CLLFEJLEDNXZNR
DB13048	YQNRVGJCPCNMKT-UHFFFAOYSA-N	YQNRVGJCPCNMKT
DB13050	RBKASMJPSJDQKY-UHFFFAOYSA-N	RBKASMJPSJDQKY
DB13051	JEGHXKRHKHPBJD-UHFFFAOYSA-N	JEGHXKRHKHPBJD
DB13056	ATCGGEJZONJOCL-UHFFFAOYSA-N	ATCGGEJZONJOCL
DB13058	KNWQLFOXPQZGPX-UHFFFAOYSA-N	KNWQLFOXPQZGPX
DB13061	HHFBDROWDBDFBR-UHFFFAOYSA-N	HHFBDROWDBDFBR
DB13063	KTEXNACQROZXEV-UHFFFAOYSA-N	KTEXNACQROZXEV
DB13064	QQJLHRRUATVHED-UHFFFAOYSA-N	QQJLHRRUATVHED
DB13065	MJQMRGWYPNIERM-UHFFFAOYSA-N	MJQMRGWYPNIERM
DB13066	UGFHIPBXIWJXNA-UHFFFAOYSA-N	UGFHIPBXIWJXNA
DB13067	GFJRASPBQLDRRY-UHFFFAOYSA-N	GFJRASPBQLDRRY
DB13068	RPJPZDVUUKWPGT-UHFFFAOYSA-N	RPJPZDVUUKWPGT
DB13069	VFEDRRNHLBGPNN-UHFFFAOYSA-N	VFEDRRNHLBGPNN
DB13070	HMXDWDSNPRNUKI-UHFFFAOYSA-N	HMXDWDSNPRNUKI
DB13071	FOIPWTMKYXWFGC-UHFFFAOYSA-N	FOIPWTMKYXWFGC
DB13072	RGJOJUGRHPQXGF-UHFFFAOYSA-N	RGJOJUGRHPQXGF
DB13074	UJVDJAPJQWZRFR-UHFFFAOYSA-N	UJVDJAPJQWZRFR
DB13075	RAKQPZMEYJZGPI-UHFFFAOYSA-N	RAKQPZMEYJZGPI
DB13076	VWQVUPCCIRVNHF-UHFFFAOYSA-N	VWQVUPCCIRVNHF
DB13077	QLUWQAFDTNAYPN-UHFFFAOYSA-N	QLUWQAFDTNAYPN
DB13082	NGHTXZCKLWZPGK-UHFFFAOYSA-N	NGHTXZCKLWZPGK
DB13083	SNFYYXUGUBUECJ-UHFFFAOYSA-N	SNFYYXUGUBUECJ
DB13084	SIXLXDIJGIWWFU-UHFFFAOYSA-N	SIXLXDIJGIWWFU
DB13087	HZLAWYIBLZNRFZ-UHFFFAOYSA-N	HZLAWYIBLZNRFZ
DB13089	MPDGHEJMBKOTSU-UHFFFAOYSA-N	MPDGHEJMBKOTSU
DB13091	FDBWMYOFXWMGEY-UHFFFAOYSA-N	FDBWMYOFXWMGEY
DB13092	RNIADBXQDMCFEN-UHFFFAOYSA-N	RNIADBXQDMCFEN
DB13093	DZFZXPPHBWCXPQ-UHFFFAOYSA-N	DZFZXPPHBWCXPQ
DB13094	AQRLDDAFYYAIJP-UHFFFAOYSA-N	AQRLDDAFYYAIJP
DB13095	JQLOVYLALGSISI-UHFFFAOYSA-N	JQLOVYLALGSISI
DB13097	NWFOBODUYTUMNC-UHFFFAOYSA-N	NWFOBODUYTUMNC
DB13098	MZNMZWZGUGFQJP-UHFFFAOYSA-N	MZNMZWZGUGFQJP
DB13099	QRCJOCOSPZMDJY-UHFFFAOYSA-N	QRCJOCOSPZMDJY
DB13100	XNCOSPRUTUOJCJ-UHFFFAOYSA-N	XNCOSPRUTUOJCJ
DB13104	ONPGOSVDVDPBCY-UHFFFAOYSA-N	ONPGOSVDVDPBCY
DB13105	AOPOCGPBAIARAV-UHFFFAOYSA-N	AOPOCGPBAIARAV
DB13108	YELGFTGWJGBAQU-UHFFFAOYSA-N	YELGFTGWJGBAQU
DB13109	WXUUCRLKXQMWRY-UHFFFAOYSA-N	WXUUCRLKXQMWRY
DB13110	WATWJIUSRGPENY-UHFFFAOYSA-N	WATWJIUSRGPENY
DB13111	SEBPXHSZHLFWRL-UHFFFAOYSA-N	SEBPXHSZHLFWRL
DB13113	JRWCBEOAFGHNNU-UHFFFAOYSA-N	JRWCBEOAFGHNNU
DB13114	ZPMKQFOGINQDAM-UHFFFAOYSA-N	ZPMKQFOGINQDAM
DB13118	DIKSYHCCYVYKRO-UHFFFAOYSA-N	DIKSYHCCYVYKRO
DB13119	QWLNINWUBHHOLU-UHFFFAOYSA-N	QWLNINWUBHHOLU
DB13122	AQLVRTWKJDTWQQ-UHFFFAOYSA-N	AQLVRTWKJDTWQQ
DB13124	IYVFNTXFRYQLRP-UHFFFAOYSA-N	IYVFNTXFRYQLRP
DB13125	NOZIJMHMKORZBA-UHFFFAOYSA-N	NOZIJMHMKORZBA
DB13129	JUNDJWOLDSCTFK-UHFFFAOYSA-N	JUNDJWOLDSCTFK
DB13132	BLUAFEHZUWYNDE-UHFFFAOYSA-N	BLUAFEHZUWYNDE
DB13135	PPCGSVWOZKNPCX-UHFFFAOYSA-N	PPCGSVWOZKNPCX
DB13136	NASXCEITKQITLD-UHFFFAOYSA-N	NASXCEITKQITLD
DB13139	NDAUXUAQIAJITI-UHFFFAOYSA-N	NDAUXUAQIAJITI
DB13141	JBDGDEWWOUBZPM-UHFFFAOYSA-N	JBDGDEWWOUBZPM
DB13142	JYTUSYBCFIZPBE-UHFFFAOYSA-M	JYTUSYBCFIZPBE
DB13143	KHLJKRBMZVNZOC-UHFFFAOYSA-N	KHLJKRBMZVNZOC
DB13145	AEMRFAOFKBGASW-UHFFFAOYSA-N	AEMRFAOFKBGASW
DB13146	NTEDWGYJNHZKQW-UHFFFAOYSA-N	NTEDWGYJNHZKQW
DB13153	RGZSQWQPBWRIAQ-UHFFFAOYSA-N	RGZSQWQPBWRIAQ
DB13154	WXNZTHHGJRFXKQ-UHFFFAOYSA-N	WXNZTHHGJRFXKQ
DB13155	XHCADAYNFIFUHF-UHFFFAOYSA-N	XHCADAYNFIFUHF
DB13156	UGQMRVRMYYASKQ-UHFFFAOYSA-N	UGQMRVRMYYASKQ
DB13157	LBIZZGIYNNLXQN-UHFFFAOYSA-M	LBIZZGIYNNLXQN
DB13158	XXIFVOHLGBURIG-UHFFFAOYSA-N	XXIFVOHLGBURIG
DB13160	UVAZQQHAVMNMHE-UHFFFAOYSA-N	UVAZQQHAVMNMHE
DB13164	FDMQDKQUTRLUBU-UHFFFAOYSA-N	FDMQDKQUTRLUBU
DB13165	QSKQVZWVLOIIEV-UHFFFAOYSA-N	QSKQVZWVLOIIEV
DB13166	IAIDUHCBNLFXEF-UHFFFAOYSA-N	IAIDUHCBNLFXEF
DB13167	ARHWPKZXBHOEEE-UHFFFAOYSA-N	ARHWPKZXBHOEEE
DB13169	NPAGDVCDWIYMMC-UHFFFAOYSA-N	NPAGDVCDWIYMMC
DB13170	NSPHQWLKCGGCQR-UHFFFAOYSA-N	NSPHQWLKCGGCQR
DB13174	FCDLCPWAQCPTKC-UHFFFAOYSA-N	FCDLCPWAQCPTKC
DB13175	OZFQHULMMDWMIV-UHFFFAOYSA-N	OZFQHULMMDWMIV
DB13177	YUDPTGPSBJVHCN-UHFFFAOYSA-N	YUDPTGPSBJVHCN
DB13178	CDAISMWEOUEBRE-UHFFFAOYSA-N	CDAISMWEOUEBRE
DB13179	LQCLVBQBTUVCEQ-UHFFFAOYSA-N	LQCLVBQBTUVCEQ
DB13180	RGHNJXZEOKUKBD-UHFFFAOYSA-N	RGHNJXZEOKUKBD
DB13182	ZQSIJRDFPHDXIC-UHFFFAOYSA-N	ZQSIJRDFPHDXIC
DB13183	WNIDXAKKFOKNEF-UHFFFAOYSA-N	WNIDXAKKFOKNEF
DB13185	KHKDIUPVDIEHAH-UHFFFAOYSA-N	KHKDIUPVDIEHAH
DB13191	DRBBFCLWYRJSJZ-UHFFFAOYSA-N	DRBBFCLWYRJSJZ
DB13193	ONBRAVKWWFCJOJ-UHFFFAOYSA-N	ONBRAVKWWFCJOJ
DB13202	UAXYBJSAPFTPNB-UHFFFAOYSA-N	UAXYBJSAPFTPNB
DB13203	VVUYEFBRTFASAH-UHFFFAOYSA-N	VVUYEFBRTFASAH
DB13204	VGQLNJWOULYVFV-UHFFFAOYSA-N	VGQLNJWOULYVFV
DB13205	MSJLJWCAEPENBL-UHFFFAOYSA-N	MSJLJWCAEPENBL
DB13206	RDUHXGIIUDVSHR-UHFFFAOYSA-N	RDUHXGIIUDVSHR
DB13207	ODKSFYDXXFIFQN-UHFFFAOYSA-N	ODKSFYDXXFIFQN
DB13208	WSVOMANDJDYYEY-UHFFFAOYSA-N	WSVOMANDJDYYEY
DB13209	NHNBFGGVMKEFGY-UHFFFAOYSA-N	NHNBFGGVMKEFGY
DB13210	GXXLZZYHIIGRLP-UHFFFAOYSA-N	GXXLZZYHIIGRLP
DB13211	HIUVKVDQFXDZHU-UHFFFAOYSA-N	HIUVKVDQFXDZHU
DB13212	BELBBZDIHDAJOR-UHFFFAOYSA-N	BELBBZDIHDAJOR
DB13213	DVLBYTMYSMAKHP-UHFFFAOYSA-N	DVLBYTMYSMAKHP
DB13214	XRVJPLDTMUSSDE-UHFFFAOYSA-N	XRVJPLDTMUSSDE
DB13215	OHTXTCNTQJFRIG-UHFFFAOYSA-N	OHTXTCNTQJFRIG
DB13216	IDCHQQSVJAAUQQ-UHFFFAOYSA-N	IDCHQQSVJAAUQQ
DB13217	JIEKMACRVQTPRC-UHFFFAOYSA-N	JIEKMACRVQTPRC
DB13218	IWYDHOAUDWTVEP-UHFFFAOYSA-N	IWYDHOAUDWTVEP
DB13219	QNMGHBMGNRQPNL-UHFFFAOYSA-N	QNMGHBMGNRQPNL
DB13220	CKLJMWTZIZZHCS-UHFFFAOYSA-L	CKLJMWTZIZZHCS
DB13221	KSUUMAWCGDNLFK-UHFFFAOYSA-N	KSUUMAWCGDNLFK
DB13222	JMOVFFLYGIQXMM-UHFFFAOYSA-N	JMOVFFLYGIQXMM
DB13223	PUWHHWCHAVXSIG-UHFFFAOYSA-N	PUWHHWCHAVXSIG
DB13224	RGEVWUKXWFOAID-UHFFFAOYSA-N	RGEVWUKXWFOAID
DB13225	QPGGEKPRGVJKQB-UHFFFAOYSA-N	QPGGEKPRGVJKQB
DB13226	WXNXCEHXYPACJF-UHFFFAOYSA-N	WXNXCEHXYPACJF
DB13227	ULLNJSBQMBKOJH-UHFFFAOYSA-N	ULLNJSBQMBKOJH
DB13228	UYGONJYYUKVHDD-UHFFFAOYSA-N	UYGONJYYUKVHDD
DB13229	WGMASVSHOSNKMF-UHFFFAOYSA-N	WGMASVSHOSNKMF
DB13230	GTFUITFQDGVJSK-UHFFFAOYSA-N	GTFUITFQDGVJSK
DB13231	JVTAAEKCZFNVCJ-UHFFFAOYSA-M	JVTAAEKCZFNVCJ
DB13232	ONWXNHPOAGOMTG-UHFFFAOYSA-N	ONWXNHPOAGOMTG
DB13233	FZSPJBYOKQPKCD-UHFFFAOYSA-N	FZSPJBYOKQPKCD
DB13234	KEJXLQUPYHWCNM-UHFFFAOYSA-N	KEJXLQUPYHWCNM
DB13235	PEYVWSJAZONVQK-UHFFFAOYSA-N	PEYVWSJAZONVQK
DB13236	XXAXVMUWHZHZMJ-UHFFFAOYSA-J	XXAXVMUWHZHZMJ
DB13237	HQVZOORKDNCGCK-UHFFFAOYSA-N	HQVZOORKDNCGCK
DB13238	VSRBKQFNFZQRBM-UHFFFAOYSA-N	VSRBKQFNFZQRBM
DB13239	SSLHKNBKUBAHJY-UHFFFAOYSA-N	SSLHKNBKUBAHJY
DB13240	XQCGNURMLWFQJR-UHFFFAOYSA-N	XQCGNURMLWFQJR
DB13242	CJGYSWNGNKCJSB-UHFFFAOYSA-N	CJGYSWNGNKCJSB
DB13243	FVRDYQYEVDDKCR-UHFFFAOYSA-N	FVRDYQYEVDDKCR
DB13244	QCTBMLYLENLHLA-UHFFFAOYSA-N	QCTBMLYLENLHLA
DB13245	KUAZQDVKQLNFPE-UHFFFAOYSA-N	KUAZQDVKQLNFPE
DB13246	JCBQCKFFSPGEDY-UHFFFAOYSA-N	JCBQCKFFSPGEDY
DB13247	ZULJGOSFKWFVRX-UHFFFAOYSA-N	ZULJGOSFKWFVRX
DB13248	PBMSWVPMRUJMPE-UHFFFAOYSA-N	PBMSWVPMRUJMPE
DB13249	AHKZTVQIVOEVFO-UHFFFAOYSA-N	AHKZTVQIVOEVFO
DB13250	YDBYJHTYSHBBAU-UHFFFAOYSA-O	YDBYJHTYSHBBAU
DB13251	QHGUCRYDKWKLMG-UHFFFAOYSA-N	QHGUCRYDKWKLMG
DB13252	JOQKFRLFXDPXHX-UHFFFAOYSA-N	JOQKFRLFXDPXHX
DB13253	VNLMRPAWAMPLNZ-UHFFFAOYSA-N	VNLMRPAWAMPLNZ
DB13254	ZYEPZINLLPPBMI-UHFFFAOYSA-N	ZYEPZINLLPPBMI
DB13255	YZZCJYJBCUJISI-UHFFFAOYSA-N	YZZCJYJBCUJISI
DB13256	KAAZGXDPUNNEFN-UHFFFAOYSA-N	KAAZGXDPUNNEFN
DB13257	QAOWNCQODCNURD-UHFFFAOYSA-L	QAOWNCQODCNURD
DB13258	QTRALMGDQMIVFF-UHFFFAOYSA-N	QTRALMGDQMIVFF
DB13259	HRYZWHHZPQKTII-UHFFFAOYSA-N	HRYZWHHZPQKTII
DB13261	PNUZDKCDAWUEGK-UHFFFAOYSA-N	PNUZDKCDAWUEGK
DB13262	WRJPSSPFHGNBMG-UHFFFAOYSA-N	WRJPSSPFHGNBMG
DB13264	RAUQZDNDLCIQFJ-UHFFFAOYSA-N	RAUQZDNDLCIQFJ
DB13265	KRQAMFQCSAJCRH-UHFFFAOYSA-N	KRQAMFQCSAJCRH
DB13266	UOCJDOLVGGIYIQ-UHFFFAOYSA-N	UOCJDOLVGGIYIQ
DB13267	ZBNBQISDCFIEQC-UHFFFAOYSA-N	ZBNBQISDCFIEQC
DB13268	ODFJOVXVLFUVNQ-UHFFFAOYSA-N	ODFJOVXVLFUVNQ
DB13269	DBHODFSFBXJZNY-UHFFFAOYSA-N	DBHODFSFBXJZNY
DB13270	JJCQSGDBDPYCEO-UHFFFAOYSA-N	JJCQSGDBDPYCEO
DB13272	IRQOBYXMACIFKD-UHFFFAOYSA-N	IRQOBYXMACIFKD
DB13273	UNRHXEPDKXPRTM-UHFFFAOYSA-N	UNRHXEPDKXPRTM
DB13274	DNYGXMICFMACRA-UHFFFAOYSA-N	DNYGXMICFMACRA
DB13275	NJDUWAXIURWWLN-UHFFFAOYSA-N	NJDUWAXIURWWLN
DB13276	HVYGXNYMNHSBGD-UHFFFAOYSA-N	HVYGXNYMNHSBGD
DB13277	CZCHIEJNWPNBDE-UHFFFAOYSA-N	CZCHIEJNWPNBDE
DB13278	LIAWQASKBFCRNR-UHFFFAOYSA-N	LIAWQASKBFCRNR
DB13279	KLOIYEQEVSIOOO-UHFFFAOYSA-N	KLOIYEQEVSIOOO
DB13280	WDJHALXBUFZDSR-UHFFFAOYSA-M	WDJHALXBUFZDSR
DB13282	CYDRXTMLKJDRQH-UHFFFAOYSA-N	CYDRXTMLKJDRQH
DB13283	YZMCKZRAOLZXAZ-UHFFFAOYSA-N	YZMCKZRAOLZXAZ
DB13284	FNQQBFNIYODEMB-UHFFFAOYSA-N	FNQQBFNIYODEMB
DB13285	YAGBSNMZQKEFCO-UHFFFAOYSA-N	YAGBSNMZQKEFCO
DB13286	FLWFHHFTIRLFPV-UHFFFAOYSA-N	FLWFHHFTIRLFPV
DB13288	UXQDWARBDDDTKG-UHFFFAOYSA-N	UXQDWARBDDDTKG
DB13289	JOWRFSPJFXLGGY-UHFFFAOYSA-N	JOWRFSPJFXLGGY
DB13290	KRZCNRGNPAESDC-UHFFFAOYSA-N	KRZCNRGNPAESDC
DB13291	KBFBRIPYVVGWRS-UHFFFAOYSA-N	KBFBRIPYVVGWRS
DB13292	NZLVRVYNQYGMAB-UHFFFAOYSA-N	NZLVRVYNQYGMAB
DB13294	SGRUZFCHLOFYHZ-UHFFFAOYSA-N	SGRUZFCHLOFYHZ
DB13296	WTFXJFJYEJZMFO-UHFFFAOYSA-N	WTFXJFJYEJZMFO
DB13297	OSCTXCOERRNGLW-UHFFFAOYSA-N	OSCTXCOERRNGLW
DB13300	RPBAFSBGYDKNRG-UHFFFAOYSA-N	RPBAFSBGYDKNRG
DB13303	QHZQILHUJDRDAI-UHFFFAOYSA-N	QHZQILHUJDRDAI
DB13304	PXSOHRWMIRDKMP-UHFFFAOYSA-N	PXSOHRWMIRDKMP
DB13305	CINROOONPHQHPO-UHFFFAOYSA-N	CINROOONPHQHPO
DB13306	GPTXWRGISTZRIO-UHFFFAOYSA-N	GPTXWRGISTZRIO
DB13307	MYEJFUXQJGHEQK-UHFFFAOYSA-N	MYEJFUXQJGHEQK
DB13308	AJRNYCDWNITGHF-UHFFFAOYSA-N	AJRNYCDWNITGHF
DB13309	JTUQXGZRVLWBCR-UHFFFAOYSA-N	JTUQXGZRVLWBCR
DB13310	XZEUAXYWNKYKPL-UHFFFAOYSA-N	XZEUAXYWNKYKPL
DB13311	YPTFHLJNWSJXKG-UHFFFAOYSA-N	YPTFHLJNWSJXKG
DB13312	WOUOLAUOZXOLJQ-UHFFFAOYSA-N	WOUOLAUOZXOLJQ
DB13313	XBBDACCLCFWBSI-UHFFFAOYSA-N	XBBDACCLCFWBSI
DB13314	FPHLBGOJWPEVME-UHFFFAOYSA-N	FPHLBGOJWPEVME
DB13315	OMDMTHRBGUBUCO-UHFFFAOYSA-N	OMDMTHRBGUBUCO
DB13316	WDKXLLJDNUBYCY-UHFFFAOYSA-N	WDKXLLJDNUBYCY
DB13317	ARPYQKTVRGFPIS-UHFFFAOYSA-N	ARPYQKTVRGFPIS
DB13318	NNJPGOLRFBJNIW-UHFFFAOYSA-N	NNJPGOLRFBJNIW
DB13319	GCHKUUOPYMFGEY-UHFFFAOYSA-N	GCHKUUOPYMFGEY
DB13320	DZQVFHSCSRACSX-UHFFFAOYSA-N	DZQVFHSCSRACSX
DB13321	RDFJFVXMRYVOAC-UHFFFAOYSA-N	RDFJFVXMRYVOAC
DB13322	BVKZGUZCCUSVTD-UHFFFAOYSA-L	BVKZGUZCCUSVTD
DB13323	XSTXAVWGXDQKEL-UHFFFAOYSA-N	XSTXAVWGXDQKEL
DB13324	IQWYAQCHYZHJOS-UHFFFAOYSA-N	IQWYAQCHYZHJOS
DB13325	IDUMOVRJNBNOTR-UHFFFAOYSA-N	IDUMOVRJNBNOTR
DB13326	XSIOKTWDEOJMGG-UHFFFAOYSA-O	XSIOKTWDEOJMGG
DB13327	KYWCWBXGRWWINE-UHFFFAOYSA-N	KYWCWBXGRWWINE
DB13328	VWYQKFLLGRBICZ-UHFFFAOYSA-N	VWYQKFLLGRBICZ
DB13329	FWKQNCXZGNBPFD-UHFFFAOYSA-N	FWKQNCXZGNBPFD
DB13330	VXROHTDSRBRJLN-UHFFFAOYSA-O	VXROHTDSRBRJLN
DB13331	NZASCBIBXNPDMH-UHFFFAOYSA-N	NZASCBIBXNPDMH
DB13332	YUXIBTJKHLUKBD-UHFFFAOYSA-N	YUXIBTJKHLUKBD
DB13333	ZVXBAHLOGZCFTP-UHFFFAOYSA-N	ZVXBAHLOGZCFTP
DB13334	UUVIQYKKKBJYJT-UHFFFAOYSA-N	UUVIQYKKKBJYJT
DB13335	MFZOSKPPVCIFMT-UHFFFAOYSA-N	MFZOSKPPVCIFMT
DB13336	NIQCNGHVCWTJSM-UHFFFAOYSA-N	NIQCNGHVCWTJSM
DB13337	NONJJLVGHLVQQM-UHFFFAOYSA-N	NONJJLVGHLVQQM
DB13338	XOEUHCONYHZURQ-UHFFFAOYSA-N	XOEUHCONYHZURQ
DB13339	UMILHIMHKXVDGH-UHFFFAOYSA-N	UMILHIMHKXVDGH
DB13340	BFCDFTHTSVTWOG-UHFFFAOYSA-N	BFCDFTHTSVTWOG
DB13341	RXOIEVSUURELPG-UHFFFAOYSA-N	RXOIEVSUURELPG
DB13342	XDUOTWNXVDBCDY-UHFFFAOYSA-N	XDUOTWNXVDBCDY
DB13343	SLYPOVJCSQHITR-UHFFFAOYSA-N	SLYPOVJCSQHITR
DB13344	HYGWNUKOUCZBND-UHFFFAOYSA-N	HYGWNUKOUCZBND
DB13345	DEQITUUQPICUMR-UHFFFAOYSA-N	DEQITUUQPICUMR
DB13346	MXJWRABVEGLYDG-UHFFFAOYSA-N	MXJWRABVEGLYDG
DB13347	JYGLAHSAISAEAL-UHFFFAOYSA-N	JYGLAHSAISAEAL
DB13348	WRCITXQNXAIKLR-UHFFFAOYSA-N	WRCITXQNXAIKLR
DB13349	LCAAMXMULMCKLJ-UHFFFAOYSA-N	LCAAMXMULMCKLJ
DB13350	LHIALLMPKJMSIQ-UHFFFAOYSA-N	LHIALLMPKJMSIQ
DB13351	KTHVBAZBLKXIHZ-UHFFFAOYSA-N	KTHVBAZBLKXIHZ
DB13352	UEEJHVSXFDXPFK-UHFFFAOYSA-N	UEEJHVSXFDXPFK
DB13353	ZILPIBYANAFGMS-UHFFFAOYSA-N	ZILPIBYANAFGMS
DB13354	CAMYKONBWHRPDD-UHFFFAOYSA-N	CAMYKONBWHRPDD
DB13355	GVBNSPFBYXGREE-UHFFFAOYSA-N	GVBNSPFBYXGREE
DB13356	AHXDSVSZEZHDLV-UHFFFAOYSA-N	AHXDSVSZEZHDLV
DB13357	OCSOHUROTFFTFO-UHFFFAOYSA-N	OCSOHUROTFFTFO
DB13358	IPOBOOXFSRWSHL-UHFFFAOYSA-N	IPOBOOXFSRWSHL
DB13360	CANCCLAKQQHLNK-UHFFFAOYSA-N	CANCCLAKQQHLNK
DB13361	NSHMKXVHJBBKTN-UHFFFAOYSA-N	NSHMKXVHJBBKTN
DB13362	AJOQSQHYDOFIOX-UHFFFAOYSA-N	AJOQSQHYDOFIOX
DB13363	BAPRUDZDYCKSOQ-UHFFFAOYSA-N	BAPRUDZDYCKSOQ
DB13364	RBBWCVQDXDFISW-UHFFFAOYSA-N	RBBWCVQDXDFISW
DB13366	VEXZGXHMUGYJMC-UHFFFAOYSA-N	VEXZGXHMUGYJMC
DB13367	GYNNRVJJLAVVTQ-UHFFFAOYSA-N	GYNNRVJJLAVVTQ
DB13368	IYIYMCASGKQOCZ-UHFFFAOYSA-N	IYIYMCASGKQOCZ
DB13369	ZKCWITXZGWUJAV-UHFFFAOYSA-N	ZKCWITXZGWUJAV
DB13370	CMCCHHWTTBEZNM-UHFFFAOYSA-N	CMCCHHWTTBEZNM
DB13371	PWHROYKAGRUWDQ-UHFFFAOYSA-N	PWHROYKAGRUWDQ
DB13374	RXPRRQLKFXBCSJ-UHFFFAOYSA-N	RXPRRQLKFXBCSJ
DB13376	KZNICNPSHKQLFF-UHFFFAOYSA-N	KZNICNPSHKQLFF
DB13377	RAFOHKSPUDGZPR-UHFFFAOYSA-N	RAFOHKSPUDGZPR
DB13378	LRCXRAABFLIVAI-UHFFFAOYSA-N	LRCXRAABFLIVAI
DB13379	ZBJWWKFMHOAPNS-UHFFFAOYSA-N	ZBJWWKFMHOAPNS
DB13380	GUONSMXZEYTWML-UHFFFAOYSA-N	GUONSMXZEYTWML
DB13381	KCXVZYZYPLLWCC-UHFFFAOYSA-M	KCXVZYZYPLLWCC
DB13382	DBOUGBAQLIXZLV-UHFFFAOYSA-N	DBOUGBAQLIXZLV
DB13383	DNKPFCQEGBJJTE-UHFFFAOYSA-N	DNKPFCQEGBJJTE
DB13384	GWWLWDURRGNSRS-UHFFFAOYSA-N	GWWLWDURRGNSRS
DB13386	UHQGCIIQUZBJAE-UHFFFAOYSA-N	UHQGCIIQUZBJAE
DB13387	PRFMATRBBQRQBM-UHFFFAOYSA-L	PRFMATRBBQRQBM
DB13388	PDTFCHSETJBPTR-UHFFFAOYSA-N	PDTFCHSETJBPTR
DB13389	TZADDXVKYWMEHX-UHFFFAOYSA-N	TZADDXVKYWMEHX
DB13391	DCSCXTJOXBUFGB-UHFFFAOYSA-N	DCSCXTJOXBUFGB
DB13392	HSENQVAPRRWYDF-UHFFFAOYSA-L	HSENQVAPRRWYDF
DB13393	AUVVAXYIELKVAI-UHFFFAOYSA-N	AUVVAXYIELKVAI
DB13394	PZMVOUYYNKPMSI-UHFFFAOYSA-N	PZMVOUYYNKPMSI
DB13395	QSRHLIUOSXVKTG-UHFFFAOYSA-N	QSRHLIUOSXVKTG
DB13396	PAJBBDCZSMDSFL-UHFFFAOYSA-N	PAJBBDCZSMDSFL
DB13397	PXZDWASDNFWKSD-UHFFFAOYSA-N	PXZDWASDNFWKSD
DB13398	GDYUVHBMFVMBAF-UHFFFAOYSA-N	GDYUVHBMFVMBAF
DB13399	JOAHPSVPXZTVEP-UHFFFAOYSA-N	JOAHPSVPXZTVEP
DB13400	FKDHHVKWGRFRTG-UHFFFAOYSA-N	FKDHHVKWGRFRTG
DB13401	IYJMSDVSVHDVGT-UHFFFAOYSA-N	IYJMSDVSVHDVGT
DB13402	OKJIRPAQVSHGFK-UHFFFAOYSA-N	OKJIRPAQVSHGFK
DB13403	XCWPUUGSGHNIDZ-UHFFFAOYSA-N	XCWPUUGSGHNIDZ
DB13404	KCXVZYZYPLLWCC-UHFFFAOYSA-J	KCXVZYZYPLLWCC
DB13405	SMNOERSLNYGGOU-UHFFFAOYSA-N	SMNOERSLNYGGOU
DB13406	VDTNNGKXZGSZIP-UHFFFAOYSA-N	VDTNNGKXZGSZIP
DB13407	BRZANEXCSZCZCI-UHFFFAOYSA-N	BRZANEXCSZCZCI
DB13408	BLJBDLGFKNXUCB-UHFFFAOYSA-N	BLJBDLGFKNXUCB
DB13409	VYWWNRMSAPEJLS-UHFFFAOYSA-N	VYWWNRMSAPEJLS
DB13410	QKIQJNNDIWGVEH-UHFFFAOYSA-N	QKIQJNNDIWGVEH
DB13411	SAPNXPWPAUFAJU-UHFFFAOYSA-N	SAPNXPWPAUFAJU
DB13412	KTOAWCPDBUCJED-UHFFFAOYSA-N	KTOAWCPDBUCJED
DB13413	BFMBKRQFMIILCH-UHFFFAOYSA-N	BFMBKRQFMIILCH
DB13414	ZEAJXCPGHPJVNP-UHFFFAOYSA-N	ZEAJXCPGHPJVNP
DB13415	CWRVKFFCRWGWCS-UHFFFAOYSA-N	CWRVKFFCRWGWCS
DB13416	CKHJPWQVLKHBIH-UHFFFAOYSA-N	CKHJPWQVLKHBIH
DB13417	GVTLAVKAVSKBKK-UHFFFAOYSA-N	GVTLAVKAVSKBKK
DB13418	MTMZZIPTQITGCY-UHFFFAOYSA-N	MTMZZIPTQITGCY
DB13419	YSIITVVESCNIPR-UHFFFAOYSA-N	YSIITVVESCNIPR
DB13420	CDXCCYNINPIWGE-UHFFFAOYSA-N	CDXCCYNINPIWGE
DB13421	XACKNLSZYYIACO-UHFFFAOYSA-N	XACKNLSZYYIACO
DB13422	FUWFSXZKBMCSKF-UHFFFAOYSA-N	FUWFSXZKBMCSKF
DB13423	XLYOFNOQVPJJNP-UHFFFAOYSA-M	XLYOFNOQVPJJNP
DB13424	YVGGHNCTFXOJCH-UHFFFAOYSA-N	YVGGHNCTFXOJCH
DB13425	QHMWCHQXCUNUAK-UHFFFAOYSA-N	QHMWCHQXCUNUAK
DB13427	PCHJSUWPFVWCPO-UHFFFAOYSA-N	PCHJSUWPFVWCPO
DB13428	FJYJNLIEGUTPIJ-UHFFFAOYSA-N	FJYJNLIEGUTPIJ
DB13429	KWBTZIFLQYYPTH-UHFFFAOYSA-N	KWBTZIFLQYYPTH
DB13430	KJLLKLRVCJAFRY-UHFFFAOYSA-N	KJLLKLRVCJAFRY
DB13431	DGMKFQYCZXERLX-UHFFFAOYSA-N	DGMKFQYCZXERLX
DB13432	XVUQHFRQHBLHQD-UHFFFAOYSA-N	XVUQHFRQHBLHQD
DB13433	JLRNKCZRCMIVKA-UHFFFAOYSA-N	JLRNKCZRCMIVKA
DB13434	ZCJYUTQZBAIHBS-UHFFFAOYSA-N	ZCJYUTQZBAIHBS
DB13435	ALAXZYHFVBSJKZ-UHFFFAOYSA-N	ALAXZYHFVBSJKZ
DB13436	FVYYUBRKVVOOAV-UHFFFAOYSA-N	FVYYUBRKVVOOAV
DB13437	YLCXGBZIZBEVPZ-UHFFFAOYSA-N	YLCXGBZIZBEVPZ
DB13438	OJCPSBCUMRIPFL-UHFFFAOYSA-N	OJCPSBCUMRIPFL
DB13439	JXJPYHDHJZJWRI-UHFFFAOYSA-N	JXJPYHDHJZJWRI
DB13441	KUEUWHJGRZKESU-UHFFFAOYSA-N	KUEUWHJGRZKESU
DB13442	NRFJZTXWLKPZAV-UHFFFAOYSA-N	NRFJZTXWLKPZAV
DB13443	METKIMKYRPQLGS-UHFFFAOYSA-N	METKIMKYRPQLGS
DB13444	OLAOYPRJVHUHCF-UHFFFAOYSA-N	OLAOYPRJVHUHCF
DB13445	RVXGRCNWGOHSDE-UHFFFAOYSA-N	RVXGRCNWGOHSDE
DB13448	AMHPTVWBZSYFSS-UHFFFAOYSA-N	AMHPTVWBZSYFSS
DB13449	KYHQZNGJUGFTGR-UHFFFAOYSA-N	KYHQZNGJUGFTGR
DB13451	WRGOVNKNTPWHLZ-UHFFFAOYSA-N	WRGOVNKNTPWHLZ
DB13452	QLTVVOATEHFXLT-UHFFFAOYSA-N	QLTVVOATEHFXLT
DB13453	FHNFHKCVQCLJFQ-UHFFFAOYSA-N	FHNFHKCVQCLJFQ
DB13454	HNDXBGYRMHRUFN-UHFFFAOYSA-N	HNDXBGYRMHRUFN
DB13455	DAFOCGYVTAOKAJ-UHFFFAOYSA-N	DAFOCGYVTAOKAJ
DB13456	DMUAPQTXSSNEDD-UHFFFAOYSA-N	DMUAPQTXSSNEDD
DB13457	FVYUQFQCEOZYHZ-UHFFFAOYSA-N	FVYUQFQCEOZYHZ
DB13458	RRJQTGHQFYTZOW-UHFFFAOYSA-N	RRJQTGHQFYTZOW
DB13459	ZYPGADGCNXOUJP-UHFFFAOYSA-N	ZYPGADGCNXOUJP
DB13460	AYJVGKWCGIYEAK-UHFFFAOYSA-N	AYJVGKWCGIYEAK
DB13461	HJJRIJDTIPFROI-UHFFFAOYSA-N	HJJRIJDTIPFROI
DB13462	AVWWVJUMXRXPNF-UHFFFAOYSA-N	AVWWVJUMXRXPNF
DB13463	VZVRZTZPHOHSCK-UHFFFAOYSA-N	VZVRZTZPHOHSCK
DB13464	MUNMIGOEDGHVLE-UHFFFAOYSA-N	MUNMIGOEDGHVLE
DB13465	OXLKOMYHDYVIDM-UHFFFAOYSA-N	OXLKOMYHDYVIDM
DB13466	ZWPODSUQWXAZNC-UHFFFAOYSA-N	ZWPODSUQWXAZNC
DB13467	JAYAGJDXJIDEKI-UHFFFAOYSA-N	JAYAGJDXJIDEKI
DB13468	PHTMLLGDZBZXMW-UHFFFAOYSA-N	PHTMLLGDZBZXMW
DB13469	VLPADTBFADIFKG-UHFFFAOYSA-N	VLPADTBFADIFKG
DB13470	XDZKBRJLTGRPSS-UHFFFAOYSA-N	XDZKBRJLTGRPSS
DB13471	XGZZHZMWIXFATA-UHFFFAOYSA-N	XGZZHZMWIXFATA
DB13472	GVOUFPWUYJWQSK-UHFFFAOYSA-N	GVOUFPWUYJWQSK
DB13473	UCKMPCXJQFINFW-UHFFFAOYSA-N	UCKMPCXJQFINFW
DB13474	JWIXXNLOKOAAQT-UHFFFAOYSA-N	JWIXXNLOKOAAQT
DB13475	DECBQELQORZLLP-UHFFFAOYSA-N	DECBQELQORZLLP
DB13476	YBJKOPHEJOMRMN-UHFFFAOYSA-N	YBJKOPHEJOMRMN
DB13478	JLICHNCFTLFZJN-UHFFFAOYSA-N	JLICHNCFTLFZJN
DB13479	MXHODDGKGSGCDI-UHFFFAOYSA-N	MXHODDGKGSGCDI
DB13481	IZSFDUMVCVVWKW-UHFFFAOYSA-N	IZSFDUMVCVVWKW
DB13482	ZXFQRFXLFWWKLX-UHFFFAOYSA-N	ZXFQRFXLFWWKLX
DB13483	IKQCSJBQLWJEPU-UHFFFAOYSA-N	IKQCSJBQLWJEPU
DB13484	IUVKMZGDUIUOCP-UHFFFAOYSA-N	IUVKMZGDUIUOCP
DB13485	QKLSCPPJEVXONT-UHFFFAOYSA-N	QKLSCPPJEVXONT
DB13487	QJHZPCLORSPENH-UHFFFAOYSA-N	QJHZPCLORSPENH
DB13488	FYJJXENSONZJRG-UHFFFAOYSA-N	FYJJXENSONZJRG
DB13489	VZSXTYKGYWISGQ-UHFFFAOYSA-N	VZSXTYKGYWISGQ
DB13490	XYFLWVOTXWXNAM-UHFFFAOYSA-N	XYFLWVOTXWXNAM
DB13491	SLVCCRYLKTYUQP-UHFFFAOYSA-N	SLVCCRYLKTYUQP
DB13493	NIVFTEMPSCMWDE-UHFFFAOYSA-N	NIVFTEMPSCMWDE
DB13494	ZKGDBJAHIIXDDW-UHFFFAOYSA-N	ZKGDBJAHIIXDDW
DB13495	WYMSBXTXOHUIGT-UHFFFAOYSA-N	WYMSBXTXOHUIGT
DB13496	PLIGPBGDXASWPX-UHFFFAOYSA-N	PLIGPBGDXASWPX
DB13497	UPPMZCXMQRVMME-UHFFFAOYSA-N	UPPMZCXMQRVMME
DB13499	SYLKGLMBLAAGSC-UHFFFAOYSA-N	SYLKGLMBLAAGSC
DB13500	NQHNLNLJPDMBFN-UHFFFAOYSA-O	NQHNLNLJPDMBFN
DB13501	BYFMCKSPFYVMOU-UHFFFAOYSA-N	BYFMCKSPFYVMOU
DB13502	QIHLUZAFSSMXHQ-UHFFFAOYSA-N	QIHLUZAFSSMXHQ
DB13504	MQLRYUCJDNBWMV-UHFFFAOYSA-N	MQLRYUCJDNBWMV
DB13505	JEJBJBKVPOWOQK-UHFFFAOYSA-N	JEJBJBKVPOWOQK
DB13506	NZDASSHFKWDBBU-UHFFFAOYSA-N	NZDASSHFKWDBBU
DB13507	CQRKVVAGMJJJSR-UHFFFAOYSA-N	CQRKVVAGMJJJSR
DB13508	XYCMOTOFHFTUIU-UHFFFAOYSA-N	XYCMOTOFHFTUIU
DB13509	BSYNRYMUTXBXSQ-UHFFFAOYSA-N	BSYNRYMUTXBXSQ
DB13510	OWYLAEYXIQKAOL-UHFFFAOYSA-N	OWYLAEYXIQKAOL
DB13511	BVPWJMCABCPUQY-UHFFFAOYSA-N	BVPWJMCABCPUQY
DB13512	ODCUSWJXZDHLKV-UHFFFAOYSA-N	ODCUSWJXZDHLKV
DB13513	QKHROXOPRBWBDD-UHFFFAOYSA-N	QKHROXOPRBWBDD
DB13514	TVQZAMVBTVNYLA-UHFFFAOYSA-N	TVQZAMVBTVNYLA
DB13515	USSIQXCVUWKGNF-UHFFFAOYSA-N	USSIQXCVUWKGNF
DB13516	VOGJJBHRUDVEFM-UHFFFAOYSA-N	VOGJJBHRUDVEFM
DB13517	JYPVVOOBQVVUQV-UHFFFAOYSA-N	JYPVVOOBQVVUQV
DB13519	MUBZPKHOEPUJKR-UHFFFAOYSA-L	MUBZPKHOEPUJKR
DB13520	WZHJKEUHNJHDLS-UHFFFAOYSA-N	WZHJKEUHNJHDLS
DB13522	XIUUSFJTJXFNGH-UHFFFAOYSA-N	XIUUSFJTJXFNGH
DB13523	RYJXBGGBZJGVQF-UHFFFAOYSA-N	RYJXBGGBZJGVQF
DB13524	PXWLVJLKJGVOKE-UHFFFAOYSA-N	PXWLVJLKJGVOKE
DB13526	WXZMFSXDPGVJKK-UHFFFAOYSA-N	WXZMFSXDPGVJKK
DB13527	PTXGHCGBYMQQIG-UHFFFAOYSA-N	PTXGHCGBYMQQIG
DB13528	VUHJZBBCZGVNDZ-UHFFFAOYSA-N	VUHJZBBCZGVNDZ
DB13529	IKQCSJBQLWJEPU-UHFFFAOYSA-N	IKQCSJBQLWJEPU
DB13530	NXWGWUVGUSFQJC-UHFFFAOYSA-N	NXWGWUVGUSFQJC
DB13531	DWODOIKZDGJOPQ-UHFFFAOYSA-N	DWODOIKZDGJOPQ
DB13532	BKYKPTRYDKTTJY-UHFFFAOYSA-N	BKYKPTRYDKTTJY
DB13533	ZXSWTMLNIIZPET-UHFFFAOYSA-N	ZXSWTMLNIIZPET
DB13534	SLYDYLLJUXFULK-UHFFFAOYSA-N	SLYDYLLJUXFULK
DB13536	ZDASUJMDVPTNTF-UHFFFAOYSA-N	ZDASUJMDVPTNTF
DB13537	DOMHWKQEPDYUQX-UHFFFAOYSA-N	DOMHWKQEPDYUQX
DB13538	HSJFYRYGGKLQBT-UHFFFAOYSA-N	HSJFYRYGGKLQBT
DB13539	WWVAPFRKZMUPHZ-UHFFFAOYSA-N	WWVAPFRKZMUPHZ
DB13540	UDIIBEDMEYAVNG-UHFFFAOYSA-N	UDIIBEDMEYAVNG
DB13541	AIGVHODMVKGZDA-UHFFFAOYSA-N	AIGVHODMVKGZDA
DB13542	UHUMRJKDOOEQIG-UHFFFAOYSA-N	UHUMRJKDOOEQIG
DB13543	VFKZTMPDYBFSTM-UHFFFAOYSA-N	VFKZTMPDYBFSTM
DB13544	SBNKFTQSBPKMBZ-UHFFFAOYSA-N	SBNKFTQSBPKMBZ
DB13545	QFLZIWVSQDZLNW-UHFFFAOYSA-N	QFLZIWVSQDZLNW
DB13546	WZGBZLHGOVJDET-UHFFFAOYSA-N	WZGBZLHGOVJDET
DB13547	UEMLYRZWLVXWRU-UHFFFAOYSA-N	UEMLYRZWLVXWRU
DB13548	GMJFVGRUYJHMCO-UHFFFAOYSA-N	GMJFVGRUYJHMCO
DB13549	JVVRCYWZTJLJSG-UHFFFAOYSA-N	JVVRCYWZTJLJSG
DB13550	QSQQPMHPCBLLGX-UHFFFAOYSA-N	QSQQPMHPCBLLGX
DB13551	YTRMTPPVNRALON-UHFFFAOYSA-N	YTRMTPPVNRALON
DB13552	GPMXUUPHFNMNDH-UHFFFAOYSA-N	GPMXUUPHFNMNDH
DB13553	UIMOJFJSJSIGLV-UHFFFAOYSA-N	UIMOJFJSJSIGLV
DB13554	AGAHNABIDCTLHW-UHFFFAOYSA-N	AGAHNABIDCTLHW
DB13555	UAUHEPXILIZYCU-UHFFFAOYSA-N	UAUHEPXILIZYCU
DB13556	BGLHAKAJGYLSOX-UHFFFAOYSA-N	BGLHAKAJGYLSOX
DB13557	AIUHRQHVWSUTGJ-UHFFFAOYSA-N	AIUHRQHVWSUTGJ
DB13558	KVCJCEKJKGLBOK-UHFFFAOYSA-N	KVCJCEKJKGLBOK
DB13559	IYMMESGOJVNCKV-UHFFFAOYSA-N	IYMMESGOJVNCKV
DB13561	LRXXRIXDSAEIOR-UHFFFAOYSA-N	LRXXRIXDSAEIOR
DB13563	GVDMJXQHPUYPHP-UHFFFAOYSA-N	GVDMJXQHPUYPHP
DB13564	VSTNNAYSCJQCQI-UHFFFAOYSA-N	VSTNNAYSCJQCQI
DB13565	BTAFSOGRDASALR-UHFFFAOYSA-N	BTAFSOGRDASALR
DB13566	OXDOWGVJMITMJL-UHFFFAOYSA-N	OXDOWGVJMITMJL
DB13567	XDIZFCKCCMUFFG-UHFFFAOYSA-N	XDIZFCKCCMUFFG
DB13568	PVBALTLWZVEAIO-UHFFFAOYSA-N	PVBALTLWZVEAIO
DB13569	VEXZGXHMUGYJMC-UHFFFAOYSA-M	VEXZGXHMUGYJMC
DB13571	AGJUUQSLGVCRQA-UHFFFAOYSA-N	AGJUUQSLGVCRQA
DB13572	SLWGJZPKHAXZQL-UHFFFAOYSA-N	SLWGJZPKHAXZQL
DB13573	HCYFGRCYSCXKNQ-UHFFFAOYSA-N	HCYFGRCYSCXKNQ
DB13574	LREQLEBVOXIEOM-UHFFFAOYSA-N	LREQLEBVOXIEOM
DB13575	WFTSRDISOMSAQC-UHFFFAOYSA-N	WFTSRDISOMSAQC
DB13576	PVNIIMVLHYAWGP-UHFFFAOYSA-M	PVNIIMVLHYAWGP
DB13577	FDQGNLOWMMVRQL-UHFFFAOYSA-N	FDQGNLOWMMVRQL
DB13578	BXMFKNRZTLNAFY-UHFFFAOYSA-N	BXMFKNRZTLNAFY
DB13579	PYSOHOOUXFWCFF-UHFFFAOYSA-N	PYSOHOOUXFWCFF
DB13580	SKVLYVHULOWXTD-UHFFFAOYSA-N	SKVLYVHULOWXTD
DB13581	XPYLKZZOBVLVHB-UHFFFAOYSA-N	XPYLKZZOBVLVHB
DB13582	KRKNYBCHXYNGOX-UHFFFAOYSA-K	KRKNYBCHXYNGOX
DB13583	JWDYCNIAQWPBHD-UHFFFAOYSA-N	JWDYCNIAQWPBHD
DB13584	ICLWTJIMXVISSR-UHFFFAOYSA-N	ICLWTJIMXVISSR
DB13585	KZTZJUQNSSLNAG-UHFFFAOYSA-N	KZTZJUQNSSLNAG
DB13586	XWALNWXLMVGSFR-UHFFFAOYSA-N	XWALNWXLMVGSFR
DB13587	UXYRZJKIQKRJCF-UHFFFAOYSA-N	UXYRZJKIQKRJCF
DB13588	KBAFPSLPKGSANY-UHFFFAOYSA-N	KBAFPSLPKGSANY
DB13590	ZQTHOIGMSJMBLM-UHFFFAOYSA-M	ZQTHOIGMSJMBLM
DB13591	BQDBKDMTIJBJLA-UHFFFAOYSA-N	BQDBKDMTIJBJLA
DB13592	AWKLBIOQCIORSB-UHFFFAOYSA-N	AWKLBIOQCIORSB
DB13593	VSLIUWLPFRVCDL-UHFFFAOYSA-N	VSLIUWLPFRVCDL
DB13595	BPQQTUXANYXVAA-UHFFFAOYSA-N	BPQQTUXANYXVAA
DB13596	XAPRFLSJBSXESP-UHFFFAOYSA-N	XAPRFLSJBSXESP
DB13597	KJHOZAZQWVKILO-UHFFFAOYSA-N	KJHOZAZQWVKILO
DB13598	RTZKZFJDLAIYFH-UHFFFAOYSA-N	RTZKZFJDLAIYFH
DB13599	YQVALJGIKVYRNI-UHFFFAOYSA-N	YQVALJGIKVYRNI
DB13600	OWZREIFADZCYQD-UHFFFAOYSA-N	OWZREIFADZCYQD
DB13601	IHLAQQPQKRMGSS-UHFFFAOYSA-N	IHLAQQPQKRMGSS
DB13602	QFFCYTLOTYIJMR-UHFFFAOYSA-N	QFFCYTLOTYIJMR
DB13603	QJBZDBLBQWFTPZ-UHFFFAOYSA-N	QJBZDBLBQWFTPZ
DB13604	ZCVAIGPGEINFCX-UHFFFAOYSA-N	ZCVAIGPGEINFCX
DB13605	IPOPQVVNCFQFRK-UHFFFAOYSA-N	IPOPQVVNCFQFRK
DB13606	ZQHYKVKNPWDQSL-UHFFFAOYSA-N	ZQHYKVKNPWDQSL
DB13607	YNCLPFSAZFGQCD-UHFFFAOYSA-N	YNCLPFSAZFGQCD
DB13608	BWBONKHPVHMQHE-UHFFFAOYSA-N	BWBONKHPVHMQHE
DB13609	KCFYEAOKVJSACF-UHFFFAOYSA-N	KCFYEAOKVJSACF
DB13610	CDZJOBWKHSYNMO-UHFFFAOYSA-N	CDZJOBWKHSYNMO
DB13611	WNAQOLSMVPFGTE-UHFFFAOYSA-N	WNAQOLSMVPFGTE
DB13612	BSYNRYMUTXBXSQ-UHFFFAOYSA-M	BSYNRYMUTXBXSQ
DB13613	POPOYOKQQAEISW-UHFFFAOYSA-N	POPOYOKQQAEISW
DB13614	NDNKHWUXXOFHTD-UHFFFAOYSA-N	NDNKHWUXXOFHTD
DB13615	ZVLWUMPAHCEZAW-UHFFFAOYSA-M	ZVLWUMPAHCEZAW
DB13616	DKWNMCUOEDMMIN-UHFFFAOYSA-N	DKWNMCUOEDMMIN
DB13617	VPMWFZKOWULPGT-UHFFFAOYSA-N	VPMWFZKOWULPGT
DB13618	SFBODOKJTYAUCM-UHFFFAOYSA-N	SFBODOKJTYAUCM
DB13619	BDNMABJZSXTKAQ-UHFFFAOYSA-N	BDNMABJZSXTKAQ
DB13620	RGHNJXZEOKUKBD-UHFFFAOYSA-M	RGHNJXZEOKUKBD
DB13621	PGQMFCVZFGJVNB-UHFFFAOYSA-N	PGQMFCVZFGJVNB
DB13622	AEVGUKVBCBHBNF-UHFFFAOYSA-N	AEVGUKVBCBHBNF
DB13623	WWNUCVSRRUDYPP-UHFFFAOYSA-N	WWNUCVSRRUDYPP
DB13624	OEHAYUOVELTAPG-UHFFFAOYSA-N	OEHAYUOVELTAPG
DB13625	KEMXXQOFIRIICG-UHFFFAOYSA-N	KEMXXQOFIRIICG
DB13626	DHMQDGOQFOQNFH-UHFFFAOYSA-M	DHMQDGOQFOQNFH
DB13627	KYGZCKSPAKDVKC-UHFFFAOYSA-N	KYGZCKSPAKDVKC
DB13628	NUVBSKCKDOMJSU-UHFFFAOYSA-N	NUVBSKCKDOMJSU
DB13629	REOJLIXKJWXUGB-UHFFFAOYSA-N	REOJLIXKJWXUGB
DB13630	LBRNZQRZDLLIHL-UHFFFAOYSA-N	LBRNZQRZDLLIHL
DB13631	ULBNWNUHGJLQHO-UHFFFAOYSA-N	ULBNWNUHGJLQHO
DB13632	GUFHWUFYAOUKTI-UHFFFAOYSA-N	GUFHWUFYAOUKTI
DB13634	MRWQRJMESRRJJB-UHFFFAOYSA-N	MRWQRJMESRRJJB
DB13635	KJAMZCVTJDTESW-UHFFFAOYSA-N	KJAMZCVTJDTESW
DB13636	ZZVUWRFHKOJYTH-UHFFFAOYSA-N	ZZVUWRFHKOJYTH
DB13637	DLDKCSIJFIPYRK-UHFFFAOYSA-N	DLDKCSIJFIPYRK
DB13638	SMSRCGPDNDCXFR-UHFFFAOYSA-N	SMSRCGPDNDCXFR
DB13639	FEWJPZIEWOKRBE-UHFFFAOYSA-L	FEWJPZIEWOKRBE
DB13640	FTQDJVZNPJRVPG-UHFFFAOYSA-N	FTQDJVZNPJRVPG
DB13641	TTZUCVNWOZLIGL-UHFFFAOYSA-N	TTZUCVNWOZLIGL
DB13642	RQXCLMGKHJWMOA-UHFFFAOYSA-N	RQXCLMGKHJWMOA
DB13643	UTEFBSAVJNEPTR-UHFFFAOYSA-N	UTEFBSAVJNEPTR
DB13644	HWGBHCRJGXAGEU-UHFFFAOYSA-N	HWGBHCRJGXAGEU
DB13645	PQXGNJKJMFUPPM-UHFFFAOYSA-N	PQXGNJKJMFUPPM
DB13648	MUQUYTSLDVKIOF-UHFFFAOYSA-N	MUQUYTSLDVKIOF
DB13649	JTIGKVIOEQASGT-UHFFFAOYSA-N	JTIGKVIOEQASGT
DB13650	LHBWFLCXELWXQF-UHFFFAOYSA-M	LHBWFLCXELWXQF
DB13651	LAHDERDHXJFFJU-UHFFFAOYSA-N	LAHDERDHXJFFJU
DB13652	WWGZXRYELYWJBD-UHFFFAOYSA-N	WWGZXRYELYWJBD
DB13653	XHOJAWVAWFHGHL-UHFFFAOYSA-N	XHOJAWVAWFHGHL
DB13654	VYPSYNLAJGMNEJ-UHFFFAOYSA-N	VYPSYNLAJGMNEJ
DB13655	NCYVXEGFNDZQCU-UHFFFAOYSA-N	NCYVXEGFNDZQCU
DB13656	MPTJIDOGFUQSQH-UHFFFAOYSA-N	MPTJIDOGFUQSQH
DB13657	FEJKLNWAOXSSNR-UHFFFAOYSA-N	FEJKLNWAOXSSNR
DB13659	ZLOXYEZYWCTXHU-UHFFFAOYSA-N	ZLOXYEZYWCTXHU
DB13660	HOCWPKXKMNXINF-UHFFFAOYSA-N	HOCWPKXKMNXINF
DB13661	RDXLYGJSWZYTFJ-UHFFFAOYSA-N	RDXLYGJSWZYTFJ
DB13662	MIRHIEAGDGUXKL-UHFFFAOYSA-N	MIRHIEAGDGUXKL
DB13663	NENBAISIHCWPKP-UHFFFAOYSA-N	NENBAISIHCWPKP
DB13664	QNXUUBBKHBYRFW-UHFFFAOYSA-N	QNXUUBBKHBYRFW
DB13665	IRYFCWPNDIUQOW-UHFFFAOYSA-N	IRYFCWPNDIUQOW
DB13666	HJDYAOBDPZQHOD-UHFFFAOYSA-N	HJDYAOBDPZQHOD
DB13667	QDUIJCOKQCCXQY-UHFFFAOYSA-N	QDUIJCOKQCCXQY
DB13668	YLUSMKAJIQOXPV-UHFFFAOYSA-N	YLUSMKAJIQOXPV
DB13669	YNAVUWVOSKDBBP-UHFFFAOYSA-N	YNAVUWVOSKDBBP
DB13670	VRYKTHBAWRESFI-UHFFFAOYSA-N	VRYKTHBAWRESFI
DB13671	QFVAWNPSRQWSDU-UHFFFAOYSA-N	QFVAWNPSRQWSDU
DB13672	POZJNEBUHLZROM-UHFFFAOYSA-N	POZJNEBUHLZROM
DB13673	SKKLOUVUUNMCJE-UHFFFAOYSA-N	SKKLOUVUUNMCJE
DB13674	UOMKBIIXHQIERR-UHFFFAOYSA-N	UOMKBIIXHQIERR
DB13675	XXYTXQGCRQLRHA-UHFFFAOYSA-N	XXYTXQGCRQLRHA
DB13676	PXUIZULXJVRBPC-UHFFFAOYSA-N	PXUIZULXJVRBPC
DB13677	SHHKQEUPHAENFK-UHFFFAOYSA-N	SHHKQEUPHAENFK
DB13678	MNSQDVCVWNXBFQ-UHFFFAOYSA-N	MNSQDVCVWNXBFQ
DB13679	SOYKEARSMXGVTM-UHFFFAOYSA-N	SOYKEARSMXGVTM
DB13680	AGSIRJFXAANBMW-UHFFFAOYSA-N	AGSIRJFXAANBMW
DB13681	VYWQZAARVNRSTR-UHFFFAOYSA-N	VYWQZAARVNRSTR
DB13682	DKOQGJHPHLTOJR-UHFFFAOYSA-N	DKOQGJHPHLTOJR
DB13683	XNMYNYSCEJBRPZ-UHFFFAOYSA-N	XNMYNYSCEJBRPZ
DB13684	JMFOSJNGKJCTMJ-UHFFFAOYSA-N	JMFOSJNGKJCTMJ
DB13685	PCJFRMOEZQQSAX-UHFFFAOYSA-N	PCJFRMOEZQQSAX
DB13686	JKXQBIZCQJLVOS-UHFFFAOYSA-N	JKXQBIZCQJLVOS
DB13687	RSKQGBFMNPDPLR-UHFFFAOYSA-N	RSKQGBFMNPDPLR
DB13689	BJYLYJCXYAMOFT-UHFFFAOYSA-N	BJYLYJCXYAMOFT
DB13690	QYKIQEUNHZKYBP-UHFFFAOYSA-N	QYKIQEUNHZKYBP
DB13691	HWKJSYYYURVNQU-UHFFFAOYSA-N	HWKJSYYYURVNQU
DB13692	RGVPOXRFEPSFGH-UHFFFAOYSA-N	RGVPOXRFEPSFGH
DB13693	JETQIUPBHQNHNZ-UHFFFAOYSA-N	JETQIUPBHQNHNZ
DB13694	AHZBEVXBKNYXPU-UHFFFAOYSA-N	AHZBEVXBKNYXPU
DB13695	NEMLPWNINZELKP-UHFFFAOYSA-N	NEMLPWNINZELKP
DB13696	QBSGXIBYUQJHMJ-UHFFFAOYSA-N	QBSGXIBYUQJHMJ
DB13697	ANZIOUQAFBXNHU-UHFFFAOYSA-N	ANZIOUQAFBXNHU
DB13698	BVKZGUZCCUSVTD-UHFFFAOYSA-L	BVKZGUZCCUSVTD
DB13699	UEMLYRZWLVXWRU-UHFFFAOYSA-N	UEMLYRZWLVXWRU
DB13701	HHFIATHHSBFCBY-UHFFFAOYSA-N	HHFIATHHSBFCBY
DB13702	MAJFXTGRPADJLU-UHFFFAOYSA-N	MAJFXTGRPADJLU
DB13703	WTDGMHYYGNJEKQ-UHFFFAOYSA-N	WTDGMHYYGNJEKQ
DB13705	ZADGGFKUEYIBJC-UHFFFAOYSA-N	ZADGGFKUEYIBJC
DB13706	AZXGXVQWEUFULR-UHFFFAOYSA-L	AZXGXVQWEUFULR
DB13707	FEWJPZIEWOKRBE-UHFFFAOYSA-L	FEWJPZIEWOKRBE
DB13708	DBDTUXMDTSTPQZ-UHFFFAOYSA-N	DBDTUXMDTSTPQZ
DB13709	GQSGZTBDVNUIQS-UHFFFAOYSA-N	GQSGZTBDVNUIQS
DB13710	ANJQEDFWRSLVBR-UHFFFAOYSA-N	ANJQEDFWRSLVBR
DB13711	IRGJVQIJENCTQF-UHFFFAOYSA-N	IRGJVQIJENCTQF
DB13712	FVIGODVHAVLZOO-UHFFFAOYSA-N	FVIGODVHAVLZOO
DB13713	PZMAHNDJABQWGS-UHFFFAOYSA-N	PZMAHNDJABQWGS
DB13714	RNRHMQWZFJXKLZ-UHFFFAOYSA-N	RNRHMQWZFJXKLZ
DB13715	QVZCXCJXTMIDME-UHFFFAOYSA-N	QVZCXCJXTMIDME
DB13716	DOIRQSBPFJWKBE-UHFFFAOYSA-N	DOIRQSBPFJWKBE
DB13717	SBNFWQZLDJGRLK-UHFFFAOYSA-N	SBNFWQZLDJGRLK
DB13718	LJOQGZACKSYWCH-UHFFFAOYSA-N	LJOQGZACKSYWCH
DB13719	HWKQNAWCHQMZHK-UHFFFAOYSA-N	HWKQNAWCHQMZHK
DB13720	LCTZPQRFOZKZNK-UHFFFAOYSA-N	LCTZPQRFOZKZNK
DB13721	KAATUXNTWXVJKI-UHFFFAOYSA-N	KAATUXNTWXVJKI
DB13722	PIDSZXPFGCURGN-UHFFFAOYSA-N	PIDSZXPFGCURGN
DB13723	PVBQYTCFVWZSJK-UHFFFAOYSA-N	PVBQYTCFVWZSJK
DB13724	SRQKTCXJCCHINN-UHFFFAOYSA-N	SRQKTCXJCCHINN
DB13725	UISARWKNNNHPGI-UHFFFAOYSA-N	UISARWKNNNHPGI
DB13726	BRBKOPJOKNSWSG-UHFFFAOYSA-N	BRBKOPJOKNSWSG
DB13727	NYGHGTMKALXFIA-UHFFFAOYSA-N	NYGHGTMKALXFIA
DB13728	GGXMRPUKBWXVHE-UHFFFAOYSA-N	GGXMRPUKBWXVHE
DB13729	XASIMHXSUQUHLV-UHFFFAOYSA-N	XASIMHXSUQUHLV
DB13730	UIDWQGRXEVDFCA-UHFFFAOYSA-N	UIDWQGRXEVDFCA
DB13731	DDVUMDPCZWBYRA-UHFFFAOYSA-N	DDVUMDPCZWBYRA
DB13732	MBBZMMPHUWSWHV-UHFFFAOYSA-N	MBBZMMPHUWSWHV
DB13733	QXLPXWSKPNOQLE-UHFFFAOYSA-N	QXLPXWSKPNOQLE
DB13736	GFYSWQDCHLWRMQ-UHFFFAOYSA-N	GFYSWQDCHLWRMQ
DB13737	WTYGAUXICFETTC-UHFFFAOYSA-N	WTYGAUXICFETTC
DB13738	RYOOHIUJEJZCFT-UHFFFAOYSA-N	RYOOHIUJEJZCFT
DB13739	NLOOMWLTUVBWAW-UHFFFAOYSA-N	NLOOMWLTUVBWAW
DB13740	ORRZGUBHBVWWOP-UHFFFAOYSA-N	ORRZGUBHBVWWOP
DB13741	FZDZULUFHNDEDJ-UHFFFAOYSA-N	FZDZULUFHNDEDJ
DB13743	DHCDFWKWKRSZHF-UHFFFAOYSA-L	DHCDFWKWKRSZHF
DB13744	RCIMBBZXSXFZBV-UHFFFAOYSA-N	RCIMBBZXSXFZBV
DB13745	NJAGGYXZTILBMJ-UHFFFAOYSA-N	NJAGGYXZTILBMJ
DB13747	GSEJCLTVZPLZKY-UHFFFAOYSA-N	GSEJCLTVZPLZKY
DB13748	ODKSFYDXXFIFQN-UHFFFAOYSA-N	ODKSFYDXXFIFQN
DB13749	RGHNJXZEOKUKBD-UHFFFAOYSA-M	RGHNJXZEOKUKBD
DB13750	HIGRLDNHDGYWQJ-UHFFFAOYSA-P	HIGRLDNHDGYWQJ
DB13751	LPLVUJXQOOQHMX-UHFFFAOYSA-N	LPLVUJXQOOQHMX
DB13752	CXBMCYHAMVGWJQ-UHFFFAOYSA-N	CXBMCYHAMVGWJQ
DB13753	MMNICIJVQJJHHF-UHFFFAOYSA-N	MMNICIJVQJJHHF
DB13754	ZMNSRFNUONFLSP-UHFFFAOYSA-N	ZMNSRFNUONFLSP
DB13755	SMQYOVYWPWASGU-UHFFFAOYSA-N	SMQYOVYWPWASGU
DB13756	PMTSPAGBAFCORP-UHFFFAOYSA-N	PMTSPAGBAFCORP
DB13757	YARKMNAWFIMDKV-UHFFFAOYSA-N	YARKMNAWFIMDKV
DB13758	XZTYGFHCIAKPGJ-UHFFFAOYSA-N	XZTYGFHCIAKPGJ
DB13759	QDIYJDPBMZUZEH-UHFFFAOYSA-O	QDIYJDPBMZUZEH
DB13760	HXRSXEDVVARPHP-UHFFFAOYSA-N	HXRSXEDVVARPHP
DB13762	YREYEVIYCVEVJK-UHFFFAOYSA-N	YREYEVIYCVEVJK
DB13763	PTDRUEDSEVLCBO-UHFFFAOYSA-L	PTDRUEDSEVLCBO
DB13764	MBHXKZDTQCSVPM-UHFFFAOYSA-N	MBHXKZDTQCSVPM
DB13765	LWJROJCJINYWOX-UHFFFAOYSA-L	LWJROJCJINYWOX
DB13766	ZBIAKUMOEKILTF-UHFFFAOYSA-N	ZBIAKUMOEKILTF
DB13767	XLMPPFTZALNBFS-UHFFFAOYSA-N	XLMPPFTZALNBFS
DB13768	NEIPZWZQHXCYDV-UHFFFAOYSA-N	NEIPZWZQHXCYDV
DB13769	IHFMXHPNVAVTCJ-UHFFFAOYSA-N	IHFMXHPNVAVTCJ
DB13770	KGKJZEKQJQQOTD-UHFFFAOYSA-N	KGKJZEKQJQQOTD
DB13771	KSXLKRAZYZIYCZ-UHFFFAOYSA-K	KSXLKRAZYZIYCZ
DB13772	NJCJBUHJQLFDSW-UHFFFAOYSA-N	NJCJBUHJQLFDSW
DB13773	VLYWMPOKSSWJAL-UHFFFAOYSA-N	VLYWMPOKSSWJAL
DB13774	WNBGYVXHFTYOBY-UHFFFAOYSA-N	WNBGYVXHFTYOBY
DB13775	HTWFXPCUFWKXOP-UHFFFAOYSA-N	HTWFXPCUFWKXOP
DB13776	WEVJJMPVVFNAHZ-UHFFFAOYSA-N	WEVJJMPVVFNAHZ
DB13777	ADUKCCWBEDSMEB-UHFFFAOYSA-N	ADUKCCWBEDSMEB
DB13778	VTLCNEGVSVJLDN-UHFFFAOYSA-N	VTLCNEGVSVJLDN
DB13779	XIHXRRMCNSMUET-UHFFFAOYSA-N	XIHXRRMCNSMUET
DB13780	TXCGAZHTZHNUAI-UHFFFAOYSA-M	TXCGAZHTZHNUAI
DB13781	DXPOSRCHIDYWHW-UHFFFAOYSA-N	DXPOSRCHIDYWHW
DB13782	QZIQORUGXBPDSU-UHFFFAOYSA-N	QZIQORUGXBPDSU
DB13783	FSQKKOOTNAMONP-UHFFFAOYSA-N	FSQKKOOTNAMONP
DB13784	MSYUMPGNGDNTIQ-UHFFFAOYSA-N	MSYUMPGNGDNTIQ
DB13785	PTVWPYVOOKLBCG-UHFFFAOYSA-N	PTVWPYVOOKLBCG
DB13786	PXQPEWDEAKTCGB-UHFFFAOYSA-M	PXQPEWDEAKTCGB
DB13787	WDEFBBTXULIOBB-UHFFFAOYSA-N	WDEFBBTXULIOBB
DB13788	VEVSKUJZSMGTMM-UHFFFAOYSA-N	VEVSKUJZSMGTMM
DB13789	FEWJPZIEWOKRBE-UHFFFAOYSA-L	FEWJPZIEWOKRBE
DB13790	BFUJHVVEMMWLHC-UHFFFAOYSA-N	BFUJHVVEMMWLHC
DB13791	MDLAAYDRRZXJIF-UHFFFAOYSA-N	MDLAAYDRRZXJIF
DB13792	LBXHRAWDUMTPSE-UHFFFAOYSA-N	LBXHRAWDUMTPSE
DB13793	WYJAPUKIYAZSEM-UHFFFAOYSA-N	WYJAPUKIYAZSEM
DB13794	OOVJCSPCMCAXEX-UHFFFAOYSA-N	OOVJCSPCMCAXEX
DB13795	BFCRRLMMHNLSCP-UHFFFAOYSA-N	BFCRRLMMHNLSCP
DB13796	WBEBQCINXJDZCX-UHFFFAOYSA-N	WBEBQCINXJDZCX
DB13797	FIOAEFCJGZJUPW-UHFFFAOYSA-N	FIOAEFCJGZJUPW
DB13798	GTYWGUNQAMYZPF-UHFFFAOYSA-N	GTYWGUNQAMYZPF
DB13799	SIGSNYAYBSJATD-UHFFFAOYSA-N	SIGSNYAYBSJATD
DB13800	JOOXCMJARBKPKM-UHFFFAOYSA-M	JOOXCMJARBKPKM
DB13801	RLWRMIYXDPXIEX-UHFFFAOYSA-N	RLWRMIYXDPXIEX
DB13802	JSNQSLSBBZFGBM-UHFFFAOYSA-N	JSNQSLSBBZFGBM
DB13803	MTZBBNMLMNBNJL-UHFFFAOYSA-N	MTZBBNMLMNBNJL
DB13804	PNXBXCRWXNESOV-UHFFFAOYSA-N	PNXBXCRWXNESOV
DB13805	MKELYWOVSPVORM-UHFFFAOYSA-N	MKELYWOVSPVORM
DB13806	YEJCDKJIEMIWRQ-UHFFFAOYSA-N	YEJCDKJIEMIWRQ
DB13807	PYAOPMWCFSVFOT-UHFFFAOYSA-N	PYAOPMWCFSVFOT
DB13808	FQQIIPAOSKSOJM-UHFFFAOYSA-N	FQQIIPAOSKSOJM
DB13810	KBEZZLAAKIIPFK-UHFFFAOYSA-N	KBEZZLAAKIIPFK
DB13812	ZFXYFBGIUFBOJW-UHFFFAOYSA-N	ZFXYFBGIUFBOJW
DB13813	OKJPEAGHQZHRQV-UHFFFAOYSA-N	OKJPEAGHQZHRQV
DB13814	SOROUYSPFADXSN-UHFFFAOYSA-N	SOROUYSPFADXSN
DB13815	HLDCSYXMVXILQC-UHFFFAOYSA-N	HLDCSYXMVXILQC
DB13816	BHELIUBJHYAEDK-UHFFFAOYSA-N	BHELIUBJHYAEDK
DB13817	OPNPQXLQERQBBV-UHFFFAOYSA-N	OPNPQXLQERQBBV
DB13818	OAUWOBSDSJNJQP-UHFFFAOYSA-L	OAUWOBSDSJNJQP
DB13819	OLTAWOVKGWWERU-UHFFFAOYSA-N	OLTAWOVKGWWERU
DB13820	QTQPVLDZQVPLGV-UHFFFAOYSA-N	QTQPVLDZQVPLGV
DB13821	DZMVCVMFETWNIU-UHFFFAOYSA-N	DZMVCVMFETWNIU
DB13822	LAYVFLWAVIGDLK-UHFFFAOYSA-N	LAYVFLWAVIGDLK
DB13823	JOHZPMXAZQZXHR-UHFFFAOYSA-N	JOHZPMXAZQZXHR
DB13824	PTOJVMZPWPAXER-UHFFFAOYSA-N	PTOJVMZPWPAXER
DB13825	RDEOYUSTRWNWLX-UHFFFAOYSA-N	RDEOYUSTRWNWLX
DB13826	RWLALWYNXFYRGW-UHFFFAOYSA-N	RWLALWYNXFYRGW
DB13827	KUCWWEPJRBANHL-UHFFFAOYSA-N	KUCWWEPJRBANHL
DB13828	QQODLKZGRKWIFG-UHFFFAOYSA-N	QQODLKZGRKWIFG
DB13829	KPJHDISCEXZBKC-UHFFFAOYSA-N	KPJHDISCEXZBKC
DB13830	CUCUKLJLRRAKFN-UHFFFAOYSA-L	CUCUKLJLRRAKFN
DB13831	NPDODHDPVPPRDJ-UHFFFAOYSA-N	NPDODHDPVPPRDJ
DB13832	AHHFEZNOXOZZQA-UHFFFAOYSA-N	AHHFEZNOXOZZQA
DB13833	PIPAJLPNWZMYQA-UHFFFAOYSA-N	PIPAJLPNWZMYQA
DB13834	BODKAQWWZBLGOU-UHFFFAOYSA-N	BODKAQWWZBLGOU
DB13835	MSPRUJDUTKRMLM-UHFFFAOYSA-N	MSPRUJDUTKRMLM
DB13836	FZECHKJQHUVANE-UHFFFAOYSA-N	FZECHKJQHUVANE
DB13837	VOJLELRQLPENHL-UHFFFAOYSA-N	VOJLELRQLPENHL
DB13838	JLMHZVYLAQPMOZ-UHFFFAOYSA-N	JLMHZVYLAQPMOZ
DB13839	NYIZXMGNIUSNKL-UHFFFAOYSA-N	NYIZXMGNIUSNKL
DB13840	PDSVTRQOBUIQBQ-UHFFFAOYSA-N	PDSVTRQOBUIQBQ
DB13841	WFPIAZLQTJBIFN-UHFFFAOYSA-N	WFPIAZLQTJBIFN
DB13842	ZWIAODBBEZGVPY-UHFFFAOYSA-N	ZWIAODBBEZGVPY
DB13843	YTJIBEDMAQUYSZ-UHFFFAOYSA-N	YTJIBEDMAQUYSZ
DB13844	WPUKUEMZZRVAKZ-UHFFFAOYSA-N	WPUKUEMZZRVAKZ
DB13845	OEGDFSLNGABBKJ-UHFFFAOYSA-N	OEGDFSLNGABBKJ
DB13846	WDYYVNNRTDZKAZ-UHFFFAOYSA-N	WDYYVNNRTDZKAZ
DB13847	UCKMPCXJQFINFW-UHFFFAOYSA-N	UCKMPCXJQFINFW
DB13848	PAXWQORCRCBOCU-UHFFFAOYSA-N	PAXWQORCRCBOCU
DB13849	CXQGFLBVUNUQIA-UHFFFAOYSA-N	CXQGFLBVUNUQIA
DB13850	PDYOTUCJOLELJU-UHFFFAOYSA-N	PDYOTUCJOLELJU
DB13851	NLYNIRQVMRLPIQ-UHFFFAOYSA-N	NLYNIRQVMRLPIQ
DB13852	XXVROGAVTTXONC-UHFFFAOYSA-N	XXVROGAVTTXONC
DB13853	KYLIZBIRMBGUOP-UHFFFAOYSA-N	KYLIZBIRMBGUOP
DB13854	VZCCETWTMQHEPK-UHFFFAOYSA-N	VZCCETWTMQHEPK
DB13855	YCWSUKQGVSGXJO-UHFFFAOYSA-N	YCWSUKQGVSGXJO
DB13856	VTWKPILBIUBMDS-UHFFFAOYSA-N	VTWKPILBIUBMDS
DB13857	JWAHBTQSSMYISL-UHFFFAOYSA-N	JWAHBTQSSMYISL
DB13858	WGMYEOIMVYADRJ-UHFFFAOYSA-N	WGMYEOIMVYADRJ
DB13860	YGSDEFSMJLZEOE-UHFFFAOYSA-N	YGSDEFSMJLZEOE
DB13861	IUNJANQVIJDFTQ-UHFFFAOYSA-N	IUNJANQVIJDFTQ
DB13862	NBIIXXVUZAFLBC-UHFFFAOYSA-K	NBIIXXVUZAFLBC
DB13863	XPYBSIWDXQFNMH-UHFFFAOYSA-N	XPYBSIWDXQFNMH
DB13865	XXLZPUYGHQWHRN-UHFFFAOYSA-N	XXLZPUYGHQWHRN
DB13866	JYILPERKVHXLNF-UHFFFAOYSA-N	JYILPERKVHXLNF
DB13867	MGNNYOODZCAHBA-UHFFFAOYSA-N	MGNNYOODZCAHBA
DB13868	SUPKOOSCJHTBAH-UHFFFAOYSA-N	SUPKOOSCJHTBAH
DB13869	OYEREWRJWMPHMA-UHFFFAOYSA-N	OYEREWRJWMPHMA
DB13871	VXTGHWHFYNYFFV-UHFFFAOYSA-N	VXTGHWHFYNYFFV
DB13872	FJIKWRGCXUCUIG-UHFFFAOYSA-N	FJIKWRGCXUCUIG
DB13873	MQOBSOSZFYZQOK-UHFFFAOYSA-N	MQOBSOSZFYZQOK
DB13874	DYLUUSLLRIQKOE-UHFFFAOYSA-N	DYLUUSLLRIQKOE
DB13875	RERZNCLIYCABFS-UHFFFAOYSA-N	RERZNCLIYCABFS
DB13876	WZXHSWVDAYOFPE-UHFFFAOYSA-N	WZXHSWVDAYOFPE
DB13877	MDOJTZQKHMAPBK-UHFFFAOYSA-N	MDOJTZQKHMAPBK
DB13878	VJYSBPDEJWLKKJ-UHFFFAOYSA-N	VJYSBPDEJWLKKJ
DB13879	MLSQGNCUYAMAHD-UHFFFAOYSA-N	MLSQGNCUYAMAHD
DB13882	YNBADRVTZLEFNH-UHFFFAOYSA-N	YNBADRVTZLEFNH
DB13908	CKGWFZQGEQJZIL-UHFFFAOYSA-N	CKGWFZQGEQJZIL
DB13909	NSAPKWCAASCLFN-UHFFFAOYSA-L	NSAPKWCAASCLFN
DB13910	NIJJYAXOARWZEE-UHFFFAOYSA-M	NIJJYAXOARWZEE
DB13912	WTIJXIZOODAMJT-UHFFFAOYSA-N	WTIJXIZOODAMJT
DB13914	ULVBLFBUTQMAGZ-UHFFFAOYSA-N	ULVBLFBUTQMAGZ
DB13916	XOKJUSAYZUAMGJ-UHFFFAOYSA-N	XOKJUSAYZUAMGJ
DB13917	NGKZFDYBISXGGS-UHFFFAOYSA-N	NGKZFDYBISXGGS
DB13919	HTQMVQVXFRQIKW-UHFFFAOYSA-N	HTQMVQVXFRQIKW
DB13925	QVFLVLMYXXNJDT-UHFFFAOYSA-K	QVFLVLMYXXNJDT
DB13928	DLSWIYLPEUIQAV-UHFFFAOYSA-N	DLSWIYLPEUIQAV
DB13929	CEBYCSRFKCEUSW-UHFFFAOYSA-N	CEBYCSRFKCEUSW
DB13930	KSERXGMCDHOLSS-UHFFFAOYSA-N	KSERXGMCDHOLSS
DB13931	OURRXQUGYQRVML-UHFFFAOYSA-N	OURRXQUGYQRVML
DB13934	OPSIVAKKLQRWKC-UHFFFAOYSA-N	OPSIVAKKLQRWKC
DB13939	XMBUPPIEVAFYHO-UHFFFAOYSA-N	XMBUPPIEVAFYHO
DB13940	MCYCODJKXUJSAT-UHFFFAOYSA-N	MCYCODJKXUJSAT
DB13941	UCRHFBCYFMIWHC-UHFFFAOYSA-N	UCRHFBCYFMIWHC
DB13943	HPFVBGJFAYZEBE-UHFFFAOYSA-N	HPFVBGJFAYZEBE
DB13944	VOCBWIIFXDYGNZ-UHFFFAOYSA-N	VOCBWIIFXDYGNZ
DB13946	UDSFVOAUHKGBEK-UHFFFAOYSA-N	UDSFVOAUHKGBEK
DB13947	PTVXYACXDYZNID-UHFFFAOYSA-N	PTVXYACXDYZNID
DB13948	VWEDZTZAXHMZIL-UHFFFAOYSA-N	VWEDZTZAXHMZIL
DB13949	VTLYFUHAOXGGBS-UHFFFAOYSA-N	VTLYFUHAOXGGBS
DB13950	HQVHOQAKMCMIIM-UHFFFAOYSA-N	HQVHOQAKMCMIIM
DB13951	ILCTUFVQFCIIDS-UHFFFAOYSA-N	ILCTUFVQFCIIDS
DB13952	FHXBMXJMKMWVRG-UHFFFAOYSA-N	FHXBMXJMKMWVRG
DB13953	UYIFTLBWAOGQBI-UHFFFAOYSA-N	UYIFTLBWAOGQBI
DB13954	UOACKFBJUYNSLK-UHFFFAOYSA-N	UOACKFBJUYNSLK
DB13955	OVAHZPTYWMWNKO-UHFFFAOYSA-N	OVAHZPTYWMWNKO
DB13956	RSEPBGGWRJCQGY-UHFFFAOYSA-N	RSEPBGGWRJCQGY
DB13958	IVCRCPJOLWECJU-UHFFFAOYSA-N	IVCRCPJOLWECJU
DB13960	LVDKZNITIUWNER-UHFFFAOYSA-N	LVDKZNITIUWNER
DB13963	RFFLAFLAYFXFSW-UHFFFAOYSA-N	RFFLAFLAYFXFSW
DB13967	DHAHKSQXIXFZJB-UHFFFAOYSA-O	DHAHKSQXIXFZJB
DB13971	LEONUFNNVUYDNQ-UHFFFAOYSA-N	LEONUFNNVUYDNQ
DB13977	BVKZGUZCCUSVTD-UHFFFAOYSA-L	BVKZGUZCCUSVTD
DB13978	FUZYTVDVLBBXDL-UHFFFAOYSA-N	FUZYTVDVLBBXDL
DB13981	IIVBFTNIGYRNQY-UHFFFAOYSA-N	IIVBFTNIGYRNQY
DB13983	JWOKGWICZPPYPX-UHFFFAOYSA-N	JWOKGWICZPPYPX
DB13984	LVZWSLJZHVFIQJ-UHFFFAOYSA-N	LVZWSLJZHVFIQJ
DB13985	QVFLVLMYXXNJDT-UHFFFAOYSA-K	QVFLVLMYXXNJDT
DB13987	VEXZGXHMUGYJMC-UHFFFAOYSA-M	VEXZGXHMUGYJMC
DB13988	HWKROQUZSKPIKQ-UHFFFAOYSA-N	HWKROQUZSKPIKQ
DB13989	RINBGYCKMGDWPY-UHFFFAOYSA-N	RINBGYCKMGDWPY
DB13993	GOIFCXRIFSYPFG-UHFFFAOYSA-N	GOIFCXRIFSYPFG
DB13994	KYDURMHFWXCKMW-UHFFFAOYSA-N	KYDURMHFWXCKMW
DB13995	KRKNYBCHXYNGOX-UHFFFAOYSA-K	KRKNYBCHXYNGOX
DB13996	QTBSBXVTEAMEQO-UHFFFAOYSA-M	QTBSBXVTEAMEQO
DB13997	RZVPBGBYGMDSBG-UHFFFAOYSA-N	RZVPBGBYGMDSBG
DB14001	IELOKBJPULMYRW-UHFFFAOYSA-N	IELOKBJPULMYRW
DB14002	ZAKOWWREFLAJOT-UHFFFAOYSA-N	ZAKOWWREFLAJOT
DB14006	YGSDEFSMJLZEOE-UHFFFAOYSA-M	YGSDEFSMJLZEOE
DB14007	QPCDCPDFJACHGM-UHFFFAOYSA-N	QPCDCPDFJACHGM
DB14010	ZSTKHSQDNIGFLM-UHFFFAOYSA-N	ZSTKHSQDNIGFLM
DB14011	QHMBSVQNZZTUGM-UHFFFAOYSA-N	QHMBSVQNZZTUGM
DB14013	MMJJNHOIVCGAAP-UHFFFAOYSA-N	MMJJNHOIVCGAAP
DB14014	PPUYOYQTTWJTIU-UHFFFAOYSA-N	PPUYOYQTTWJTIU
DB14015	LSNNMFCWUKXFEE-UHFFFAOYSA-M	LSNNMFCWUKXFEE
DB14017	YOIQWBAHJZGRFW-UHFFFAOYSA-N	YOIQWBAHJZGRFW
DB14018	SKTFQHRVFFOHTQ-UHFFFAOYSA-N	SKTFQHRVFFOHTQ
DB14019	HZIYEEMJNBKMJH-UHFFFAOYSA-N	HZIYEEMJNBKMJH
DB14025	QGPKADBNRMWEQR-UHFFFAOYSA-N	QGPKADBNRMWEQR
DB14026	NBOMNTLFRHMDEZ-UHFFFAOYSA-N	NBOMNTLFRHMDEZ
DB14027	WRGVLTAWMNZWGT-UHFFFAOYSA-N	WRGVLTAWMNZWGT
DB14028	AKPLHCDWDRPJGD-UHFFFAOYSA-N	AKPLHCDWDRPJGD
DB14029	HMZQULPVMKITSP-UHFFFAOYSA-N	HMZQULPVMKITSP
DB14030	MEDBIJOVZJEMBI-UHFFFAOYSA-N	MEDBIJOVZJEMBI
DB14031	IUCJMVBFZDHPDX-UHFFFAOYSA-N	IUCJMVBFZDHPDX
DB14033	JFNWFXVFBDDWCX-UHFFFAOYSA-N	JFNWFXVFBDDWCX
DB14034	QQKNSPHAFATFNQ-UHFFFAOYSA-N	QQKNSPHAFATFNQ
DB14035	MVDXXGIBARMXSA-UHFFFAOYSA-N	MVDXXGIBARMXSA
DB14037	PRAUVHZJPXOEIF-UHFFFAOYSA-N	PRAUVHZJPXOEIF
DB14043	HXYVTAGFYLMHSO-UHFFFAOYSA-N	HXYVTAGFYLMHSO
DB14048	OVPWAUCMUQMLAH-UHFFFAOYSA-N	OVPWAUCMUQMLAH
DB14049	NHNBFGGVMKEFGY-UHFFFAOYSA-N	NHNBFGGVMKEFGY
DB14050	REOZWEGFPHTFEI-UHFFFAOYSA-N	REOZWEGFPHTFEI
DB14051	USNOUEMKNKRWQT-UHFFFAOYSA-N	USNOUEMKNKRWQT
DB14052	SMTCDPMWINUUKC-UHFFFAOYSA-N	SMTCDPMWINUUKC
DB14054	JXSVIVRDWWRQRT-UHFFFAOYSA-N	JXSVIVRDWWRQRT
DB14055	PJVWKTKQMONHTI-UHFFFAOYSA-N	PJVWKTKQMONHTI
DB14056	DANUORFCFTYTSZ-UHFFFAOYSA-N	DANUORFCFTYTSZ
DB14057	FCFNRCROJUBPLU-UHFFFAOYSA-N	FCFNRCROJUBPLU
DB14058	YHSKJPXGXIYLHB-UHFFFAOYSA-N	YHSKJPXGXIYLHB
DB14059	NSQNZEUFHPTJME-UHFFFAOYSA-N	NSQNZEUFHPTJME
DB14060	KTDZCOWXCWUPEO-UHFFFAOYSA-N	KTDZCOWXCWUPEO
DB14061	MFZWMTSUNYWVBU-UHFFFAOYSA-N	MFZWMTSUNYWVBU
DB14062	DJZCTUVALDDONK-UHFFFAOYSA-N	DJZCTUVALDDONK
DB14063	SGTNSNPWRIOYBX-UHFFFAOYSA-N	SGTNSNPWRIOYBX
DB14064	DWAWDSVKAUWFHC-UHFFFAOYSA-N	DWAWDSVKAUWFHC
DB14065	JQSAYKKFZOSZGJ-UHFFFAOYSA-N	JQSAYKKFZOSZGJ
DB14066	WVTKBKWTSCPRNU-UHFFFAOYSA-N	WVTKBKWTSCPRNU
DB14067	KLWUUPVJTLHYIM-UHFFFAOYSA-N	KLWUUPVJTLHYIM
DB14068	SVJMLYUFVDMUHP-UHFFFAOYSA-N	SVJMLYUFVDMUHP
DB14069	RSJCLODJSVZNQA-UHFFFAOYSA-N	RSJCLODJSVZNQA
DB14070	AHJUHHDDCJQACA-UHFFFAOYSA-N	AHJUHHDDCJQACA
DB14071	SRPXSILJHWNFMK-UHFFFAOYSA-N	SRPXSILJHWNFMK
DB14072	SVNKEDMVAQBLLN-UHFFFAOYSA-N	SVNKEDMVAQBLLN
DB14074	QLHULAHOXSSASE-UHFFFAOYSA-N	QLHULAHOXSSASE
DB14078	MBKDYNNUVRNNRF-UHFFFAOYSA-N	MBKDYNNUVRNNRF
DB14079	AFSYRVDDZGJTIL-UHFFFAOYSA-N	AFSYRVDDZGJTIL
DB14081	WYQVAPGDARQUBT-UHFFFAOYSA-N	WYQVAPGDARQUBT
DB14083	LCFVJGUPQDGYKZ-UHFFFAOYSA-N	LCFVJGUPQDGYKZ
DB14085	BDOSMKKIYDKNTQ-UHFFFAOYSA-N	BDOSMKKIYDKNTQ
DB14086	PFTAWBLQPZVEMU-UHFFFAOYSA-N	PFTAWBLQPZVEMU
DB14090	HHVIBTZHLRERCL-UHFFFAOYSA-N	HHVIBTZHLRERCL
DB14093	MUMGGOZAMZWBJJ-UHFFFAOYSA-N	MUMGGOZAMZWBJJ
DB14094	LTVDFSLWFKLJDQ-UHFFFAOYSA-N	LTVDFSLWFKLJDQ
DB14103	SXTAYKAGBXMACB-UHFFFAOYSA-N	SXTAYKAGBXMACB
DB14104	OYHQOLUKZRVURQ-UHFFFAOYSA-N	OYHQOLUKZRVURQ
DB14110	PUPZLCDOIYMWBV-UHFFFAOYSA-N	PUPZLCDOIYMWBV
DB14119	AERBNCYCJBRYDG-UHFFFAOYSA-N	AERBNCYCJBRYDG
DB14122	NYSZJNUIVUBQMM-UHFFFAOYSA-N	NYSZJNUIVUBQMM
DB14125	MADRIHWFJGRSBP-UHFFFAOYSA-N	MADRIHWFJGRSBP
DB14126	SGOIRFVFHAKUTI-UHFFFAOYSA-N	SGOIRFVFHAKUTI
DB14127	DOBNVUFHFMVMDB-UHFFFAOYSA-N	DOBNVUFHFMVMDB
DB14128	BAWFJGJZGIEFAR-UHFFFAOYSA-N	BAWFJGJZGIEFAR
DB14129	QDDILOVMGWUNGD-UHFFFAOYSA-N	QDDILOVMGWUNGD
DB14132	RYIGNEOBDRVTHA-UHFFFAOYSA-N	RYIGNEOBDRVTHA
DB14135	QWPPOHNGKGFGJK-UHFFFAOYSA-N	QWPPOHNGKGFGJK
DB14138	VYPSYNLAJGMNEJ-UHFFFAOYSA-N	VYPSYNLAJGMNEJ
DB14141	CBCKQZAAMUWICA-UHFFFAOYSA-N	CBCKQZAAMUWICA
DB14143	OGQYPPBGSLZBEG-UHFFFAOYSA-N	OGQYPPBGSLZBEG
DB14144	PLIKAWJENQZMHA-UHFFFAOYSA-N	PLIKAWJENQZMHA
DB14146	RQHILGKAOIGUHU-UHFFFAOYSA-N	RQHILGKAOIGUHU
DB14151	XYFCBTPGUUZFHI-UHFFFAOYSA-N	XYFCBTPGUUZFHI
DB14154	PCHJSUWPFVWCPO-UHFFFAOYSA-N	PCHJSUWPFVWCPO
DB14156	DSSYKIVIOFKYAU-UHFFFAOYSA-N	DSSYKIVIOFKYAU
DB14160	RTAQQCXQSZGOHL-UHFFFAOYSA-N	RTAQQCXQSZGOHL
DB14180	QAOWNCQODCNURD-UHFFFAOYSA-L	QAOWNCQODCNURD
DB14183	GLZPCOQZEFWAFX-UHFFFAOYSA-N	GLZPCOQZEFWAFX
DB14184	KJPRLNWUNMBNBZ-UHFFFAOYSA-N	KJPRLNWUNMBNBZ
DB14185	DDINXHAORAAYAD-UHFFFAOYSA-N	DDINXHAORAAYAD
DB14186	OOCCDEMITAIZTP-UHFFFAOYSA-N	OOCCDEMITAIZTP
DB14188	BJIOGJUNALELMI-UHFFFAOYSA-N	BJIOGJUNALELMI
DB14189	PIICEJLVQHRZGT-UHFFFAOYSA-N	PIICEJLVQHRZGT
DB14199	DHVLDKHFGIVEIP-UHFFFAOYSA-N	DHVLDKHFGIVEIP
DB14201	AFZSMODLJJCVPP-UHFFFAOYSA-N	AFZSMODLJJCVPP
DB14204	VEQPNABPJHWNSG-UHFFFAOYSA-N	VEQPNABPJHWNSG
DB14206	VEXZGXHMUGYJMC-UHFFFAOYSA-M	VEXZGXHMUGYJMC
DB14207	WOIWWYDXDVSWAZ-UHFFFAOYSA-N	WOIWWYDXDVSWAZ
DB14208	KEDYTOTWMPBSLG-UHFFFAOYSA-N	KEDYTOTWMPBSLG
DB14209	AHYHTSYNOHNUSH-UHFFFAOYSA-N	AHYHTSYNOHNUSH
DB14210	CMPAGYDKASJORH-UHFFFAOYSA-N	CMPAGYDKASJORH
DB14212	LXCFILQKKLGQFO-UHFFFAOYSA-N	LXCFILQKKLGQFO
DB14213	ODAIHABQVKJNIY-UHFFFAOYSA-N	ODAIHABQVKJNIY
DB14217	FLSLEGPOVLMJMN-UHFFFAOYSA-N	FLSLEGPOVLMJMN
DB14218	NCLGDOBQAWBXRA-UHFFFAOYSA-N	NCLGDOBQAWBXRA
DB14219	NKHAVTQWNUWKEO-UHFFFAOYSA-N	NKHAVTQWNUWKEO
DB14221	OHYGPBKGZGRQKT-UHFFFAOYSA-N	OHYGPBKGZGRQKT
DB14227	GKLVYJBZJHMRIY-UHFFFAOYSA-N	GKLVYJBZJHMRIY
DB14232	LJROKJGQSPMTKB-UHFFFAOYSA-N	LJROKJGQSPMTKB
DB14475	JVTAAEKCZFNVCJ-UHFFFAOYSA-N	JVTAAEKCZFNVCJ
DB14476	GVJHHUAWPYXKBD-UHFFFAOYSA-N	GVJHHUAWPYXKBD
DB14479	PWKSKIMOESPYIA-UHFFFAOYSA-M	PWKSKIMOESPYIA
DB14481	NBIIXXVUZAFLBC-UHFFFAOYSA-L	NBIIXXVUZAFLBC
DB14482	CIWBSHSKHKDKBQ-UHFFFAOYSA-M	CIWBSHSKHKDKBQ
DB14483	CIWBSHSKHKDKBQ-UHFFFAOYSA-M	CIWBSHSKHKDKBQ
DB14484	CIWBSHSKHKDKBQ-UHFFFAOYSA-M	CIWBSHSKHKDKBQ
DB14485	CIWBSHSKHKDKBQ-UHFFFAOYSA-M	CIWBSHSKHKDKBQ
DB14486	CIWBSHSKHKDKBQ-UHFFFAOYSA-N	CIWBSHSKHKDKBQ
DB14487	QTBSBXVTEAMEQO-UHFFFAOYSA-M	QTBSBXVTEAMEQO
DB14488	RGHNJXZEOKUKBD-UHFFFAOYSA-M	RGHNJXZEOKUKBD
DB14489	KDYFGRWQOYBRFD-UHFFFAOYSA-L	KDYFGRWQOYBRFD
DB14490	CIWBSHSKHKDKBQ-UHFFFAOYSA-N	CIWBSHSKHKDKBQ
DB14491	VZCYOOQTPOCHFL-UHFFFAOYSA-L	VZCYOOQTPOCHFL
DB14493	DHMQDGOQFOQNFH-UHFFFAOYSA-M	DHMQDGOQFOQNFH
DB14496	MEFBJEMVZONFCJ-UHFFFAOYSA-N	MEFBJEMVZONFCJ
DB14498	QTBSBXVTEAMEQO-UHFFFAOYSA-M	QTBSBXVTEAMEQO
DB14499	QAOWNCQODCNURD-UHFFFAOYSA-L	QAOWNCQODCNURD
DB14500	ZLMJMSJWJFRBEC-UHFFFAOYSA-N	ZLMJMSJWJFRBEC
DB14501	DHMQDGOQFOQNFH-UHFFFAOYSA-M	DHMQDGOQFOQNFH
DB14502	NBIIXXVUZAFLBC-UHFFFAOYSA-L	NBIIXXVUZAFLBC
DB14505	GDTSJMKGXGJFGQ-UHFFFAOYSA-N	GDTSJMKGXGJFGQ
DB14506	HBBGRARXTFLTSG-UHFFFAOYSA-N	HBBGRARXTFLTSG
DB14507	KRKNYBCHXYNGOX-UHFFFAOYSA-K	KRKNYBCHXYNGOX
DB14508	KDYFGRWQOYBRFD-UHFFFAOYSA-L	KDYFGRWQOYBRFD
DB14509	BVKZGUZCCUSVTD-UHFFFAOYSA-L	BVKZGUZCCUSVTD
DB14512	WOFMFGQZHJDGCX-UHFFFAOYSA-N	WOFMFGQZHJDGCX
DB14513	FYYHWMGAXLPEAU-UHFFFAOYSA-N	FYYHWMGAXLPEAU
DB14514	JOOXCMJARBKPKM-UHFFFAOYSA-M	JOOXCMJARBKPKM
DB14516	FKNQFGJONOIPTF-UHFFFAOYSA-N	FKNQFGJONOIPTF
DB14517	NBIIXXVUZAFLBC-UHFFFAOYSA-K	NBIIXXVUZAFLBC
DB14518	QTBSBXVTEAMEQO-UHFFFAOYSA-M	QTBSBXVTEAMEQO
DB14519	REDXJYDRNCIFBQ-UHFFFAOYSA-N	REDXJYDRNCIFBQ
DB14520	KSXLKRAZYZIYCZ-UHFFFAOYSA-K	KSXLKRAZYZIYCZ
DB14521	FOIXSVOLVBLSDH-UHFFFAOYSA-N	FOIXSVOLVBLSDH
DB14522	XLYOFNOQVPJJNP-UHFFFAOYSA-M	XLYOFNOQVPJJNP
DB14523	NBIIXXVUZAFLBC-UHFFFAOYSA-K	NBIIXXVUZAFLBC
DB14526	KRKNYBCHXYNGOX-UHFFFAOYSA-K	KRKNYBCHXYNGOX
DB14527	NHNBFGGVMKEFGY-UHFFFAOYSA-N	NHNBFGGVMKEFGY
DB14528	RGHNJXZEOKUKBD-UHFFFAOYSA-M	RGHNJXZEOKUKBD
DB14529	PVNIIMVLHYAWGP-UHFFFAOYSA-M	PVNIIMVLHYAWGP
DB14530	QAOWNCQODCNURD-UHFFFAOYSA-L	QAOWNCQODCNURD
DB14531	BVKZGUZCCUSVTD-UHFFFAOYSA-L	BVKZGUZCCUSVTD
DB14532	PTFCDOFLOPIGGS-UHFFFAOYSA-N	PTFCDOFLOPIGGS
DB14533	VEXZGXHMUGYJMC-UHFFFAOYSA-M	VEXZGXHMUGYJMC
DB14538	MFBMYAOAMQLLPK-UHFFFAOYSA-N	MFBMYAOAMQLLPK
DB14539	ALEXXDVDDISNDU-UHFFFAOYSA-N	ALEXXDVDDISNDU
DB14540	BMCQMVFGOVHVNG-UHFFFAOYSA-N	BMCQMVFGOVHVNG
DB14541	DLVOSEUFIRPIRM-UHFFFAOYSA-N	DLVOSEUFIRPIRM
DB14542	BGSOJVFOEQLVMH-UHFFFAOYSA-N	BGSOJVFOEQLVMH
DB14543	FOGXJPFPZOHSQS-UHFFFAOYSA-N	FOGXJPFPZOHSQS
DB14544	FZCHYNWYXKICIO-UHFFFAOYSA-N	FZCHYNWYXKICIO
DB14545	VWQWXZAWFPZJDA-UHFFFAOYSA-N	VWQWXZAWFPZJDA
DB14546	QAOWNCQODCNURD-UHFFFAOYSA-L	QAOWNCQODCNURD
DB14547	VEXZGXHMUGYJMC-UHFFFAOYSA-M	VEXZGXHMUGYJMC
DB14554	QVFLVLMYXXNJDT-UHFFFAOYSA-N	QVFLVLMYXXNJDT
DB14556	KFSLWBXXFJQRDL-UHFFFAOYSA-N	KFSLWBXXFJQRDL
DB14568	WIJZXSAJMHAVGX-UHFFFAOYSA-N	WIJZXSAJMHAVGX
DB14569	XFALPSLJIHVRKE-UHFFFAOYSA-N	XFALPSLJIHVRKE
DB14570	DBPWSSGDRRHUNT-UHFFFAOYSA-N	DBPWSSGDRRHUNT
DB14574	GUTLYIVDDKVIGB-UHFFFAOYSA-N	GUTLYIVDDKVIGB
DB14575	BMPDWHIDQYTSHX-UHFFFAOYSA-N	BMPDWHIDQYTSHX
DB14577	BHPQYMZQTOCNFJ-UHFFFAOYSA-N	BHPQYMZQTOCNFJ
DB14579	CZMAIROVPAYCMU-UHFFFAOYSA-N	CZMAIROVPAYCMU
DB14581	HPODOLXTMDHLLC-UHFFFAOYSA-N	HPODOLXTMDHLLC
DB14583	CKFBRGLGTWAVLG-UHFFFAOYSA-N	CKFBRGLGTWAVLG
DB14589	AEIJTFQOBWATKX-UHFFFAOYSA-N	AEIJTFQOBWATKX
DB14596	DMKSVUSAATWOCU-UHFFFAOYSA-N	DMKSVUSAATWOCU
DB14598	KCXVZYZYPLLWCC-UHFFFAOYSA-J	KCXVZYZYPLLWCC
DB14600	KCXVZYZYPLLWCC-UHFFFAOYSA-L	KCXVZYZYPLLWCC
DB14627	PHPUXYRXPHEJDF-UHFFFAOYSA-N	PHPUXYRXPHEJDF
DB14631	JDOZJEUDSLGTLU-UHFFFAOYSA-N	JDOZJEUDSLGTLU
DB14632	HUMXXHTVHHLNRO-UHFFFAOYSA-N	HUMXXHTVHHLNRO
DB14633	APGDTXUMTIZLCJ-UHFFFAOYSA-N	APGDTXUMTIZLCJ
DB14634	DEFOZIFYUBUHHU-UHFFFAOYSA-N	DEFOZIFYUBUHHU
DB14635	NEJVQQBBTRFOHB-UHFFFAOYSA-N	NEJVQQBBTRFOHB
DB14636	URLYINUFLXOMHP-UHFFFAOYSA-N	URLYINUFLXOMHP
DB14637	CYMBAKFTWRNHPS-UHFFFAOYSA-N	CYMBAKFTWRNHPS
DB14638	BDYYDXJSHYEDGB-UHFFFAOYSA-N	BDYYDXJSHYEDGB
DB14639	AHMMSNQYOPMLSX-UHFFFAOYSA-N	AHMMSNQYOPMLSX
DB14641	ONMZMZJEZHMWQL-UHFFFAOYSA-N	ONMZMZJEZHMWQL
DB14642	BJFIDCADFRDPIO-UHFFFAOYSA-N	BJFIDCADFRDPIO
DB14643	DALKLAYLIPSCQL-UHFFFAOYSA-N	DALKLAYLIPSCQL
DB14644	IMBXEJJVJRTNOW-UHFFFAOYSA-N	IMBXEJJVJRTNOW
DB14645	QEHKBHWEUPXBCW-UHFFFAOYSA-N	QEHKBHWEUPXBCW
DB14646	MOVRKLZUVNCBIP-UHFFFAOYSA-N	MOVRKLZUVNCBIP
DB14651	PWEGQJCIAMJJHC-UHFFFAOYSA-N	PWEGQJCIAMJJHC
DB14652	ARPLCFGLEYFDCN-UHFFFAOYSA-N	ARPLCFGLEYFDCN
DB14655	NOTIQUSPUUHHEH-UHFFFAOYSA-N	NOTIQUSPUUHHEH
DB14657	HYRKAAMZBDSJFJ-UHFFFAOYSA-N	HYRKAAMZBDSJFJ
DB14659	UDKABVSQKJNZBH-UHFFFAOYSA-N	UDKABVSQKJNZBH
DB14660	CMRJPMODSSEAPL-UHFFFAOYSA-N	CMRJPMODSSEAPL
DB14661	KXVSBTJVTUVNPM-UHFFFAOYSA-N	KXVSBTJVTUVNPM
DB14669	VQODGRNSFPNSQE-UHFFFAOYSA-N	VQODGRNSFPNSQE
DB14672	FYRWUTOZBRWYCS-UHFFFAOYSA-N	FYRWUTOZBRWYCS
DB14674	ADFOJJHRTBFFOF-UHFFFAOYSA-N	ADFOJJHRTBFFOF
DB14676	QJJBNCHSWFGXML-UHFFFAOYSA-N	QJJBNCHSWFGXML
DB14677	XURCMZMFZXXQDJ-UHFFFAOYSA-N	XURCMZMFZXXQDJ
DB14678	APTGJECXMIKIET-UHFFFAOYSA-N	APTGJECXMIKIET
DB14679	FLGJKPPXEKYCBY-UHFFFAOYSA-N	FLGJKPPXEKYCBY
DB14680	HVXBOLULGPECHP-UHFFFAOYSA-N	HVXBOLULGPECHP
DB14681	MFYSYFVPBJMHGN-UHFFFAOYSA-N	MFYSYFVPBJMHGN
DB14682	JAQUASYNZVUNQP-UHFFFAOYSA-N	JAQUASYNZVUNQP
DB14695	XLYOFNOQVPJJNP-UHFFFAOYSA-M	XLYOFNOQVPJJNP
DB14708	NXTVQNIVUKXOIL-UHFFFAOYSA-N	NXTVQNIVUKXOIL
DB14714	XWLXKKNPFMNSFA-UHFFFAOYSA-N	XWLXKKNPFMNSFA
DB14715	NQTRBZXDWMDXAQ-UHFFFAOYSA-N	NQTRBZXDWMDXAQ
DB14718	BGRWSFIQQPVEML-UHFFFAOYSA-N	BGRWSFIQQPVEML
DB14719	AIZFEOPQVZBNGH-UHFFFAOYSA-N	AIZFEOPQVZBNGH
DB14723	NYNZQNWKBKUAII-UHFFFAOYSA-N	NYNZQNWKBKUAII
DB14725	RRJHESVQVSRQEX-UHFFFAOYSA-N	RRJHESVQVSRQEX
DB14726	YBSJFWOBGCMAKL-UHFFFAOYSA-N	YBSJFWOBGCMAKL
DB14729	QEHOIJJIZXRMAN-UHFFFAOYSA-N	QEHOIJJIZXRMAN
DB14732	WYROLENTHWJFLR-UHFFFAOYSA-N	WYROLENTHWJFLR
DB14733	HFTSMHTWUFCYMJ-UHFFFAOYSA-N	HFTSMHTWUFCYMJ
DB14734	QXACEHWTBCFNSA-UHFFFAOYSA-N	QXACEHWTBCFNSA
DB14737	VBGLYOIFKLUMQG-UHFFFAOYSA-N	VBGLYOIFKLUMQG
DB14750	ODQWQRRAPPTVAG-UHFFFAOYSA-N	ODQWQRRAPPTVAG
DB14753	TUESWZZJYCLFNL-UHFFFAOYSA-N	TUESWZZJYCLFNL
DB14754	UCTRAOBQFUDCSR-UHFFFAOYSA-N	UCTRAOBQFUDCSR
DB14755	SLRCCWJSBJZJBV-UHFFFAOYSA-N	SLRCCWJSBJZJBV
DB14756	FEWJPZIEWOKRBE-UHFFFAOYSA-N	FEWJPZIEWOKRBE
DB14763	QMNFFXRFOJIOKZ-UHFFFAOYSA-N	QMNFFXRFOJIOKZ
DB14765	WPEWQEMJFLWMLV-UHFFFAOYSA-N	WPEWQEMJFLWMLV
DB14766	MVGWUTBTXDYMND-UHFFFAOYSA-N	MVGWUTBTXDYMND
DB14769	DENYZIUJOTUUNY-UHFFFAOYSA-N	DENYZIUJOTUUNY
DB14770	XCIGZBVOUQVIPI-UHFFFAOYSA-N	XCIGZBVOUQVIPI
DB14773	NGFFVZQXSRKHBM-UHFFFAOYSA-N	NGFFVZQXSRKHBM
DB14777	RIDRXGOBXZLKHZ-UHFFFAOYSA-N	RIDRXGOBXZLKHZ
DB14783	YIMYDTCOUQIDMT-UHFFFAOYSA-N	YIMYDTCOUQIDMT
DB14785	WNEODWDFDXWOLU-UHFFFAOYSA-N	WNEODWDFDXWOLU
DB14787	YDTUJCNTIMWHPJ-UHFFFAOYSA-N	YDTUJCNTIMWHPJ
DB14792	KBQCEQAXHPIRTF-UHFFFAOYSA-N	KBQCEQAXHPIRTF
DB14793	QBGKPEROWUKSBK-UHFFFAOYSA-N	QBGKPEROWUKSBK
DB14801	OQDQIFQRNZIEEJ-UHFFFAOYSA-N	OQDQIFQRNZIEEJ
DB14810	FJEJHJINOKKDCW-UHFFFAOYSA-N	FJEJHJINOKKDCW
DB14813	QETUKYDWZIRTEI-UHFFFAOYSA-N	QETUKYDWZIRTEI
DB14814	WKDNQONLGXOZRG-UHFFFAOYSA-N	WKDNQONLGXOZRG
DB14815	PWAOOJDMFUQOKB-UHFFFAOYSA-N	PWAOOJDMFUQOKB
DB14822	ZJXIUGNEAIHSBI-UHFFFAOYSA-N	ZJXIUGNEAIHSBI
DB14839	FWXVGKSWZJEPQI-UHFFFAOYSA-N	FWXVGKSWZJEPQI
DB14844	VLULRUCCHYVXOH-UHFFFAOYSA-N	VLULRUCCHYVXOH
DB14845	RIJLVEAXPNLDTC-UHFFFAOYSA-N	RIJLVEAXPNLDTC
DB14846	ADGGYDAFIHSYFI-UHFFFAOYSA-N	ADGGYDAFIHSYFI
DB14849	MRFOLGFFTUGAEB-UHFFFAOYSA-N	MRFOLGFFTUGAEB
DB14856	ZYSCOUXLBXGGIM-UHFFFAOYSA-N	ZYSCOUXLBXGGIM
DB14860	GLYMPHUVMRFTFV-UHFFFAOYSA-N	GLYMPHUVMRFTFV
DB14867	ZQPDJCIXJHUERQ-UHFFFAOYSA-N	ZQPDJCIXJHUERQ
DB14870	ZIUDADZJCKGWKR-UHFFFAOYSA-N	ZIUDADZJCKGWKR
DB14872	UQRORFVVSGFNRO-UHFFFAOYSA-N	UQRORFVVSGFNRO
DB14875	NCDZABJPWMBMIQ-UHFFFAOYSA-N	NCDZABJPWMBMIQ
DB14876	NVVPMZUGELHVMH-UHFFFAOYSA-N	NVVPMZUGELHVMH
DB14878	VCIBGDSRPUOBOG-UHFFFAOYSA-N	VCIBGDSRPUOBOG
DB14879	DBPPRLRVDVJOCL-UHFFFAOYSA-N	DBPPRLRVDVJOCL
DB14881	DMNOVGJWPASQDL-UHFFFAOYSA-N	DMNOVGJWPASQDL
DB14885	CLGCHUKGBICQTE-UHFFFAOYSA-N	CLGCHUKGBICQTE
DB14887	GEVVQZHMFVFGLN-UHFFFAOYSA-N	GEVVQZHMFVFGLN
DB14888	UCOAKFIVSAVHLC-UHFFFAOYSA-N	UCOAKFIVSAVHLC
DB14889	KPJDVVCDVBFRMU-UHFFFAOYSA-N	KPJDVVCDVBFRMU
DB14895	DJXRIQMCROIRCZ-UHFFFAOYSA-N	DJXRIQMCROIRCZ
DB14896	OEBIHOVSAMBXIB-UHFFFAOYSA-N	OEBIHOVSAMBXIB
DB14904	VIUAUNHCRHHYNE-UHFFFAOYSA-N	VIUAUNHCRHHYNE
DB14906	NIJYGVDQZBBONK-UHFFFAOYSA-N	NIJYGVDQZBBONK
DB14909	LVZYXEALRXBLJZ-UHFFFAOYSA-N	LVZYXEALRXBLJZ
DB14916	YIDDLAAKOYYGJG-UHFFFAOYSA-N	YIDDLAAKOYYGJG
DB14923	QKXJWFOKVQWEDZ-UHFFFAOYSA-N	QKXJWFOKVQWEDZ
DB14924	CBRJPFGIXUFMTM-UHFFFAOYSA-N	CBRJPFGIXUFMTM
DB14930	UXCAQJAQSWSNPQ-UHFFFAOYSA-N	UXCAQJAQSWSNPQ
DB14933	JLEBZPBDRKPWTD-UHFFFAOYSA-O	JLEBZPBDRKPWTD
DB14935	BLGWHBSBBJNKJO-UHFFFAOYSA-N	BLGWHBSBBJNKJO
DB14936	PFRQBZFETXBLTP-UHFFFAOYSA-N	PFRQBZFETXBLTP
DB14938	ALIVXCSEERJYHU-UHFFFAOYSA-N	ALIVXCSEERJYHU
DB14939	JJVZSYKFCOBILL-UHFFFAOYSA-N	JJVZSYKFCOBILL
DB14943	VRQXRVAKPDCRCI-UHFFFAOYSA-N	VRQXRVAKPDCRCI
DB14949	YXFNPRHZMOGREC-UHFFFAOYSA-N	YXFNPRHZMOGREC
DB14969	FBCQEUMZZNVQKD-UHFFFAOYSA-N	FBCQEUMZZNVQKD
DB14971	FRIZVHMAECRUBR-UHFFFAOYSA-N	FRIZVHMAECRUBR
DB14972	NNKVPIKMPCQWCG-UHFFFAOYSA-N	NNKVPIKMPCQWCG
DB14973	IUEWXNHSKRWHDY-UHFFFAOYSA-N	IUEWXNHSKRWHDY
DB14975	FWCVZAQENIZVMY-UHFFFAOYSA-N	FWCVZAQENIZVMY
DB14976	WANIDIGFXJFFEL-UHFFFAOYSA-N	WANIDIGFXJFFEL
DB14980	IRTDIKMSKMREGO-UHFFFAOYSA-N	IRTDIKMSKMREGO
DB14981	IMQLKJBTEOYOSI-UHFFFAOYSA-N	IMQLKJBTEOYOSI
DB14982	HNFMVVHMKGFCMB-UHFFFAOYSA-N	HNFMVVHMKGFCMB
DB14987	VFBILHPIHUPBPZ-UHFFFAOYSA-N	VFBILHPIHUPBPZ
DB14989	IUVCFHHAEHNCFT-UHFFFAOYSA-N	IUVCFHHAEHNCFT
DB14993	SADXACCFNXBCFY-UHFFFAOYSA-N	SADXACCFNXBCFY
DB14998	ACSQLTBPYZSGBA-UHFFFAOYSA-N	ACSQLTBPYZSGBA
DB15009	MASKQITXHVYVFL-UHFFFAOYSA-N	MASKQITXHVYVFL
DB15011	PUKBOVABABRILL-UHFFFAOYSA-N	PUKBOVABABRILL
DB15012	XFVRBYKKGGDPAJ-UHFFFAOYSA-N	XFVRBYKKGGDPAJ
DB15027	ISBHYKVAFKTATD-UHFFFAOYSA-N	ISBHYKVAFKTATD
DB15028	CKTWQGHVNRYNCM-UHFFFAOYSA-N	CKTWQGHVNRYNCM
DB15035	RNOAOAWBMHREKO-UHFFFAOYSA-N	RNOAOAWBMHREKO
DB15036	WLAVZAAODLTUSW-UHFFFAOYSA-N	WLAVZAAODLTUSW
DB15038	MJJDYOLPMGIWND-UHFFFAOYSA-N	MJJDYOLPMGIWND
DB15039	BBIPVJCGIASXJB-UHFFFAOYSA-N	BBIPVJCGIASXJB
DB15046	FHRWHNJJQGSCQC-UHFFFAOYSA-N	FHRWHNJJQGSCQC
DB15047	XGKULQQVQWCASY-UHFFFAOYSA-N	XGKULQQVQWCASY
DB15051	SFFSGPCYJCMDJM-UHFFFAOYSA-N	SFFSGPCYJCMDJM
DB15056	OMFRMAHOUUJSGP-UHFFFAOYSA-N	OMFRMAHOUUJSGP
DB15057	NHTKGYOMICWFQZ-UHFFFAOYSA-N	NHTKGYOMICWFQZ
DB15059	DKULOVKANLVDEA-UHFFFAOYSA-N	DKULOVKANLVDEA
DB15068	DKNUPRMJNUQNHR-UHFFFAOYSA-N	DKNUPRMJNUQNHR
DB15073	PYMYPHUHKUWMLA-UHFFFAOYSA-N	PYMYPHUHKUWMLA
DB15078	HNLRRJSKGXOYNO-UHFFFAOYSA-N	HNLRRJSKGXOYNO
DB15086	RPQUGMLCZLGZTG-UHFFFAOYSA-N	RPQUGMLCZLGZTG
DB15087	BJHIKXHVCXFQLS-UHFFFAOYSA-N	BJHIKXHVCXFQLS
DB15091	WYQFJHHDOKWSHR-UHFFFAOYSA-N	WYQFJHHDOKWSHR
DB15096	DTJQBBHYRQYDEG-UHFFFAOYSA-N	DTJQBBHYRQYDEG
DB15097	HLWURFKMDLAKOD-UHFFFAOYSA-N	HLWURFKMDLAKOD
DB15098	GAZGHCHCYRSPIV-UHFFFAOYSA-N	GAZGHCHCYRSPIV
DB15102	HCDMJFOHIXMBOV-UHFFFAOYSA-N	HCDMJFOHIXMBOV
DB15105	ZLZUHACSRMOLLV-UHFFFAOYSA-N	ZLZUHACSRMOLLV
DB15106	TTZSNFLLYPYKIL-UHFFFAOYSA-N	TTZSNFLLYPYKIL
DB15120	YFRBKEVUUCQYOW-UHFFFAOYSA-N	YFRBKEVUUCQYOW
DB15122	NSMXQKNUPPXBRG-UHFFFAOYSA-N	NSMXQKNUPPXBRG
DB15130	FASDKYOPVNHBLU-UHFFFAOYSA-N	FASDKYOPVNHBLU
DB15132	YUHNXUAATAMVKD-UHFFFAOYSA-N	YUHNXUAATAMVKD
DB15133	AHYMHWXQRWRBKT-UHFFFAOYSA-N	AHYMHWXQRWRBKT
DB15136	HELXLJCILKEWJH-UHFFFAOYSA-N	HELXLJCILKEWJH
DB15137	LGGPZDRLTDGYSQ-UHFFFAOYSA-N	LGGPZDRLTDGYSQ
DB15138	DFBDRVGWBHBJNR-UHFFFAOYSA-N	DFBDRVGWBHBJNR
DB15143	JKDGKIBAOAFRPJ-UHFFFAOYSA-N	JKDGKIBAOAFRPJ
DB15149	KEIPNCCJPRMIAX-UHFFFAOYSA-N	KEIPNCCJPRMIAX
DB15157	MRPGRAKIAJJGMM-UHFFFAOYSA-N	MRPGRAKIAJJGMM
DB15161	ZQAQXZBSGZUUNL-UHFFFAOYSA-N	ZQAQXZBSGZUUNL
DB15167	OABRYNHZQBZDMG-UHFFFAOYSA-N	OABRYNHZQBZDMG
DB15169	MBWRLLRCTIYXDW-UHFFFAOYSA-N	MBWRLLRCTIYXDW
DB15170	QUIWHXQETADMGN-UHFFFAOYSA-N	QUIWHXQETADMGN
DB15187	YUAALFPUEOYPNX-UHFFFAOYSA-N	YUAALFPUEOYPNX
DB15192	GNIRITULTPTAQW-UHFFFAOYSA-N	GNIRITULTPTAQW
DB15193	XDMUFNNPLXHNKA-UHFFFAOYSA-N	XDMUFNNPLXHNKA
DB15197	MTPVBMVUENFFLL-UHFFFAOYSA-N	MTPVBMVUENFFLL
DB15203	KXSAIQPPGSSNKX-UHFFFAOYSA-N	KXSAIQPPGSSNKX
DB15205	KVLLHLWBPNCVNR-UHFFFAOYSA-N	KVLLHLWBPNCVNR
DB15206	SFPFZQKYPOWCSI-UHFFFAOYSA-N	SFPFZQKYPOWCSI
DB15207	NOSNHVJANRODGR-UHFFFAOYSA-N	NOSNHVJANRODGR
DB15208	MZBCQWLYUQJXKA-UHFFFAOYSA-N	MZBCQWLYUQJXKA
DB15209	ORQZQBUNAMJFCY-UHFFFAOYSA-N	ORQZQBUNAMJFCY
DB15212	ZHKNLJLMDFQVHJ-UHFFFAOYSA-N	ZHKNLJLMDFQVHJ
DB15213	LPUNEQQTZOWCNO-UHFFFAOYSA-N	LPUNEQQTZOWCNO
DB15215	LQIPDFIUPOYMPR-UHFFFAOYSA-N	LQIPDFIUPOYMPR
DB15227	SEJLPXCPMNSRAM-UHFFFAOYSA-N	SEJLPXCPMNSRAM
DB15232	PRAAPINBUWJLGA-UHFFFAOYSA-N	PRAAPINBUWJLGA
DB15236	PNNNRSAQSRJVSB-UHFFFAOYSA-N	PNNNRSAQSRJVSB
DB15241	ATCVVCBJNHXIEX-UHFFFAOYSA-O	ATCVVCBJNHXIEX
DB15242	STWITCBWQHTJFJ-UHFFFAOYSA-N	STWITCBWQHTJFJ
DB15243	PUUBADHCONCMPA-UHFFFAOYSA-N	PUUBADHCONCMPA
DB15245	SUFPWYYDCOKDLL-UHFFFAOYSA-N	SUFPWYYDCOKDLL
DB15246	YMGFTDKNIWPMGF-UHFFFAOYSA-N	YMGFTDKNIWPMGF
DB15250	JRWROCIMSDXGOZ-UHFFFAOYSA-N	JRWROCIMSDXGOZ
DB15254	LMMJFBMMJUMSJS-UHFFFAOYSA-N	LMMJFBMMJUMSJS
DB15266	VWMJHAFYPMOMGF-UHFFFAOYSA-N	VWMJHAFYPMOMGF
DB15273	IGUBBWJDMLCRIK-UHFFFAOYSA-N	IGUBBWJDMLCRIK
DB15281	RZUOCXOYPYGSKL-UHFFFAOYSA-N	RZUOCXOYPYGSKL
DB15287	CWEFDWIKLABKBX-UHFFFAOYSA-N	CWEFDWIKLABKBX
DB15288	CWWWTTYMUOYSQA-UHFFFAOYSA-N	CWWWTTYMUOYSQA
DB15289	NDTYTMIUWGWIMO-UHFFFAOYSA-N	NDTYTMIUWGWIMO
DB15291	ZRYMMWAJAFUANM-UHFFFAOYSA-N	ZRYMMWAJAFUANM
DB15292	ZTEDNASHAWNBKQ-UHFFFAOYSA-N	ZTEDNASHAWNBKQ
DB15293	CHNUOJQWGUIOLD-UHFFFAOYSA-N	CHNUOJQWGUIOLD
DB15294	NNXDIGHYPZHXTR-UHFFFAOYSA-N	NNXDIGHYPZHXTR
DB15295	HDXDQPRPFRKGKZ-UHFFFAOYSA-N	HDXDQPRPFRKGKZ
DB15299	DRLCSJFKKILATL-UHFFFAOYSA-N	DRLCSJFKKILATL
DB15300	LJOQGZACKSYWCH-UHFFFAOYSA-N	LJOQGZACKSYWCH
DB15310	FJCDSQATIJKQKA-UHFFFAOYSA-N	FJCDSQATIJKQKA
DB15317	PBHFNBQPZCRWQP-UHFFFAOYSA-N	PBHFNBQPZCRWQP
DB15318	QEFYFXOXNSNQGX-UHFFFAOYSA-N	QEFYFXOXNSNQGX
DB15321	GLNWREBYRLDPQP-UHFFFAOYSA-N	GLNWREBYRLDPQP
DB15323	IWYJYHUNXVAVAA-UHFFFAOYSA-N	IWYJYHUNXVAVAA
DB15328	DDOOFTLHJSMHLN-UHFFFAOYSA-N	DDOOFTLHJSMHLN
DB15334	WUADCCWRTIWANL-UHFFFAOYSA-N	WUADCCWRTIWANL
DB15335	HKQYGTCOTHHOMP-UHFFFAOYSA-N	HKQYGTCOTHHOMP
DB15339	LPLLVINFLBSFRP-UHFFFAOYSA-N	LPLLVINFLBSFRP
DB15344	AXFYFNCPONWUHW-UHFFFAOYSA-N	AXFYFNCPONWUHW
DB15347	VJPPLCNBDLZIFG-UHFFFAOYSA-N	VJPPLCNBDLZIFG
DB15357	JOLJIIDDOBNFHW-UHFFFAOYSA-N	JOLJIIDDOBNFHW
DB15359	ORXQGKIUCDPEAJ-UHFFFAOYSA-N	ORXQGKIUCDPEAJ
DB15360	YDSDEBIZUNNPOB-UHFFFAOYSA-N	YDSDEBIZUNNPOB
DB15362	SJXNPGGVGZXKKI-UHFFFAOYSA-N	SJXNPGGVGZXKKI
DB15366	LGANPTNILMNMES-UHFFFAOYSA-N	LGANPTNILMNMES
DB15367	YPCLDHGBEKZGEB-UHFFFAOYSA-N	YPCLDHGBEKZGEB
DB15381	HYPYXGZDOYTYDR-UHFFFAOYSA-N	HYPYXGZDOYTYDR
DB15392	TVFDJXOCXUVLDH-UHFFFAOYSA-N	TVFDJXOCXUVLDH
DB15393	QFCXANHHBCGMAS-UHFFFAOYSA-N	QFCXANHHBCGMAS
DB15394	QUEDXNHFTDJVIY-UHFFFAOYSA-N	QUEDXNHFTDJVIY
DB15396	SLIVDYMORZGPLW-UHFFFAOYSA-N	SLIVDYMORZGPLW
DB15399	LQVXSNNAFNGRAH-UHFFFAOYSA-N	LQVXSNNAFNGRAH
DB15408	MUOKSQABCJCOPU-UHFFFAOYSA-N	MUOKSQABCJCOPU
DB15418	MBKYLPOPYYLTNW-UHFFFAOYSA-N	MBKYLPOPYYLTNW
DB15419	QRGHOAATPOLDPF-UHFFFAOYSA-N	QRGHOAATPOLDPF
DB15427	IPVFGAYTKQKGBM-UHFFFAOYSA-N	IPVFGAYTKQKGBM
DB15442	PDGKHKMBHVFCMG-UHFFFAOYSA-N	PDGKHKMBHVFCMG
DB15444	MVRHVFSOIWFBTE-UHFFFAOYSA-N	MVRHVFSOIWFBTE
DB15445	CORFWQGVBFFZHF-UHFFFAOYSA-N	CORFWQGVBFFZHF
DB15446	XPRDUGXOWVXZLL-UHFFFAOYSA-N	XPRDUGXOWVXZLL
DB15448	VGUSQKZDZHAAEE-UHFFFAOYSA-N	VGUSQKZDZHAAEE
DB15449	VLIUIBXPEDFJRF-UHFFFAOYSA-N	VLIUIBXPEDFJRF
DB15458	LRQKBLKVPFOOQJ-UHFFFAOYSA-N	LRQKBLKVPFOOQJ
DB15465	VPMRSLWWUXNYRY-UHFFFAOYSA-N	VPMRSLWWUXNYRY
DB15466	ARKYUICTMUZVEW-UHFFFAOYSA-N	ARKYUICTMUZVEW
DB15477	AFHJQYHRLPMKHU-UHFFFAOYSA-N	AFHJQYHRLPMKHU
DB15488	FSBUXLDOLNLABB-UHFFFAOYSA-N	FSBUXLDOLNLABB
DB15489	ANUCDXCTICZJRH-UHFFFAOYSA-N	ANUCDXCTICZJRH
DB15490	HARRKNSQXBRBGZ-UHFFFAOYSA-N	HARRKNSQXBRBGZ
DB15492	AADCDMQTJNYOSS-UHFFFAOYSA-N	AADCDMQTJNYOSS
DB15493	RVNSQVIUFZVNAU-UHFFFAOYSA-N	RVNSQVIUFZVNAU
DB15494	RZHKDBRREKOZEW-UHFFFAOYSA-K	RZHKDBRREKOZEW
DB15495	DAPAQENNNINUPW-UHFFFAOYSA-N	DAPAQENNNINUPW
DB15496	RMNPQEWLGQURNX-UHFFFAOYSA-N	RMNPQEWLGQURNX
DB15498	SGWLRDAOCLITOM-UHFFFAOYSA-N	SGWLRDAOCLITOM
DB15499	BGLPECHZZQDNCD-UHFFFAOYSA-N	BGLPECHZZQDNCD
DB15532	BNMGUJRJUUDLHW-UHFFFAOYSA-N	BNMGUJRJUUDLHW
DB15535	OXBLHERUFWYNTN-UHFFFAOYSA-M	OXBLHERUFWYNTN
DB15536	RBTARNINKXHZNM-UHFFFAOYSA-K	RBTARNINKXHZNM
DB15550	GWNHAOBXDGOXRR-UHFFFAOYSA-N	GWNHAOBXDGOXRR
DB15565	UVAUYSRYXACKSC-UHFFFAOYSA-N	UVAUYSRYXACKSC
DB15566	LRJOMUJRLNCICJ-UHFFFAOYSA-N	LRJOMUJRLNCICJ
DB15569	NXQKSXLFSAEQCZ-UHFFFAOYSA-N	NXQKSXLFSAEQCZ
DB15575	KZIKEOGUKFUHKS-UHFFFAOYSA-L	KZIKEOGUKFUHKS
DB15578	DUXZAXCGJSBGDW-UHFFFAOYSA-N	DUXZAXCGJSBGDW
DB15579	GVKKJJOMQCNPGB-UHFFFAOYSA-N	GVKKJJOMQCNPGB
DB15580	OWEGWHBOCFMBLP-UHFFFAOYSA-N	OWEGWHBOCFMBLP
DB15581	RTIXKCRFFJGDFG-UHFFFAOYSA-N	RTIXKCRFFJGDFG
DB15582	AUJXLBOHYWTPFV-UHFFFAOYSA-N	AUJXLBOHYWTPFV
DB15584	IQPNAANSBPBGFQ-UHFFFAOYSA-N	IQPNAANSBPBGFQ
DB15585	HFDGABTZPISMDD-UHFFFAOYSA-N	HFDGABTZPISMDD
DB15586	ZRWPUFFVAOMMNM-UHFFFAOYSA-N	ZRWPUFFVAOMMNM
DB15588	WCGUUGGRBIKTOS-UHFFFAOYSA-N	WCGUUGGRBIKTOS
DB15589	OJYLAHXKWMRDGS-UHFFFAOYSA-N	OJYLAHXKWMRDGS
DB15594	YVNQAIFQFWTPLQ-UHFFFAOYSA-M	YVNQAIFQFWTPLQ
DB15598	XPCTZQVDEJYUGT-UHFFFAOYSA-M	XPCTZQVDEJYUGT
