disease,drug_name,drug_id,confidence,novelty_level,novelty_score,is_known_treatment,combined_score,pillars_hit,pubmed_articles,pubmed_treatment,pubmed_repurposing,clinical_trials,faers_signal,faers_cooccurrences,faers_total_reports,signature_reversal,signature_rank,shared_targets,direct_relations,max_citations,mol_similarity,similar_to,transe_rank,mr_score,mr_genetic_targets,mechanistic_hypothesis,ai_hypothesis,novelty_interpretation,confidence_reasons
Alzheimer's disease,Metformin,DB00331,HIGH,KNOWN,0.314,False,0.5809,4,268,244,31,4,strong,5772,419475,False,0,52,0,73,0,,41,0.7311,5,Metformin —[is a therapeutic for]→ Alzheimer's disease,of its anti-inflammatory and antioxidant properties.,"Known association with moderate evidence (268 articles, 4 trials). Already being studied.","4 clinical trial(s) found on ClinicalTrials.gov; Phase 3 trial exists; 268 PubMed articles on this drug-disease pair; 31 article(s) specifically mention repurposing/repositioning; Supported by 4 independent AI pillars; Strong FAERS signal: 5772 adverse event reports link drug to disease (419475 total reports); Supporting paper with 73 citations; AI-generated hypothesis available; Strong causal genetic evidence (MR score: 0.73, 5 genetic targets)"
Alzheimer's disease,Acetylcholine,DB03128,HIGH,ESTABLISHED,0.098,True,0.5467,4,3240,2270,14,10,none,0,99,False,0,12,0,3041,0,,4,0.7314,2,Acetylcholine —[is a therapeutic for]→ Alzheimer's disease,of its ability to increase the production of acetylcholine in the brain.,"Well-established drug-disease relationship (3240 articles, 10 trials). Not a repurposing candidate.","10 clinical trial(s) found on ClinicalTrials.gov; Phase 3 trial exists; 3240 PubMed articles on this drug-disease pair; 14 article(s) specifically mention repurposing/repositioning; Supported by 4 independent AI pillars; Highly cited paper (3041 citations): ""Alzheimer's disease: a disorder of cortical cholinergic inne...""; AI-generated hypothesis available; Strong causal genetic evidence (MR score: 0.73, 2 genetic targets); NOTE: This appears to be an already-approved treatment, not a repurposing candidate"
Alzheimer's disease,2'-Monophosphoadenosine 5'-Diphosphoribose,DB03461,MEDIUM,BREAKTHROUGH,0.654,False,0.5446,4,0,0,0,0,none,0,0,False,0,9,0,33,0.8795,Nadide,116,0.755,3,2'-Monophosphoadenosine 5'-Diphosphoribose —[is a therapeutic for]→ MESH:D002544 —[is treated by]→ DB01043 —[treats]→ Alzheimer's disease,it is a substrate for the enzyme adenosine deaminase.,No published evidence found for this drug-disease pair. Strong computational prediction suggests a potential new discovery. Requires experimental validation.,"Supported by 4 independent AI pillars; High molecular similarity (0.88) to Nadide; Supporting paper with 33 citations; AI-generated hypothesis available; Strong causal genetic evidence (MR score: 0.76, 3 genetic targets)"
Alzheimer's disease,Aceneuramic Acid,DB11797,MEDIUM,BREAKTHROUGH,0.646,False,0.5387,4,0,0,0,0,none,0,0,False,0,2,0,78,0,,84,0.7484,2,Aceneuramic Acid —[is a therapeutic for]→ Alzheimer's disease,of its ability to inhibit amyloid-beta aggregation and to increase the levels of the antioxidant glutathione.,No published evidence found for this drug-disease pair. Strong computational prediction suggests a potential new discovery. Requires experimental validation.,"Supported by 4 independent AI pillars; Supporting paper with 78 citations; AI-generated hypothesis available; Strong causal genetic evidence (MR score: 0.75, 2 genetic targets)"
Alzheimer's disease,Octreotide,DB00104,MEDIUM,NOVEL,0.578,False,0.5355,4,5,4,0,0,moderate,51,7625,False,0,6,0,68,0,,162,0.7915,3,Octreotide —[binds]→ gene-4353 —[is linked to]→ Alzheimer's disease,of its anti-inflammatory and neuroprotective properties.,Novel prediction with minimal existing evidence (5 articles). Computational support suggests this warrants investigation.,"5 PubMed article(s) - limited literature; Supported by 4 independent AI pillars; Moderate FAERS signal: 51 adverse event reports mention drug-disease co-occurrence; Supporting paper with 68 citations; AI-generated hypothesis available; Strong causal genetic evidence (MR score: 0.79, 3 genetic targets)"
Alzheimer's disease,Propofol,DB00818,HIGH,KNOWN,0.287,False,0.5319,4,37,20,1,6,moderate,251,34293,False,0,16,0,60,0,,46,0.6849,5,Propofol —[binds]→ gene-1558 —[is downregulated by]→ Alzheimer's disease,of its anti-inflammatory and antioxidant properties.,"Known association with moderate evidence (37 articles, 6 trials). Already being studied.",6 clinical trial(s) found on ClinicalTrials.gov; 37 PubMed articles found; 1 article(s) specifically mention repurposing/repositioning; Supported by 4 independent AI pillars; Note: Drug had early-phase trial failures for this disease; Moderate FAERS signal: 251 adverse event reports mention drug-disease co-occurrence; Supporting paper with 60 citations; AI-generated hypothesis available; Moderate genetic evidence supporting causality (MR score: 0.68)
Alzheimer's disease,Folic Acid,DB00158,HIGH,ESTABLISHED,0.182,True,0.5052,4,387,182,2,6,strong,4527,253612,False,0,7,0,96,0,,83,0.5886,2,Folic Acid —[is a therapeutic for]→ Alzheimer's disease,of its antioxidant properties.,"Well-established drug-disease relationship (387 articles, 6 trials). Not a repurposing candidate.",6 clinical trial(s) found on ClinicalTrials.gov; Phase 3 trial exists; 387 PubMed articles on this drug-disease pair; 2 article(s) specifically mention repurposing/repositioning; Supported by 4 independent AI pillars; Strong FAERS signal: 4527 adverse event reports link drug to disease (253612 total reports); Supporting paper with 96 citations; AI-generated hypothesis available; Moderate genetic evidence supporting causality (MR score: 0.59)
Alzheimer's disease,Tacrine,DB00382,HIGH,KNOWN,0.271,False,0.5013,4,1165,1105,5,0,none,0,31,False,0,7,0,846,0,,105,0.9125,2,Tacrine —[is a therapeutic for]→ Alzheimer's disease,of its cholinergic action.,"Known association with moderate evidence (1165 articles, 0 trials). Already being studied.","1165 PubMed articles on this drug-disease pair; 5 article(s) specifically mention repurposing/repositioning; Supported by 4 independent AI pillars; Highly cited paper (846 citations): ""Efficacy of acetylcholinesterase inhibitors in Alzheimer's d...""; AI-generated hypothesis available; Strong causal genetic evidence (MR score: 0.91, 2 genetic targets)"
Alzheimer's disease,Paclitaxel,DB01229,HIGH,EMERGING,0.445,False,0.4943,4,45,38,2,0,moderate,298,86251,False,0,35,0,99,0,,90,0.6789,11,Paclitaxel —[downregulates]→ gene-3692 —[is a target of]→ DB09130 —[is a therapeutic for]→ Alzheimer's disease,of its ability to cross the blood-brain barrier and to inhibit amyloid-beta production.,"Emerging repurposing candidate. Some evidence exists (45 articles, 2 mention repurposing) but not yet validated in trials.",45 PubMed articles found; 2 article(s) specifically mention repurposing/repositioning; Supported by 4 independent AI pillars; Moderate FAERS signal: 298 adverse event reports mention drug-disease co-occurrence; Supporting paper with 99 citations; AI analysis of 1 abstract(s) found positive treatment signals; AI-generated hypothesis available; Moderate genetic evidence supporting causality (MR score: 0.68)
Alzheimer's disease,Metoclopramide,DB01233,HIGH,NOVEL,0.503,False,0.49320000410079956,4,7,4,0,0,strong,685,64987,False,0,8,0,68,0,,87,0.7998,1,Metoclopramide —[binds]→ gene-1565 —[is linked to]→ Alzheimer's disease,of its dopaminergic properties.,Novel prediction with minimal existing evidence (7 articles). Computational support suggests this warrants investigation.,"7 PubMed article(s) - limited literature; Supported by 4 independent AI pillars; Strong FAERS signal: 685 adverse event reports link drug to disease (64987 total reports); Supporting paper with 68 citations; AI-generated hypothesis available; Strong causal genetic evidence (MR score: 0.80, 1 genetic targets)"
Amyotrophic lateral sclerosis,Nadide,DB14128,HIGH,KNOWN,0.474,False,0.5647,4,0,0,0,2,none,0,19,False,0,4,0,7013,0,,54,0.8103,2,Nadide —[is a therapeutic for]→ MESH:D010300 —[is treated by]→ DB00740 —[treats]→ Amyotrophic lateral sclerosis,it improves the quality of life of patients and their caregivers.,"Known association with moderate evidence (0 articles, 2 trials). Already being studied.","2 clinical trial(s) found on ClinicalTrials.gov; Supported by 4 independent AI pillars; Note: Drug had early-phase trial failures for this disease; Highly cited paper (7013 citations): ""Mutations in Cu/Zn superoxide dismutase gene are associated ...""; AI-generated hypothesis available; Strong causal genetic evidence (MR score: 0.81, 2 genetic targets)"
Amyotrophic lateral sclerosis,Dopamine,DB00988,HIGH,KNOWN,0.362,False,0.5485,4,363,217,3,3,none,0,5826,False,0,10,0,40,0,,26,0.7636,4,Dopamine —[targets]→ gene-6530 —[is a target of]→ DB00514 —[is a therapeutic for]→ Amyotrophic lateral sclerosis,of its ability to increase the survival of motor neurons.,"Known association with moderate evidence (363 articles, 3 trials). Already being studied.","3 clinical trial(s) found on ClinicalTrials.gov; Phase 3 trial exists; 363 PubMed articles on this drug-disease pair; 3 article(s) specifically mention repurposing/repositioning; Supported by 4 independent AI pillars; Supporting paper with 40 citations; AI-generated hypothesis available; Strong causal genetic evidence (MR score: 0.76, 4 genetic targets)"
Amyotrophic lateral sclerosis,Levamisole,DB00848,MEDIUM,NOVEL,0.557,False,0.5464000105857849,4,11,9,0,0,none,0,703,False,0,2,0,53,0,,120,0.6309,1,Levamisole —[is a therapeutic for]→ MESH:D016778 —[is treated by]→ DB00908 —[is a therapeutic for]→ Amyotrophic lateral sclerosis,of its immunomodulatory properties.,Novel prediction with minimal existing evidence (11 articles). Computational support suggests this warrants investigation.,11 PubMed articles found; Supported by 4 independent AI pillars; Supporting paper with 53 citations; AI-generated hypothesis available; Moderate genetic evidence supporting causality (MR score: 0.63)
Amyotrophic lateral sclerosis,Epinephrine,DB00668,HIGH,KNOWN,0.456,False,0.5432000160217285,4,158,104,0,0,moderate,4,46064,False,0,4,0,53,0,,125,0.9451,1,Epinephrine —[upregulates]→ gene-12 —[is upregulated by]→ Amyotrophic lateral sclerosis,of its anti-inflammatory and anti-apoptotic properties.,"Known association with moderate evidence (158 articles, 0 trials). Already being studied.","158 PubMed articles on this drug-disease pair; Supported by 4 independent AI pillars; Moderate FAERS signal: 4 adverse event reports mention drug-disease co-occurrence; Supporting paper with 53 citations; AI-generated hypothesis available; Strong causal genetic evidence (MR score: 0.95, 1 genetic targets)"
Amyotrophic lateral sclerosis,Dexamethasone,DB01234,MEDIUM,NOVEL,0.544,False,0.5338,4,68,55,0,0,none,0,312747,False,0,17,0,53,0,,28,0.6991,12,Dexamethasone —[downregulates]→ gene-10417 —[is downregulated by]→ Amyotrophic lateral sclerosis,of its anti-inflammatory and anti-apoptotic properties.,Novel prediction with minimal existing evidence (68 articles). Computational support suggests this warrants investigation.,68 PubMed articles on this drug-disease pair; Supported by 4 independent AI pillars; Supporting paper with 53 citations; AI-generated hypothesis available; Moderate genetic evidence supporting causality (MR score: 0.70)
Amyotrophic lateral sclerosis,Acetylcysteine,DB06151,HIGH,KNOWN,0.376,False,0.5228,4,61,46,1,2,moderate,4,10374,False,0,8,0,181,0,,9,0.9255,2,Acetylcysteine —[is a therapeutic for]→ Amyotrophic lateral sclerosis,of its antioxidant properties.,"Known association with moderate evidence (61 articles, 2 trials). Already being studied.","2 clinical trial(s) found on ClinicalTrials.gov; 61 PubMed articles on this drug-disease pair; 1 article(s) specifically mention repurposing/repositioning; Supported by 4 independent AI pillars; Moderate FAERS signal: 4 adverse event reports mention drug-disease co-occurrence; Highly cited paper (181 citations): ""Randomized, double-blind, controlled trial of acetylcysteine...""; AI-generated hypothesis available; Strong causal genetic evidence (MR score: 0.93, 2 genetic targets)"
Amyotrophic lateral sclerosis,Estradiol,DB00783,HIGH,KNOWN,0.433,False,0.5151,4,116,59,0,0,weak,2,75392,False,0,17,0,53,0,,34,0.7259,9,Estradiol —[downregulates]→ gene-22920 —[is linked to]→ Amyotrophic lateral sclerosis,of its neuroprotective effects.,"Known association with moderate evidence (116 articles, 0 trials). Already being studied.","116 PubMed articles on this drug-disease pair; Supported by 4 independent AI pillars; Supporting paper with 53 citations; AI-generated hypothesis available; Strong causal genetic evidence (MR score: 0.73, 9 genetic targets)"
Amyotrophic lateral sclerosis,Sertraline,DB01104,HIGH,NOVEL,0.493,False,0.5134,5,12,11,0,0,moderate,20,139226,False,0,7,0,53,0,,98,0.8301,6,Sertraline —[downregulates]→ gene-9217 —[is linked to]→ Amyotrophic lateral sclerosis,of its ability to increase the expression of neurotrophic factors and to reduce the expression of pro-apoptotic proteins.,Novel prediction with minimal existing evidence (12 articles). Computational support suggests this warrants investigation.,"12 PubMed articles found; Supported by 5 independent AI pillars; Moderate FAERS signal: 20 adverse event reports mention drug-disease co-occurrence; Supporting paper with 53 citations; AI-generated hypothesis available; Strong causal genetic evidence (MR score: 0.83, 6 genetic targets)"
Amyotrophic lateral sclerosis,Melatonin,DB01065,HIGH,KNOWN,0.399,False,0.5117,4,61,49,0,1,moderate,11,53144,False,0,10,0,53,0,,19,0.721,4,Melatonin —[is a therapeutic for]→ Amyotrophic lateral sclerosis,of its antioxidant and anti-inflammatory properties.,"Known association with moderate evidence (61 articles, 1 trials). Already being studied.","1 clinical trial(s) found on ClinicalTrials.gov; 61 PubMed articles on this drug-disease pair; Supported by 4 independent AI pillars; Moderate FAERS signal: 11 adverse event reports mention drug-disease co-occurrence; Supporting paper with 53 citations; AI-generated hypothesis available; Strong causal genetic evidence (MR score: 0.72, 4 genetic targets)"
Amyotrophic lateral sclerosis,2'-Monophosphoadenosine 5'-Diphosphoribose,DB03461,LOW,BREAKTHROUGH,0.61,False,0.508,4,0,0,0,0,none,0,0,False,0,4,0,14,0,,148,0.6888,4,2'-Monophosphoadenosine 5'-Diphosphoribose —[is a therapeutic for]→ MESH:D019966 —[is treated by]→ DB00877 —[is a therapeutic for]→ Amyotrophic lateral sclerosis,it is a substrate for the enzyme adenosine deaminase.,No published evidence found for this drug-disease pair. Strong computational prediction suggests a potential new discovery. Requires experimental validation.,Supported by 4 independent AI pillars; AI-generated hypothesis available; Moderate genetic evidence supporting causality (MR score: 0.69)
Anxiety,Prochlorperazine,DB00433,HIGH,EMERGING,0.639,False,0.7095,5,44,37,1,0,strong,916,38629,False,0,8,0,60,0.7,Trifluoperazine,176,0.5251,1,Prochlorperazine —[is antagonized by]→ gene-1813 —[is a target of]→ DB00490 —[treats]→ Anxiety,of its anxiolytic properties.,"Emerging repurposing candidate. Some evidence exists (44 articles, 1 mention repurposing) but not yet validated in trials.",44 PubMed articles found; 1 article(s) specifically mention repurposing/repositioning; Supported by 5 independent AI pillars; High molecular similarity (0.70) to Trifluoperazine; Strong FAERS signal: 916 adverse event reports link drug to disease (38629 total reports); Supporting paper with 60 citations; AI-generated hypothesis available; Moderate genetic evidence supporting causality (MR score: 0.53)
Anxiety,Natamycin,DB00826,MEDIUM,NOVEL,0.425,False,0.5309000015258789,4,0,0,0,0,strong,18,311,False,0,0,0,957,0,,3344,0,0,Natamycin —[is a therapeutic for]→ MESH:D007239 —[is treated by]→ DB00829 —[treats]→ Anxiety,of its ability to inhibit the synthesis of the neurotransmitter serotonin.,Novel prediction with minimal existing evidence (0 articles). Computational support suggests this warrants investigation.,"Supported by 4 independent AI pillars; Strong FAERS signal: 18 adverse event reports link drug to disease (311 total reports); Highly cited paper (957 citations): ""Climate anxiety: Psychological responses to climate change....""; AI-generated hypothesis available"
Anxiety,Haloperidol,DB00502,HIGH,KNOWN,0.286,False,0.5296,4,778,600,2,4,strong,611,26617,False,0,13,0,8,0,,15,0.5085,2,Haloperidol —[is a therapeutic for]→ Anxiety,of its anxiolytic properties.,"Known association with moderate evidence (778 articles, 4 trials). Already being studied.",4 clinical trial(s) found on ClinicalTrials.gov; Phase 3 trial exists; 778 PubMed articles on this drug-disease pair; 2 article(s) specifically mention repurposing/repositioning; Supported by 4 independent AI pillars; Strong FAERS signal: 611 adverse event reports link drug to disease (26617 total reports); AI-generated hypothesis available; Moderate genetic evidence supporting causality (MR score: 0.51)
Anxiety,Maprotiline,DB00934,HIGH,ESTABLISHED,0.225,True,0.4685,4,111,91,1,1,strong,40,455,False,0,6,0,109,0.6842,Benzoctamine,111,0.5251,1,Maprotiline —[upregulates]→ gene-10682 —[is bound by]→ DB00831 —[is a therapeutic for]→ Anxiety,of its unique mechanism of action.,"Well-established drug-disease relationship (111 articles, 1 trials). Not a repurposing candidate.","1 clinical trial(s) found on ClinicalTrials.gov; Phase 3 trial exists; 111 PubMed articles on this drug-disease pair; 1 article(s) specifically mention repurposing/repositioning; Supported by 4 independent AI pillars; High molecular similarity (0.68) to Benzoctamine; WARNING: Drug FAILED Phase 3 trial(s) for this disease (1 terminated/withdrawn); Strong FAERS signal: 40 adverse event reports link drug to disease (455 total reports); Highly cited paper (109 citations): ""Effect of chlorimipramine and maprotiline on experimental an...""; AI-generated hypothesis available; Moderate genetic evidence supporting causality (MR score: 0.53)"
Anxiety,Amoxapine,DB00543,HIGH,EMERGING,0.447,False,0.4652,4,22,17,1,0,strong,12,486,False,0,11,0,25,0.7391,Loxapine,93,0.5251,1,Amoxapine —[targets]→ gene-148 —[is a target of]→ DB00490 —[treats]→ Anxiety,of its anxiolytic properties.,"Emerging repurposing candidate. Some evidence exists (22 articles, 1 mention repurposing) but not yet validated in trials.",22 PubMed articles found; 1 article(s) specifically mention repurposing/repositioning; Supported by 4 independent AI pillars; High molecular similarity (0.74) to Loxapine; Strong FAERS signal: 12 adverse event reports link drug to disease (486 total reports); Supporting paper with 25 citations; AI analysis of 1 abstract(s) found positive treatment signals; AI-generated hypothesis available; Moderate genetic evidence supporting causality (MR score: 0.53)
Anxiety,Paliperidone,DB01267,HIGH,KNOWN,0.249,False,0.4618,4,54,54,0,2,strong,242,7999,False,0,7,0,1299,0.7465,Risperidone,165,0.5251,1,Paliperidone —[is antagonized by]→ gene-3350 —[is associated with]→ Anxiety,of its anxiolytic properties.,"Known association with moderate evidence (54 articles, 2 trials). Already being studied.","2 clinical trial(s) found on ClinicalTrials.gov; Phase 3 trial exists; 54 PubMed articles on this drug-disease pair; Supported by 4 independent AI pillars; High molecular similarity (0.75) to Risperidone; CAUTION: Drug had terminated/withdrawn trials (Phase 3) for this disease; Strong FAERS signal: 242 adverse event reports link drug to disease (7999 total reports); Highly cited paper (1299 citations): ""Canadian Network for Mood and Anxiety Treatments (CANMAT) an...""; AI-generated hypothesis available; Moderate genetic evidence supporting causality (MR score: 0.53)"
Anxiety,Chlorpromazine,DB00477,HIGH,KNOWN,0.273,False,0.4552,4,377,252,2,0,strong,220,7912,False,0,15,0,56,0,,26,0.4717,3,Chlorpromazine —[is a therapeutic for]→ Anxiety,of its anxiolytic properties.,"Known association with moderate evidence (377 articles, 0 trials). Already being studied.",377 PubMed articles on this drug-disease pair; 2 article(s) specifically mention repurposing/repositioning; Supported by 4 independent AI pillars; Strong FAERS signal: 220 adverse event reports link drug to disease (7912 total reports); Supporting paper with 56 citations; AI-generated hypothesis available; Moderate genetic evidence supporting causality (MR score: 0.47)
Anxiety,Amphetamine,DB00182,HIGH,ESTABLISHED,0.109,True,0.4542999863624573,4,1139,653,0,9,strong,556,13841,False,0,6,0,20,0,,104,0.5251,1,Amphetamine —[targets]→ gene-1813 —[is a target of]→ DB00490 —[treats]→ Anxiety,of its anxiolytic properties.,"Well-established drug-disease relationship (1139 articles, 9 trials). Not a repurposing candidate.","9 clinical trial(s) found on ClinicalTrials.gov; 1139 PubMed articles on this drug-disease pair; Supported by 4 independent AI pillars; Strong FAERS signal: 556 adverse event reports link drug to disease (13841 total reports); AI-generated hypothesis available; Moderate genetic evidence supporting causality (MR score: 0.53); NOTE: This appears to be an already-approved treatment, not a repurposing candidate"
Anxiety,Lidocaine,DB00281,HIGH,ESTABLISHED,0.136,True,0.45399999618530273,4,598,467,0,10,strong,1932,77129,False,0,1,0,44,0,,148,0.4836,1,Lidocaine —[is a therapeutic for]→ Anxiety,of its anxiolytic properties.,"Well-established drug-disease relationship (598 articles, 10 trials). Not a repurposing candidate.","10 clinical trial(s) found on ClinicalTrials.gov; 598 PubMed articles on this drug-disease pair; Supported by 4 independent AI pillars; Strong FAERS signal: 1932 adverse event reports link drug to disease (77129 total reports); Supporting paper with 44 citations; AI-generated hypothesis available; Moderate genetic evidence supporting causality (MR score: 0.48); NOTE: This appears to be an already-approved treatment, not a repurposing candidate"
Anxiety,Melatonin,DB01065,HIGH,ESTABLISHED,0.163,True,0.4530999958515167,4,945,698,4,10,strong,1812,53144,False,0,15,0,9,0.6042,Agomelatine,8,0.5378,1,Melatonin —[targets]→ gene-2099 —[is an agonist of]→ DB00783 —[is a therapeutic for]→ Anxiety,of its anxiolytic properties.,"Well-established drug-disease relationship (945 articles, 10 trials). Not a repurposing candidate.","10 clinical trial(s) found on ClinicalTrials.gov; Phase 3 trial exists; 945 PubMed articles on this drug-disease pair; 4 article(s) specifically mention repurposing/repositioning; Supported by 4 independent AI pillars; High molecular similarity (0.60) to Agomelatine; Strong FAERS signal: 1812 adverse event reports link drug to disease (53144 total reports); AI-generated hypothesis available; Moderate genetic evidence supporting causality (MR score: 0.54); NOTE: This appears to be an already-approved treatment, not a repurposing candidate"
Asthma,Pseudoephedrine,DB00852,HIGH,KNOWN,0.555,False,0.7114,5,73,61,0,0,strong,1405,21260,False,0,5,0,172,1.0,Ephedrine,195,0.6782,2,Pseudoephedrine —[targets]→ gene-154 —[is an agonist of]→ DB01364 —[treats]→ Asthma,of its anti-inflammatory properties.,"Known association with moderate evidence (73 articles, 0 trials). Already being studied.","73 PubMed articles on this drug-disease pair; Supported by 5 independent AI pillars; High molecular similarity (1.00) to Ephedrine; Strong FAERS signal: 1405 adverse event reports link drug to disease (21260 total reports); Highly cited paper (172 citations): ""Efficacy and safety of loratadine plus pseudoephedrine in pa...""; AI-generated hypothesis available; Moderate genetic evidence supporting causality (MR score: 0.68)"
Asthma,Cimetidine,DB00501,HIGH,KNOWN,0.47,False,0.6022,5,105,70,0,0,moderate,41,6461,False,0,4,0,17,0,,170,0.7942,3,Cimetidine —[binds]→ gene-8647 —[is bound by]→ DB01234 —[treats]→ Asthma,of its anti-inflammatory properties.,"Known association with moderate evidence (105 articles, 0 trials). Already being studied.","105 PubMed articles on this drug-disease pair; Supported by 5 independent AI pillars; Moderate FAERS signal: 41 adverse event reports mention drug-disease co-occurrence; AI-generated hypothesis available; Strong causal genetic evidence (MR score: 0.79, 3 genetic targets)"
Asthma,Isoprenaline,DB01064,HIGH,KNOWN,0.404,False,0.560699999332428,4,313,240,1,0,moderate,4,165,False,0,10,0,117,0,,4,0.7571,1,Isoprenaline —[is a therapeutic for]→ Asthma,of its anti-inflammatory properties.,"Known association with moderate evidence (313 articles, 0 trials). Already being studied.","313 PubMed articles on this drug-disease pair; 1 article(s) specifically mention repurposing/repositioning; Supported by 4 independent AI pillars; Moderate FAERS signal: 4 adverse event reports mention drug-disease co-occurrence; Highly cited paper (117 citations): ""Response of blood gas tensions to aminophylline and isoprena...""; AI-generated hypothesis available; Strong causal genetic evidence (MR score: 0.76, 1 genetic targets)"
Asthma,Dexamethasone,DB01234,HIGH,ESTABLISHED,0.133,True,0.5538,4,2053,1742,2,10,moderate,1583,312747,False,0,48,0,37,0,,1,0.8442,35,Dexamethasone —[treats]→ Asthma,of its anti-inflammatory properties.,"Well-established drug-disease relationship (2053 articles, 10 trials). Not a repurposing candidate.","10 clinical trial(s) found on ClinicalTrials.gov; Phase 3 trial exists; 2053 PubMed articles on this drug-disease pair; 2 article(s) specifically mention repurposing/repositioning; Supported by 4 independent AI pillars; Moderate FAERS signal: 1583 adverse event reports mention drug-disease co-occurrence; Supporting paper with 37 citations; AI-generated hypothesis available; Strong causal genetic evidence (MR score: 0.84, 35 genetic targets); NOTE: This appears to be an already-approved treatment, not a repurposing candidate"
Asthma,Urea,DB03904,HIGH,KNOWN,0.33,False,0.5493000149726868,4,222,136,2,3,moderate,20,3034,False,0,8,0,79,0,,189,0.8997,1,Urea —[is a therapeutic for]→ MESH:D012871 —[is treated by]→ DB00741 —[treats]→ Asthma,of its anti-inflammatory properties.,"Known association with moderate evidence (222 articles, 3 trials). Already being studied.","3 clinical trial(s) found on ClinicalTrials.gov; Phase 3 trial exists; 222 PubMed articles on this drug-disease pair; 2 article(s) specifically mention repurposing/repositioning; Supported by 4 independent AI pillars; Moderate FAERS signal: 20 adverse event reports mention drug-disease co-occurrence; Supporting paper with 79 citations; AI-generated hypothesis available; Strong causal genetic evidence (MR score: 0.90, 1 genetic targets)"
Asthma,Caffeine,DB00201,HIGH,KNOWN,0.296,False,0.5476,4,197,129,0,3,strong,992,23667,False,0,11,0,6,0,,112,0.8146,2,Caffeine —[targets]→ gene-6261 —[antagonizes]→ DB14513 —[is a therapeutic for]→ Asthma,of its anti-inflammatory properties.,"Known association with moderate evidence (197 articles, 3 trials). Already being studied.","3 clinical trial(s) found on ClinicalTrials.gov; 197 PubMed articles on this drug-disease pair; Supported by 4 independent AI pillars; Strong FAERS signal: 992 adverse event reports link drug to disease (23667 total reports); AI-generated hypothesis available; Strong causal genetic evidence (MR score: 0.81, 2 genetic targets)"
Asthma,Epinephrine,DB00668,HIGH,ESTABLISHED,0.13,True,0.5396,4,1968,1584,2,10,strong,1231,46064,False,0,22,0,4,0,,3,0.8109,5,Epinephrine —[is a therapeutic for]→ Asthma,"of its anti-inflammatory properties, it is important to understand the potential risks of Epinephrine.","Well-established drug-disease relationship (1968 articles, 10 trials). Not a repurposing candidate.","10 clinical trial(s) found on ClinicalTrials.gov; Phase 3 trial exists; 1968 PubMed articles on this drug-disease pair; 2 article(s) specifically mention repurposing/repositioning; Supported by 4 independent AI pillars; Strong FAERS signal: 1231 adverse event reports link drug to disease (46064 total reports); AI-generated hypothesis available; Strong causal genetic evidence (MR score: 0.81, 5 genetic targets); NOTE: This appears to be an already-approved treatment, not a repurposing candidate"
Asthma,Nicotine,DB00184,HIGH,ESTABLISHED,0.193,True,0.5352,4,667,233,3,10,moderate,178,25923,False,0,15,0,37,0,,21,0.7854,10,Nicotine —[targets]→ gene-1136 —[is a target of]→ DB00898 —[is a therapeutic for]→ Asthma,of its anti-inflammatory properties.,"Well-established drug-disease relationship (667 articles, 10 trials). Not a repurposing candidate.","10 clinical trial(s) found on ClinicalTrials.gov; Phase 3 trial exists; 667 PubMed articles on this drug-disease pair; 3 article(s) specifically mention repurposing/repositioning; Supported by 4 independent AI pillars; Moderate FAERS signal: 178 adverse event reports mention drug-disease co-occurrence; Supporting paper with 37 citations; AI-generated hypothesis available; Strong causal genetic evidence (MR score: 0.79, 10 genetic targets); NOTE: This appears to be an already-approved treatment, not a repurposing candidate"
Asthma,Tacrolimus,DB00864,HIGH,KNOWN,0.238,False,0.5295000076293945,4,173,155,1,3,moderate,256,124653,False,0,0,0,44,0,,437,0,0,Tacrolimus —[downregulates]→ gene-991 —[is downregulated by]→ DB00938 —[treats]→ Asthma,of its anti-inflammatory properties.,"Known association with moderate evidence (173 articles, 3 trials). Already being studied.",3 clinical trial(s) found on ClinicalTrials.gov; 173 PubMed articles on this drug-disease pair; 1 article(s) specifically mention repurposing/repositioning; Supported by 4 independent AI pillars; Moderate FAERS signal: 256 adverse event reports mention drug-disease co-occurrence; Supporting paper with 44 citations; AI-generated hypothesis available
Asthma,Metformin,DB00331,HIGH,KNOWN,0.282,False,0.5215,4,134,116,4,3,moderate,3491,419475,False,0,14,0,14,0,,43,0.7867,10,Metformin —[is a therapeutic for]→ Asthma,of its anti-inflammatory properties.,"Known association with moderate evidence (134 articles, 3 trials). Already being studied.","3 clinical trial(s) found on ClinicalTrials.gov; 134 PubMed articles on this drug-disease pair; 4 article(s) specifically mention repurposing/repositioning; Supported by 4 independent AI pillars; Moderate FAERS signal: 3491 adverse event reports mention drug-disease co-occurrence; AI-generated hypothesis available; Strong causal genetic evidence (MR score: 0.79, 10 genetic targets)"
Atherosclerosis,Dexamethasone,DB01234,HIGH,KNOWN,0.367,False,0.5555,4,228,139,0,4,moderate,7,312747,False,0,58,0,9,0,,38,0.7146,24,Dexamethasone —[downregulates]→ gene-5909 —[is upregulated by]→ DB01095 —[treats]→ Atherosclerosis,of its anti-inflammatory and anti-atherogenic properties.,"Known association with moderate evidence (228 articles, 4 trials). Already being studied.","4 clinical trial(s) found on ClinicalTrials.gov; 228 PubMed articles on this drug-disease pair; Supported by 4 independent AI pillars; Moderate FAERS signal: 7 adverse event reports mention drug-disease co-occurrence; AI-generated hypothesis available; Strong causal genetic evidence (MR score: 0.71, 24 genetic targets)"
Atherosclerosis,Prednisolone,DB00860,HIGH,KNOWN,0.324,False,0.5406,4,165,141,0,2,moderate,12,190318,False,0,10,0,72,0,,121,0.7021,2,Prednisolone —[downregulates]→ gene-1027 —[inhibits]→ gene-207 —[is linked to]→ Atherosclerosis,of its anti-inflammatory and anti-atherogenic properties.,"Known association with moderate evidence (165 articles, 2 trials). Already being studied.","2 clinical trial(s) found on ClinicalTrials.gov; 165 PubMed articles on this drug-disease pair; Supported by 4 independent AI pillars; Moderate FAERS signal: 12 adverse event reports mention drug-disease co-occurrence; Supporting paper with 72 citations; AI-generated hypothesis available; Strong causal genetic evidence (MR score: 0.70, 2 genetic targets)"
Atherosclerosis,Linoleic Acid,DB14104,HIGH,KNOWN,0.293,False,0.5331000089645386,4,771,283,0,1,none,0,283,False,0,15,0,33,1.0,Dihomo-gamma-linolenic acid,7,0.3036,1,Linoleic Acid —[is a therapeutic for]→ MESH:D064420 —[is treated by]→ DB01241 —[is a therapeutic for]→ Atherosclerosis,of its anti-inflammatory and antioxidant properties.,"Known association with moderate evidence (771 articles, 1 trials). Already being studied.",1 clinical trial(s) found on ClinicalTrials.gov; Phase 3 trial exists; 771 PubMed articles on this drug-disease pair; Supported by 4 independent AI pillars; High molecular similarity (1.00) to Dihomo-gamma-linolenic acid; Supporting paper with 33 citations; AI-generated hypothesis available; Moderate genetic evidence supporting causality (MR score: 0.30)
Atherosclerosis,Indomethacin,DB00328,HIGH,KNOWN,0.444,False,0.5287,4,213,101,0,0,moderate,4,12621,False,0,26,0,32,0,,54,0.6675,9,Indomethacin —[palliates]→ DOID:7148 —[is treated by]→ DB00563 —[is a therapeutic for]→ Atherosclerosis,of its anti-inflammatory properties.,"Known association with moderate evidence (213 articles, 0 trials). Already being studied.",213 PubMed articles on this drug-disease pair; Supported by 4 independent AI pillars; Moderate FAERS signal: 4 adverse event reports mention drug-disease co-occurrence; Supporting paper with 32 citations; AI-generated hypothesis available; Moderate genetic evidence supporting causality (MR score: 0.67)
Atherosclerosis,Epigallocatechin gallate,DB12116,HIGH,KNOWN,0.443,False,0.5274,4,122,80,0,0,none,0,19,False,0,34,0,53,0,,32,0.7001,7,Epigallocatechin gallate —[is a therapeutic for]→ MESH:D015673 —[is treated by]→ DB01065 —[is a therapeutic for]→ Atherosclerosis,of its antioxidant and anti-inflammatory properties.,"Known association with moderate evidence (122 articles, 0 trials). Already being studied.","122 PubMed articles on this drug-disease pair; Supported by 4 independent AI pillars; Supporting paper with 53 citations; AI-generated hypothesis available; Strong causal genetic evidence (MR score: 0.70, 7 genetic targets)"
Atherosclerosis,histamine dihydrochloride,DB05381,MEDIUM,BREAKTHROUGH,0.633,False,0.5272,4,0,0,0,0,none,0,15,False,0,29,0,3,0,,45,0.7354,5,histamine dihydrochloride —[is a therapeutic for]→ MESH:D051437 —[is treated by]→ DB00627 —[treats]→ Atherosclerosis,of its ability to inhibit the formation of foam cells.,No published evidence found for this drug-disease pair. Strong computational prediction suggests a potential new discovery. Requires experimental validation.,"Supported by 4 independent AI pillars; AI-generated hypothesis available; Strong causal genetic evidence (MR score: 0.74, 5 genetic targets)"
Atherosclerosis,Epoprostenol,DB01240,HIGH,KNOWN,0.438,False,0.5217999815940857,4,752,349,0,0,none,0,4668,False,0,14,0,67,0,,74,0.7309,1,Epoprostenol —[targets]→ gene-5740 —[is associated with]→ Atherosclerosis,of its anti-inflammatory and anti-thrombotic properties.,"Known association with moderate evidence (752 articles, 0 trials). Already being studied.","752 PubMed articles on this drug-disease pair; Supported by 4 independent AI pillars; Supporting paper with 67 citations; AI-generated hypothesis available; Strong causal genetic evidence (MR score: 0.73, 1 genetic targets)"
Atherosclerosis,Curcumin,DB11672,HIGH,KNOWN,0.343,False,0.5191,4,330,267,1,1,none,0,2866,False,0,46,0,35,0,,9,0.7067,12,Curcumin —[is a therapeutic for]→ Atherosclerosis,of its anti-inflammatory and antioxidant properties.,"Known association with moderate evidence (330 articles, 1 trials). Already being studied.","1 clinical trial(s) found on ClinicalTrials.gov; 330 PubMed articles on this drug-disease pair; 1 article(s) specifically mention repurposing/repositioning; Supported by 4 independent AI pillars; Supporting paper with 35 citations; AI-generated hypothesis available; Strong causal genetic evidence (MR score: 0.71, 12 genetic targets)"
Atherosclerosis,Testosterone,DB00624,HIGH,KNOWN,0.342,False,0.5189,4,897,418,0,2,moderate,3,30252,False,0,35,0,36,0,,93,0.7235,11,Testosterone —[downregulates]→ gene-5111 —[is a target of]→ DB00945 —[is a therapeutic for]→ Atherosclerosis,of its anti-inflammatory and anti-atherogenic properties.,"Known association with moderate evidence (897 articles, 2 trials). Already being studied.","2 clinical trial(s) found on ClinicalTrials.gov; 897 PubMed articles on this drug-disease pair; Supported by 4 independent AI pillars; Moderate FAERS signal: 3 adverse event reports mention drug-disease co-occurrence; Supporting paper with 36 citations; AI-generated hypothesis available; Strong causal genetic evidence (MR score: 0.72, 11 genetic targets)"
Atherosclerosis,Aceneuramic Acid,DB11797,MEDIUM,BREAKTHROUGH,0.615,False,0.5127,4,0,0,0,0,none,0,0,False,0,7,0,15,0,,23,0.8405,3,Aceneuramic Acid —[is a therapeutic for]→ MESH:D014376 —[is treated by]→ DB00627 —[treats]→ Atherosclerosis,of its anti-inflammatory and anti-oxidative properties.,No published evidence found for this drug-disease pair. Strong computational prediction suggests a potential new discovery. Requires experimental validation.,"Supported by 4 independent AI pillars; AI-generated hypothesis available; Strong causal genetic evidence (MR score: 0.84, 3 genetic targets)"
Atrial fibrillation,Lidocaine,DB00281,HIGH,ESTABLISHED,0.205,True,0.5687,4,368,310,1,7,moderate,672,77129,False,0,12,0,6,0,,17,0.8696,4,Lidocaine —[is blocked by]→ gene-6326 —[is a target of]→ DB00818 —[is a therapeutic for]→ Atrial fibrillation,of its antiarrhythmic properties.,"Well-established drug-disease relationship (368 articles, 7 trials). Not a repurposing candidate.","7 clinical trial(s) found on ClinicalTrials.gov; 368 PubMed articles on this drug-disease pair; 1 article(s) specifically mention repurposing/repositioning; Supported by 4 independent AI pillars; Note: Drug had early-phase trial failures for this disease; Moderate FAERS signal: 672 adverse event reports mention drug-disease co-occurrence; AI-generated hypothesis available; Strong causal genetic evidence (MR score: 0.87, 4 genetic targets)"
Atrial fibrillation,Dexamethasone,DB01234,HIGH,KNOWN,0.292,False,0.5414,4,236,183,1,2,strong,3596,312747,True,5,34,0,20,0,,124,0.838,32,Dexamethasone —[downregulates]→ gene-2697 —[is a target of]→ DB01136 —[treats]→ Atrial fibrillation,of its anti-inflammatory properties.,"Known association with moderate evidence (236 articles, 2 trials). Already being studied.","2 clinical trial(s) found on ClinicalTrials.gov; 236 PubMed articles on this drug-disease pair; 1 article(s) specifically mention repurposing/repositioning; Supported by 4 independent AI pillars; Strong FAERS signal: 3596 adverse event reports link drug to disease (312747 total reports); Drug ranks #5 for reversing disease gene signature (L1000CDS2 biological evidence); AI-generated hypothesis available; Strong causal genetic evidence (MR score: 0.84, 32 genetic targets)"
Atrial fibrillation,Atenolol,DB00335,HIGH,ESTABLISHED,0.194,True,0.5396000146865845,4,169,149,0,6,strong,1987,126816,False,0,5,0,13,0.6522,Esmolol,11,0.7503,1,Atenolol —[treats]→ Atrial fibrillation,of its beta-blocking properties.,"Well-established drug-disease relationship (169 articles, 6 trials). Not a repurposing candidate.","6 clinical trial(s) found on ClinicalTrials.gov; Phase 3 trial exists; 169 PubMed articles on this drug-disease pair; Supported by 4 independent AI pillars; High molecular similarity (0.65) to Esmolol; Strong FAERS signal: 1987 adverse event reports link drug to disease (126816 total reports); AI-generated hypothesis available; Strong causal genetic evidence (MR score: 0.75, 1 genetic targets)"
Atrial fibrillation,Ajmaline,DB01426,HIGH,KNOWN,0.353,False,0.5349000096321106,4,123,95,0,2,strong,10,62,False,0,1,0,20,0,,63,0.9365,1,Ajmaline —[is a therapeutic for]→ Atrial fibrillation,of its ability to block the sodium channel.,"Known association with moderate evidence (123 articles, 2 trials). Already being studied.","2 clinical trial(s) found on ClinicalTrials.gov; 123 PubMed articles on this drug-disease pair; Supported by 4 independent AI pillars; Strong FAERS signal: 10 adverse event reports link drug to disease (62 total reports); AI-generated hypothesis available; Strong causal genetic evidence (MR score: 0.94, 1 genetic targets)"
Atrial fibrillation,Clonidine,DB00575,HIGH,NOVEL,0.463,False,0.5144,4,43,28,0,0,moderate,504,60156,False,0,16,0,71,0,,81,0.7594,4,Clonidine —[is a therapeutic for]→ Atrial fibrillation,of its effects on the sympathetic nervous system.,Novel prediction with minimal existing evidence (43 articles). Computational support suggests this warrants investigation.,"43 PubMed articles found; Supported by 4 independent AI pillars; Moderate FAERS signal: 504 adverse event reports mention drug-disease co-occurrence; Supporting paper with 71 citations; AI-generated hypothesis available; Strong causal genetic evidence (MR score: 0.76, 4 genetic targets)"
Atrial fibrillation,Epoprostenol,DB01240,HIGH,KNOWN,0.395,False,0.5065,4,31,24,1,0,moderate,30,4668,False,0,7,0,5911,0,,40,0.6745,3,Epoprostenol —[targets]→ gene-64805 —[is associated with]→ Atrial fibrillation,of its ability to increase the oxygen saturation of the blood.,"Known association with moderate evidence (31 articles, 0 trials). Already being studied.","31 PubMed articles found; 1 article(s) specifically mention repurposing/repositioning; Supported by 4 independent AI pillars; Moderate FAERS signal: 30 adverse event reports mention drug-disease co-occurrence; Highly cited paper (5911 citations): ""2020 ESC Guidelines for the diagnosis and management of atri...""; AI-generated hypothesis available; Moderate genetic evidence supporting causality (MR score: 0.67)"
Atrial fibrillation,Labetalol,DB00598,HIGH,NOVEL,0.454,False,0.5048999786376953,4,11,9,0,0,moderate,156,15925,False,0,5,0,29,0,,79,0.7503,1,Labetalol —[is antagonized by]→ gene-154 —[antagonizes]→ DB00571 —[treats]→ Atrial fibrillation,of its beta-adrenergic blocking properties.,Novel prediction with minimal existing evidence (11 articles). Computational support suggests this warrants investigation.,"11 PubMed articles found; Supported by 4 independent AI pillars; Moderate FAERS signal: 156 adverse event reports mention drug-disease co-occurrence; Supporting paper with 29 citations; AI-generated hypothesis available; Strong causal genetic evidence (MR score: 0.75, 1 genetic targets)"
Atrial fibrillation,Encainide,DB01228,MEDIUM,NOVEL,0.513,False,0.5026000142097473,4,38,37,0,0,none,0,3,False,0,1,0,8,0,,37,0.9365,1,Encainide —[is a therapeutic for]→ Atrial fibrillation,of its unique mechanism of action.,Novel prediction with minimal existing evidence (38 articles). Computational support suggests this warrants investigation.,"38 PubMed articles found; Supported by 4 independent AI pillars; AI-generated hypothesis available; Strong causal genetic evidence (MR score: 0.94, 1 genetic targets)"
Atrial fibrillation,Enoximone,DB04880,MEDIUM,NOVEL,0.479,False,0.499099999666214,4,5,4,0,0,none,0,54,False,0,0,0,5911,0,,141,0.6756,1,Enoximone —[is a therapeutic for]→ MESH:D006976 —[is treated by]→ DB00343 —[treats]→ Atrial fibrillation,of its positive inotropic and chronotropic effects.,Novel prediction with minimal existing evidence (5 articles). Computational support suggests this warrants investigation.,"5 PubMed article(s) - limited literature; Supported by 4 independent AI pillars; Highly cited paper (5911 citations): ""2020 ESC Guidelines for the diagnosis and management of atri...""; AI-generated hypothesis available; Moderate genetic evidence supporting causality (MR score: 0.68)"
Atrial fibrillation,Testosterone,DB00624,HIGH,KNOWN,0.359,False,0.4987,4,307,147,0,0,strong,361,30252,False,0,18,0,12,0,,167,0.8559,6,Testosterone —[palliates]→ DOID:1612 —[is treated by]→ DB00997 —[is a therapeutic for]→ Atrial fibrillation,of its anti-arrhythmic properties.,"Known association with moderate evidence (307 articles, 0 trials). Already being studied.","307 PubMed articles on this drug-disease pair; Supported by 4 independent AI pillars; Strong FAERS signal: 361 adverse event reports link drug to disease (30252 total reports); AI-generated hypothesis available; Strong causal genetic evidence (MR score: 0.86, 6 genetic targets)"
Bipolar disorder,Cimetidine,DB00501,MEDIUM,NOVEL,0.471,False,0.5888,5,7,6,0,0,moderate,4,6461,False,0,3,0,551,0,,158,0.296,2,Cimetidine —[binds]→ gene-8647 —[is bound by]→ DB00477 —[treats]→ Bipolar disorder,of its ability to inhibit the histamine H (1) receptor.,Novel prediction with minimal existing evidence (7 articles). Computational support suggests this warrants investigation.,"7 PubMed article(s) - limited literature; Supported by 5 independent AI pillars; Moderate FAERS signal: 4 adverse event reports mention drug-disease co-occurrence; Highly cited paper (551 citations): ""Computational Repositioning of the Anticonvulsant Topiramate...""; AI-generated hypothesis available"
Bipolar disorder,Amantadine,DB00915,HIGH,KNOWN,0.325,False,0.541,4,38,36,2,8,moderate,16,17778,False,0,12,0,23,0,,24,0.7235,3,Amantadine —[binds]→ gene-2904 —[is linked to]→ Bipolar disorder,of its ability to reduce the symptoms of mania and depression.,"Known association with moderate evidence (38 articles, 8 trials). Already being studied.","8 clinical trial(s) found on ClinicalTrials.gov; Phase 3 trial exists; 38 PubMed articles found; 2 article(s) specifically mention repurposing/repositioning; Supported by 4 independent AI pillars; Moderate FAERS signal: 16 adverse event reports mention drug-disease co-occurrence; Supporting paper with 23 citations; AI-generated hypothesis available; Strong causal genetic evidence (MR score: 0.72, 3 genetic targets)"
Bipolar disorder,Tacrolimus,DB00864,MEDIUM,EMERGING,0.404,False,0.504800021648407,4,34,21,1,0,moderate,33,124653,False,0,0,0,23,0,,796,0,0,Tacrolimus —[binds]→ gene-5004 —[is a target of]→ DB00477 —[treats]→ Bipolar disorder,of its anti-inflammatory and immunosuppressive properties.,"Emerging repurposing candidate. Some evidence exists (34 articles, 1 mention repurposing) but not yet validated in trials.",34 PubMed articles found; 1 article(s) specifically mention repurposing/repositioning; Supported by 4 independent AI pillars; Moderate FAERS signal: 33 adverse event reports mention drug-disease co-occurrence; Supporting paper with 23 citations; AI-generated hypothesis available
Bipolar disorder,Fluoxetine,DB00472,HIGH,ESTABLISHED,0.151,True,0.5042,4,422,404,2,10,moderate,169,84188,False,0,15,0,26,0,,9,0.4566,6,Fluoxetine —[treats]→ Bipolar disorder,of its antidepressant properties.,"Well-established drug-disease relationship (422 articles, 10 trials). Not a repurposing candidate.",10 clinical trial(s) found on ClinicalTrials.gov; Phase 3 trial exists; 422 PubMed articles on this drug-disease pair; 2 article(s) specifically mention repurposing/repositioning; Supported by 4 independent AI pillars; Moderate FAERS signal: 169 adverse event reports mention drug-disease co-occurrence; Supporting paper with 26 citations; AI-generated hypothesis available; Moderate genetic evidence supporting causality (MR score: 0.46)
Bipolar disorder,Flupentixol,DB00875,HIGH,NOVEL,0.473,False,0.49309998750686646,4,8,8,0,1,weak,2,2190,False,0,6,0,59,0,,140,0.7655,1,Flupentixol —[is antagonized by]→ gene-1813 —[is linked to]→ Bipolar disorder,of its dopaminergic properties.,Novel prediction with minimal existing evidence (8 articles). Computational support suggests this warrants investigation.,"1 clinical trial(s) found on ClinicalTrials.gov; 8 PubMed article(s) - limited literature; Supported by 4 independent AI pillars; Supporting paper with 59 citations; AI-generated hypothesis available; Strong causal genetic evidence (MR score: 0.77, 1 genetic targets)"
Bipolar disorder,Epinephrine,DB00668,HIGH,KNOWN,0.318,False,0.48179998993873596,4,68,36,0,4,moderate,19,46064,False,0,12,0,298,0,,107,0.7655,1,Epinephrine —[is a therapeutic for]→ Bipolar disorder,of its anti-inflammatory properties.,"Known association with moderate evidence (68 articles, 4 trials). Already being studied.","4 clinical trial(s) found on ClinicalTrials.gov; 68 PubMed articles on this drug-disease pair; Supported by 4 independent AI pillars; Moderate FAERS signal: 19 adverse event reports mention drug-disease co-occurrence; Highly cited paper (298 citations): ""Sustained urinary norepinephrine and epinephrine elevation i...""; AI-generated hypothesis available; Strong causal genetic evidence (MR score: 0.77, 1 genetic targets)"
Bipolar disorder,Paliperidone,DB01267,HIGH,ESTABLISHED,0.2,True,0.4767,4,143,135,1,10,moderate,20,7999,False,0,11,0,23,0.7465,Risperidone,102,0.518,3,Paliperidone —[is antagonized by]→ gene-3350 —[is linked to]→ Bipolar disorder,of its unique mechanism of action.,"Well-established drug-disease relationship (143 articles, 10 trials). Not a repurposing candidate.",10 clinical trial(s) found on ClinicalTrials.gov; Phase 3 trial exists; 143 PubMed articles on this drug-disease pair; 1 article(s) specifically mention repurposing/repositioning; Supported by 4 independent AI pillars; High molecular similarity (0.75) to Risperidone; Moderate FAERS signal: 20 adverse event reports mention drug-disease co-occurrence; Supporting paper with 23 citations; AI-generated hypothesis available; Moderate genetic evidence supporting causality (MR score: 0.52)
Bipolar disorder,Clomipramine,DB01242,HIGH,NOVEL,0.456,False,0.4748,4,100,96,0,0,moderate,20,5887,False,0,14,0,43,0,,44,0.5685,4,Clomipramine —[is a therapeutic for]→ Bipolar disorder,of its antidepressant properties.,Novel prediction with minimal existing evidence (100 articles). Computational support suggests this warrants investigation.,100 PubMed articles on this drug-disease pair; Supported by 4 independent AI pillars; Moderate FAERS signal: 20 adverse event reports mention drug-disease co-occurrence; Supporting paper with 43 citations; AI-generated hypothesis available; Moderate genetic evidence supporting causality (MR score: 0.57)
Bipolar disorder,Metoclopramide,DB01233,MEDIUM,NOVEL,0.509,False,0.4715,4,7,6,0,0,moderate,28,64987,False,0,10,0,79,0,,19,0.5739,3,Metoclopramide —[is antagonized by]→ gene-1813 —[is linked to]→ Bipolar disorder,of its dopaminergic properties.,Novel prediction with minimal existing evidence (7 articles). Computational support suggests this warrants investigation.,7 PubMed article(s) - limited literature; Supported by 4 independent AI pillars; Moderate FAERS signal: 28 adverse event reports mention drug-disease co-occurrence; Supporting paper with 79 citations; AI-generated hypothesis available; Moderate genetic evidence supporting causality (MR score: 0.57)
Bipolar disorder,Bupropion,DB01156,HIGH,ESTABLISHED,0.14,True,0.467,4,210,203,0,10,moderate,152,75532,False,0,5,0,23,0,,12,0.4532,2,Bupropion —[is a therapeutic for]→ Bipolar disorder,of its antidepressant properties.,"Well-established drug-disease relationship (210 articles, 10 trials). Not a repurposing candidate.",10 clinical trial(s) found on ClinicalTrials.gov; Phase 3 trial exists; 210 PubMed articles on this drug-disease pair; Supported by 4 independent AI pillars; Moderate FAERS signal: 152 adverse event reports mention drug-disease co-occurrence; Supporting paper with 23 citations; AI-generated hypothesis available; Moderate genetic evidence supporting causality (MR score: 0.45)
Breast cancer,(2R)-2-(7-carbamoyl-1H-benzimidazol-2-yl)-2-methylpyrrolidinium,DB07232,MEDIUM,BREAKTHROUGH,0.737,False,0.6144,4,0,0,0,0,none,0,0,False,0,7,0,40,0,,114,0.8345,6,(2R)-2-(7-carbamoyl-1H-benzimidazol-2-yl)-2-methylpyrrolidinium —[is a therapeutic for]→ Breast cancer,of its high affinity for the estrogen receptor.,No published evidence found for this drug-disease pair. Strong computational prediction suggests a potential new discovery. Requires experimental validation.,"Supported by 4 independent AI pillars; Supporting paper with 40 citations; AI-generated hypothesis available; Strong causal genetic evidence (MR score: 0.83, 6 genetic targets)"
Breast cancer,Curcumin,DB11672,HIGH,ESTABLISHED,0.18,True,0.6009,5,1196,1052,2,10,moderate,11,2866,False,0,162,0,31,0,,11,0.7607,20,Curcumin —[is a therapeutic for]→ MESH:D051436 —[is treated by]→ DB00351 —[treats]→ Breast cancer,of its anti-inflammatory and antioxidant properties.,"Well-established drug-disease relationship (1196 articles, 10 trials). Not a repurposing candidate.","10 clinical trial(s) found on ClinicalTrials.gov; Phase 3 trial exists; 1196 PubMed articles on this drug-disease pair; 2 article(s) specifically mention repurposing/repositioning; Supported by 5 independent AI pillars; Moderate FAERS signal: 11 adverse event reports mention drug-disease co-occurrence; Supporting paper with 31 citations; AI analysis of 2 abstract(s) found positive treatment signals; AI-generated hypothesis available; Strong causal genetic evidence (MR score: 0.76, 20 genetic targets); NOTE: This appears to be an already-approved treatment, not a repurposing candidate"
Breast cancer,Folic Acid,DB00158,HIGH,ESTABLISHED,0.143,True,0.5952,4,1121,795,3,10,strong,2777,253612,False,0,31,0,17,0,,83,0.7047,4,Folic Acid —[binds]→ gene-9429 —[is linked to]→ Breast cancer,of its ability to prevent the formation of DNA adducts.,"Well-established drug-disease relationship (1121 articles, 10 trials). Not a repurposing candidate.","10 clinical trial(s) found on ClinicalTrials.gov; Phase 3 trial exists; 1121 PubMed articles on this drug-disease pair; 3 article(s) specifically mention repurposing/repositioning; Supported by 4 independent AI pillars; Strong FAERS signal: 2777 adverse event reports link drug to disease (253612 total reports); AI-generated hypothesis available; Strong causal genetic evidence (MR score: 0.70, 4 genetic targets); NOTE: This appears to be an already-approved treatment, not a repurposing candidate"
Breast cancer,Testosterone Propionate,DB01420,HIGH,KNOWN,0.459,False,0.547,5,44,39,0,3,weak,1,195,False,0,28,0,80,0,,151,0.6875,3,Testosterone Propionate —[is a therapeutic for]→ Breast cancer,of its anti-proliferative and anti-inflammatory effects.,"Known association with moderate evidence (44 articles, 3 trials). Already being studied.",3 clinical trial(s) found on ClinicalTrials.gov; Phase 3 trial exists; 44 PubMed articles found; Supported by 5 independent AI pillars; Supporting paper with 80 citations; AI-generated hypothesis available; Moderate genetic evidence supporting causality (MR score: 0.69)
Breast cancer,Tretinoin,DB00755,HIGH,ESTABLISHED,0.196,True,0.5437,4,599,432,1,8,strong,142,6607,False,0,176,0,25,0,,26,0.8282,19,Tretinoin —[downregulates]→ gene-27338 —[is downregulated by]→ DB00563 —[treats]→ Breast cancer,of its anti-proliferative and anti-inflammatory properties.,"Well-established drug-disease relationship (599 articles, 8 trials). Not a repurposing candidate.","8 clinical trial(s) found on ClinicalTrials.gov; Phase 3 trial exists; 599 PubMed articles on this drug-disease pair; 1 article(s) specifically mention repurposing/repositioning; Supported by 4 independent AI pillars; Strong FAERS signal: 142 adverse event reports link drug to disease (6607 total reports); Supporting paper with 25 citations; AI-generated hypothesis available; Strong causal genetic evidence (MR score: 0.83, 19 genetic targets); NOTE: This appears to be an already-approved treatment, not a repurposing candidate"
Breast cancer,Mitoxantrone,DB01204,HIGH,ESTABLISHED,0.162,True,0.5409,4,1118,921,6,10,moderate,40,6774,False,0,150,0,10,0,,42,0.8082,19,Mitoxantrone —[is a therapeutic for]→ Breast cancer,of its ability to induce apoptosis in breast cancer cells.,"Well-established drug-disease relationship (1118 articles, 10 trials). Not a repurposing candidate.","10 clinical trial(s) found on ClinicalTrials.gov; Phase 3 trial exists; 1118 PubMed articles on this drug-disease pair; 6 article(s) specifically mention repurposing/repositioning; Supported by 4 independent AI pillars; Moderate FAERS signal: 40 adverse event reports mention drug-disease co-occurrence; AI-generated hypothesis available; Strong causal genetic evidence (MR score: 0.81, 19 genetic targets); NOTE: This appears to be an already-approved treatment, not a repurposing candidate"
Breast cancer,Tamoxifen,DB00675,HIGH,ESTABLISHED,0.032,True,0.5401,4,17833,16462,52,10,strong,2460,22221,False,0,130,0,5887,0,,1,0.8283,17,Tamoxifen —[treats]→ Breast cancer,of its estrogenic properties.,"Well-established drug-disease relationship (17833 articles, 10 trials). Not a repurposing candidate.","10 clinical trial(s) found on ClinicalTrials.gov; Phase 3 trial exists; 17833 PubMed articles on this drug-disease pair; 52 article(s) specifically mention repurposing/repositioning; Supported by 4 independent AI pillars; Strong FAERS signal: 2460 adverse event reports link drug to disease (22221 total reports); Highly cited paper (5887 citations): ""A multigene assay to predict recurrence of tamoxifen-treated...""; AI-generated hypothesis available; Strong causal genetic evidence (MR score: 0.83, 17 genetic targets); NOTE: This appears to be an already-approved treatment, not a repurposing candidate"
Breast cancer,Suramin,DB04786,HIGH,KNOWN,0.449,False,0.5347,4,50,43,2,2,none,0,17,False,0,45,0,51,0,,8,0.7852,5,Suramin —[is a therapeutic for]→ Breast cancer,of its ability to inhibit the growth of cancer cells.,"Known association with moderate evidence (50 articles, 2 trials). Already being studied.","2 clinical trial(s) found on ClinicalTrials.gov; 50 PubMed articles found; 2 article(s) specifically mention repurposing/repositioning; Supported by 4 independent AI pillars; Supporting paper with 51 citations; AI analysis of 1 abstract(s) found positive treatment signals; AI-generated hypothesis available; Strong causal genetic evidence (MR score: 0.79, 5 genetic targets)"
Breast cancer,Etretinate,DB00926,MEDIUM,NOVEL,0.605,False,0.5303,4,4,3,0,0,moderate,8,168,False,0,5,0,54,0,,163,0.8676,2,Etretinate —[is a therapeutic for]→ MESH:D018459 —[is treated by]→ DB00563 —[treats]→ Breast cancer,of its ability to inhibit the proliferation of breast cancer cells.,Novel prediction with minimal existing evidence (4 articles). Computational support suggests this warrants investigation.,"4 PubMed article(s) - limited literature; Supported by 4 independent AI pillars; Moderate FAERS signal: 8 adverse event reports mention drug-disease co-occurrence; Supporting paper with 54 citations; AI-generated hypothesis available; Strong causal genetic evidence (MR score: 0.87, 2 genetic targets)"
Breast cancer,Carboplatin,DB00958,HIGH,ESTABLISHED,0.125,True,0.522,4,1729,1662,4,10,moderate,666,124071,False,0,26,0,28,0,,47,0.8332,12,Carboplatin —[is a therapeutic for]→ Breast cancer,of its ability to induce apoptosis and to inhibit angiogenesis.,"Well-established drug-disease relationship (1729 articles, 10 trials). Not a repurposing candidate.","10 clinical trial(s) found on ClinicalTrials.gov; Phase 3 trial exists; 1729 PubMed articles on this drug-disease pair; 4 article(s) specifically mention repurposing/repositioning; Supported by 4 independent AI pillars; Moderate FAERS signal: 666 adverse event reports mention drug-disease co-occurrence; Supporting paper with 28 citations; AI analysis of 1 abstract(s) found positive treatment signals; AI-generated hypothesis available; Strong causal genetic evidence (MR score: 0.83, 12 genetic targets); NOTE: This appears to be an already-approved treatment, not a repurposing candidate"
COPD,Carboxyatractyloside,DB02426,LOW,BREAKTHROUGH,0.587,False,0.5867999792098999,4,0,0,0,0,none,0,0,False,0,0,0,57,0,,6729,0,0,Carboxyatractyloside —[targets]→ gene-291 —[is downregulated by]→ DB01156 —[is a therapeutic for]→ COPD,of its anti-inflammatory and bronchodilator properties.,No published evidence found for this drug-disease pair. Strong computational prediction suggests a potential new discovery. Requires experimental validation.,Supported by 4 independent AI pillars; Supporting paper with 57 citations; AI-generated hypothesis available
COPD,Acetylcholine,DB03128,HIGH,KNOWN,0.358,False,0.5425,4,375,221,1,4,none,0,99,False,0,16,0,18,0,,33,0.8043,5,Acetylcholine —[is a therapeutic for]→ COPD,of its anti-inflammatory and anti-oxidant properties.,"Known association with moderate evidence (375 articles, 4 trials). Already being studied.","4 clinical trial(s) found on ClinicalTrials.gov; 375 PubMed articles on this drug-disease pair; 1 article(s) specifically mention repurposing/repositioning; Supported by 4 independent AI pillars; AI-generated hypothesis available; Strong causal genetic evidence (MR score: 0.80, 5 genetic targets)"
COPD,Testosterone,DB00624,HIGH,KNOWN,0.289,False,0.5257,4,134,80,0,3,none,0,30252,False,0,18,0,48,0,,30,0.461,12,Testosterone —[is a therapeutic for]→ COPD,of its anti-inflammatory and anti-oxidant properties.,"Known association with moderate evidence (134 articles, 3 trials). Already being studied.",3 clinical trial(s) found on ClinicalTrials.gov; Phase 3 trial exists; 134 PubMed articles on this drug-disease pair; Supported by 4 independent AI pillars; CAUTION: Drug had terminated/withdrawn trials (Phase 3) for this disease; Supporting paper with 48 citations; AI-generated hypothesis available; Moderate genetic evidence supporting causality (MR score: 0.46)
COPD,Ouabain,DB01092,MEDIUM,NOVEL,0.594,False,0.5212,4,6,2,0,0,none,0,2,False,0,13,0,57,0,,84,0.7249,15,Ouabain —[downregulates]→ gene-79415 —[is upregulated by]→ COPD,of its anti-inflammatory and antioxidant properties.,Novel prediction with minimal existing evidence (6 articles). Computational support suggests this warrants investigation.,"6 PubMed article(s) - limited literature; Supported by 4 independent AI pillars; Supporting paper with 57 citations; AI-generated hypothesis available; Strong causal genetic evidence (MR score: 0.72, 15 genetic targets)"
COPD,Progesterone,DB00396,MEDIUM,NOVEL,0.53,False,0.5198,4,41,34,0,0,none,0,19292,False,0,27,0,13,0,,94,0.718,11,Progesterone —[is a therapeutic for]→ COPD,of its anti-inflammatory and anti-oxidant properties.,Novel prediction with minimal existing evidence (41 articles). Computational support suggests this warrants investigation.,"41 PubMed articles found; Supported by 4 independent AI pillars; AI-generated hypothesis available; Strong causal genetic evidence (MR score: 0.72, 11 genetic targets)"
COPD,Carbenoxolone,DB02329,LOW,NOVEL,0.49,False,0.5159000158309937,4,2,1,0,0,none,0,12,False,0,1,0,57,0,,836,0,0,Carbenoxolone —[is a therapeutic for]→ MESH:D014456 —[is treated by]→ DB01222 —[treats]→ COPD,of its anti-inflammatory properties.,Novel prediction with minimal existing evidence (2 articles). Computational support suggests this warrants investigation.,2 PubMed article(s) - limited literature; Supported by 4 independent AI pillars; Supporting paper with 57 citations; AI-generated hypothesis available
COPD,Methylprednisolone,DB00959,HIGH,ESTABLISHED,0.205,True,0.5115,4,213,200,0,10,none,0,125031,False,0,4,0,0,0.7049,Prednisolone,31,0.4806,4,Methylprednisolone —[palliates]→ DOID:2531 —[is treated by]→ DB00860 —[treats]→ COPD,of its anti-inflammatory properties.,"Well-established drug-disease relationship (213 articles, 10 trials). Not a repurposing candidate.",10 clinical trial(s) found on ClinicalTrials.gov; Phase 3 trial exists; 213 PubMed articles on this drug-disease pair; Supported by 4 independent AI pillars; High molecular similarity (0.70) to Prednisolone; AI-generated hypothesis available; Moderate genetic evidence supporting causality (MR score: 0.48)
COPD,Estradiol,DB00783,MEDIUM,EMERGING,0.518,False,0.5075,4,34,15,1,0,none,0,75392,False,0,24,0,31,0,,110,0.6912,16,Estradiol —[downregulates]→ gene-23089 —[is downregulated by]→ COPD,of its anti-inflammatory and antioxidant properties.,"Emerging repurposing candidate. Some evidence exists (34 articles, 1 mention repurposing) but not yet validated in trials.",34 PubMed articles found; 1 article(s) specifically mention repurposing/repositioning; Supported by 4 independent AI pillars; Supporting paper with 31 citations; AI-generated hypothesis available; Moderate genetic evidence supporting causality (MR score: 0.69)
COPD,Acetylcysteine,DB06151,HIGH,ESTABLISHED,0.244,True,0.5073,4,405,339,3,10,none,0,10374,False,0,14,0,22,0,,17,0.6094,4,Acetylcysteine —[is a therapeutic for]→ COPD,of its antioxidant properties.,"Well-established drug-disease relationship (405 articles, 10 trials). Not a repurposing candidate.",10 clinical trial(s) found on ClinicalTrials.gov; Phase 3 trial exists; 405 PubMed articles on this drug-disease pair; 3 article(s) specifically mention repurposing/repositioning; Supported by 4 independent AI pillars; Supporting paper with 22 citations; AI analysis of 1 abstract(s) found positive treatment signals; AI-generated hypothesis available; Moderate genetic evidence supporting causality (MR score: 0.61)
COPD,Pazufloxacin,DB11774,LOW,BREAKTHROUGH,0.503,False,0.5034000277519226,4,0,0,0,0,none,0,157,False,0,0,0,57,0.629,Ofloxacin,1540,0,0,Pazufloxacin —[is metabolized by]→ gene-1544 —[is linked to]→ COPD,of its broad spectrum of activity and its favorable pharmacokinetic profile.,No published evidence found for this drug-disease pair. Strong computational prediction suggests a potential new discovery. Requires experimental validation.,Supported by 4 independent AI pillars; High molecular similarity (0.63) to Ofloxacin; Supporting paper with 57 citations; AI-generated hypothesis available
COVID-19,Aceneuramic Acid,DB11797,MEDIUM,NOVEL,0.495,False,0.48570001125335693,4,0,0,0,0,none,0,0,False,0,0,0,17229,0,,56,0.8037,1,,of its anti-inflammatory and anti-oxidative properties.,Novel prediction with minimal existing evidence (0 articles). Computational support suggests this warrants investigation.,"Supported by 4 independent AI pillars; Highly cited paper (17229 citations): ""Characteristics of and Important Lessons From the Coronaviru...""; AI-generated hypothesis available; Strong causal genetic evidence (MR score: 0.80, 1 genetic targets)"
COVID-19,Thymidine-5'-Triphosphate,DB02452,LOW,BREAKTHROUGH,0.57,False,0.474700003862381,4,0,0,0,0,none,0,0,False,0,0,0,25,0,,64,0.58,1,,it is a substrate for the viral RNA-dependent RNA polymerase.,No published evidence found for this drug-disease pair. Strong computational prediction suggests a potential new discovery. Requires experimental validation.,Supported by 4 independent AI pillars; Supporting paper with 25 citations; AI-generated hypothesis available; Moderate genetic evidence supporting causality (MR score: 0.58)
COVID-19,Topotecan,DB01030,HIGH,KNOWN,0.362,False,0.4314,4,11,11,5,1,moderate,4,5510,False,0,0,0,25,0,,58,0.7476,4,,of its anti-inflammatory and antiviral properties.,"Known association with moderate evidence (11 articles, 1 trials). Already being studied.","1 clinical trial(s) found on ClinicalTrials.gov; 11 PubMed articles found; 5 article(s) specifically mention repurposing/repositioning; Supported by 4 independent AI pillars; Moderate FAERS signal: 4 adverse event reports mention drug-disease co-occurrence; Supporting paper with 25 citations; AI-generated hypothesis available; Strong causal genetic evidence (MR score: 0.75, 4 genetic targets)"
COVID-19,Epigallocatechin gallate,DB12116,HIGH,KNOWN,0.359,False,0.4268,4,77,64,6,1,weak,2,19,False,0,0,0,94,0,,158,0.6443,5,,of its anti-inflammatory and antioxidant properties.,"Known association with moderate evidence (77 articles, 1 trials). Already being studied.",1 clinical trial(s) found on ClinicalTrials.gov; Phase 3 trial exists; 77 PubMed articles on this drug-disease pair; 6 article(s) specifically mention repurposing/repositioning; Supported by 4 independent AI pillars; Supporting paper with 94 citations; AI-generated hypothesis available; Moderate genetic evidence supporting causality (MR score: 0.64)
COVID-19,Bexarotene,DB00307,MEDIUM,NOVEL,0.463,False,0.40619999170303345,4,9,8,3,0,moderate,3,652,False,0,0,0,64,0,,182,0.5916,1,,of its ability to inhibit the SARS-CoV-2 virus.,Novel prediction with minimal existing evidence (9 articles). Computational support suggests this warrants investigation.,9 PubMed article(s) - limited literature; 3 article(s) specifically mention repurposing/repositioning; Supported by 4 independent AI pillars; Moderate FAERS signal: 3 adverse event reports mention drug-disease co-occurrence; Supporting paper with 64 citations; AI-generated hypothesis available; Moderate genetic evidence supporting causality (MR score: 0.59)
COVID-19,Butanoic Acid,DB03568,MEDIUM,NOVEL,0.375,False,0.3901999890804291,4,2,1,0,0,none,0,0,False,0,0,0,17229,0,,9,0.5547,1,,of its anti-inflammatory properties.,Novel prediction with minimal existing evidence (2 articles). Computational support suggests this warrants investigation.,"2 PubMed article(s) - limited literature; Supported by 4 independent AI pillars; Highly cited paper (17229 citations): ""Characteristics of and Important Lessons From the Coronaviru...""; AI-generated hypothesis available; Moderate genetic evidence supporting causality (MR score: 0.55)"
COVID-19,Ribavirin,DB00811,HIGH,ESTABLISHED,0.094,True,0.3896999955177307,4,398,358,86,10,moderate,32,67301,False,0,0,0,1327,0,,163,0.5405,1,,of its antiviral properties.,"Well-established drug-disease relationship (398 articles, 10 trials). Not a repurposing candidate.","10 clinical trial(s) found on ClinicalTrials.gov; Phase 3 trial exists; 398 PubMed articles on this drug-disease pair; 86 article(s) specifically mention repurposing/repositioning; Supported by 4 independent AI pillars; Moderate FAERS signal: 32 adverse event reports mention drug-disease co-occurrence; Highly cited paper (1327 citations): ""Triple combination of interferon beta-1b, lopinavir–ritonavi...""; AI-generated hypothesis available; Moderate genetic evidence supporting causality (MR score: 0.54)"
COVID-19,Alitretinoin,DB00523,HIGH,NOVEL,0.389,False,0.3814,4,0,0,0,1,weak,2,108,False,0,0,0,22,0,,160,0.6399,2,,of its anti-inflammatory and immunomodulatory effects.,Novel prediction with minimal existing evidence (0 articles). Computational support suggests this warrants investigation.,1 clinical trial(s) found on ClinicalTrials.gov; Supported by 4 independent AI pillars; Supporting paper with 22 citations; AI-generated hypothesis available; Moderate genetic evidence supporting causality (MR score: 0.64)
COVID-19,Tacedinaline,DB12291,LOW,NOVEL,0.323,False,0.38029998540878296,3,0,0,0,0,none,0,1,False,0,0,0,2272,0,,86,0,0,,of its anti-inflammatory and anti-oxidative properties.,Novel prediction with minimal existing evidence (0 articles). Computational support suggests this warrants investigation.,"Supported by 3 independent AI pillars; Highly cited paper (2272 citations): ""Severe Outcomes Among Patients with Coronavirus Disease 2019...""; AI-generated hypothesis available"
COVID-19,Edetic Acid,DB00974,HIGH,KNOWN,0.248,False,0.37549999356269836,4,26,14,2,5,weak,2,31,False,0,0,0,17229,0,,168,0.6621,1,,of its anti-inflammatory and anti-viral properties.,"Known association with moderate evidence (26 articles, 5 trials). Already being studied.","5 clinical trial(s) found on ClinicalTrials.gov; Phase 3 trial exists; 26 PubMed articles found; 2 article(s) specifically mention repurposing/repositioning; Supported by 4 independent AI pillars; Highly cited paper (17229 citations): ""Characteristics of and Important Lessons From the Coronaviru...""; AI-generated hypothesis available; Moderate genetic evidence supporting causality (MR score: 0.66)"
Chagas disease,Cimetidine,DB00501,LOW,NOVEL,0.441,False,0.46399998664855957,4,1,0,0,0,none,0,6461,False,0,1,0,86,0,,19,0,0,Cimetidine —[is a therapeutic for]→ MESH:D062787 —[is treated by]→ DB01118 —[is a therapeutic for]→ Chagas disease,of its anti-inflammatory properties.,Novel prediction with minimal existing evidence (1 articles). Computational support suggests this warrants investigation.,1 PubMed article(s) - limited literature; Supported by 4 independent AI pillars; Supporting paper with 86 citations; AI-generated hypothesis available
Chagas disease,Methyldopa,DB00968,LOW,BREAKTHROUGH,0.425,False,0.4251999855041504,4,0,0,0,0,none,0,5032,False,0,1,0,86,0,,105,0,0,Methyldopa —[treats]→ MESH:D006973 —[is treated by]→ DB00437 —[is a therapeutic for]→ Chagas disease,it is a substrate for the enzyme catechol-O-methyltransferase (COMT).,No published evidence found for this drug-disease pair. Strong computational prediction suggests a potential new discovery. Requires experimental validation.,Supported by 4 independent AI pillars; Supporting paper with 86 citations; AI-generated hypothesis available
Chagas disease,Forodesine,DB06185,LOW,BREAKTHROUGH,0.413,False,0.41339999437332153,4,0,0,0,0,none,0,24,False,0,0,0,86,0.2353,Allopurinol,3196,0,0,Forodesine —[is a therapeutic for]→ MESH:D009369 —[is treated by]→ DB01167 —[is a therapeutic for]→ Chagas disease,of its immunomodulatory properties.,No published evidence found for this drug-disease pair. Strong computational prediction suggests a potential new discovery. Requires experimental validation.,Supported by 4 independent AI pillars; Supporting paper with 86 citations; AI-generated hypothesis available
Chagas disease,Tacrolimus,DB00864,LOW,NOVEL,0.367,False,0.40779998898506165,4,5,5,0,0,moderate,62,124653,False,0,0,0,74,0,,140,0,0,Tacrolimus —[treats]→ MESH:D001172 —[is treated by]→ MESH:D012643 —[is a therapeutic for]→ Chagas disease,of its immunomodulatory properties.,Novel prediction with minimal existing evidence (5 articles). Computational support suggests this warrants investigation.,5 PubMed article(s) - limited literature; Supported by 4 independent AI pillars; Moderate FAERS signal: 62 adverse event reports mention drug-disease co-occurrence; Supporting paper with 74 citations; AI-generated hypothesis available
Chagas disease,Ceruletide,DB00403,LOW,NOVEL,0.359,False,0.3776000142097473,3,3,0,0,0,none,0,0,False,0,1,0,86,0,,544,0,0,Ceruletide —[is a therapeutic for]→ MESH:D014456 —[is treated by]→ DB01167 —[is a therapeutic for]→ Chagas disease,of its unique mechanism of action.,Novel prediction with minimal existing evidence (3 articles). Computational support suggests this warrants investigation.,3 PubMed article(s) - limited literature; Supported by 3 independent AI pillars; Supporting paper with 86 citations; AI-generated hypothesis available
Chagas disease,Octreotide,DB00104,LOW,NOVEL,0.346,False,0.3637999892234802,3,1,0,0,0,none,0,7625,False,0,1,0,86,0,,177,0,0,Octreotide —[is a therapeutic for]→ MESH:D062787 —[is treated by]→ DB01118 —[is a therapeutic for]→ Chagas disease,of its anti-inflammatory and immunomodulatory properties.,Novel prediction with minimal existing evidence (1 articles). Computational support suggests this warrants investigation.,1 PubMed article(s) - limited literature; Supported by 3 independent AI pillars; Supporting paper with 86 citations; AI-generated hypothesis available
Chagas disease,Hydrocortisone,DB00741,LOW,NOVEL,0.345,False,0.36340001225471497,3,6,2,0,0,none,0,79272,False,0,6,0,86,0,,93,0,0,Hydrocortisone —[treats]→ DOID:13189 —[is treated by]→ DB00437 —[is a therapeutic for]→ Chagas disease,of its anti-inflammatory and immunomodulatory properties.,Novel prediction with minimal existing evidence (6 articles). Computational support suggests this warrants investigation.,6 PubMed article(s) - limited literature; Supported by 3 independent AI pillars; Supporting paper with 86 citations; AI-generated hypothesis available
Chagas disease,Hemi-Babim,DB01767,LOW,BREAKTHROUGH,0.361,False,0.36059999465942383,3,0,0,0,0,none,0,0,False,0,0,0,29,0,,7740,0,0,Hemi-Babim —[targets]→ gene-2147 —[catalyzes]→ gene-2520 —[is linked to]→ Chagas disease,of its low cost and easy availability.,No published evidence found for this drug-disease pair. Strong computational prediction suggests a potential new discovery. Requires experimental validation.,Supported by 3 independent AI pillars; Supporting paper with 29 citations; AI-generated hypothesis available
Chagas disease,Amphotericin B,DB00681,LOW,NOVEL,0.304,False,0.3578000068664551,3,41,35,0,0,none,0,15090,False,0,0,0,29,0,,26,0,0,Amphotericin B —[treats]→ MESH:D006660 —[is treated by]→ DB01167 —[is a therapeutic for]→ Chagas disease,of its high efficacy and low toxicity.,Novel prediction with minimal existing evidence (41 articles). Computational support suggests this warrants investigation.,41 PubMed articles found; Supported by 3 independent AI pillars; Supporting paper with 29 citations; AI-generated hypothesis available
Chagas disease,Fusidic Acid,DB02703,LOW,BREAKTHROUGH,0.345,False,0.34459999203681946,3,0,0,0,0,none,0,2514,False,0,0,0,22,0,,121,0,0,Fusidic Acid —[is a therapeutic for]→ MESH:D018805 —[is treated by]→ MESH:D012643 —[is a therapeutic for]→ Chagas disease,of its ability to inhibit the parasite's ability to synthesize DNA.,No published evidence found for this drug-disease pair. Strong computational prediction suggests a potential new discovery. Requires experimental validation.,Supported by 3 independent AI pillars; Supporting paper with 22 citations; AI-generated hypothesis available
Chronic kidney disease,Cimetidine,DB00501,HIGH,KNOWN,0.32,False,0.5935,5,39,22,0,2,strong,922,6461,False,0,2,0,551,0,,68,0.5183,2,Cimetidine —[binds]→ gene-1576 —[is linked to]→ Chronic kidney disease,of its ability to inhibit the renin-angiotensin system.,"Known association with moderate evidence (39 articles, 2 trials). Already being studied.","2 clinical trial(s) found on ClinicalTrials.gov; 39 PubMed articles found; Supported by 5 independent AI pillars; Strong FAERS signal: 922 adverse event reports link drug to disease (6461 total reports); Highly cited paper (551 citations): ""Computational Repositioning of the Anticonvulsant Topiramate...""; AI-generated hypothesis available; Moderate genetic evidence supporting causality (MR score: 0.52)"
Chronic kidney disease,Octreotide,DB00104,HIGH,KNOWN,0.372,False,0.5634,4,39,32,1,1,moderate,20,7625,False,0,6,0,158,0.6903,"10-(4-Aminobutyl)-19-[(2-amino-3-naphthalen-2-yl-propanoyl)amino]-N-(1-carbamoyl-2-hydroxy-propyl)-16-[(4-hydroxyphenyl)methyl]-13-(1H-indol-3-ylmethyl)-6,9,12,15,18-pentaoxo-7-propan-2-yl-1,2-dithia-5,8,11,14, 17-pentazacycloicosane-4-carboxamide",83,0.7302,4,Octreotide —[is agonized by]→ gene-6755 —[is an agonist of]→ DB06791 —[is a therapeutic for]→ Chronic kidney disease,of its anti-fibrotic effects.,"Known association with moderate evidence (39 articles, 1 trials). Already being studied.","1 clinical trial(s) found on ClinicalTrials.gov; 39 PubMed articles found; 1 article(s) specifically mention repurposing/repositioning; Supported by 4 independent AI pillars; High molecular similarity (0.69) to 10-(4-Aminobutyl)-19-[(2-amino-3-naphthalen-2-yl-propanoyl)amino]-N-(1-carbamoyl-2-hydroxy-propyl)-16-[(4-hydroxyphenyl)methyl]-13-(1H-indol-3-ylmethyl)-6,9,12,15,18-pentaoxo-7-propan-2-yl-1,2-dithia-5,8,11,14, 17-pentazacycloicosane-4-carboxamide; Moderate FAERS signal: 20 adverse event reports mention drug-disease co-occurrence; Highly cited paper (158 citations): ""Advances in the pathogenesis and treatment of polycystic kid...""; AI-generated hypothesis available; Strong causal genetic evidence (MR score: 0.73, 4 genetic targets)"
Chronic kidney disease,Dexamethasone,DB01234,HIGH,ESTABLISHED,0.2,True,0.5566,4,160,124,0,10,moderate,765,312747,False,0,26,0,61,0,,23,0.693,23,Dexamethasone —[downregulates]→ gene-5167 —[is a target of]→ DB00811 —[is a therapeutic for]→ Chronic kidney disease,of its anti-inflammatory and anti-fibrotic properties.,"Well-established drug-disease relationship (160 articles, 10 trials). Not a repurposing candidate.",10 clinical trial(s) found on ClinicalTrials.gov; Phase 3 trial exists; 160 PubMed articles on this drug-disease pair; Supported by 4 independent AI pillars; Moderate FAERS signal: 765 adverse event reports mention drug-disease co-occurrence; Supporting paper with 61 citations; AI-generated hypothesis available; Moderate genetic evidence supporting causality (MR score: 0.69)
Chronic kidney disease,Valproic Acid,DB00313,HIGH,KNOWN,0.418,False,0.5355,4,37,34,1,0,moderate,48,31999,False,0,8,0,551,0,,178,0.5447,4,Valproic Acid —[binds]→ gene-1562 —[is linked to]→ Chronic kidney disease,of its anti-inflammatory and antioxidant properties.,"Known association with moderate evidence (37 articles, 0 trials). Already being studied.","37 PubMed articles found; 1 article(s) specifically mention repurposing/repositioning; Supported by 4 independent AI pillars; Moderate FAERS signal: 48 adverse event reports mention drug-disease co-occurrence; Highly cited paper (551 citations): ""Computational Repositioning of the Anticonvulsant Topiramate...""; AI-generated hypothesis available; Moderate genetic evidence supporting causality (MR score: 0.54)"
Chronic kidney disease,Liothyronine,DB00279,HIGH,KNOWN,0.28,False,0.5178,4,3,3,0,6,moderate,56,7908,False,0,7,0,2901,0.7442,Levothyroxine,59,0.5764,2,Liothyronine —[binds]→ gene-5243 —[is linked to]→ Chronic kidney disease,of its effects on the thyroid.,"Known association with moderate evidence (3 articles, 6 trials). Already being studied.","6 clinical trial(s) found on ClinicalTrials.gov; 3 PubMed article(s) - limited literature; Supported by 4 independent AI pillars; High molecular similarity (0.74) to Levothyroxine; Moderate FAERS signal: 56 adverse event reports mention drug-disease co-occurrence; Highly cited paper (2901 citations): ""KDIGO 2024 Clinical Practice Guideline for the Evaluation an...""; AI-generated hypothesis available; Moderate genetic evidence supporting causality (MR score: 0.58)"
Chronic kidney disease,Trandolapril,DB00519,HIGH,NOVEL,0.519,False,0.5086,4,26,24,0,0,moderate,10,2251,False,0,0,0,17,0.9636,Ramipril,164,0.7284,2,Trandolapril —[is inhibited by]→ gene-1636 —[is linked to]→ Chronic kidney disease,of its ACE-independent effects on the renin-angiotensin system.,Novel prediction with minimal existing evidence (26 articles). Computational support suggests this warrants investigation.,"26 PubMed articles found; Supported by 4 independent AI pillars; High molecular similarity (0.96) to Ramipril; Moderate FAERS signal: 10 adverse event reports mention drug-disease co-occurrence; AI-generated hypothesis available; Strong causal genetic evidence (MR score: 0.73, 2 genetic targets)"
Chronic kidney disease,Prednisolone,DB00860,HIGH,ESTABLISHED,0.091,True,0.5067,4,331,309,0,10,moderate,819,190318,False,0,8,0,551,0,,115,0.6192,4,Prednisolone —[is agonized by]→ gene-2908 —[is linked to]→ Chronic kidney disease,of its anti-inflammatory and anti-fibrotic properties.,"Well-established drug-disease relationship (331 articles, 10 trials). Not a repurposing candidate.","10 clinical trial(s) found on ClinicalTrials.gov; Phase 3 trial exists; 331 PubMed articles on this drug-disease pair; Supported by 4 independent AI pillars; Moderate FAERS signal: 819 adverse event reports mention drug-disease co-occurrence; Highly cited paper (551 citations): ""Computational Repositioning of the Anticonvulsant Topiramate...""; AI-generated hypothesis available; Moderate genetic evidence supporting causality (MR score: 0.62)"
Chronic kidney disease,Trandolaprilat,DB14209,LOW,NOVEL,0.404,False,0.5052000284194946,4,1,0,0,0,none,0,0,False,0,0,0,6130,0.7931,Ramipril,3127,0,0,Trandolaprilat —[is inhibited by]→ gene-1636 —[is linked to]→ Chronic kidney disease,of its ability to inhibit angiotensin converting enzyme.,Novel prediction with minimal existing evidence (1 articles). Computational support suggests this warrants investigation.,"1 PubMed article(s) - limited literature; Supported by 4 independent AI pillars; High molecular similarity (0.79) to Ramipril; Highly cited paper (6130 citations): ""Chronic kidney disease...""; AI-generated hypothesis available"
Chronic kidney disease,Benazepril,DB00542,HIGH,KNOWN,0.361,False,0.5016,4,65,62,0,3,strong,659,20433,False,0,1,0,17,0,,144,0.7829,3,Benazepril —[is a therapeutic for]→ Chronic kidney disease,of its antihypertensive and antiproteinuric effects.,"Known association with moderate evidence (65 articles, 3 trials). Already being studied.","3 clinical trial(s) found on ClinicalTrials.gov; 65 PubMed articles on this drug-disease pair; Supported by 4 independent AI pillars; Note: Drug had early-phase trial failures for this disease; Strong FAERS signal: 659 adverse event reports link drug to disease (20433 total reports); AI-generated hypothesis available; Strong causal genetic evidence (MR score: 0.78, 3 genetic targets)"
Chronic kidney disease,Levothyroxine,DB00451,HIGH,KNOWN,0.359,False,0.4989,4,36,32,0,3,strong,3240,290489,False,0,7,0,17,0,,26,0.5577,2,Levothyroxine —[is a therapeutic for]→ Chronic kidney disease,of its ability to improve anemia and reduce cardiovascular risk.,"Known association with moderate evidence (36 articles, 3 trials). Already being studied.",3 clinical trial(s) found on ClinicalTrials.gov; Phase 3 trial exists; 36 PubMed articles found; Supported by 4 independent AI pillars; Strong FAERS signal: 3240 adverse event reports link drug to disease (290489 total reports); AI-generated hypothesis available; Moderate genetic evidence supporting causality (MR score: 0.56)
Colorectal cancer,Liothyronine I-131,DB12425,LOW,BREAKTHROUGH,0.564,False,0.5641000270843506,4,0,0,0,0,none,0,0,False,0,0,0,0,0.7442,Levothyroxine,3816,0,0,,of its ability to inhibit the growth of colorectal cancer cells.,No published evidence found for this drug-disease pair. Strong computational prediction suggests a potential new discovery. Requires experimental validation.,Supported by 4 independent AI pillars; High molecular similarity (0.74) to Levothyroxine; AI-generated hypothesis available
Colorectal cancer,Tacrolimus,DB00864,HIGH,EMERGING,0.411,False,0.5475000143051147,4,81,59,1,0,moderate,196,124653,False,0,10,0,20,0,,456,0,0,Tacrolimus —[downregulates]→ gene-991 —[is activated by]→ gene-79980 —[is upregulated by]→ Colorectal cancer,of its anti-inflammatory and immunosuppressive properties.,"Emerging repurposing candidate. Some evidence exists (81 articles, 1 mention repurposing) but not yet validated in trials.",81 PubMed articles on this drug-disease pair; 1 article(s) specifically mention repurposing/repositioning; Supported by 4 independent AI pillars; Moderate FAERS signal: 196 adverse event reports mention drug-disease co-occurrence; AI-generated hypothesis available
Colorectal cancer,Testosterone,DB00624,HIGH,KNOWN,0.315,False,0.5249,4,151,95,0,3,moderate,36,30252,False,0,51,0,22,0,,169,0.6852,3,Testosterone —[downregulates]→ gene-5438 —[activates]→ gene-5433 —[is upregulated by]→ Colorectal cancer,of its anti-inflammatory and anti-proliferative effects.,"Known association with moderate evidence (151 articles, 3 trials). Already being studied.",3 clinical trial(s) found on ClinicalTrials.gov; 151 PubMed articles on this drug-disease pair; Supported by 4 independent AI pillars; Moderate FAERS signal: 36 adverse event reports mention drug-disease co-occurrence; Supporting paper with 22 citations; AI-generated hypothesis available; Moderate genetic evidence supporting causality (MR score: 0.69)
Colorectal cancer,Docetaxel,DB01248,HIGH,ESTABLISHED,0.22,True,0.5247,4,290,271,0,10,moderate,40,69227,False,0,25,0,20,0.7677,Paclitaxel,194,0.8004,7,Docetaxel —[downregulates]→ gene-10797 —[is linked to]→ Colorectal cancer,of its anti-proliferative and anti-angiogenic properties.,"Well-established drug-disease relationship (290 articles, 10 trials). Not a repurposing candidate.","10 clinical trial(s) found on ClinicalTrials.gov; Phase 3 trial exists; 290 PubMed articles on this drug-disease pair; Supported by 4 independent AI pillars; High molecular similarity (0.77) to Paclitaxel; Moderate FAERS signal: 40 adverse event reports mention drug-disease co-occurrence; AI-generated hypothesis available; Strong causal genetic evidence (MR score: 0.80, 7 genetic targets)"
Colorectal cancer,Estradiol,DB00783,HIGH,ESTABLISHED,0.21,True,0.5004,4,320,200,0,6,moderate,31,75392,False,0,128,0,52,0,,136,0.7848,19,Estradiol —[downregulates]→ gene-22920 —[is downregulated by]→ Colorectal cancer,of its anti-inflammatory and anti-proliferative effects.,"Well-established drug-disease relationship (320 articles, 6 trials). Not a repurposing candidate.","6 clinical trial(s) found on ClinicalTrials.gov; 320 PubMed articles on this drug-disease pair; Supported by 4 independent AI pillars; Moderate FAERS signal: 31 adverse event reports mention drug-disease co-occurrence; Supporting paper with 52 citations; AI-generated hypothesis available; Strong causal genetic evidence (MR score: 0.78, 19 genetic targets)"
Colorectal cancer,Phentolamine,DB00692,MEDIUM,KNOWN,0.321,False,0.4580000042915344,4,13,4,0,0,none,0,301,False,0,5,0,679,0,,1674,0,0,Phentolamine —[downregulates]→ gene-991 —[is activated by]→ gene-79980 —[is upregulated by]→ Colorectal cancer,of its ability to inhibit the proliferation of cancer cells.,"Known association with moderate evidence (13 articles, 0 trials). Already being studied.","13 PubMed articles found; Supported by 4 independent AI pillars; Highly cited paper (679 citations): ""Wnt signaling in colorectal cancer: pathogenic role and ther...""; AI-generated hypothesis available"
Colorectal cancer,Rebamipide,DB11656,MEDIUM,NOVEL,0.337,False,0.44999998807907104,3,2,2,0,0,moderate,48,8548,False,0,3,0,679,0,,147,0,0,Rebamipide —[is a therapeutic for]→ MESH:D007511 —[is treated by]→ DB00945 —[treats]→ Colorectal cancer,of its anti-inflammatory and antioxidant properties.,Novel prediction with minimal existing evidence (2 articles). Computational support suggests this warrants investigation.,"2 PubMed article(s) - limited literature; Supported by 3 independent AI pillars; Moderate FAERS signal: 48 adverse event reports mention drug-disease co-occurrence; Highly cited paper (679 citations): ""Wnt signaling in colorectal cancer: pathogenic role and ther...""; AI-generated hypothesis available"
Colorectal cancer,Acetaminophen,DB00316,HIGH,ESTABLISHED,0.181,True,0.43,4,52,35,1,7,moderate,405,470024,False,0,28,0,135,0,,129,0.6632,4,Acetaminophen —[downregulates]→ gene-891 —[is upregulated by]→ Colorectal cancer,of its anti-inflammatory and antioxidant properties.,"Well-established drug-disease relationship (52 articles, 7 trials). Not a repurposing candidate.","7 clinical trial(s) found on ClinicalTrials.gov; Phase 3 trial exists; 52 PubMed articles on this drug-disease pair; 1 article(s) specifically mention repurposing/repositioning; Supported by 4 independent AI pillars; Moderate FAERS signal: 405 adverse event reports mention drug-disease co-occurrence; Highly cited paper (135 citations): ""Fecal metabolomics: assay performance and association with c...""; AI-generated hypothesis available; Moderate genetic evidence supporting causality (MR score: 0.66)"
Colorectal cancer,2-Bromoacetyl Group,DB02198,LOW,BREAKTHROUGH,0.421,False,0.42149999737739563,3,0,0,0,0,none,0,0,False,0,1,0,46,0,,4324,0,0,2-Bromoacetyl Group —[targets]→ gene-5742 —[is downregulated by]→ Colorectal cancer,of its ability to inhibit the activity of histone deacetylases (HDACs).,No published evidence found for this drug-disease pair. Strong computational prediction suggests a potential new discovery. Requires experimental validation.,Supported by 3 independent AI pillars; Supporting paper with 46 citations; AI-generated hypothesis available
Colorectal cancer,Leucovorin,DB00650,HIGH,ESTABLISHED,0.025,True,0.413,3,6209,6127,5,10,strong,1031,42770,False,0,2,0,9900,0,,34,0.8129,4,Leucovorin —[is a therapeutic for]→ Colorectal cancer,of its ability to inhibit the enzyme thymidylate synthase.,"Well-established drug-disease relationship (6209 articles, 10 trials). Not a repurposing candidate.","10 clinical trial(s) found on ClinicalTrials.gov; Phase 3 trial exists; 6209 PubMed articles on this drug-disease pair; 5 article(s) specifically mention repurposing/repositioning; Supported by 3 independent AI pillars; Strong FAERS signal: 1031 adverse event reports link drug to disease (42770 total reports); Highly cited paper (9900 citations): ""Bevacizumab plus irinotecan, fluorouracil, and leucovorin fo...""; AI-generated hypothesis available; Strong causal genetic evidence (MR score: 0.81, 4 genetic targets); NOTE: This appears to be an already-approved treatment, not a repurposing candidate"
Coronary artery disease,Cimetidine,DB00501,HIGH,KNOWN,0.604,False,0.719,5,22,14,0,0,moderate,44,6461,False,0,2,0,264,0,,191,0.8105,6,Cimetidine —[binds]→ gene-8647 —[is bound by]→ DB00175 —[treats]→ Coronary artery disease,of its ability to inhibit the synthesis of thromboxane A2.,"Known association with moderate evidence (22 articles, 0 trials). Already being studied.","22 PubMed articles found; Supported by 5 independent AI pillars; Moderate FAERS signal: 44 adverse event reports mention drug-disease co-occurrence; Highly cited paper (264 citations): ""Histamine provocation of clinical coronary artery spasm: imp...""; AI-generated hypothesis available; Strong causal genetic evidence (MR score: 0.81, 6 genetic targets)"
Coronary artery disease,Indomethacin,DB00328,HIGH,ESTABLISHED,0.266,True,0.555,4,102,54,0,2,moderate,51,12621,False,0,12,0,191,0,,76,0.7887,10,Indomethacin —[is a therapeutic for]→ Coronary artery disease,of its anti-inflammatory properties.,"Well-established drug-disease relationship (102 articles, 2 trials). Not a repurposing candidate.","2 clinical trial(s) found on ClinicalTrials.gov; 102 PubMed articles on this drug-disease pair; Supported by 4 independent AI pillars; Moderate FAERS signal: 51 adverse event reports mention drug-disease co-occurrence; Highly cited paper (191 citations): ""Coronary vasoconstrictor effect of indomethacin in patients ...""; AI-generated hypothesis available; Strong causal genetic evidence (MR score: 0.79, 10 genetic targets)"
Coronary artery disease,Bis(Adenosine)-5'-Pentaphosphate,DB01717,LOW,BREAKTHROUGH,0.548,False,0.5476999878883362,4,0,0,0,0,none,0,0,False,0,0,0,3,0.9423,Adenosine triphosphate,5114,0,0,Bis(Adenosine)-5'-Pentaphosphate —[targets]→ gene-203 —[is associated with]→ gene-6402 —[is linked to]→ Coronary artery disease,it is a potent vasodilator and has been shown to reduce the incidence of restenosis after percutaneous transluminal coronary angioplasty.,No published evidence found for this drug-disease pair. Strong computational prediction suggests a potential new discovery. Requires experimental validation.,Supported by 4 independent AI pillars; High molecular similarity (0.94) to Adenosine triphosphate; AI-generated hypothesis available
Coronary artery disease,Trandolaprilat,DB14209,LOW,NOVEL,0.434,False,0.5430999994277954,4,1,1,0,0,none,0,0,False,0,0,0,2930,0.8246,Trandolapril,4047,0,0,Trandolaprilat —[is inhibited by]→ gene-1636 —[inhibits]→ DB00519 —[is a therapeutic for]→ Coronary artery disease,of its ability to inhibit ACE.,Novel prediction with minimal existing evidence (1 articles). Computational support suggests this warrants investigation.,"1 PubMed article(s) - limited literature; Supported by 4 independent AI pillars; High molecular similarity (0.82) to Trandolapril; Highly cited paper (2930 citations): ""Inflammation, Atherosclerosis and Coronary Artery Disease...""; AI-generated hypothesis available"
Coronary artery disease,Isoprenaline,DB01064,HIGH,KNOWN,0.456,False,0.5427,4,53,34,0,1,none,0,165,False,0,8,0,17,0,,51,0.7934,5,Isoprenaline —[targets]→ gene-154 —[antagonizes]→ DB00571 —[treats]→ Coronary artery disease,of its ability to increase coronary blood flow and to reduce myocardial oxygen consumption.,"Known association with moderate evidence (53 articles, 1 trials). Already being studied.","1 clinical trial(s) found on ClinicalTrials.gov; 53 PubMed articles on this drug-disease pair; Supported by 4 independent AI pillars; AI-generated hypothesis available; Strong causal genetic evidence (MR score: 0.79, 5 genetic targets)"
Coronary artery disease,Pravastatin,DB00175,HIGH,ESTABLISHED,0.096,True,0.5336,4,864,820,0,10,moderate,337,83113,False,0,5,0,891,0,,25,0.8387,11,Pravastatin —[treats]→ Coronary artery disease,of its cholesterol-lowering effect.,"Well-established drug-disease relationship (864 articles, 10 trials). Not a repurposing candidate.","10 clinical trial(s) found on ClinicalTrials.gov; 864 PubMed articles on this drug-disease pair; Supported by 4 independent AI pillars; Moderate FAERS signal: 337 adverse event reports mention drug-disease co-occurrence; Highly cited paper (891 citations): ""Effects of lipid lowering by pravastatin on progression and ...""; AI-generated hypothesis available; Strong causal genetic evidence (MR score: 0.84, 11 genetic targets); NOTE: This appears to be an already-approved treatment, not a repurposing candidate"
Coronary artery disease,Tacrolimus,DB00864,HIGH,KNOWN,0.239,False,0.5317000150680542,4,147,131,0,3,moderate,120,124653,False,0,1,0,3,0,,497,0,0,Tacrolimus —[is inhibited by]→ gene-2280 —[inhibits]→ DB00877 —[is a therapeutic for]→ Coronary artery disease,of its immunosuppressive properties.,"Known association with moderate evidence (147 articles, 3 trials). Already being studied.",3 clinical trial(s) found on ClinicalTrials.gov; 147 PubMed articles on this drug-disease pair; Supported by 4 independent AI pillars; Note: Drug had early-phase trial failures for this disease; Moderate FAERS signal: 120 adverse event reports mention drug-disease co-occurrence; AI-generated hypothesis available
Coronary artery disease,Atenolol,DB00335,HIGH,ESTABLISHED,0.189,True,0.5263,4,374,356,0,10,moderate,950,126816,False,0,4,0,26,0,,42,0.8594,4,Atenolol —[is a therapeutic for]→ Coronary artery disease,of its beta-blocking properties.,"Well-established drug-disease relationship (374 articles, 10 trials). Not a repurposing candidate.","10 clinical trial(s) found on ClinicalTrials.gov; Phase 3 trial exists; 374 PubMed articles on this drug-disease pair; Supported by 4 independent AI pillars; Moderate FAERS signal: 950 adverse event reports mention drug-disease co-occurrence; Supporting paper with 26 citations; AI-generated hypothesis available; Strong causal genetic evidence (MR score: 0.86, 4 genetic targets)"
Coronary artery disease,Epinephrine,DB00668,HIGH,ESTABLISHED,0.221,True,0.5255,4,567,358,0,10,moderate,56,46064,False,0,6,0,24,0,,50,0.7951,9,Epinephrine —[targets]→ gene-146 —[is a target of]→ DB00388 —[is a therapeutic for]→ Coronary artery disease,of its anti-inflammatory and anti-thrombotic properties.,"Well-established drug-disease relationship (567 articles, 10 trials). Not a repurposing candidate.","10 clinical trial(s) found on ClinicalTrials.gov; Phase 3 trial exists; 567 PubMed articles on this drug-disease pair; Supported by 4 independent AI pillars; Moderate FAERS signal: 56 adverse event reports mention drug-disease co-occurrence; Supporting paper with 24 citations; AI-generated hypothesis available; Strong causal genetic evidence (MR score: 0.80, 9 genetic targets); NOTE: This appears to be an already-approved treatment, not a repurposing candidate"
Coronary artery disease,Dexamethasone,DB01234,HIGH,ESTABLISHED,0.188,True,0.5236,4,144,109,1,7,moderate,278,312747,False,0,36,0,26,0,,125,0.8174,32,Dexamethasone —[downregulates]→ gene-5529 —[is downregulated by]→ DB00975 —[treats]→ Coronary artery disease,of its anti-inflammatory properties.,"Well-established drug-disease relationship (144 articles, 7 trials). Not a repurposing candidate.","7 clinical trial(s) found on ClinicalTrials.gov; 144 PubMed articles on this drug-disease pair; 1 article(s) specifically mention repurposing/repositioning; Supported by 4 independent AI pillars; Moderate FAERS signal: 278 adverse event reports mention drug-disease co-occurrence; Supporting paper with 26 citations; AI-generated hypothesis available; Strong causal genetic evidence (MR score: 0.82, 32 genetic targets)"
Crohn's disease,Rebamipide,DB11656,MEDIUM,NOVEL,0.706,False,0.692300021648407,5,0,0,0,0,none,0,8548,False,0,1,0,5700,0,,96,0.5483,1,Rebamipide —[is a therapeutic for]→ MESH:D013280 —[is treated by]→ DB00620 —[treats]→ Crohn's disease,of its anti-inflammatory and cytoprotective effects.,Novel prediction with minimal existing evidence (0 articles). Computational support suggests this warrants investigation.,"Supported by 5 independent AI pillars; Highly cited paper (5700 citations): ""Association of NOD2 leucine-rich repeat variants with suscep...""; AI-generated hypothesis available; Moderate genetic evidence supporting causality (MR score: 0.55)"
Crohn's disease,Tacrolimus,DB00864,HIGH,ESTABLISHED,0.301,True,0.6276999711990356,5,154,152,1,3,none,0,124653,False,0,2,0,740,0,,168,0.5756,1,Tacrolimus —[treats]→ DOID:3310 —[is treated by]→ DB00443 —[treats]→ Crohn's disease,of its anti-inflammatory properties.,"Well-established drug-disease relationship (154 articles, 3 trials). Not a repurposing candidate.","3 clinical trial(s) found on ClinicalTrials.gov; 154 PubMed articles on this drug-disease pair; 1 article(s) specifically mention repurposing/repositioning; Supported by 5 independent AI pillars; Note: Drug had early-phase trial failures for this disease; Highly cited paper (740 citations): ""Discovery and Preclinical Validation of Drug Indications Usi...""; AI-generated hypothesis available; Moderate genetic evidence supporting causality (MR score: 0.58)"
Crohn's disease,Cimetidine,DB00501,MEDIUM,KNOWN,0.509,False,0.6062,5,14,12,0,0,none,0,6461,False,0,4,0,740,0,,60,0.599,3,Cimetidine —[is a therapeutic for]→ MESH:D051437 —[is treated by]→ DB00860 —[treats]→ Crohn's disease,of its anti-inflammatory properties.,"Known association with moderate evidence (14 articles, 0 trials). Already being studied.","14 PubMed articles found; Supported by 5 independent AI pillars; Highly cited paper (740 citations): ""Discovery and Preclinical Validation of Drug Indications Usi...""; AI-generated hypothesis available; Moderate genetic evidence supporting causality (MR score: 0.60)"
Crohn's disease,Hydrocortisone,DB00741,HIGH,ESTABLISHED,0.263,True,0.5479,4,131,122,0,4,none,0,79272,False,0,19,0,740,0.6833,Prednisolone,12,0.7493,9,Hydrocortisone —[treats]→ Crohn's disease,of its anti-inflammatory properties.,"Well-established drug-disease relationship (131 articles, 4 trials). Not a repurposing candidate.","4 clinical trial(s) found on ClinicalTrials.gov; Phase 3 trial exists; 131 PubMed articles on this drug-disease pair; Supported by 4 independent AI pillars; High molecular similarity (0.68) to Prednisolone; Note: Drug had early-phase trial failures for this disease; Highly cited paper (740 citations): ""Discovery and Preclinical Validation of Drug Indications Usi...""; AI-generated hypothesis available; Strong causal genetic evidence (MR score: 0.75, 9 genetic targets)"
Crohn's disease,Dexamethasone,DB01234,HIGH,KNOWN,0.356,False,0.54,4,66,62,1,4,none,0,312747,False,0,36,0,551,0.4189,Prednisolone,6,0.7364,38,Dexamethasone —[treats]→ Crohn's disease,of its anti-inflammatory properties.,"Known association with moderate evidence (66 articles, 4 trials). Already being studied.","4 clinical trial(s) found on ClinicalTrials.gov; Phase 3 trial exists; 66 PubMed articles on this drug-disease pair; 1 article(s) specifically mention repurposing/repositioning; Supported by 4 independent AI pillars; Highly cited paper (551 citations): ""Computational Repositioning of the Anticonvulsant Topiramate...""; AI-generated hypothesis available; Strong causal genetic evidence (MR score: 0.74, 38 genetic targets)"
Crohn's disease,Folic Acid,DB00158,HIGH,ESTABLISHED,0.259,True,0.54,4,166,106,1,3,none,0,253612,False,0,5,0,740,0.5263,Methotrexate,112,0.706,2,Folic Acid —[is a therapeutic for]→ MESH:D064420 —[is treated by]→ DB00635 —[treats]→ Crohn's disease,of its anti-inflammatory properties.,"Well-established drug-disease relationship (166 articles, 3 trials). Not a repurposing candidate.","3 clinical trial(s) found on ClinicalTrials.gov; Phase 3 trial exists; 166 PubMed articles on this drug-disease pair; 1 article(s) specifically mention repurposing/repositioning; Supported by 4 independent AI pillars; High molecular similarity (0.53) to Methotrexate; Highly cited paper (740 citations): ""Discovery and Preclinical Validation of Drug Indications Usi...""; AI-generated hypothesis available; Strong causal genetic evidence (MR score: 0.71, 2 genetic targets)"
Crohn's disease,Mesalazine,DB00244,HIGH,ESTABLISHED,0.161,True,0.5374,4,395,372,0,10,none,0,8100,False,0,8,0,740,0,,44,0.7841,3,Mesalazine —[treats]→ Crohn's disease,of its anti-inflammatory properties.,"Well-established drug-disease relationship (395 articles, 10 trials). Not a repurposing candidate.","10 clinical trial(s) found on ClinicalTrials.gov; Phase 3 trial exists; 395 PubMed articles on this drug-disease pair; Supported by 4 independent AI pillars; Highly cited paper (740 citations): ""Discovery and Preclinical Validation of Drug Indications Usi...""; AI-generated hypothesis available; Strong causal genetic evidence (MR score: 0.78, 3 genetic targets)"
Crohn's disease,Alendronate,DB00630,HIGH,KNOWN,0.419,False,0.5372,4,9,9,0,1,none,0,53012,False,0,3,0,551,0,,100,0.5276,4,Alendronate —[treats]→ DOID:11476 —[is treated by]→ DB00169 —[is a therapeutic for]→ Crohn's disease,of its anti-inflammatory properties.,"Known association with moderate evidence (9 articles, 1 trials). Already being studied.","1 clinical trial(s) found on ClinicalTrials.gov; Phase 3 trial exists; 9 PubMed article(s) - limited literature; Supported by 4 independent AI pillars; Highly cited paper (551 citations): ""Computational Repositioning of the Anticonvulsant Topiramate...""; AI-generated hypothesis available; Moderate genetic evidence supporting causality (MR score: 0.53)"
Crohn's disease,Methylprednisolone,DB00959,HIGH,ESTABLISHED,0.161,True,0.5362,4,161,154,0,10,none,0,125031,False,0,4,0,551,0.7049,Prednisolone,9,0.7587,4,Methylprednisolone —[treats]→ Crohn's disease,of its anti-inflammatory properties.,"Well-established drug-disease relationship (161 articles, 10 trials). Not a repurposing candidate.","10 clinical trial(s) found on ClinicalTrials.gov; Phase 3 trial exists; 161 PubMed articles on this drug-disease pair; Supported by 4 independent AI pillars; High molecular similarity (0.70) to Prednisolone; Highly cited paper (551 citations): ""Computational Repositioning of the Anticonvulsant Topiramate...""; AI-generated hypothesis available; Strong causal genetic evidence (MR score: 0.76, 4 genetic targets)"
Crohn's disease,Budesonide,DB01222,HIGH,ESTABLISHED,0.157,True,0.5244,4,395,389,0,10,none,0,57603,False,0,13,0,740,0,,19,0.7632,10,Budesonide —[is a therapeutic for]→ Crohn's disease,of its anti-inflammatory properties.,"Well-established drug-disease relationship (395 articles, 10 trials). Not a repurposing candidate.","10 clinical trial(s) found on ClinicalTrials.gov; Phase 3 trial exists; 395 PubMed articles on this drug-disease pair; Supported by 4 independent AI pillars; Highly cited paper (740 citations): ""Discovery and Preclinical Validation of Drug Indications Usi...""; AI-generated hypothesis available; Strong causal genetic evidence (MR score: 0.76, 10 genetic targets)"
Cystic fibrosis,Natamycin,DB00826,LOW,NOVEL,0.568,False,0.597599983215332,4,2,1,0,0,none,0,311,False,0,0,0,72,0,,1122,0,0,Natamycin —[is a therapeutic for]→ MESH:D009181 —[is treated by]→ DB00582 —[is a therapeutic for]→ Cystic fibrosis,of its ability to inhibit the growth of the pathogen.,Novel prediction with minimal existing evidence (2 articles). Computational support suggests this warrants investigation.,2 PubMed article(s) - limited literature; Supported by 4 independent AI pillars; Supporting paper with 72 citations; AI-generated hypothesis available
Cystic fibrosis,Dexamethasone,DB01234,HIGH,KNOWN,0.426,False,0.5458,4,193,134,1,0,moderate,35,312747,False,0,34,0,72,0,,13,0.8196,5,Dexamethasone —[is a therapeutic for]→ Cystic fibrosis,of its anti-inflammatory properties.,"Known association with moderate evidence (193 articles, 0 trials). Already being studied.","193 PubMed articles on this drug-disease pair; 1 article(s) specifically mention repurposing/repositioning; Supported by 4 independent AI pillars; Moderate FAERS signal: 35 adverse event reports mention drug-disease co-occurrence; Supporting paper with 72 citations; AI-generated hypothesis available; Strong causal genetic evidence (MR score: 0.82, 5 genetic targets)"
Cystic fibrosis,Testosterone,DB00624,HIGH,KNOWN,0.399,False,0.5121,4,220,108,0,0,moderate,25,30252,False,0,18,0,72,0,,50,0.5994,3,Testosterone —[is a therapeutic for]→ Cystic fibrosis,of its anti-inflammatory and anti-oxidant properties.,"Known association with moderate evidence (220 articles, 0 trials). Already being studied.",220 PubMed articles on this drug-disease pair; Supported by 4 independent AI pillars; Moderate FAERS signal: 25 adverse event reports mention drug-disease co-occurrence; Supporting paper with 72 citations; AI-generated hypothesis available; Moderate genetic evidence supporting causality (MR score: 0.60)
Cystic fibrosis,Hydrocortisone,DB00741,HIGH,KNOWN,0.393,False,0.5036,4,110,55,0,0,moderate,55,79272,False,0,14,0,72,0.6833,Prednisolone,5,0.5909,2,Hydrocortisone —[binds]→ gene-1576 —[is bound by]→ DB08820 —[treats]→ Cystic fibrosis,of its anti-inflammatory and anti-fibrotic properties.,"Known association with moderate evidence (110 articles, 0 trials). Already being studied.",110 PubMed articles on this drug-disease pair; Supported by 4 independent AI pillars; High molecular similarity (0.68) to Prednisolone; Moderate FAERS signal: 55 adverse event reports mention drug-disease co-occurrence; Supporting paper with 72 citations; AI-generated hypothesis available; Moderate genetic evidence supporting causality (MR score: 0.59)
Cystic fibrosis,Capsaicin,DB06774,MEDIUM,NOVEL,0.51,False,0.5002,4,48,26,0,0,none,0,1536,False,0,6,0,90,0,,142,0.8239,2,Capsaicin —[is a therapeutic for]→ MESH:D059350 —[is treated by]→ DB00295 —[is a therapeutic for]→ Cystic fibrosis,of its ability to increase CFTR expression and function.,Novel prediction with minimal existing evidence (48 articles). Computational support suggests this warrants investigation.,"48 PubMed articles found; Supported by 4 independent AI pillars; Supporting paper with 90 citations; AI-generated hypothesis available; Strong causal genetic evidence (MR score: 0.82, 2 genetic targets)"
Cystic fibrosis,Progesterone,DB00396,HIGH,KNOWN,0.327,False,0.4959,4,153,89,0,1,weak,2,19292,False,0,22,0,72,0.7234,Testosterone,40,0.7696,4,Progesterone —[binds]→ gene-5243 —[is linked to]→ Cystic fibrosis,of its anti-inflammatory and anti-fibrotic properties.,"Known association with moderate evidence (153 articles, 1 trials). Already being studied.","1 clinical trial(s) found on ClinicalTrials.gov; 153 PubMed articles on this drug-disease pair; Supported by 4 independent AI pillars; High molecular similarity (0.72) to Testosterone; Supporting paper with 72 citations; AI-generated hypothesis available; Strong causal genetic evidence (MR score: 0.77, 4 genetic targets)"
Cystic fibrosis,Ouabain,DB01092,HIGH,KNOWN,0.347,False,0.4825,4,111,28,0,0,none,0,2,False,0,14,0,105,0,,192,0.6926,2,Ouabain —[downregulates]→ gene-79184 —[is a target of]→ DB01593 —[is a therapeutic for]→ Cystic fibrosis,of its ability to inhibit Na + / K + ATPase.,"Known association with moderate evidence (111 articles, 0 trials). Already being studied.","111 PubMed articles on this drug-disease pair; Supported by 4 independent AI pillars; Highly cited paper (105 citations): ""Oxygen Consumption and Ouabain Binding Sites in Cystic Fibro...""; AI-generated hypothesis available; Moderate genetic evidence supporting causality (MR score: 0.69)"
Cystic fibrosis,Dinoprostone,DB00917,HIGH,KNOWN,0.345,False,0.4795,4,121,42,0,0,none,0,591,False,0,21,0,116,0.7273,Alprostadil,4,0.5909,2,Dinoprostone —[is agonized by]→ gene-5732 —[is an agonist of]→ DB00770 —[is a therapeutic for]→ Cystic fibrosis,of its anti-inflammatory and anti-fibrotic properties.,"Known association with moderate evidence (121 articles, 0 trials). Already being studied.","121 PubMed articles on this drug-disease pair; Supported by 4 independent AI pillars; High molecular similarity (0.73) to Alprostadil; Highly cited paper (116 citations): ""Elexacaftor/tezacaftor/ivacaftor projected survival and long...""; AI-generated hypothesis available; Moderate genetic evidence supporting causality (MR score: 0.59)"
Cystic fibrosis,Fenofibrate,DB01039,MEDIUM,NOVEL,0.535,False,0.4690999984741211,4,7,3,1,0,moderate,5,34986,False,0,6,0,72,0,,97,0.6079,1,Fenofibrate —[is agonized by]→ gene-5465 —[is linked to]→ Cystic fibrosis,of its ability to increase CFTR expression and function.,Novel prediction with minimal existing evidence (7 articles). Computational support suggests this warrants investigation.,7 PubMed article(s) - limited literature; 1 article(s) specifically mention repurposing/repositioning; Supported by 4 independent AI pillars; Moderate FAERS signal: 5 adverse event reports mention drug-disease co-occurrence; Supporting paper with 72 citations; AI-generated hypothesis available; Moderate genetic evidence supporting causality (MR score: 0.61)
Cystic fibrosis,Aciclovir,DB00787,HIGH,NOVEL,0.448,False,0.46630001068115234,4,4,4,0,1,moderate,3,22997,False,0,1,0,72,0,,81,0.6079,1,Aciclovir —[is metabolized by]→ gene-4830 —[is a target of]→ DB01593 —[is a therapeutic for]→ Cystic fibrosis,of its antiviral properties.,Novel prediction with minimal existing evidence (4 articles). Computational support suggests this warrants investigation.,1 clinical trial(s) found on ClinicalTrials.gov; 4 PubMed article(s) - limited literature; Supported by 4 independent AI pillars; Moderate FAERS signal: 3 adverse event reports mention drug-disease co-occurrence; Supporting paper with 72 citations; AI-generated hypothesis available; Moderate genetic evidence supporting causality (MR score: 0.61)
Dengue,Icosapent,DB00159,LOW,NOVEL,0.362,False,0.42590001225471497,4,0,0,0,0,weak,2,2551,False,0,1,0,2443,0,,67,0,0,Icosapent —[is a therapeutic for]→ MESH:D006937 —[is treated by]→ DB00227 —[is a therapeutic for]→ Dengue,it is a safe and well-tolerated lipid-lowering agent.,Novel prediction with minimal existing evidence (0 articles). Computational support suggests this warrants investigation.,"Supported by 4 independent AI pillars; Highly cited paper (2443 citations): ""Cardiovascular Risk Reduction with Icosapent Ethyl for Hyper...""; AI-generated hypothesis available"
Dengue,Simvastatin,DB00641,MEDIUM,EMERGING,0.304,False,0.4052000045776367,4,3,2,1,0,moderate,88,210221,False,0,1,0,1073,0.7424,Lovastatin,6,0.1571,1,Simvastatin —[targets]→ gene-3066 —[is a target of]→ DB00227 —[is a therapeutic for]→ Dengue,of its anti-inflammatory and immunomodulatory properties.,"Emerging repurposing candidate. Some evidence exists (3 articles, 1 mention repurposing) but not yet validated in trials.","3 PubMed article(s) - limited literature; 1 article(s) specifically mention repurposing/repositioning; Supported by 4 independent AI pillars; High molecular similarity (0.74) to Lovastatin; Moderate FAERS signal: 88 adverse event reports mention drug-disease co-occurrence; Highly cited paper (1073 citations): ""Dengue and severe dengue...""; AI-generated hypothesis available"
Dengue,Propranolol,DB00571,MEDIUM,NOVEL,0.291,False,0.3880999982357025,4,2,1,0,0,moderate,26,59698,False,0,1,0,1073,0,,93,0,0,Propranolol —[treats]→ MESH:D008881 —[is treated by]→ MESH:D005227 —[is a therapeutic for]→ Dengue,of its anti-inflammatory and anti-viral properties.,Novel prediction with minimal existing evidence (2 articles). Computational support suggests this warrants investigation.,"2 PubMed article(s) - limited literature; Supported by 4 independent AI pillars; Moderate FAERS signal: 26 adverse event reports mention drug-disease co-occurrence; Highly cited paper (1073 citations): ""Dengue and severe dengue...""; AI-generated hypothesis available"
Dengue,Medrysone,DB00253,MEDIUM,NOVEL,0.32,False,0.3759,3,0,0,0,0,none,0,1,True,1,0,0,1073,0,,872,0,0,Medrysone —[is a therapeutic for]→ MESH:D007249 —[is treated by]→ DB00608 —[is a therapeutic for]→ Dengue,of its anti-inflammatory and anti-oxidant properties.,Novel prediction with minimal existing evidence (0 articles). Computational support suggests this warrants investigation.,"Supported by 3 independent AI pillars; Drug ranks #1 for reversing disease gene signature (L1000CDS2 biological evidence); Highly cited paper (1073 citations): ""Dengue and severe dengue...""; AI-generated hypothesis available"
Dengue,Liothyronine,DB00279,LOW,NOVEL,0.314,False,0.3698999881744385,3,0,0,0,0,none,0,7908,False,0,0,0,1073,0,,40,0,0,Liothyronine —[treats]→ MESH:D007037 —[is treated by]→ DB00331 —[is a therapeutic for]→ Dengue,it is a potent inhibitor of the virus.,Novel prediction with minimal existing evidence (0 articles). Computational support suggests this warrants investigation.,"Supported by 3 independent AI pillars; Highly cited paper (1073 citations): ""Dengue and severe dengue...""; AI-generated hypothesis available"
Dengue,Erythromycin,DB00199,LOW,NOVEL,0.304,False,0.3580999970436096,4,2,2,0,0,none,0,20102,False,0,0,0,178,0,,108,0,0,Erythromycin —[treats]→ MESH:D011014 —[is treated by]→ DB00331 —[is a therapeutic for]→ Dengue,of its anti-inflammatory and immunomodulatory properties.,Novel prediction with minimal existing evidence (2 articles). Computational support suggests this warrants investigation.,"2 PubMed article(s) - limited literature; Supported by 4 independent AI pillars; Highly cited paper (178 citations): ""Erythromycin intravenous bolus infusion in acute upper gastr...""; AI-generated hypothesis available"
Dengue,Caffeine,DB00201,HIGH,KNOWN,0.231,False,0.35580000281333923,4,1,0,0,1,moderate,10,23667,False,0,0,0,1073,0,,47,0,0,Caffeine —[treats]→ MESH:D008881 —[is treated by]→ MESH:D005227 —[is a therapeutic for]→ Dengue,of its anti-inflammatory and anti-oxidant properties.,"Known association with moderate evidence (1 articles, 1 trials). Already being studied.","1 clinical trial(s) found on ClinicalTrials.gov; 1 PubMed article(s) - limited literature; Supported by 4 independent AI pillars; Moderate FAERS signal: 10 adverse event reports mention drug-disease co-occurrence; Highly cited paper (1073 citations): ""Dengue and severe dengue...""; AI-generated hypothesis available"
Dengue,Carboxyatractyloside,DB02426,LOW,NOVEL,0.301,False,0.35370001196861267,4,0,0,0,0,none,0,0,False,0,0,0,1073,0,,4373,0,0,Carboxyatractyloside —[targets]→ gene-291 —[is upregulated by]→ DB00331 —[is a therapeutic for]→ Dengue,of its ability to inhibit the activity of the Na + / K + -ATPase.,Novel prediction with minimal existing evidence (0 articles). Computational support suggests this warrants investigation.,"Supported by 4 independent AI pillars; Highly cited paper (1073 citations): ""Dengue and severe dengue...""; AI-generated hypothesis available"
Dengue,Amphetamine,DB00182,LOW,NOVEL,0.296,False,0.34790000319480896,4,0,0,0,0,none,0,13841,False,0,0,0,1073,0,,96,0,0,Amphetamine —[treats]→ MESH:D009765 —[is treated by]→ DB00331 —[is a therapeutic for]→ Dengue,of its ability to increase the production of cytokines and chemokines.,Novel prediction with minimal existing evidence (0 articles). Computational support suggests this warrants investigation.,"Supported by 4 independent AI pillars; Highly cited paper (1073 citations): ""Dengue and severe dengue...""; AI-generated hypothesis available"
Dengue,Pravastatin,DB00175,LOW,NOVEL,0.274,False,0.34200000762939453,3,1,1,0,0,none,0,83113,False,0,0,0,1073,0.5467,Lovastatin,37,0,0,Pravastatin —[treats]→ DOID:3393 —[is treated by]→ DB00227 —[is a therapeutic for]→ Dengue,of its anti-inflammatory and anti-oxidant properties.,Novel prediction with minimal existing evidence (1 articles). Computational support suggests this warrants investigation.,"1 PubMed article(s) - limited literature; Supported by 3 independent AI pillars; High molecular similarity (0.55) to Lovastatin; Highly cited paper (1073 citations): ""Dengue and severe dengue...""; AI-generated hypothesis available"
Depression,Memantine,DB01043,HIGH,ESTABLISHED,0.211,True,0.585,5,338,315,2,10,strong,323,16174,False,0,11,0,24,0,,148,0.704,4,Memantine —[is a therapeutic for]→ Depression,of its anti-inflammatory and neuroprotective properties.,"Well-established drug-disease relationship (338 articles, 10 trials). Not a repurposing candidate.","10 clinical trial(s) found on ClinicalTrials.gov; Phase 3 trial exists; 338 PubMed articles on this drug-disease pair; 2 article(s) specifically mention repurposing/repositioning; Supported by 5 independent AI pillars; Strong FAERS signal: 323 adverse event reports link drug to disease (16174 total reports); Supporting paper with 24 citations; AI-generated hypothesis available; Strong causal genetic evidence (MR score: 0.70, 4 genetic targets)"
Depression,Rocuronium,DB00728,HIGH,KNOWN,0.244,False,0.5422000288963318,4,169,98,0,3,strong,202,11192,False,0,5,0,29,0,,814,0,0,Rocuronium —[targets]→ gene-3359 —[is a target of]→ DB00543 —[treats]→ Depression,of its unique mechanism of action.,"Known association with moderate evidence (169 articles, 3 trials). Already being studied.",3 clinical trial(s) found on ClinicalTrials.gov; 169 PubMed articles on this drug-disease pair; Supported by 4 independent AI pillars; Strong FAERS signal: 202 adverse event reports link drug to disease (11192 total reports); Supporting paper with 29 citations; AI-generated hypothesis available
Depression,Metformin,DB00331,HIGH,ESTABLISHED,0.193,True,0.5357,4,359,316,16,10,strong,7766,419475,False,0,68,0,17,0,,97,0.7064,4,Metformin —[downregulates]→ gene-54205 —[is a target of]→ DB01017 —[is a therapeutic for]→ Depression,of its anti-inflammatory and antioxidant properties.,"Well-established drug-disease relationship (359 articles, 10 trials). Not a repurposing candidate.","10 clinical trial(s) found on ClinicalTrials.gov; 359 PubMed articles on this drug-disease pair; 16 article(s) specifically mention repurposing/repositioning; Supported by 4 independent AI pillars; Strong FAERS signal: 7766 adverse event reports link drug to disease (419475 total reports); AI-generated hypothesis available; Strong causal genetic evidence (MR score: 0.71, 4 genetic targets)"
Depression,Amphetamine,DB00182,HIGH,ESTABLISHED,0.122,True,0.5098000168800354,4,1670,951,2,10,strong,646,13841,False,0,12,0,100,1.0,Dextroamphetamine,140,0.8614,1,Amphetamine —[binds]→ gene-1565 —[is linked to]→ Depression,of its antidepressant properties.,"Well-established drug-disease relationship (1670 articles, 10 trials). Not a repurposing candidate.","10 clinical trial(s) found on ClinicalTrials.gov; Phase 3 trial exists; 1670 PubMed articles on this drug-disease pair; 2 article(s) specifically mention repurposing/repositioning; Supported by 4 independent AI pillars; High molecular similarity (1.00) to Dextroamphetamine; Strong FAERS signal: 646 adverse event reports link drug to disease (13841 total reports); Supporting paper with 100 citations; AI analysis of 1 abstract(s) found positive treatment signals; AI-generated hypothesis available; Strong causal genetic evidence (MR score: 0.86, 1 genetic targets); NOTE: This appears to be an already-approved treatment, not a repurposing candidate"
Depression,Haloperidol,DB00502,HIGH,ESTABLISHED,0.122,True,0.5098,4,1162,838,3,6,strong,735,26617,False,0,28,0,26,0,,70,0.7239,3,Haloperidol —[is antagonized by]→ gene-1813 —[is a target of]→ DB00934 —[treats]→ Depression,of its anti-inflammatory and antioxidant properties.,"Well-established drug-disease relationship (1162 articles, 6 trials). Not a repurposing candidate.","6 clinical trial(s) found on ClinicalTrials.gov; Phase 3 trial exists; 1162 PubMed articles on this drug-disease pair; 3 article(s) specifically mention repurposing/repositioning; Supported by 4 independent AI pillars; CAUTION: Drug had terminated/withdrawn trials (Phase 3) for this disease; Strong FAERS signal: 735 adverse event reports link drug to disease (26617 total reports); Supporting paper with 26 citations; AI-generated hypothesis available; Strong causal genetic evidence (MR score: 0.72, 3 genetic targets); NOTE: This appears to be an already-approved treatment, not a repurposing candidate"
Depression,Propranolol,DB00571,HIGH,ESTABLISHED,0.212,True,0.5037999749183655,4,1942,970,0,4,strong,2158,59698,False,0,32,0,26,0.6444,Pindolol,33,0.5471,1,Propranolol —[binds]→ gene-1565 —[is linked to]→ Depression,of its antidepressant properties.,"Well-established drug-disease relationship (1942 articles, 4 trials). Not a repurposing candidate.",4 clinical trial(s) found on ClinicalTrials.gov; 1942 PubMed articles on this drug-disease pair; Supported by 4 independent AI pillars; High molecular similarity (0.64) to Pindolol; Note: Drug had early-phase trial failures for this disease; Strong FAERS signal: 2158 adverse event reports link drug to disease (59698 total reports); Supporting paper with 26 citations; AI-generated hypothesis available; Moderate genetic evidence supporting causality (MR score: 0.55)
Depression,Dimethyl sulfoxide,DB01093,HIGH,KNOWN,0.331,False,0.5011,4,157,68,0,0,strong,26,332,False,0,10,0,106,0,,169,0.5845,3,Dimethyl sulfoxide —[binds]→ gene-1565 —[is linked to]→ Depression,of its antioxidant properties.,"Known association with moderate evidence (157 articles, 0 trials). Already being studied.","157 PubMed articles on this drug-disease pair; Supported by 4 independent AI pillars; Strong FAERS signal: 26 adverse event reports link drug to disease (332 total reports); Highly cited paper (106 citations): ""Depression of the ice-nucleation temperature of rapidly cool...""; AI-generated hypothesis available; Moderate genetic evidence supporting causality (MR score: 0.58)"
Depression,Estradiol,DB00783,HIGH,ESTABLISHED,0.12,True,0.4985,4,2552,1443,2,10,strong,3370,75392,False,0,50,0,82,0,,37,0.6542,9,Estradiol —[is a therapeutic for]→ Depression,of its anti-inflammatory and anti-apoptotic properties.,"Well-established drug-disease relationship (2552 articles, 10 trials). Not a repurposing candidate.","10 clinical trial(s) found on ClinicalTrials.gov; Phase 3 trial exists; 2552 PubMed articles on this drug-disease pair; 2 article(s) specifically mention repurposing/repositioning; Supported by 4 independent AI pillars; Strong FAERS signal: 3370 adverse event reports link drug to disease (75392 total reports); Supporting paper with 82 citations; AI-generated hypothesis available; Moderate genetic evidence supporting causality (MR score: 0.65); NOTE: This appears to be an already-approved treatment, not a repurposing candidate"
Depression,Urea,DB03904,HIGH,ESTABLISHED,0.198,True,0.49619999527931213,4,1055,528,0,5,strong,62,3034,False,0,12,0,53,0,,38,0,0,Urea —[is a therapeutic for]→ MESH:D013226 —[is treated by]→ DB00186 —[is a therapeutic for]→ Depression,of its antidepressant properties.,"Well-established drug-disease relationship (1055 articles, 5 trials). Not a repurposing candidate.","5 clinical trial(s) found on ClinicalTrials.gov; Phase 3 trial exists; 1055 PubMed articles on this drug-disease pair; Supported by 4 independent AI pillars; Strong FAERS signal: 62 adverse event reports link drug to disease (3034 total reports); Supporting paper with 53 citations; AI-generated hypothesis available; NOTE: This appears to be an already-approved treatment, not a repurposing candidate"
Depression,Chlorpromazine,DB00477,HIGH,ESTABLISHED,0.208,True,0.495,4,910,497,0,2,strong,327,7912,False,0,35,0,114,0,,73,0.7086,3,Chlorpromazine —[downregulates]→ gene-5111 —[is a target of]→ DB00279 —[is a therapeutic for]→ Depression,of its antidepressant effect.,"Well-established drug-disease relationship (910 articles, 2 trials). Not a repurposing candidate.","2 clinical trial(s) found on ClinicalTrials.gov; 910 PubMed articles on this drug-disease pair; Supported by 4 independent AI pillars; Strong FAERS signal: 327 adverse event reports link drug to disease (7912 total reports); Highly cited paper (114 citations): ""Chlorpromazine protects brain tissue in hypoxia by delaying ...""; AI-generated hypothesis available; Strong causal genetic evidence (MR score: 0.71, 3 genetic targets)"
Duchenne muscular dystrophy,Methylprednisolone,DB00959,HIGH,KNOWN,0.37,False,0.5601000189781189,4,41,38,0,6,none,0,125031,False,0,5,0,19,0.7049,Prednisolone,19,0.9138,1,Methylprednisolone —[treats]→ DOID:2377 —[is treated by]→ DB00860 —[is a therapeutic for]→ Duchenne muscular dystrophy,of its anti-inflammatory properties.,"Known association with moderate evidence (41 articles, 6 trials). Already being studied.","6 clinical trial(s) found on ClinicalTrials.gov; 41 PubMed articles found; Supported by 4 independent AI pillars; High molecular similarity (0.70) to Prednisolone; AI analysis of 1 abstract(s) found positive treatment signals; AI-generated hypothesis available; Strong causal genetic evidence (MR score: 0.91, 1 genetic targets)"
Duchenne muscular dystrophy,Cimetidine,DB00501,LOW,NOVEL,0.46,False,0.5407999753952026,4,1,1,0,0,none,0,6461,False,0,0,0,163,0,,154,0,0,Cimetidine —[is a therapeutic for]→ MESH:D062787 —[is treated by]→ DB00818 —[is a therapeutic for]→ Duchenne muscular dystrophy,of its anti-inflammatory properties.,Novel prediction with minimal existing evidence (1 articles). Computational support suggests this warrants investigation.,"1 PubMed article(s) - limited literature; Supported by 4 independent AI pillars; Highly cited paper (163 citations): ""Death after High-Dose rAAV9 Gene Therapy in a Patient with D...""; AI-generated hypothesis available"
Duchenne muscular dystrophy,Oxamniquine,DB01096,LOW,NOVEL,0.477,False,0.5297999978065491,4,0,0,0,0,none,0,2,False,0,0,0,163,0,,2426,0,0,Oxamniquine —[is a therapeutic for]→ MESH:D012555 —[is treated by]→ DB00818 —[is a therapeutic for]→ Duchenne muscular dystrophy,of its ability to inhibit the enzyme dihydropteridine reductase.,Novel prediction with minimal existing evidence (0 articles). Computational support suggests this warrants investigation.,"Supported by 4 independent AI pillars; Highly cited paper (163 citations): ""Death after High-Dose rAAV9 Gene Therapy in a Patient with D...""; AI-generated hypothesis available"
Duchenne muscular dystrophy,Tacrolimus,DB00864,HIGH,KNOWN,0.301,False,0.5009999871253967,4,21,21,0,2,none,0,124653,False,0,1,0,224,0,,269,0,0,Tacrolimus —[treats]→ DOID:3310 —[is treated by]→ DB00860 —[is a therapeutic for]→ Duchenne muscular dystrophy,of its ability to improve muscle function and reduce the risk of respiratory failure.,"Known association with moderate evidence (21 articles, 2 trials). Already being studied.","2 clinical trial(s) found on ClinicalTrials.gov; 21 PubMed articles found; Supported by 4 independent AI pillars; Highly cited paper (224 citations): ""Dystrophin Expression in Muscles of Duchenne Muscular Dystro...""; AI-generated hypothesis available"
Duchenne muscular dystrophy,Trandolaprilat,DB14209,LOW,NOVEL,0.398,False,0.46810001134872437,4,0,0,0,0,none,0,0,False,0,1,0,4630,0.5385,Enalapril,4118,0,0,Trandolaprilat —[is inhibited by]→ gene-1636 —[inhibits]→ DB00584 —[is a therapeutic for]→ Duchenne muscular dystrophy,it is a potent inhibitor of angiotensin-converting enzyme and has a long half-life.,Novel prediction with minimal existing evidence (0 articles). Computational support suggests this warrants investigation.,"Supported by 4 independent AI pillars; High molecular similarity (0.54) to Enalapril; Highly cited paper (4630 citations): ""Dystrophin: the protein product of the Duchenne muscular dys...""; AI-generated hypothesis available"
Duchenne muscular dystrophy,Acetylcholine,DB03128,HIGH,NOVEL,0.42,False,0.41200000047683716,4,92,28,0,0,none,0,99,False,0,4,0,47,0,,110,0.9138,1,Acetylcholine —[is a therapeutic for]→ MESH:D029424 —[is treated by]→ DB00635 —[is a therapeutic for]→ Duchenne muscular dystrophy,of its ability to increase muscle mass and strength.,Novel prediction with minimal existing evidence (92 articles). Computational support suggests this warrants investigation.,"92 PubMed articles on this drug-disease pair; Supported by 4 independent AI pillars; Supporting paper with 47 citations; AI-generated hypothesis available; Strong causal genetic evidence (MR score: 0.91, 1 genetic targets)"
Duchenne muscular dystrophy,Clodronate,DB00720,LOW,NOVEL,0.346,False,0.4072999954223633,3,1,1,0,0,none,0,598,False,0,1,0,163,0,,13,0,0,Clodronate —[is a therapeutic for]→ MESH:D010146 —[is treated by]→ DB00621 —[is a therapeutic for]→ Duchenne muscular dystrophy,of its ability to increase the number of muscle fibers that are able to regenerate.,Novel prediction with minimal existing evidence (1 articles). Computational support suggests this warrants investigation.,"1 PubMed article(s) - limited literature; Supported by 3 independent AI pillars; Highly cited paper (163 citations): ""Death after High-Dose rAAV9 Gene Therapy in a Patient with D...""; AI-generated hypothesis available"
Duchenne muscular dystrophy,Dexamethasone,DB01234,LOW,NOVEL,0.344,False,0.4041999876499176,3,16,14,0,0,none,0,312747,False,0,15,0,21,0,,7,0,0,Dexamethasone —[downregulates]→ gene-3303 —[is bound by]→ DB00171 —[is a therapeutic for]→ Duchenne muscular dystrophy,of its anti-inflammatory and anti-apoptotic properties.,Novel prediction with minimal existing evidence (16 articles). Computational support suggests this warrants investigation.,16 PubMed articles found; Supported by 3 independent AI pillars; Supporting paper with 21 citations; AI-generated hypothesis available
Duchenne muscular dystrophy,Rebamipide,DB11656,LOW,NOVEL,0.359,False,0.398499995470047,3,0,0,0,0,none,0,8548,False,0,0,0,163,0,,1909,0,0,Rebamipide —[is a therapeutic for]→ MESH:D003093 —[is treated by]→ DB00635 —[is a therapeutic for]→ Duchenne muscular dystrophy,it improves the function of the gastrointestinal tract and improves the quality of life.,Novel prediction with minimal existing evidence (0 articles). Computational support suggests this warrants investigation.,"Supported by 3 independent AI pillars; Highly cited paper (163 citations): ""Death after High-Dose rAAV9 Gene Therapy in a Patient with D...""; AI-generated hypothesis available"
Duchenne muscular dystrophy,Hydrocortisone,DB00741,HIGH,KNOWN,0.279,False,0.39800000190734863,3,17,14,0,2,none,0,79272,False,0,6,0,22,0.6833,Prednisolone,21,0,0,Hydrocortisone —[treats]→ DOID:8577 —[is treated by]→ DB00860 —[is a therapeutic for]→ Duchenne muscular dystrophy,of its anabolic effects.,"Known association with moderate evidence (17 articles, 2 trials). Already being studied.",2 clinical trial(s) found on ClinicalTrials.gov; 17 PubMed articles found; Supported by 3 independent AI pillars; High molecular similarity (0.68) to Prednisolone; Supporting paper with 22 citations; AI-generated hypothesis available
Ehlers-Danlos syndrome,Liotrix,DB01583,MEDIUM,NOVEL,0.484,False,0.4480000138282776,4,0,0,0,0,none,0,14,False,0,0,0,306,0,,76,0.6839,1,Liotrix —[is metabolized by]→ gene-1576 —[is is related to by]→ DB04846 —[is a therapeutic for]→ Ehlers-Danlos syndrome,it is a safe and well-tolerated treatment.,Novel prediction with minimal existing evidence (0 articles). Computational support suggests this warrants investigation.,"Supported by 4 independent AI pillars; Highly cited paper (306 citations): ""Ehlers-Danlos Syndrome...""; AI-generated hypothesis available; Moderate genetic evidence supporting causality (MR score: 0.68)"
Ehlers-Danlos syndrome,Carvedilol,DB01136,MEDIUM,NOVEL,0.444,False,0.4350000023841858,4,1,1,0,0,none,0,99131,False,0,0,0,306,0.2308,Celiprolol,22,0.6839,1,Carvedilol —[treats]→ MESH:D006333 —[is treated by]→ DB04846 —[is a therapeutic for]→ Ehlers-Danlos syndrome,of its anti-inflammatory and anti-fibrotic properties.,Novel prediction with minimal existing evidence (1 articles). Computational support suggests this warrants investigation.,"1 PubMed article(s) - limited literature; Supported by 4 independent AI pillars; Highly cited paper (306 citations): ""Ehlers-Danlos Syndrome...""; AI-generated hypothesis available; Moderate genetic evidence supporting causality (MR score: 0.68)"
Ehlers-Danlos syndrome,Vitamin C,DB00126,HIGH,NOVEL,0.398,False,0.415,4,26,17,0,0,moderate,14,94708,False,0,1,0,45,0,,3,0.8374,2,Vitamin C —[is a therapeutic for]→ MESH:D006973 —[is treated by]→ DB04846 —[is a therapeutic for]→ Ehlers-Danlos syndrome,of its antioxidant properties.,Novel prediction with minimal existing evidence (26 articles). Computational support suggests this warrants investigation.,"26 PubMed articles found; Supported by 4 independent AI pillars; Moderate FAERS signal: 14 adverse event reports mention drug-disease co-occurrence; Supporting paper with 45 citations; AI-generated hypothesis available; Strong causal genetic evidence (MR score: 0.84, 2 genetic targets)"
Ehlers-Danlos syndrome,Testosterone,DB00624,HIGH,KNOWN,0.298,False,0.4140999913215637,4,264,176,0,0,weak,1,30252,False,0,0,0,306,0,,177,0.6839,1,Testosterone —[is a therapeutic for]→ MESH:D029424 —[is treated by]→ DB04846 —[is a therapeutic for]→ Ehlers-Danlos syndrome,of its anabolic effects.,"Known association with moderate evidence (264 articles, 0 trials). Already being studied.","264 PubMed articles on this drug-disease pair; Supported by 4 independent AI pillars; Highly cited paper (306 citations): ""Ehlers-Danlos Syndrome...""; AI-generated hypothesis available; Moderate genetic evidence supporting causality (MR score: 0.68)"
Ehlers-Danlos syndrome,Ebselen,DB12610,MEDIUM,NOVEL,0.409,False,0.4009000062942505,4,1,0,0,0,none,0,0,False,0,0,0,306,0,,149,0.6839,1,,of its antioxidant properties.,Novel prediction with minimal existing evidence (1 articles). Computational support suggests this warrants investigation.,"1 PubMed article(s) - limited literature; Supported by 4 independent AI pillars; Highly cited paper (306 citations): ""Ehlers-Danlos Syndrome...""; AI-generated hypothesis available; Moderate genetic evidence supporting causality (MR score: 0.68)"
Ehlers-Danlos syndrome,Captopril,DB01197,MEDIUM,NOVEL,0.418,False,0.38679999113082886,4,0,0,0,0,none,0,10044,False,0,0,0,306,0,,15,0.6839,1,Captopril —[treats]→ MESH:D006973 —[is treated by]→ DB04846 —[is a therapeutic for]→ Ehlers-Danlos syndrome,it inhibits the angiotensin-converting enzyme.,Novel prediction with minimal existing evidence (0 articles). Computational support suggests this warrants investigation.,"Supported by 4 independent AI pillars; Highly cited paper (306 citations): ""Ehlers-Danlos Syndrome...""; AI-generated hypothesis available; Moderate genetic evidence supporting causality (MR score: 0.68)"
Ehlers-Danlos syndrome,Atenolol,DB00335,MEDIUM,NOVEL,0.388,False,0.3808000087738037,4,2,2,0,0,moderate,8,126816,False,0,0,0,306,0.2687,Celiprolol,57,0.6839,1,Atenolol —[treats]→ MESH:D006973 —[is treated by]→ DB04846 —[is a therapeutic for]→ Ehlers-Danlos syndrome,of its effect on collagen synthesis.,Novel prediction with minimal existing evidence (2 articles). Computational support suggests this warrants investigation.,"2 PubMed article(s) - limited literature; Supported by 4 independent AI pillars; Moderate FAERS signal: 8 adverse event reports mention drug-disease co-occurrence; Highly cited paper (306 citations): ""Ehlers-Danlos Syndrome...""; AI-generated hypothesis available; Moderate genetic evidence supporting causality (MR score: 0.68)"
Ehlers-Danlos syndrome,Dexamethasone,DB01234,MEDIUM,NOVEL,0.332,False,0.3693,4,42,33,0,0,weak,1,312747,False,0,3,0,306,0,,11,0.6294,7,Dexamethasone —[treats]→ MESH:D001249 —[is treated by]→ DB04846 —[is a therapeutic for]→ Ehlers-Danlos syndrome,of its anti-inflammatory and anti-fibrotic properties.,Novel prediction with minimal existing evidence (42 articles). Computational support suggests this warrants investigation.,"42 PubMed articles found; Supported by 4 independent AI pillars; Highly cited paper (306 citations): ""Ehlers-Danlos Syndrome...""; AI-generated hypothesis available; Moderate genetic evidence supporting causality (MR score: 0.63)"
Ehlers-Danlos syndrome,Estriol,DB04573,HIGH,NOVEL,0.33,False,0.3666999936103821,4,15,5,0,0,none,0,1823,False,0,0,0,306,0,,74,0.8547,1,,of its anti-inflammatory and anti-fibrotic effects.,Novel prediction with minimal existing evidence (15 articles). Computational support suggests this warrants investigation.,"15 PubMed articles found; Supported by 4 independent AI pillars; Highly cited paper (306 citations): ""Ehlers-Danlos Syndrome...""; AI-generated hypothesis available; Strong causal genetic evidence (MR score: 0.85, 1 genetic targets)"
Ehlers-Danlos syndrome,Linoleic Acid,DB14104,LOW,NOVEL,0.414,False,0.36340001225471497,4,5,0,0,0,none,0,283,False,0,0,0,6,0,,187,0.6839,1,Linoleic Acid —[is a therapeutic for]→ MESH:D029424 —[is treated by]→ DB04846 —[is a therapeutic for]→ Ehlers-Danlos syndrome,of its anti-inflammatory and anti-fibrotic properties.,Novel prediction with minimal existing evidence (5 articles). Computational support suggests this warrants investigation.,5 PubMed article(s) - limited literature; Supported by 4 independent AI pillars; AI-generated hypothesis available; Moderate genetic evidence supporting causality (MR score: 0.68)
Endometriosis,Danazol,DB01406,HIGH,KNOWN,0.308,False,0.5697,4,1030,1011,1,5,weak,2,2772,False,0,11,0,8,0,,10,0.6162,6,Danazol —[treats]→ Endometriosis,of its anti-inflammatory and anti-angiogenic properties.,"Known association with moderate evidence (1030 articles, 5 trials). Already being studied.","5 clinical trial(s) found on ClinicalTrials.gov; Phase 3 trial exists; 1030 PubMed articles on this drug-disease pair; 1 article(s) specifically mention repurposing/repositioning; Supported by 4 independent AI pillars; AI analysis of 1 abstract(s) found positive treatment signals; AI-generated hypothesis available; Moderate genetic evidence supporting causality (MR score: 0.62); NOTE: This appears to be an already-approved treatment, not a repurposing candidate"
Endometriosis,Progesterone,DB00396,HIGH,ESTABLISHED,0.162,True,0.5415,4,2022,1384,2,10,moderate,31,19292,False,0,36,0,16,0,,1,0.5821,11,Progesterone —[is a therapeutic for]→ Endometriosis,of its anti-inflammatory and anti-angiogenic properties.,"Well-established drug-disease relationship (2022 articles, 10 trials). Not a repurposing candidate.","10 clinical trial(s) found on ClinicalTrials.gov; Phase 3 trial exists; 2022 PubMed articles on this drug-disease pair; 2 article(s) specifically mention repurposing/repositioning; Supported by 4 independent AI pillars; Moderate FAERS signal: 31 adverse event reports mention drug-disease co-occurrence; AI-generated hypothesis available; Moderate genetic evidence supporting causality (MR score: 0.58); NOTE: This appears to be an already-approved treatment, not a repurposing candidate"
Endometriosis,Fluorouracil,DB00544,MEDIUM,NOVEL,0.551,False,0.5399,4,21,20,0,0,weak,1,85326,False,0,12,0,19,0,,15,0.7211,2,Fluorouracil —[binds]→ gene-1558 —[is bound by]→ DB00603 —[treats]→ Endometriosis,of its anti-inflammatory and anti-angiogenic properties.,Novel prediction with minimal existing evidence (21 articles). Computational support suggests this warrants investigation.,"21 PubMed articles found; Supported by 4 independent AI pillars; AI-generated hypothesis available; Strong causal genetic evidence (MR score: 0.72, 2 genetic targets)"
Endometriosis,Dexamethasone,DB01234,HIGH,KNOWN,0.452,False,0.5384,4,27,22,0,1,moderate,4,312747,False,0,50,0,17,0,,24,0.5978,13,Dexamethasone —[downregulates]→ gene-1454 —[is downregulated by]→ DB01406 —[treats]→ Endometriosis,of its anti-inflammatory and anti-angiogenic properties.,"Known association with moderate evidence (27 articles, 1 trials). Already being studied.",1 clinical trial(s) found on ClinicalTrials.gov; 27 PubMed articles found; Supported by 4 independent AI pillars; Note: Drug had early-phase trial failures for this disease; Moderate FAERS signal: 4 adverse event reports mention drug-disease co-occurrence; AI-generated hypothesis available; Moderate genetic evidence supporting causality (MR score: 0.60)
Endometriosis,Testosterone,DB00624,HIGH,KNOWN,0.353,False,0.5344,4,282,211,1,3,moderate,3,30252,False,0,25,0,14,0,,5,0.5797,10,Testosterone —[is a therapeutic for]→ Endometriosis,of its anti-inflammatory and anti-angiogenic properties.,"Known association with moderate evidence (282 articles, 3 trials). Already being studied.",3 clinical trial(s) found on ClinicalTrials.gov; 282 PubMed articles on this drug-disease pair; 1 article(s) specifically mention repurposing/repositioning; Supported by 4 independent AI pillars; Moderate FAERS signal: 3 adverse event reports mention drug-disease co-occurrence; AI-generated hypothesis available; Moderate genetic evidence supporting causality (MR score: 0.58)
Endometriosis,Tamoxifen,DB00675,HIGH,KNOWN,0.32,False,0.5328,4,142,119,0,1,moderate,44,22221,False,0,25,0,4,0.5435,Clomifene,3,0.5649,9,Tamoxifen —[downregulates]→ gene-993 —[is downregulated by]→ DB01406 —[treats]→ Endometriosis,of its anti-inflammatory and anti-proliferative properties.,"Known association with moderate evidence (142 articles, 1 trials). Already being studied.",1 clinical trial(s) found on ClinicalTrials.gov; 142 PubMed articles on this drug-disease pair; Supported by 4 independent AI pillars; High molecular similarity (0.54) to Clomifene; Moderate FAERS signal: 44 adverse event reports mention drug-disease co-occurrence; AI-generated hypothesis available; Moderate genetic evidence supporting causality (MR score: 0.56)
Endometriosis,Estradiol,DB00783,HIGH,ESTABLISHED,0.157,True,0.5241,4,1629,1212,0,10,moderate,98,75392,False,0,46,0,14,0,,2,0.7079,14,Estradiol —[is a therapeutic for]→ Endometriosis,of its anti-inflammatory and anti-angiogenic properties.,"Well-established drug-disease relationship (1629 articles, 10 trials). Not a repurposing candidate.","10 clinical trial(s) found on ClinicalTrials.gov; Phase 3 trial exists; 1629 PubMed articles on this drug-disease pair; Supported by 4 independent AI pillars; Moderate FAERS signal: 98 adverse event reports mention drug-disease co-occurrence; AI-generated hypothesis available; Strong causal genetic evidence (MR score: 0.71, 14 genetic targets); NOTE: This appears to be an already-approved treatment, not a repurposing candidate"
Endometriosis,Hydrocortisone,DB00741,MEDIUM,NOVEL,0.503,False,0.5239,4,37,27,0,0,moderate,28,79272,False,0,15,0,74,0.459,Testosterone,68,0.5202,5,Hydrocortisone —[palliates]→ DOID:10283 —[is treated by]→ DB00014 —[treats]→ Endometriosis,of its anti-inflammatory and anti-angiogenic properties.,Novel prediction with minimal existing evidence (37 articles). Computational support suggests this warrants investigation.,37 PubMed articles found; Supported by 4 independent AI pillars; Moderate FAERS signal: 28 adverse event reports mention drug-disease co-occurrence; Supporting paper with 74 citations; AI-generated hypothesis available; Moderate genetic evidence supporting causality (MR score: 0.52)
Endometriosis,Ovrette,DB09389,HIGH,KNOWN,0.437,False,0.5204,4,0,0,0,5,none,0,2,False,0,3,0,1126,1.0,Levonorgestrel,137,0.6533,2,Ovrette —[treats]→ Endometriosis,"it is a safe, inexpensive, and effective treatment.","Known association with moderate evidence (0 articles, 5 trials). Already being studied.","5 clinical trial(s) found on ClinicalTrials.gov; Phase 3 trial exists; Supported by 4 independent AI pillars; High molecular similarity (1.00) to Levonorgestrel; Highly cited paper (1126 citations): ""ESHRE guideline: endometriosis...""; AI-generated hypothesis available; Moderate genetic evidence supporting causality (MR score: 0.65)"
Endometriosis,Exemestane,DB00990,HIGH,NOVEL,0.468,False,0.5200999975204468,4,1,1,0,0,moderate,11,12461,False,0,1,0,1126,0,,65,0.7383,1,Exemestane —[downregulates]→ gene-79073 —[is downregulated by]→ DB01406 —[treats]→ Endometriosis,of its anti-estrogenic properties.,Novel prediction with minimal existing evidence (1 articles). Computational support suggests this warrants investigation.,"1 PubMed article(s) - limited literature; Supported by 4 independent AI pillars; Moderate FAERS signal: 11 adverse event reports mention drug-disease co-occurrence; Highly cited paper (1126 citations): ""ESHRE guideline: endometriosis...""; AI-generated hypothesis available; Strong causal genetic evidence (MR score: 0.74, 1 genetic targets)"
Epilepsy,Vigabatrin,DB01080,HIGH,ESTABLISHED,0.14,True,0.5837000012397766,4,1508,1421,3,10,strong,1333,4810,False,0,3,0,8,0,,22,0.8353,1,Vigabatrin —[is a therapeutic for]→ Epilepsy,of its unique mechanism of action.,"Well-established drug-disease relationship (1508 articles, 10 trials). Not a repurposing candidate.","10 clinical trial(s) found on ClinicalTrials.gov; Phase 3 trial exists; 1508 PubMed articles on this drug-disease pair; 3 article(s) specifically mention repurposing/repositioning; Supported by 4 independent AI pillars; Strong FAERS signal: 1333 adverse event reports link drug to disease (4810 total reports); AI-generated hypothesis available; Strong causal genetic evidence (MR score: 0.84, 1 genetic targets); NOTE: This appears to be an already-approved treatment, not a repurposing candidate"
Epilepsy,Amantadine,DB00915,HIGH,KNOWN,0.418,False,0.5809,4,47,41,0,5,strong,671,17778,False,0,9,0,50,0,,38,0.8857,6,Amantadine —[is a therapeutic for]→ Epilepsy,of its anti-epileptic properties.,"Known association with moderate evidence (47 articles, 5 trials). Already being studied.","5 clinical trial(s) found on ClinicalTrials.gov; 47 PubMed articles found; Supported by 4 independent AI pillars; Strong FAERS signal: 671 adverse event reports link drug to disease (17778 total reports); Supporting paper with 50 citations; AI-generated hypothesis available; Strong causal genetic evidence (MR score: 0.89, 6 genetic targets)"
Epilepsy,Carbamazepine,DB00564,HIGH,ESTABLISHED,0.069,True,0.5747,4,6910,6420,7,10,strong,5189,36473,False,0,11,0,109,0,,15,0.8787,8,Carbamazepine —[is a therapeutic for]→ Epilepsy,of its anticonvulsant properties.,"Well-established drug-disease relationship (6910 articles, 10 trials). Not a repurposing candidate.","10 clinical trial(s) found on ClinicalTrials.gov; Phase 3 trial exists; 6910 PubMed articles on this drug-disease pair; 7 article(s) specifically mention repurposing/repositioning; Supported by 4 independent AI pillars; Strong FAERS signal: 5189 adverse event reports link drug to disease (36473 total reports); Highly cited paper (109 citations): ""Current role of carbamazepine and oxcarbazepine in the manag...""; AI-generated hypothesis available; Strong causal genetic evidence (MR score: 0.88, 8 genetic targets); NOTE: This appears to be an already-approved treatment, not a repurposing candidate"
Epilepsy,Melatonin,DB01065,HIGH,ESTABLISHED,0.199,True,0.5538,4,364,271,2,10,strong,1628,53144,False,0,23,0,22,0,,16,0.7314,6,Melatonin —[is a therapeutic for]→ Epilepsy,of its antioxidant and anti-inflammatory properties.,"Well-established drug-disease relationship (364 articles, 10 trials). Not a repurposing candidate.","10 clinical trial(s) found on ClinicalTrials.gov; Phase 3 trial exists; 364 PubMed articles on this drug-disease pair; 2 article(s) specifically mention repurposing/repositioning; Supported by 4 independent AI pillars; Strong FAERS signal: 1628 adverse event reports link drug to disease (53144 total reports); Supporting paper with 22 citations; AI-generated hypothesis available; Strong causal genetic evidence (MR score: 0.73, 6 genetic targets)"
Epilepsy,Acetylcysteine,DB06151,HIGH,KNOWN,0.393,False,0.5465,4,70,57,1,2,strong,215,10374,False,0,10,0,15,0,,132,0.8783,6,Acetylcysteine —[targets]→ gene-2903 —[is linked to]→ Epilepsy,of its antioxidant properties.,"Known association with moderate evidence (70 articles, 2 trials). Already being studied.","2 clinical trial(s) found on ClinicalTrials.gov; 70 PubMed articles on this drug-disease pair; 1 article(s) specifically mention repurposing/repositioning; Supported by 4 independent AI pillars; Note: Drug had early-phase trial failures for this disease; Strong FAERS signal: 215 adverse event reports link drug to disease (10374 total reports); AI-generated hypothesis available; Strong causal genetic evidence (MR score: 0.88, 6 genetic targets)"
Epilepsy,Lorazepam,DB00186,HIGH,ESTABLISHED,0.196,True,0.5454,5,337,314,0,9,strong,3878,135688,False,0,5,0,26,0,,80,0.8522,10,Lorazepam —[is a therapeutic for]→ Epilepsy,of its anxiolytic and anticonvulsant properties.,"Well-established drug-disease relationship (337 articles, 9 trials). Not a repurposing candidate.","9 clinical trial(s) found on ClinicalTrials.gov; Phase 3 trial exists; 337 PubMed articles on this drug-disease pair; Supported by 5 independent AI pillars; Strong FAERS signal: 3878 adverse event reports link drug to disease (135688 total reports); Supporting paper with 26 citations; AI-generated hypothesis available; Strong causal genetic evidence (MR score: 0.85, 10 genetic targets)"
Epilepsy,Lidocaine,DB00281,HIGH,KNOWN,0.293,False,0.5433,4,219,166,1,4,strong,1898,77129,False,0,10,0,12,0,,58,0.8587,8,Lidocaine —[is a therapeutic for]→ Epilepsy,of its anti-epileptic properties.,"Known association with moderate evidence (219 articles, 4 trials). Already being studied.","4 clinical trial(s) found on ClinicalTrials.gov; Phase 3 trial exists; 219 PubMed articles on this drug-disease pair; 1 article(s) specifically mention repurposing/repositioning; Supported by 4 independent AI pillars; CAUTION: Drug had terminated/withdrawn trials (Phase 3) for this disease; Strong FAERS signal: 1898 adverse event reports link drug to disease (77129 total reports); AI-generated hypothesis available; Strong causal genetic evidence (MR score: 0.86, 8 genetic targets)"
Epilepsy,Ganaxolone,DB05087,HIGH,ESTABLISHED,0.227,True,0.5411,4,150,146,3,10,strong,65,167,False,0,6,0,21,0,,65,0.8078,5,Ganaxolone —[is a therapeutic for]→ Epilepsy,of its anticonvulsant properties.,"Well-established drug-disease relationship (150 articles, 10 trials). Not a repurposing candidate.","10 clinical trial(s) found on ClinicalTrials.gov; Phase 3 trial exists; 150 PubMed articles on this drug-disease pair; 3 article(s) specifically mention repurposing/repositioning; Supported by 4 independent AI pillars; Strong FAERS signal: 65 adverse event reports link drug to disease (167 total reports); Supporting paper with 21 citations; AI-generated hypothesis available; Strong causal genetic evidence (MR score: 0.81, 5 genetic targets)"
Epilepsy,Felbamate,DB00949,HIGH,KNOWN,0.288,False,0.5341,4,521,495,0,3,strong,406,1156,False,0,6,0,5,0,,165,0.9147,4,Felbamate —[is antagonized by]→ gene-2903 —[is linked to]→ Epilepsy,of its efficacy and safety profile.,"Known association with moderate evidence (521 articles, 3 trials). Already being studied.","3 clinical trial(s) found on ClinicalTrials.gov; 521 PubMed articles on this drug-disease pair; Supported by 4 independent AI pillars; Strong FAERS signal: 406 adverse event reports link drug to disease (1156 total reports); AI-generated hypothesis available; Strong causal genetic evidence (MR score: 0.91, 4 genetic targets)"
Epilepsy,Propofol,DB00818,HIGH,ESTABLISHED,0.19,True,0.5269,4,447,337,2,9,strong,1226,34293,False,0,21,0,12,0,,20,0.8922,12,Propofol —[is a therapeutic for]→ Epilepsy,of its anti-epileptic properties.,"Well-established drug-disease relationship (447 articles, 9 trials). Not a repurposing candidate.","9 clinical trial(s) found on ClinicalTrials.gov; Phase 3 trial exists; 447 PubMed articles on this drug-disease pair; 2 article(s) specifically mention repurposing/repositioning; Supported by 4 independent AI pillars; Strong FAERS signal: 1226 adverse event reports link drug to disease (34293 total reports); AI-generated hypothesis available; Strong causal genetic evidence (MR score: 0.89, 12 genetic targets)"
Fabry disease,Migalastat,DB05018,HIGH,ESTABLISHED,0.227,True,0.4732,4,200,191,0,10,none,0,15,False,0,2,0,6,0,,1,0.9564,1,Migalastat —[treats]→ Fabry disease,of its ability to reduce the accumulation of globotriaosylceramide in the kidney and other organs.,"Well-established drug-disease relationship (200 articles, 10 trials). Not a repurposing candidate.","10 clinical trial(s) found on ClinicalTrials.gov; Phase 3 trial exists; 200 PubMed articles on this drug-disease pair; Supported by 4 independent AI pillars; AI-generated hypothesis available; Strong causal genetic evidence (MR score: 0.96, 1 genetic targets)"
Fabry disease,histamine dihydrochloride,DB05381,LOW,NOVEL,0.412,False,0.4583,3,0,0,0,0,none,0,15,False,0,5,0,110,0,,24,0,0,histamine dihydrochloride —[is a therapeutic for]→ MESH:D051437 —[is treated by]→ MESH:D009569 —[is a therapeutic for]→ Fabry disease,of its ability to increase the activity of lysosomal alpha-galactosidase A.,Novel prediction with minimal existing evidence (0 articles). Computational support suggests this warrants investigation.,"Supported by 3 independent AI pillars; Highly cited paper (110 citations): ""Fabry disease...""; AI-generated hypothesis available"
Fabry disease,Diflunisal,DB00861,LOW,NOVEL,0.404,False,0.42489999532699585,4,1,1,0,0,none,0,648,False,0,2,0,78,0,,1102,0,0,Diflunisal —[treats]→ MESH:D010003 —[is treated by]→ MESH:D009569 —[is a therapeutic for]→ Fabry disease,of its unique mechanism of action.,Novel prediction with minimal existing evidence (1 articles). Computational support suggests this warrants investigation.,1 PubMed article(s) - limited literature; Supported by 4 independent AI pillars; Supporting paper with 78 citations; AI-generated hypothesis available
Fabry disease,Tocladesine,DB13046,LOW,BREAKTHROUGH,0.387,False,0.3869999945163727,3,0,0,0,0,none,0,0,False,0,0,0,38,0,,3132,0,0,Tocladesine —[is a therapeutic for]→ MESH:D009369 —[is treated by]→ DB04540 —[is a therapeutic for]→ Fabry disease,it is a potent inhibitor of alpha-galactosidase A.,No published evidence found for this drug-disease pair. Strong computational prediction suggests a potential new discovery. Requires experimental validation.,Supported by 3 independent AI pillars; Supporting paper with 38 citations; AI-generated hypothesis available
Fabry disease,Acetylcysteine,DB06151,LOW,NOVEL,0.344,False,0.3617999851703644,3,1,1,0,0,none,0,10374,False,0,3,0,15,0,,81,0,0,Acetylcysteine —[is a therapeutic for]→ MESH:D065626 —[is treated by]→ MESH:D009569 —[is a therapeutic for]→ Fabry disease,of its antioxidant properties.,Novel prediction with minimal existing evidence (1 articles). Computational support suggests this warrants investigation.,1 PubMed article(s) - limited literature; Supported by 3 independent AI pillars; AI-generated hypothesis available
Fabry disease,Hydrocortisone,DB00741,LOW,NOVEL,0.298,False,0.3507,3,1,1,0,0,none,0,79272,False,0,4,0,192,0,,92,0,0,Hydrocortisone —[treats]→ MESH:D013167 —[is treated by]→ DB04540 —[is a therapeutic for]→ Fabry disease,of its anti-inflammatory and anti-apoptotic properties.,Novel prediction with minimal existing evidence (1 articles). Computational support suggests this warrants investigation.,"1 PubMed article(s) - limited literature; Supported by 3 independent AI pillars; Highly cited paper (192 citations): ""Structural and Functional Brain Development After Hydrocorti...""; AI-generated hypothesis available"
Fabry disease,Flufenamic Acid,DB02266,LOW,BREAKTHROUGH,0.346,False,0.3462,3,0,0,0,0,none,0,30,False,0,2,0,21,0,,520,0,0,Flufenamic Acid —[is a therapeutic for]→ MESH:D001172 —[is treated by]→ DB04540 —[is a therapeutic for]→ Fabry disease,of its ability to inhibit the activity of the lysosomal enzyme alpha-galactosidase A.,No published evidence found for this drug-disease pair. Strong computational prediction suggests a potential new discovery. Requires experimental validation.,Supported by 3 independent AI pillars; Supporting paper with 21 citations; AI-generated hypothesis available
Fabry disease,Omarigliptin,DB11992,LOW,BREAKTHROUGH,0.346,False,0.34610000252723694,3,0,0,0,0,none,0,31,False,0,0,0,45,0,,3130,0,0,,it is a potent inhibitor of dipeptidyl peptidase-4 and has a favorable safety profile.,No published evidence found for this drug-disease pair. Strong computational prediction suggests a potential new discovery. Requires experimental validation.,Supported by 3 independent AI pillars; Supporting paper with 45 citations; AI-generated hypothesis available
Fabry disease,Bromfenac,DB00963,LOW,BREAKTHROUGH,0.343,False,0.3425,3,0,0,0,0,none,0,1089,False,0,2,0,38,0,,3510,0,0,Bromfenac —[is a therapeutic for]→ MESH:D004342 —[is treated by]→ DB01118 —[is a therapeutic for]→ Fabry disease,of its ability to inhibit the accumulation of globotriaosylceramide in lysosomes.,No published evidence found for this drug-disease pair. Strong computational prediction suggests a potential new discovery. Requires experimental validation.,Supported by 3 independent AI pillars; Supporting paper with 38 citations; AI-generated hypothesis available
Fabry disease,Indomethacin,DB00328,LOW,NOVEL,0.323,False,0.3398,3,2,0,0,0,none,0,12621,False,0,4,0,75,0,,158,0,0,Indomethacin —[treats]→ MESH:D013167 —[is treated by]→ DB04540 —[is a therapeutic for]→ Fabry disease,of its ability to inhibit the degradation of globotriaosylceramide.,Novel prediction with minimal existing evidence (2 articles). Computational support suggests this warrants investigation.,2 PubMed article(s) - limited literature; Supported by 3 independent AI pillars; Supporting paper with 75 citations; AI-generated hypothesis available
Fragile X syndrome,Indirubin-5-Sulphonate,DB02519,LOW,BREAKTHROUGH,0.511,False,0.5110999941825867,4,0,0,0,0,none,0,0,False,0,0,0,5,0,,5905,0,0,,of its ability to inhibit the activity of the fragile X mental retardation protein.,No published evidence found for this drug-disease pair. Strong computational prediction suggests a potential new discovery. Requires experimental validation.,Supported by 4 independent AI pillars; AI-generated hypothesis available
Fragile X syndrome,Netilmicin,DB00955,LOW,NOVEL,0.399,False,0.469,3,0,0,0,0,none,0,164,False,0,0,0,3384,0,,631,0,0,Netilmicin —[is a therapeutic for]→ MESH:D012141 —[is treated by]→ DB01017 —[is a therapeutic for]→ Fragile X syndrome,of its broad spectrum of activity and its ability to cross the blood-brain barrier.,Novel prediction with minimal existing evidence (0 articles). Computational support suggests this warrants investigation.,"Supported by 3 independent AI pillars; Highly cited paper (3384 citations): ""Identification of a gene (FMR-1) containing a CGG repeat coi...""; AI-generated hypothesis available"
Fragile X syndrome,Rutin,DB01698,LOW,NOVEL,0.347,False,0.4081999957561493,3,0,0,0,0,none,0,199,False,0,0,0,3384,0,,36,0,0,Rutin —[is a therapeutic for]→ Fragile X syndrome,of its antioxidant and anti-inflammatory properties.,Novel prediction with minimal existing evidence (0 articles). Computational support suggests this warrants investigation.,"Supported by 3 independent AI pillars; Highly cited paper (3384 citations): ""Identification of a gene (FMR-1) containing a CGG repeat coi...""; AI-generated hypothesis available"
Fragile X syndrome,Gamma(Amino)-Butyric Acid,DB02530,MEDIUM,NOVEL,0.367,False,0.3598000109195709,4,3,2,0,0,none,0,2,False,0,3,0,107,0,,6,0.8649,1,Gamma(Amino)-Butyric Acid —[is a therapeutic for]→ MESH:D000544 —[is treated by]→ DB01043 —[is a therapeutic for]→ Fragile X syndrome,"of its ability to increase the expression of the Fragile X Mental Retardation Protein (FMRP), a protein that is involved in the regulation of synaptic plasticity.",Novel prediction with minimal existing evidence (3 articles). Computational support suggests this warrants investigation.,"3 PubMed article(s) - limited literature; Supported by 4 independent AI pillars; Highly cited paper (107 citations): ""Fragile X syndrome and targeted treatment trials....""; AI-generated hypothesis available; Strong causal genetic evidence (MR score: 0.86, 1 genetic targets)"
Fragile X syndrome,Dexamethasone,DB01234,LOW,NOVEL,0.279,False,0.3481999933719635,3,2,1,0,0,none,0,312747,False,0,1,0,3384,0,,28,0,0,Dexamethasone —[is a therapeutic for]→ MESH:D016584 —[is treated by]→ DB01104 —[is a therapeutic for]→ Fragile X syndrome,of its anti-inflammatory properties.,Novel prediction with minimal existing evidence (2 articles). Computational support suggests this warrants investigation.,"2 PubMed article(s) - limited literature; Supported by 3 independent AI pillars; Highly cited paper (3384 citations): ""Identification of a gene (FMR-1) containing a CGG repeat coi...""; AI-generated hypothesis available"
Fragile X syndrome,Mavoglurant,DB13004,HIGH,KNOWN,0.155,False,0.34540000557899475,3,20,18,0,7,none,0,0,False,0,1,0,249,0,,107,0,0,Mavoglurant —[is antagonized by]→ gene-2915 —[is linked to]→ Fragile X syndrome,of its efficacy and safety.,"Known association with moderate evidence (20 articles, 7 trials). Already being studied.","7 clinical trial(s) found on ClinicalTrials.gov; Phase 3 trial exists; 20 PubMed articles found; Supported by 3 independent AI pillars; Highly cited paper (249 citations): ""Mavoglurant in fragile X syndrome: Results of two randomized...""; AI-generated hypothesis available"
Fragile X syndrome,7-Methyl-Gpppa,DB01649,LOW,BREAKTHROUGH,0.342,False,0.34209999442100525,3,0,0,0,0,none,0,0,False,0,0,0,9,0,,8057,0,0,,it is a potent inhibitor of the enzyme.,No published evidence found for this drug-disease pair. Strong computational prediction suggests a potential new discovery. Requires experimental validation.,Supported by 3 independent AI pillars; AI-generated hypothesis available
Fragile X syndrome,Atosiban,DB09059,LOW,NOVEL,0.288,False,0.3393999934196472,3,0,0,0,0,none,0,727,False,0,0,0,3384,0,,3356,0,0,Atosiban —[is antagonized by]→ gene-5021 —[catalyzes]→ gene-2915 —[is linked to]→ Fragile X syndrome,it is a selective antagonist of the oxytocin receptor.,Novel prediction with minimal existing evidence (0 articles). Computational support suggests this warrants investigation.,"Supported by 3 independent AI pillars; Highly cited paper (3384 citations): ""Identification of a gene (FMR-1) containing a CGG repeat coi...""; AI-generated hypothesis available"
Fragile X syndrome,Amantadine,DB00915,HIGH,KNOWN,0.235,False,0.33629998564720154,3,0,0,0,2,none,0,17778,False,0,1,0,3384,0.4545,Memantine,48,0,0,Amantadine —[is a therapeutic for]→ MESH:D012141 —[is treated by]→ DB01017 —[is a therapeutic for]→ Fragile X syndrome,"it is a potent inhibitor of the enzyme, and it is well tolerated.","Known association with moderate evidence (0 articles, 2 trials). Already being studied.","2 clinical trial(s) found on ClinicalTrials.gov; Supported by 3 independent AI pillars; Highly cited paper (3384 citations): ""Identification of a gene (FMR-1) containing a CGG repeat coi...""; AI-generated hypothesis available"
Fragile X syndrome,Novobiocin,DB01051,LOW,NOVEL,0.266,False,0.3319999873638153,3,1,0,0,0,none,0,3,False,0,1,0,3384,0,,176,0,0,Novobiocin —[is a therapeutic for]→ MESH:D009369 —[is treated by]→ DB01104 —[is a therapeutic for]→ Fragile X syndrome,of its ability to inhibit the enzyme poly (ADP-ribose) polymerase (PARP).,Novel prediction with minimal existing evidence (1 articles). Computational support suggests this warrants investigation.,"1 PubMed article(s) - limited literature; Supported by 3 independent AI pillars; Highly cited paper (3384 citations): ""Identification of a gene (FMR-1) containing a CGG repeat coi...""; AI-generated hypothesis available"
Gaucher disease,Rebamipide,DB11656,LOW,BREAKTHROUGH,0.632,False,0.6323999762535095,4,0,0,0,0,none,0,8548,False,0,0,0,31,0,,91,0,0,Rebamipide —[is a therapeutic for]→ MESH:D002908 —[is treated by]→ DB00419 —[treats]→ Gaucher disease,of its anti-inflammatory and antioxidant properties.,No published evidence found for this drug-disease pair. Strong computational prediction suggests a potential new discovery. Requires experimental validation.,Supported by 4 independent AI pillars; Supporting paper with 31 citations; AI-generated hypothesis available
Gaucher disease,Tacrolimus,DB00864,LOW,NOVEL,0.481,False,0.5060999989509583,4,2,2,0,0,none,0,124653,False,0,0,0,31,0.375,Sirolimus,140,0,0,Tacrolimus —[treats]→ MESH:D006086 —[is treated by]→ DB00877 —[is a therapeutic for]→ Gaucher disease,of its ability to inhibit the enzyme glucocerebrosidase.,Novel prediction with minimal existing evidence (2 articles). Computational support suggests this warrants investigation.,2 PubMed article(s) - limited literature; Supported by 4 independent AI pillars; Supporting paper with 31 citations; AI-generated hypothesis available
Gaucher disease,Gonadorelin,DB00644,LOW,BREAKTHROUGH,0.479,False,0.47850000858306885,4,0,0,0,0,none,0,588,False,0,0,0,31,0,,142,0,0,Gonadorelin —[is a therapeutic for]→ MESH:D051437 —[is treated by]→ DB00877 —[is a therapeutic for]→ Gaucher disease,"it stimulates the production of growth hormone and insulin-like growth factor-1, which are important for bone metabolism.",No published evidence found for this drug-disease pair. Strong computational prediction suggests a potential new discovery. Requires experimental validation.,Supported by 4 independent AI pillars; Supporting paper with 31 citations; AI-generated hypothesis available
Gaucher disease,Paclitaxel,DB01229,LOW,NOVEL,0.491,False,0.4309000074863434,4,1,0,0,0,none,0,86251,False,0,1,0,31,0,,128,0.5319,1,Paclitaxel —[treats]→ MESH:D012514 —[is treated by]→ DB00877 —[is a therapeutic for]→ Gaucher disease,of its ability to inhibit the enzyme glucocerebrosidase.,Novel prediction with minimal existing evidence (1 articles). Computational support suggests this warrants investigation.,1 PubMed article(s) - limited literature; Supported by 4 independent AI pillars; Supporting paper with 31 citations; AI-generated hypothesis available; Moderate genetic evidence supporting causality (MR score: 0.53)
Gaucher disease,Aceneuramic Acid,DB11797,LOW,BREAKTHROUGH,0.403,False,0.40310001373291016,3,0,0,0,0,none,0,0,False,0,2,0,6,0,,16,0,0,Aceneuramic Acid —[is a therapeutic for]→ MESH:D009369 —[is treated by]→ DB00877 —[is a therapeutic for]→ Gaucher disease,it is a substrate of the enzyme glucocerebrosidase.,No published evidence found for this drug-disease pair. Strong computational prediction suggests a potential new discovery. Requires experimental validation.,Supported by 3 independent AI pillars; AI-generated hypothesis available
Gaucher disease,Danazol,DB01406,LOW,BREAKTHROUGH,0.391,False,0.39149999618530273,3,0,0,0,0,none,0,2772,False,0,1,0,31,0,,11,0,0,Danazol —[treats]→ MESH:D000744 —[is treated by]→ DB00877 —[is a therapeutic for]→ Gaucher disease,it is a potent inhibitor of the enzyme.,No published evidence found for this drug-disease pair. Strong computational prediction suggests a potential new discovery. Requires experimental validation.,Supported by 3 independent AI pillars; Supporting paper with 31 citations; AI-generated hypothesis available
Gaucher disease,Dexamethasone,DB01234,LOW,NOVEL,0.356,False,0.3750999867916107,3,5,4,0,0,none,0,312747,False,0,4,0,41,0,,17,0,0,Dexamethasone —[is a therapeutic for]→ MESH:D055371 —[is treated by]→ DB06742 —[is a therapeutic for]→ Gaucher disease,of its anti-inflammatory properties.,Novel prediction with minimal existing evidence (5 articles). Computational support suggests this warrants investigation.,5 PubMed article(s) - limited literature; Supported by 3 independent AI pillars; Supporting paper with 41 citations; AI-generated hypothesis available
Gaucher disease,4-Phenylbutyric Acid,DB06819,LOW,BREAKTHROUGH,0.366,False,0.3662000000476837,3,0,0,0,0,none,0,0,False,0,0,0,5,0,,106,0,0,4-Phenylbutyric Acid —[is a therapeutic for]→ MESH:D003920 —[is treated by]→ DB00877 —[is a therapeutic for]→ Gaucher disease,it is a substrate of the enzyme and is not toxic to the liver.,No published evidence found for this drug-disease pair. Strong computational prediction suggests a potential new discovery. Requires experimental validation.,Supported by 3 independent AI pillars; AI-generated hypothesis available
Gaucher disease,Carba-Nicotinamide-Adenine-Dinucleotide,DB02498,LOW,BREAKTHROUGH,0.364,False,0.36419999599456787,3,0,0,0,0,none,0,0,False,0,0,0,29,0,,10257,0,0,,of its ability to increase the activity of glucocerebrosidase.,No published evidence found for this drug-disease pair. Strong computational prediction suggests a potential new discovery. Requires experimental validation.,Supported by 3 independent AI pillars; Supporting paper with 29 citations; AI-generated hypothesis available
Gaucher disease,Incb-9471,DB12960,LOW,BREAKTHROUGH,0.363,False,0.3628999888896942,3,0,0,0,0,none,0,0,False,0,0,0,1,0,,4785,0,0,Incb-9471 —[is antagonized by]→ gene-1234 —[is affected by]→ DB00877 —[is a therapeutic for]→ Gaucher disease,it is a potent inhibitor of glucocerebrosidase.,No published evidence found for this drug-disease pair. Strong computational prediction suggests a potential new discovery. Requires experimental validation.,Supported by 3 independent AI pillars; AI-generated hypothesis available
Glioblastoma,Paclitaxel,DB01229,HIGH,ESTABLISHED,0.205,True,0.5117999911308289,4,385,367,2,10,moderate,4,86251,False,0,73,0,11,0,,7,0.4377,1,Paclitaxel —[downregulates]→ gene-191 —[is upregulated by]→ DB00762 —[treats]→ Glioblastoma,of its ability to induce apoptosis and inhibit angiogenesis.,"Well-established drug-disease relationship (385 articles, 10 trials). Not a repurposing candidate.",10 clinical trial(s) found on ClinicalTrials.gov; 385 PubMed articles on this drug-disease pair; 2 article(s) specifically mention repurposing/repositioning; Supported by 4 independent AI pillars; Moderate FAERS signal: 4 adverse event reports mention drug-disease co-occurrence; AI-generated hypothesis available; Moderate genetic evidence supporting causality (MR score: 0.44)
Glioblastoma,Vinblastine,DB00570,HIGH,KNOWN,0.396,False,0.4717000126838684,4,41,35,0,1,none,0,7543,False,0,53,0,40,0.8835,Vincristine,93,0.5593,1,Vinblastine —[downregulates]→ gene-5111 —[is linked to]→ Glioblastoma,of its ability to induce apoptosis and inhibit angiogenesis.,"Known association with moderate evidence (41 articles, 1 trials). Already being studied.",1 clinical trial(s) found on ClinicalTrials.gov; 41 PubMed articles found; Supported by 4 independent AI pillars; High molecular similarity (0.88) to Vincristine; Supporting paper with 40 citations; AI-generated hypothesis available; Moderate genetic evidence supporting causality (MR score: 0.56)
Glioblastoma,"3,3'-Diindolylmethane",DB11875,LOW,NOVEL,0.446,False,0.4699000120162964,4,3,3,0,0,none,0,44,False,0,9,0,40,0,,69,0.4377,1,"3,3'-Diindolylmethane —[is a therapeutic for]→ MESH:D008103 —[is treated by]→ DB00091 —[is a therapeutic for]→ Glioblastoma",of its anti-inflammatory and anti-angiogenic properties.,Novel prediction with minimal existing evidence (3 articles). Computational support suggests this warrants investigation.,3 PubMed article(s) - limited literature; Supported by 4 independent AI pillars; Supporting paper with 40 citations; AI-generated hypothesis available; Moderate genetic evidence supporting causality (MR score: 0.44)
Glioblastoma,Temozolomide,DB00853,HIGH,ESTABLISHED,0.021,True,0.427700012922287,4,7576,7271,159,10,strong,288,17585,False,0,13,0,19640,0,,33,0.4377,1,Temozolomide —[treats]→ Glioblastoma,of its ability to induce apoptosis and inhibit angiogenesis.,"Well-established drug-disease relationship (7576 articles, 10 trials). Not a repurposing candidate.","10 clinical trial(s) found on ClinicalTrials.gov; Phase 3 trial exists; 7576 PubMed articles on this drug-disease pair; 159 article(s) specifically mention repurposing/repositioning; Supported by 4 independent AI pillars; Strong FAERS signal: 288 adverse event reports link drug to disease (17585 total reports); Highly cited paper (19640 citations): ""Radiotherapy plus concomitant and adjuvant temozolomide for ...""; AI-generated hypothesis available; Moderate genetic evidence supporting causality (MR score: 0.44); NOTE: This appears to be an already-approved treatment, not a repurposing candidate"
Glioblastoma,2-Bromoacetyl Group,DB02198,LOW,NOVEL,0.38,False,0.4226999878883362,3,0,0,0,0,none,0,0,False,0,1,0,280,0,,5169,0,0,2-Bromoacetyl Group —[targets]→ gene-5742 —[is linked to]→ Glioblastoma,of its ability to inhibit the activity of histone deacetylases.,Novel prediction with minimal existing evidence (0 articles). Computational support suggests this warrants investigation.,"Supported by 3 independent AI pillars; Highly cited paper (280 citations): ""Prognostic validation of a new classification system for ext...""; AI-generated hypothesis available"
Glioblastoma,Fluorouracil,DB00544,HIGH,ESTABLISHED,0.201,True,0.41850000619888306,4,177,163,0,10,moderate,6,85326,False,0,40,0,6,0,,17,0.5593,1,Fluorouracil —[downregulates]→ gene-2697 —[is linked to]→ Glioblastoma,of its ability to inhibit the proliferation of cancer cells.,"Well-established drug-disease relationship (177 articles, 10 trials). Not a repurposing candidate.",10 clinical trial(s) found on ClinicalTrials.gov; Phase 3 trial exists; 177 PubMed articles on this drug-disease pair; Supported by 4 independent AI pillars; Moderate FAERS signal: 6 adverse event reports mention drug-disease co-occurrence; AI analysis of 1 abstract(s) found positive treatment signals; AI-generated hypothesis available; Moderate genetic evidence supporting causality (MR score: 0.56)
Glioblastoma,Edotecarin,DB04882,HIGH,KNOWN,0.265,False,0.40709999203681946,3,2,2,0,1,none,0,3,False,0,2,0,902,0,,66,0,0,Edotecarin —[is a therapeutic for]→ Glioblastoma,of its ability to inhibit the proliferation of cancer cells.,"Known association with moderate evidence (2 articles, 1 trials). Already being studied.","1 clinical trial(s) found on ClinicalTrials.gov; Phase 3 trial exists; 2 PubMed article(s) - limited literature; Supported by 3 independent AI pillars; Highly cited paper (902 citations): ""Glioblastoma and Other Primary Brain Malignancies in Adults:...""; AI analysis of 1 abstract(s) found positive treatment signals; AI-generated hypothesis available"
Glioblastoma,Gemcitabine,DB00441,HIGH,KNOWN,0.283,False,0.40470001101493835,3,94,88,3,5,moderate,3,55284,False,0,65,0,22,0,,18,0,0,Gemcitabine —[downregulates]→ gene-995 —[is downregulated by]→ DB00762 —[treats]→ Glioblastoma,of its ability to induce apoptosis and inhibit angiogenesis.,"Known association with moderate evidence (94 articles, 5 trials). Already being studied.",5 clinical trial(s) found on ClinicalTrials.gov; 94 PubMed articles on this drug-disease pair; 3 article(s) specifically mention repurposing/repositioning; Supported by 3 independent AI pillars; Moderate FAERS signal: 3 adverse event reports mention drug-disease co-occurrence; Supporting paper with 22 citations; AI-generated hypothesis available
Glioblastoma,AZD2171,DB04849,HIGH,KNOWN,0.197,False,0.3932,3,8,8,0,10,none,0,50,False,0,77,0,1809,0,,45,0,0,AZD2171 —[is a therapeutic for]→ Glioblastoma,of its ability to inhibit the proliferation of tumor cells and its ability to induce apoptosis.,"Known association with moderate evidence (8 articles, 10 trials). Already being studied.","10 clinical trial(s) found on ClinicalTrials.gov; Phase 3 trial exists; 8 PubMed article(s) - limited literature; Supported by 3 independent AI pillars; Highly cited paper (1809 citations): ""AZD2171, a pan-VEGF receptor tyrosine kinase inhibitor, norm...""; AI-generated hypothesis available"
Glioblastoma,Acetylcysteine,DB06151,HIGH,KNOWN,0.274,False,0.39089998602867126,4,70,60,2,2,weak,1,10374,False,0,31,0,50,0,,53,0.4377,1,Acetylcysteine —[downregulates]→ gene-10112 —[is downregulated by]→ DB00762 —[treats]→ Glioblastoma,of its antioxidant properties.,"Known association with moderate evidence (70 articles, 2 trials). Already being studied.",2 clinical trial(s) found on ClinicalTrials.gov; 70 PubMed articles on this drug-disease pair; 2 article(s) specifically mention repurposing/repositioning; Supported by 4 independent AI pillars; Note: Drug had early-phase trial failures for this disease; Supporting paper with 50 citations; AI analysis of 1 abstract(s) found positive treatment signals; AI-generated hypothesis available; Moderate genetic evidence supporting causality (MR score: 0.44)
HIV,Simvastatin,DB00641,HIGH,KNOWN,0.453,False,0.5396999716758728,4,83,77,1,3,moderate,9,210221,False,0,64,0,75,0,,7,0.6174,1,Simvastatin —[downregulates]→ gene-84617 —[inhibits]→ DB01229 —[is a therapeutic for]→ HIV,of its ability to inhibit HIV replication.,"Known association with moderate evidence (83 articles, 3 trials). Already being studied.",3 clinical trial(s) found on ClinicalTrials.gov; 83 PubMed articles on this drug-disease pair; 1 article(s) specifically mention repurposing/repositioning; Supported by 4 independent AI pillars; Moderate FAERS signal: 9 adverse event reports mention drug-disease co-occurrence; Supporting paper with 75 citations; AI-generated hypothesis available; Moderate genetic evidence supporting causality (MR score: 0.62)
HIV,Methadone,DB00333,HIGH,ESTABLISHED,0.148,True,0.4925000071525574,4,2409,2224,0,10,moderate,14,51541,False,0,14,0,17,0,,115,0.7867,1,Methadone —[is a therapeutic for]→ HIV,of its unique mechanism of action.,"Well-established drug-disease relationship (2409 articles, 10 trials). Not a repurposing candidate.","10 clinical trial(s) found on ClinicalTrials.gov; Phase 3 trial exists; 2409 PubMed articles on this drug-disease pair; Supported by 4 independent AI pillars; Moderate FAERS signal: 14 adverse event reports mention drug-disease co-occurrence; AI-generated hypothesis available; Strong causal genetic evidence (MR score: 0.79, 1 genetic targets); NOTE: This appears to be an already-approved treatment, not a repurposing candidate"
HIV,Dexamethasone,DB01234,HIGH,ESTABLISHED,0.172,True,0.4917,4,469,392,2,10,moderate,36,312747,False,0,88,0,53,0,,13,0.2237,2,Dexamethasone —[downregulates]→ gene-3454 —[is an agonist of]→ DB00022 —[is a therapeutic for]→ HIV,of its anti-inflammatory properties.,"Well-established drug-disease relationship (469 articles, 10 trials). Not a repurposing candidate.",10 clinical trial(s) found on ClinicalTrials.gov; Phase 3 trial exists; 469 PubMed articles on this drug-disease pair; 2 article(s) specifically mention repurposing/repositioning; Supported by 4 independent AI pillars; Moderate FAERS signal: 36 adverse event reports mention drug-disease co-occurrence; Supporting paper with 53 citations; AI-generated hypothesis available
HIV,Clomifene,DB00882,MEDIUM,NOVEL,0.495,False,0.4852,4,1,1,0,0,none,0,284,False,0,19,0,289,0,,105,0.719,2,Clomifene —[downregulates]→ gene-1633 —[is bound by]→ DB00879 —[treats]→ HIV,of its ability to inhibit the HIV-1 integrase enzyme.,Novel prediction with minimal existing evidence (1 articles). Computational support suggests this warrants investigation.,"1 PubMed article(s) - limited literature; Supported by 4 independent AI pillars; Highly cited paper (289 citations): ""Life expectancy after 2015 of adults with HIV on long-term a...""; AI-generated hypothesis available; Strong causal genetic evidence (MR score: 0.72, 2 genetic targets)"
HIV,Hydrocortisone,DB00741,HIGH,ESTABLISHED,0.169,True,0.482,4,364,220,0,6,moderate,13,79272,False,0,46,0,14,0.678,Cortisone,10,0.4482,2,Hydrocortisone —[palliates]→ DOID:10283 —[is treated by]→ DB00997 —[is a therapeutic for]→ HIV,of its anti-inflammatory properties.,"Well-established drug-disease relationship (364 articles, 6 trials). Not a repurposing candidate.",6 clinical trial(s) found on ClinicalTrials.gov; Phase 3 trial exists; 364 PubMed articles on this drug-disease pair; Supported by 4 independent AI pillars; High molecular similarity (0.68) to Cortisone; Moderate FAERS signal: 13 adverse event reports mention drug-disease co-occurrence; AI-generated hypothesis available; Moderate genetic evidence supporting causality (MR score: 0.45)
HIV,Progesterone,DB00396,HIGH,ESTABLISHED,0.192,True,0.4802,4,316,194,1,10,none,0,19292,False,0,42,0,1,0.7234,Testosterone,33,0.4353,2,Progesterone —[downregulates]→ gene-4609 —[is a target of]→ DB00945 —[is a therapeutic for]→ HIV,of its anti-inflammatory and immunomodulatory properties.,"Well-established drug-disease relationship (316 articles, 10 trials). Not a repurposing candidate.",10 clinical trial(s) found on ClinicalTrials.gov; 316 PubMed articles on this drug-disease pair; 1 article(s) specifically mention repurposing/repositioning; Supported by 4 independent AI pillars; High molecular similarity (0.72) to Testosterone; AI-generated hypothesis available; Moderate genetic evidence supporting causality (MR score: 0.44)
HIV,Prednisolone,DB00860,HIGH,ESTABLISHED,0.164,True,0.46950000524520874,4,465,434,0,10,moderate,43,190318,False,0,16,0,23,0,,43,0.1945,1,Prednisolone —[upregulates]→ gene-4792 —[is a target of]→ DB00945 —[is a therapeutic for]→ HIV,of its anti-inflammatory properties.,"Well-established drug-disease relationship (465 articles, 10 trials). Not a repurposing candidate.",10 clinical trial(s) found on ClinicalTrials.gov; Phase 3 trial exists; 465 PubMed articles on this drug-disease pair; Supported by 4 independent AI pillars; Moderate FAERS signal: 43 adverse event reports mention drug-disease co-occurrence; Supporting paper with 23 citations; AI-generated hypothesis available
HIV,Tretinoin,DB00755,HIGH,KNOWN,0.245,False,0.4456,4,118,82,0,4,none,0,6607,False,0,49,0,100,0,,88,0.4636,2,Tretinoin —[downregulates]→ gene-56654 —[is downregulated by]→ DB04835 —[treats]→ HIV,of its anti-inflammatory and immunomodulatory properties.,"Known association with moderate evidence (118 articles, 4 trials). Already being studied.",4 clinical trial(s) found on ClinicalTrials.gov; 118 PubMed articles on this drug-disease pair; Supported by 4 independent AI pillars; Supporting paper with 100 citations; AI-generated hypothesis available; Moderate genetic evidence supporting causality (MR score: 0.46)
HIV,Netilmicin,DB00955,MEDIUM,NOVEL,0.329,False,0.4387,3,12,10,0,0,none,0,164,False,0,0,0,106,0,,1083,0,0,Netilmicin —[is a therapeutic for]→ MESH:D059413 —[is treated by]→ DB00537 —[is a therapeutic for]→ HIV,of its broad spectrum of activity and its low toxicity.,Novel prediction with minimal existing evidence (12 articles). Computational support suggests this warrants investigation.,"12 PubMed articles found; Supported by 3 independent AI pillars; Highly cited paper (106 citations): ""In-vitro antimicrobial susceptibility of Rhodococcus equi....""; AI-generated hypothesis available"
HIV,Budesonide,DB01222,MEDIUM,NOVEL,0.37,False,0.4350999891757965,4,28,27,0,0,moderate,3,57603,False,0,19,0,28,0,,118,0.1945,1,Budesonide —[affects]→ gene-3553 —[is a target of]→ DB01017 —[is a therapeutic for]→ HIV,of its anti-inflammatory properties.,Novel prediction with minimal existing evidence (28 articles). Computational support suggests this warrants investigation.,28 PubMed articles found; Supported by 4 independent AI pillars; Moderate FAERS signal: 3 adverse event reports mention drug-disease co-occurrence; Supporting paper with 28 citations; AI-generated hypothesis available
Heart failure,Berberine,DB04115,HIGH,NOVEL,0.535,False,0.5571,5,65,55,0,0,strong,11,816,False,0,14,0,90,0,,74,0.5442,3,Berberine —[is a therapeutic for]→ Heart failure,of its anti-inflammatory and antioxidant properties.,Novel prediction with minimal existing evidence (65 articles). Computational support suggests this warrants investigation.,65 PubMed articles on this drug-disease pair; Supported by 5 independent AI pillars; Strong FAERS signal: 11 adverse event reports link drug to disease (816 total reports); Supporting paper with 90 citations; AI-generated hypothesis available; Moderate genetic evidence supporting causality (MR score: 0.54)
Heart failure,Propranolol,DB00571,HIGH,KNOWN,0.296,False,0.5474,4,973,819,0,4,moderate,483,59698,False,0,16,0,52,0,,26,0.7633,2,Propranolol —[is a therapeutic for]→ Heart failure,of its anti-inflammatory and anti-fibrotic properties.,"Known association with moderate evidence (973 articles, 4 trials). Already being studied.","4 clinical trial(s) found on ClinicalTrials.gov; 973 PubMed articles on this drug-disease pair; Supported by 4 independent AI pillars; Moderate FAERS signal: 483 adverse event reports mention drug-disease co-occurrence; Supporting paper with 52 citations; AI-generated hypothesis available; Strong causal genetic evidence (MR score: 0.76, 2 genetic targets)"
Heart failure,Tacrolimus,DB00864,HIGH,ESTABLISHED,0.156,True,0.5210999846458435,4,311,237,0,8,moderate,871,124653,False,0,2,0,23,0,,360,0,0,Tacrolimus —[upregulates]→ gene-7099 —[is a target of]→ DB01183 —[is a therapeutic for]→ Heart failure,of its anti-inflammatory and immunosuppressive properties.,"Well-established drug-disease relationship (311 articles, 8 trials). Not a repurposing candidate.",8 clinical trial(s) found on ClinicalTrials.gov; Phase 3 trial exists; 311 PubMed articles on this drug-disease pair; Supported by 4 independent AI pillars; Moderate FAERS signal: 871 adverse event reports mention drug-disease co-occurrence; Supporting paper with 23 citations; AI-generated hypothesis available
Heart failure,Trandolaprilat,DB14209,LOW,NOVEL,0.412,False,0.5149999856948853,4,4,4,0,0,none,0,0,False,0,1,0,2076,0.8246,Trandolapril,2693,0,0,Trandolaprilat —[is inhibited by]→ gene-1636 —[inhibits]→ DB00519 —[treats]→ Heart failure,of its ability to reduce the levels of Angiotensin II and the subsequent activation of the renin-angiotensin-aldosterone system.,Novel prediction with minimal existing evidence (4 articles). Computational support suggests this warrants investigation.,"4 PubMed article(s) - limited literature; Supported by 4 independent AI pillars; High molecular similarity (0.82) to Trandolapril; Highly cited paper (2076 citations): ""2021 ESC Guidelines for the diagnosis and treatment of acute...""; AI-generated hypothesis available"
Heart failure,Epinephrine,DB00668,HIGH,ESTABLISHED,0.12,True,0.5004,4,1053,680,0,10,moderate,394,46064,False,0,20,0,23,0,,15,0.6234,3,Epinephrine —[is a therapeutic for]→ Heart failure,of its anti-inflammatory and anti-apoptotic properties.,"Well-established drug-disease relationship (1053 articles, 10 trials). Not a repurposing candidate.","10 clinical trial(s) found on ClinicalTrials.gov; Phase 3 trial exists; 1053 PubMed articles on this drug-disease pair; Supported by 4 independent AI pillars; Moderate FAERS signal: 394 adverse event reports mention drug-disease co-occurrence; Supporting paper with 23 citations; AI-generated hypothesis available; Moderate genetic evidence supporting causality (MR score: 0.62); NOTE: This appears to be an already-approved treatment, not a repurposing candidate"
Heart failure,Metformin,DB00331,HIGH,ESTABLISHED,0.06,True,0.4965,4,1025,960,6,10,strong,6133,419475,False,0,72,0,147,0,,24,0.7519,10,Metformin —[is a therapeutic for]→ Heart failure,of its anti-inflammatory and anti-oxidant properties.,"Well-established drug-disease relationship (1025 articles, 10 trials). Not a repurposing candidate.","10 clinical trial(s) found on ClinicalTrials.gov; Phase 3 trial exists; 1025 PubMed articles on this drug-disease pair; 6 article(s) specifically mention repurposing/repositioning; Supported by 4 independent AI pillars; Strong FAERS signal: 6133 adverse event reports link drug to disease (419475 total reports); Highly cited paper (147 citations): ""Metformin, heart failure, and lactic acidosis: is metformin ...""; AI-generated hypothesis available; Strong causal genetic evidence (MR score: 0.75, 10 genetic targets); NOTE: This appears to be an already-approved treatment, not a repurposing candidate"
Heart failure,Ethacrynic acid,DB00903,HIGH,KNOWN,0.385,False,0.4936999976634979,4,162,160,1,0,strong,13,321,False,0,7,0,27,0,,129,0.9125,1,Ethacrynic acid —[is a therapeutic for]→ Heart failure,of its diuretic and natriuretic properties.,"Known association with moderate evidence (162 articles, 0 trials). Already being studied.","162 PubMed articles on this drug-disease pair; 1 article(s) specifically mention repurposing/repositioning; Supported by 4 independent AI pillars; Strong FAERS signal: 13 adverse event reports link drug to disease (321 total reports); Supporting paper with 27 citations; AI-generated hypothesis available; Strong causal genetic evidence (MR score: 0.91, 1 genetic targets)"
Heart failure,Epoprostenol,DB01240,HIGH,ESTABLISHED,0.177,True,0.4916999936103821,4,329,306,2,6,strong,231,4668,False,0,9,0,23,0,,27,0.7682,1,Epoprostenol —[is a therapeutic for]→ Heart failure,of its ability to increase cardiac output and decrease pulmonary vascular resistance.,"Well-established drug-disease relationship (329 articles, 6 trials). Not a repurposing candidate.","6 clinical trial(s) found on ClinicalTrials.gov; Phase 3 trial exists; 329 PubMed articles on this drug-disease pair; 2 article(s) specifically mention repurposing/repositioning; Supported by 4 independent AI pillars; Strong FAERS signal: 231 adverse event reports link drug to disease (4668 total reports); Supporting paper with 23 citations; AI-generated hypothesis available; Strong causal genetic evidence (MR score: 0.77, 1 genetic targets)"
Heart failure,Isoprenaline,DB01064,HIGH,KNOWN,0.323,False,0.4898,4,381,239,1,2,moderate,5,165,False,0,13,0,23,0.6875,Epinephrine,9,0.6864,4,Isoprenaline —[treats]→ Heart failure,of its positive inotropic effect.,"Known association with moderate evidence (381 articles, 2 trials). Already being studied.",2 clinical trial(s) found on ClinicalTrials.gov; 381 PubMed articles on this drug-disease pair; 1 article(s) specifically mention repurposing/repositioning; Supported by 4 independent AI pillars; High molecular similarity (0.69) to Epinephrine; Moderate FAERS signal: 5 adverse event reports mention drug-disease co-occurrence; Supporting paper with 23 citations; AI-generated hypothesis available; Moderate genetic evidence supporting causality (MR score: 0.69)
Heart failure,Hydrocortisone,DB00741,HIGH,KNOWN,0.26,False,0.4823,4,279,185,0,3,moderate,648,79272,False,0,16,0,23,0,,118,0.6409,7,Hydrocortisone —[palliates]→ DOID:10283 —[is treated by]→ DB00126 —[is a therapeutic for]→ Heart failure,of its anti-inflammatory and anti-fibrotic properties.,"Known association with moderate evidence (279 articles, 3 trials). Already being studied.",3 clinical trial(s) found on ClinicalTrials.gov; 279 PubMed articles on this drug-disease pair; Supported by 4 independent AI pillars; Moderate FAERS signal: 648 adverse event reports mention drug-disease co-occurrence; Supporting paper with 23 citations; AI-generated hypothesis available; Moderate genetic evidence supporting causality (MR score: 0.64)
Hepatitis C,Aciclovir,DB00787,HIGH,KNOWN,0.388,False,0.46160000562667847,4,7,7,0,3,moderate,8,22997,False,0,3,0,232,0,,184,0.6392,1,Aciclovir —[treats]→ MESH:D020803 —[is treated by]→ MESH:D013256 —[is a therapeutic for]→ Hepatitis C,of its antiviral properties.,"Known association with moderate evidence (7 articles, 3 trials). Already being studied.","3 clinical trial(s) found on ClinicalTrials.gov; 7 PubMed article(s) - limited literature; Supported by 4 independent AI pillars; Moderate FAERS signal: 8 adverse event reports mention drug-disease co-occurrence; Highly cited paper (232 citations): ""Antiviral drugs: current state of the art....""; AI-generated hypothesis available; Moderate genetic evidence supporting causality (MR score: 0.64)"
Hepatitis C,Umifenovir,DB13609,MEDIUM,EMERGING,0.343,False,0.4034999907016754,3,11,8,1,0,none,0,112,False,0,1,0,37,0,,112,0,0,Umifenovir —[is a therapeutic for]→ MESH:D007251 —[is treated by]→ DB00915 —[is a therapeutic for]→ Hepatitis C,of its antiviral activity.,"Emerging repurposing candidate. Some evidence exists (11 articles, 1 mention repurposing) but not yet validated in trials.",11 PubMed articles found; 1 article(s) specifically mention repurposing/repositioning; Supported by 3 independent AI pillars; Supporting paper with 37 citations; AI-generated hypothesis available
Hepatitis C,Crizotinib,DB08865,LOW,NOVEL,0.366,False,0.385699987411499,4,2,2,0,0,none,0,4086,False,0,11,0,37,0,,200,0.3964,1,Crizotinib —[downregulates]→ gene-3614 —[inhibits]→ DB00811 —[is a therapeutic for]→ Hepatitis C,of its ability to inhibit the tyrosine kinase activity of the HCV NS3 / 4A protease.,Novel prediction with minimal existing evidence (2 articles). Computational support suggests this warrants investigation.,2 PubMed article(s) - limited literature; Supported by 4 independent AI pillars; Supporting paper with 37 citations; AI-generated hypothesis available; Moderate genetic evidence supporting causality (MR score: 0.40)
Hepatitis C,Dexamethasone,DB01234,HIGH,KNOWN,0.229,False,0.38190001249313354,3,37,32,0,1,moderate,110,312747,False,0,20,0,43,0,,15,0,0,Dexamethasone —[downregulates]→ gene-3454 —[is an agonist of]→ DB00022 —[is a therapeutic for]→ Hepatitis C,of its anti-inflammatory properties.,"Known association with moderate evidence (37 articles, 1 trials). Already being studied.",1 clinical trial(s) found on ClinicalTrials.gov; 37 PubMed articles found; Supported by 3 independent AI pillars; Moderate FAERS signal: 110 adverse event reports mention drug-disease co-occurrence; Supporting paper with 43 citations; AI-generated hypothesis available
Hepatitis C,Folic Acid,DB00158,HIGH,KNOWN,0.222,False,0.3702999949455261,3,27,18,0,3,moderate,116,253612,False,0,6,0,18,0,,156,0,0,Folic Acid —[is a therapeutic for]→ MESH:D009103 —[is treated by]→ DB09122 —[is a therapeutic for]→ Hepatitis C,of its antioxidant properties.,"Known association with moderate evidence (27 articles, 3 trials). Already being studied.",3 clinical trial(s) found on ClinicalTrials.gov; Phase 3 trial exists; 27 PubMed articles found; Supported by 3 independent AI pillars; CAUTION: Drug had terminated/withdrawn trials (Phase 3) for this disease; Moderate FAERS signal: 116 adverse event reports mention drug-disease co-occurrence; AI-generated hypothesis available
Hepatitis C,Hemi-Babim,DB01767,LOW,BREAKTHROUGH,0.367,False,0.3666999936103821,3,0,0,0,0,none,0,0,False,0,0,0,47,0,,9105,0,0,Hemi-Babim —[targets]→ gene-2147 —[is affected by]→ MESH:D013256 —[is a therapeutic for]→ Hepatitis C,of its high efficacy and low side effects.,No published evidence found for this drug-disease pair. Strong computational prediction suggests a potential new discovery. Requires experimental validation.,Supported by 3 independent AI pillars; Supporting paper with 47 citations; AI-generated hypothesis available
Hepatitis C,Rutin,DB01698,LOW,NOVEL,0.348,False,0.3662000000476837,3,7,5,1,0,none,0,199,False,0,2,0,32,0.4615,Quercetin,531,0,0,Rutin —[is a therapeutic for]→ MESH:D019636 —[is treated by]→ DB04216 —[is a therapeutic for]→ Hepatitis C,of its antioxidant and anti-inflammatory properties.,Novel prediction with minimal existing evidence (7 articles). Computational support suggests this warrants investigation.,7 PubMed article(s) - limited literature; 1 article(s) specifically mention repurposing/repositioning; Supported by 3 independent AI pillars; Supporting paper with 32 citations; AI-generated hypothesis available
Hepatitis C,Adenosine Phosphonoacetic Acid,DB02607,LOW,BREAKTHROUGH,0.364,False,0.36390000581741333,3,0,0,0,0,none,0,0,False,0,0,0,6,0,,8408,0,0,Adenosine Phosphonoacetic Acid —[targets]→ gene-4830 —[is is related to by]→ gene-5894 —[is linked to]→ Hepatitis C,of its ability to inhibit the HCV NS3 protease.,No published evidence found for this drug-disease pair. Strong computational prediction suggests a potential new discovery. Requires experimental validation.,Supported by 3 independent AI pillars; AI-generated hypothesis available
Hepatitis C,Carba-Nicotinamide-Adenine-Dinucleotide,DB02498,LOW,BREAKTHROUGH,0.364,False,0.3637999892234802,3,0,0,0,0,none,0,0,False,0,0,0,71,0,,9907,0,0,Carba-Nicotinamide-Adenine-Dinucleotide —[targets]→ gene-142 —[is is related to by]→ gene-3553 —[is associated with]→ Hepatitis C,of its ability to inhibit HCV replication.,No published evidence found for this drug-disease pair. Strong computational prediction suggests a potential new discovery. Requires experimental validation.,Supported by 3 independent AI pillars; Supporting paper with 71 citations; AI-generated hypothesis available
Hepatitis C,Urea,DB03904,HIGH,ESTABLISHED,0.143,True,0.3580999970436096,3,215,133,0,7,none,0,3034,False,0,5,0,12,0,,153,0,0,Urea —[is a therapeutic for]→ MESH:D010300 —[is treated by]→ DB00915 —[is a therapeutic for]→ Hepatitis C,of its ability to inhibit HCV replication.,"Well-established drug-disease relationship (215 articles, 7 trials). Not a repurposing candidate.",7 clinical trial(s) found on ClinicalTrials.gov; 215 PubMed articles on this drug-disease pair; Supported by 3 independent AI pillars; AI-generated hypothesis available
Huntington's disease,Cimetidine,DB00501,LOW,NOVEL,0.417,False,0.49079999327659607,4,0,0,0,0,none,0,6461,False,0,2,0,8392,0,,168,0,0,Cimetidine —[treats]→ DOID:9970 —[is treated by]→ DB01156 —[is a therapeutic for]→ Huntington's disease,it inhibits the synthesis of histamine.,Novel prediction with minimal existing evidence (0 articles). Computational support suggests this warrants investigation.,"Supported by 4 independent AI pillars; Highly cited paper (8392 citations): ""A novel gene containing a trinucleotide repeat that is expan...""; AI-generated hypothesis available"
Huntington's disease,Valproic Acid,DB00313,HIGH,KNOWN,0.283,False,0.42829999327659607,4,43,41,0,1,none,0,31999,False,0,3,0,740,0,,17,0.8265,1,Valproic Acid —[treats]→ DOID:1826 —[is treated by]→ DB00818 —[is a therapeutic for]→ Huntington's disease,of its ability to reduce the expression of the huntingtin protein.,"Known association with moderate evidence (43 articles, 1 trials). Already being studied.","1 clinical trial(s) found on ClinicalTrials.gov; 43 PubMed articles found; Supported by 4 independent AI pillars; Highly cited paper (740 citations): ""Discovery and Preclinical Validation of Drug Indications Usi...""; AI-generated hypothesis available; Strong causal genetic evidence (MR score: 0.83, 1 genetic targets)"
Huntington's disease,Trehalose,DB12310,MEDIUM,NOVEL,0.313,False,0.41769999265670776,3,22,19,0,0,none,0,278,False,0,0,0,114,0,,9,0,0,Trehalose —[is a therapeutic for]→ Huntington's disease,of its neuroprotective properties.,Novel prediction with minimal existing evidence (22 articles). Computational support suggests this warrants investigation.,"22 PubMed articles found; Supported by 3 independent AI pillars; Highly cited paper (114 citations): ""Poly(trehalose) Nanoparticles Prevent Amyloid Aggregation an...""; AI-generated hypothesis available"
Huntington's disease,2'-Monophosphoadenosine 5'-Diphosphoribose,DB03461,LOW,BREAKTHROUGH,0.41,False,0.41040000319480896,4,0,0,0,0,none,0,0,False,0,3,0,20,0,,56,0.1126,1,2'-Monophosphoadenosine 5'-Diphosphoribose —[is a therapeutic for]→ MESH:D019966 —[is treated by]→ DB00502 —[treats]→ Huntington's disease,it is a substrate for the enzyme adenosine deaminase.,No published evidence found for this drug-disease pair. Strong computational prediction suggests a potential new discovery. Requires experimental validation.,Supported by 4 independent AI pillars; AI-generated hypothesis available
Huntington's disease,Dopamine,DB00988,HIGH,ESTABLISHED,0.159,True,0.3973,3,897,538,2,1,none,0,5826,False,0,10,0,1308,0,,13,0,0,Dopamine —[is agonized by]→ gene-1814 —[antagonizes]→ DB00502 —[treats]→ Huntington's disease,of its ability to modulate the activity of the basal ganglia.,"Well-established drug-disease relationship (897 articles, 1 trials). Not a repurposing candidate.","1 clinical trial(s) found on ClinicalTrials.gov; 897 PubMed articles on this drug-disease pair; 2 article(s) specifically mention repurposing/repositioning; Supported by 3 independent AI pillars; Highly cited paper (1308 citations): ""Replication of the neurochemical characteristics of Huntingt...""; AI-generated hypothesis available"
Huntington's disease,Memantine,DB01043,HIGH,KNOWN,0.277,False,0.3961000144481659,4,29,23,0,2,none,0,16174,False,0,7,0,9,0,,30,0,0,Memantine —[is a therapeutic for]→ Huntington's disease,of its neuroprotective effects.,"Known association with moderate evidence (29 articles, 2 trials). Already being studied.",2 clinical trial(s) found on ClinicalTrials.gov; 29 PubMed articles found; Supported by 4 independent AI pillars; AI-generated hypothesis available
Huntington's disease,Rebamipide,DB11656,LOW,NOVEL,0.325,False,0.38269999623298645,3,0,0,0,0,none,0,8548,False,0,1,0,8392,0,,1334,0,0,Rebamipide —[is a therapeutic for]→ MESH:D003093 —[is treated by]→ DB00741 —[is a therapeutic for]→ Huntington's disease,of its anti-inflammatory and antioxidant properties.,Novel prediction with minimal existing evidence (0 articles). Computational support suggests this warrants investigation.,"Supported by 3 independent AI pillars; Highly cited paper (8392 citations): ""A novel gene containing a trinucleotide repeat that is expan...""; AI-generated hypothesis available"
Huntington's disease,Naphthalen-1-Yl-Acetic Acid,DB01750,LOW,BREAKTHROUGH,0.359,False,0.358599990606308,3,0,0,0,0,none,0,0,False,0,0,0,14,0,,207,0,0,Naphthalen-1-Yl-Acetic Acid —[is a therapeutic for]→ MESH:D012559 —[is treated by]→ DB00502 —[treats]→ Huntington's disease,it is a potent inhibitor of the enzyme.,No published evidence found for this drug-disease pair. Strong computational prediction suggests a potential new discovery. Requires experimental validation.,Supported by 3 independent AI pillars; AI-generated hypothesis available
Huntington's disease,Levallorphan,DB00504,LOW,NOVEL,0.301,False,0.3540000021457672,3,0,0,0,0,none,0,11,False,0,0,0,8392,0,,3263,0,0,Levallorphan —[is antagonized by]→ gene-4988 —[is a target of]→ DB01221 —[is a therapeutic for]→ Huntington's disease,of its ability to block the N-methyl-D-aspartate receptor.,Novel prediction with minimal existing evidence (0 articles). Computational support suggests this warrants investigation.,"Supported by 3 independent AI pillars; Highly cited paper (8392 citations): ""A novel gene containing a trinucleotide repeat that is expan...""; AI-generated hypothesis available"
Huntington's disease,Carboxyatractyloside,DB02426,LOW,NOVEL,0.3,False,0.3529999852180481,3,0,0,0,0,none,0,0,False,0,0,0,8392,0,,5375,0,0,Carboxyatractyloside —[targets]→ gene-291 —[is downregulated by]→ DB01156 —[is a therapeutic for]→ Huntington's disease,it is a potent inhibitor of the mitochondrial permeability transition pore.,Novel prediction with minimal existing evidence (0 articles). Computational support suggests this warrants investigation.,"Supported by 3 independent AI pillars; Highly cited paper (8392 citations): ""A novel gene containing a trinucleotide repeat that is expan...""; AI-generated hypothesis available"
Hypertension,Cimetidine,DB00501,HIGH,KNOWN,0.447,False,0.6209,5,104,83,0,0,strong,325,6461,False,0,9,0,22,0,,170,0.7111,4,Cimetidine —[binds]→ gene-8647 —[is bound by]→ DB00661 —[treats]→ Hypertension,of its effect on the renin-angiotensin system.,"Known association with moderate evidence (104 articles, 0 trials). Already being studied.","104 PubMed articles on this drug-disease pair; Supported by 5 independent AI pillars; Strong FAERS signal: 325 adverse event reports link drug to disease (6461 total reports); Supporting paper with 22 citations; AI-generated hypothesis available; Strong causal genetic evidence (MR score: 0.71, 4 genetic targets)"
Hypertension,Spironolactone,DB00421,HIGH,ESTABLISHED,0.144,True,0.6014,4,2725,2378,4,10,strong,5804,110524,False,0,10,0,84,0,,13,0.8143,7,Spironolactone —[treats]→ Hypertension,of its antihypertensive effect.,"Well-established drug-disease relationship (2725 articles, 10 trials). Not a repurposing candidate.","10 clinical trial(s) found on ClinicalTrials.gov; Phase 3 trial exists; 2725 PubMed articles on this drug-disease pair; 4 article(s) specifically mention repurposing/repositioning; Supported by 4 independent AI pillars; Strong FAERS signal: 5804 adverse event reports link drug to disease (110524 total reports); Supporting paper with 84 citations; AI-generated hypothesis available; Strong causal genetic evidence (MR score: 0.81, 7 genetic targets); NOTE: This appears to be an already-approved treatment, not a repurposing candidate"
Hypertension,Cyclic Guanosine Monophosphate,DB02315,HIGH,KNOWN,0.383,False,0.5805,4,653,492,5,1,none,0,0,False,0,15,0,45,0.6721,Cyclic Adenosine Monophosphate,3,0.7637,6,Cyclic Guanosine Monophosphate —[is associated with]→ MESH:D011565 —[is treated by]→ DB00993 —[is a therapeutic for]→ Hypertension,of its ability to increase nitric oxide production and decrease endothelin-1 production.,"Known association with moderate evidence (653 articles, 1 trials). Already being studied.","1 clinical trial(s) found on ClinicalTrials.gov; 653 PubMed articles on this drug-disease pair; 5 article(s) specifically mention repurposing/repositioning; Supported by 4 independent AI pillars; High molecular similarity (0.67) to Cyclic Adenosine Monophosphate; Note: Drug had early-phase trial failures for this disease; Supporting paper with 45 citations; AI-generated hypothesis available; Strong causal genetic evidence (MR score: 0.76, 6 genetic targets)"
Hypertension,Vasopressin,DB00067,HIGH,ESTABLISHED,0.139,True,0.5801,4,2964,1562,2,10,strong,149,4451,False,0,3,0,29,0.8687,Felypressin,156,0.769,3,Vasopressin —[is a therapeutic for]→ MESH:D051437 —[is treated by]→ DB00790 —[treats]→ Hypertension,of its effects on the renin-angiotensin-aldosterone system.,"Well-established drug-disease relationship (2964 articles, 10 trials). Not a repurposing candidate.","10 clinical trial(s) found on ClinicalTrials.gov; 2964 PubMed articles on this drug-disease pair; 2 article(s) specifically mention repurposing/repositioning; Supported by 4 independent AI pillars; High molecular similarity (0.87) to Felypressin; Strong FAERS signal: 149 adverse event reports link drug to disease (4451 total reports); Supporting paper with 29 citations; AI-generated hypothesis available; Strong causal genetic evidence (MR score: 0.77, 3 genetic targets); NOTE: This appears to be an already-approved treatment, not a repurposing candidate"
Hypertension,Bisoprolol,DB00612,HIGH,ESTABLISHED,0.206,True,0.5716,4,594,558,1,10,strong,6547,142044,False,0,3,0,2,0,,97,0.8917,2,Bisoprolol —[treats]→ Hypertension,of its antihypertensive effect.,"Well-established drug-disease relationship (594 articles, 10 trials). Not a repurposing candidate.","10 clinical trial(s) found on ClinicalTrials.gov; Phase 3 trial exists; 594 PubMed articles on this drug-disease pair; 1 article(s) specifically mention repurposing/repositioning; Supported by 4 independent AI pillars; Strong FAERS signal: 6547 adverse event reports link drug to disease (142044 total reports); AI-generated hypothesis available; Strong causal genetic evidence (MR score: 0.89, 2 genetic targets); NOTE: This appears to be an already-approved treatment, not a repurposing candidate"
Hypertension,Dexamethasone,DB01234,HIGH,ESTABLISHED,0.137,True,0.5711,4,2609,1912,10,10,strong,6397,312747,False,0,70,0,38,0.8596,Triamcinolone,43,0.8476,26,Dexamethasone —[affects]→ gene-650 —[activates]→ gene-659 —[is linked to]→ Hypertension,of its anti-inflammatory properties.,"Well-established drug-disease relationship (2609 articles, 10 trials). Not a repurposing candidate.","10 clinical trial(s) found on ClinicalTrials.gov; Phase 3 trial exists; 2609 PubMed articles on this drug-disease pair; 10 article(s) specifically mention repurposing/repositioning; Supported by 4 independent AI pillars; High molecular similarity (0.86) to Triamcinolone; Strong FAERS signal: 6397 adverse event reports link drug to disease (312747 total reports); Supporting paper with 38 citations; AI-generated hypothesis available; Strong causal genetic evidence (MR score: 0.85, 26 genetic targets); NOTE: This appears to be an already-approved treatment, not a repurposing candidate"
Hypertension,Trandolaprilat,DB14209,LOW,NOVEL,0.482,False,0.567300021648407,4,14,14,0,0,none,0,0,False,0,1,0,54,0.8246,Trandolapril,3495,0,0,Trandolaprilat —[is inhibited by]→ gene-1636 —[is linked to]→ Hypertension,of its ability to inhibit ACE and to reduce the formation of angiotensin II.,Novel prediction with minimal existing evidence (14 articles). Computational support suggests this warrants investigation.,14 PubMed articles found; Supported by 4 independent AI pillars; High molecular similarity (0.82) to Trandolapril; Supporting paper with 54 citations; AI-generated hypothesis available
Hypertension,Practolol,DB01297,HIGH,KNOWN,0.473,False,0.5630999803543091,4,134,112,0,0,none,0,6,False,0,2,0,67,0,,108,0.8932,1,Practolol —[is a therapeutic for]→ Hypertension,of its antihypertensive effect.,"Known association with moderate evidence (134 articles, 0 trials). Already being studied.","134 PubMed articles on this drug-disease pair; Supported by 4 independent AI pillars; Supporting paper with 67 citations; AI-generated hypothesis available; Strong causal genetic evidence (MR score: 0.89, 1 genetic targets)"
Hypertension,Urea,DB03904,HIGH,ESTABLISHED,0.067,True,0.5618,4,4355,2778,1,10,strong,148,3034,False,0,13,0,154,0,,25,0.8129,6,Urea —[is a therapeutic for]→ Hypertension,of its ability to increase the excretion of urea.,"Well-established drug-disease relationship (4355 articles, 10 trials). Not a repurposing candidate.","10 clinical trial(s) found on ClinicalTrials.gov; 4355 PubMed articles on this drug-disease pair; 1 article(s) specifically mention repurposing/repositioning; Supported by 4 independent AI pillars; Strong FAERS signal: 148 adverse event reports link drug to disease (3034 total reports); Highly cited paper (154 citations): ""Assessment and Correlation of Urea and Creatinine Levels in ...""; AI-generated hypothesis available; Strong causal genetic evidence (MR score: 0.81, 6 genetic targets); NOTE: This appears to be an already-approved treatment, not a repurposing candidate"
Hypertension,Methyldopa,DB00968,HIGH,ESTABLISHED,0.067,True,0.5573,5,2254,2100,0,10,strong,481,5032,False,0,4,0,114,0,,120,0.7573,2,Methyldopa —[treats]→ Hypertension,of its antihypertensive effect.,"Well-established drug-disease relationship (2254 articles, 10 trials). Not a repurposing candidate.","10 clinical trial(s) found on ClinicalTrials.gov; 2254 PubMed articles on this drug-disease pair; Supported by 5 independent AI pillars; Strong FAERS signal: 481 adverse event reports link drug to disease (5032 total reports); Highly cited paper (114 citations): ""Oral antihypertensive regimens (nifedipine retard, labetalol...""; AI-generated hypothesis available; Strong causal genetic evidence (MR score: 0.76, 2 genetic targets); NOTE: This appears to be an already-approved treatment, not a repurposing candidate"
Idiopathic pulmonary fibrosis,histamine dihydrochloride,DB05381,LOW,BREAKTHROUGH,0.667,False,0.5556,4,0,0,0,0,none,0,15,False,0,14,0,80,0,,3,0.5775,5,histamine dihydrochloride —[is a therapeutic for]→ MESH:D014376 —[is treated by]→ DB00860 —[treats]→ Idiopathic pulmonary fibrosis,of its anti-inflammatory and anti-fibrotic effects.,No published evidence found for this drug-disease pair. Strong computational prediction suggests a potential new discovery. Requires experimental validation.,Supported by 4 independent AI pillars; Supporting paper with 80 citations; AI-generated hypothesis available; Moderate genetic evidence supporting causality (MR score: 0.58)
Idiopathic pulmonary fibrosis,Dexamethasone,DB01234,HIGH,KNOWN,0.388,False,0.5395,4,213,184,1,0,moderate,552,312747,False,0,20,0,46,0.4189,Prednisolone,4,0.5788,11,Dexamethasone —[downregulates]→ gene-1454 —[is activated by]→ gene-6235 —[is downregulated by]→ Idiopathic pulmonary fibrosis,of its anti-inflammatory and anti-fibrotic properties.,"Known association with moderate evidence (213 articles, 0 trials). Already being studied.",213 PubMed articles on this drug-disease pair; 1 article(s) specifically mention repurposing/repositioning; Supported by 4 independent AI pillars; Moderate FAERS signal: 552 adverse event reports mention drug-disease co-occurrence; Supporting paper with 46 citations; AI-generated hypothesis available; Moderate genetic evidence supporting causality (MR score: 0.58)
Idiopathic pulmonary fibrosis,Melatonin,DB01065,HIGH,NOVEL,0.492,False,0.5121,4,37,29,0,0,moderate,70,53144,False,0,9,0,77,0,,83,0.8471,2,Melatonin —[downregulates]→ gene-4931 —[is downregulated by]→ Idiopathic pulmonary fibrosis,of its antioxidant and anti-inflammatory properties.,Novel prediction with minimal existing evidence (37 articles). Computational support suggests this warrants investigation.,"37 PubMed articles found; Supported by 4 independent AI pillars; Moderate FAERS signal: 70 adverse event reports mention drug-disease co-occurrence; Supporting paper with 77 citations; AI-generated hypothesis available; Strong causal genetic evidence (MR score: 0.85, 2 genetic targets)"
Idiopathic pulmonary fibrosis,Estradiol,DB00783,MEDIUM,NOVEL,0.459,False,0.5102,4,22,14,0,0,moderate,510,75392,False,0,15,0,66,0,,39,0.6301,7,Estradiol —[downregulates]→ gene-1500 —[inhibits]→ gene-7525 —[is downregulated by]→ Idiopathic pulmonary fibrosis,of its anti-inflammatory and anti-fibrotic properties.,Novel prediction with minimal existing evidence (22 articles). Computational support suggests this warrants investigation.,22 PubMed articles found; Supported by 4 independent AI pillars; Moderate FAERS signal: 510 adverse event reports mention drug-disease co-occurrence; Supporting paper with 66 citations; AI-generated hypothesis available; Moderate genetic evidence supporting causality (MR score: 0.63)
Idiopathic pulmonary fibrosis,Fluorouracil,DB00544,MEDIUM,KNOWN,0.306,False,0.51,4,38,35,0,0,moderate,300,85326,False,0,7,0,4243,0,,8,0.291,2,Fluorouracil —[upregulates]→ gene-1021 —[is inhibited by]→ gene-1029 —[is upregulated by]→ Idiopathic pulmonary fibrosis,of its anti-inflammatory and anti-fibrotic properties.,"Known association with moderate evidence (38 articles, 0 trials). Already being studied.","38 PubMed articles found; Supported by 4 independent AI pillars; Moderate FAERS signal: 300 adverse event reports mention drug-disease co-occurrence; Highly cited paper (4243 citations): ""American Thoracic Society Documents An Official ATS / ERS / ...""; AI-generated hypothesis available"
Idiopathic pulmonary fibrosis,Epigallocatechin gallate,DB12116,HIGH,KNOWN,0.425,False,0.5055,4,23,23,0,3,none,0,19,False,0,13,0,61,0,,35,0.6016,4,Epigallocatechin gallate —[is a therapeutic for]→ Idiopathic pulmonary fibrosis,of its anti-inflammatory and antioxidant properties.,"Known association with moderate evidence (23 articles, 3 trials). Already being studied.",3 clinical trial(s) found on ClinicalTrials.gov; 23 PubMed articles found; Supported by 4 independent AI pillars; Supporting paper with 61 citations; AI-generated hypothesis available; Moderate genetic evidence supporting causality (MR score: 0.60)
Idiopathic pulmonary fibrosis,Topotecan,DB01030,MEDIUM,NOVEL,0.452,False,0.5027,4,2,2,0,0,moderate,15,5510,False,0,6,0,4243,0,,72,0.669,8,Topotecan —[downregulates]→ gene-5525 —[activates]→ gene-79003 —[is downregulated by]→ Idiopathic pulmonary fibrosis,of its anti-inflammatory and anti-fibrotic properties.,Novel prediction with minimal existing evidence (2 articles). Computational support suggests this warrants investigation.,"2 PubMed article(s) - limited literature; Supported by 4 independent AI pillars; Moderate FAERS signal: 15 adverse event reports mention drug-disease co-occurrence; Highly cited paper (4243 citations): ""American Thoracic Society Documents An Official ATS / ERS / ...""; AI-generated hypothesis available; Moderate genetic evidence supporting causality (MR score: 0.67)"
Idiopathic pulmonary fibrosis,Cyclic Adenosine Monophosphate,DB02527,MEDIUM,NOVEL,0.509,False,0.4994,4,25,21,0,0,none,0,2,False,0,20,0,8,0,,64,0.6515,6,Cyclic Adenosine Monophosphate —[is a therapeutic for]→ MESH:D013224 —[is treated by]→ DB00860 —[treats]→ Idiopathic pulmonary fibrosis,of its anti-inflammatory and anti-fibrotic effects.,Novel prediction with minimal existing evidence (25 articles). Computational support suggests this warrants investigation.,25 PubMed articles found; Supported by 4 independent AI pillars; AI-generated hypothesis available; Moderate genetic evidence supporting causality (MR score: 0.65)
Idiopathic pulmonary fibrosis,Hydrocortisone,DB00741,HIGH,NOVEL,0.373,False,0.4967,4,37,29,0,0,strong,1148,79272,False,0,12,0,18,0.6833,Prednisolone,11,0.3709,5,Hydrocortisone —[palliates]→ DOID:10283 —[is treated by]→ DB00635 —[is a therapeutic for]→ Idiopathic pulmonary fibrosis,of its anti-inflammatory and anti-fibrotic properties.,Novel prediction with minimal existing evidence (37 articles). Computational support suggests this warrants investigation.,37 PubMed articles found; Supported by 4 independent AI pillars; High molecular similarity (0.68) to Prednisolone; Strong FAERS signal: 1148 adverse event reports link drug to disease (79272 total reports); AI-generated hypothesis available; Moderate genetic evidence supporting causality (MR score: 0.37)
Idiopathic pulmonary fibrosis,Testosterone,DB00624,HIGH,KNOWN,0.246,False,0.492,4,19,8,0,1,moderate,28,30252,False,0,11,0,3838,0,,26,0.3404,4,Testosterone —[downregulates]→ gene-5438 —[is inhibited by]→ gene-3178 —[is downregulated by]→ Idiopathic pulmonary fibrosis,of its anti-inflammatory and anti-fibrotic properties.,"Known association with moderate evidence (19 articles, 1 trials). Already being studied.","1 clinical trial(s) found on ClinicalTrials.gov; 19 PubMed articles found; Supported by 4 independent AI pillars; Moderate FAERS signal: 28 adverse event reports mention drug-disease co-occurrence; Highly cited paper (3838 citations): ""Idiopathic pulmonary fibrosis....""; AI-generated hypothesis available; Moderate genetic evidence supporting causality (MR score: 0.34)"
Inflammatory bowel disease,Folic Acid,DB00158,HIGH,ESTABLISHED,0.103,True,0.5721,4,355,231,0,8,moderate,151,253612,False,0,3,0,740,0.5263,Methotrexate,78,0.778,3,Folic Acid —[is a therapeutic for]→ MESH:D018798 —[is treated by]→ DB01592 —[is a therapeutic for]→ Inflammatory bowel disease,of its anti-inflammatory properties.,"Well-established drug-disease relationship (355 articles, 8 trials). Not a repurposing candidate.","8 clinical trial(s) found on ClinicalTrials.gov; Phase 3 trial exists; 355 PubMed articles on this drug-disease pair; Supported by 4 independent AI pillars; High molecular similarity (0.53) to Methotrexate; Moderate FAERS signal: 151 adverse event reports mention drug-disease co-occurrence; Highly cited paper (740 citations): ""Discovery and Preclinical Validation of Drug Indications Usi...""; AI-generated hypothesis available; Strong causal genetic evidence (MR score: 0.78, 3 genetic targets)"
Inflammatory bowel disease,Ampicillin,DB00415,HIGH,KNOWN,0.36,False,0.5455,4,66,54,0,5,moderate,8,12075,False,0,3,0,551,0,,110,0.7427,4,Ampicillin —[targets]→ gene-6564 —[is linked to]→ Inflammatory bowel disease,of its anti-inflammatory properties.,"Known association with moderate evidence (66 articles, 5 trials). Already being studied.","5 clinical trial(s) found on ClinicalTrials.gov; 66 PubMed articles on this drug-disease pair; Supported by 4 independent AI pillars; Moderate FAERS signal: 8 adverse event reports mention drug-disease co-occurrence; Highly cited paper (551 citations): ""Computational Repositioning of the Anticonvulsant Topiramate...""; AI-generated hypothesis available; Strong causal genetic evidence (MR score: 0.74, 4 genetic targets)"
Inflammatory bowel disease,Prednisolone,DB00860,HIGH,ESTABLISHED,0.032,True,0.5353,4,1633,1559,2,10,moderate,101,190318,False,0,7,0,551,0,,10,0.7427,8,Prednisolone —[is a therapeutic for]→ Inflammatory bowel disease,of its anti-inflammatory properties.,"Well-established drug-disease relationship (1633 articles, 10 trials). Not a repurposing candidate.","10 clinical trial(s) found on ClinicalTrials.gov; Phase 3 trial exists; 1633 PubMed articles on this drug-disease pair; 2 article(s) specifically mention repurposing/repositioning; Supported by 4 independent AI pillars; Moderate FAERS signal: 101 adverse event reports mention drug-disease co-occurrence; Highly cited paper (551 citations): ""Computational Repositioning of the Anticonvulsant Topiramate...""; AI-generated hypothesis available; Strong causal genetic evidence (MR score: 0.74, 8 genetic targets); NOTE: This appears to be an already-approved treatment, not a repurposing candidate"
Inflammatory bowel disease,Testosterone,DB00624,HIGH,KNOWN,0.353,False,0.535,4,76,53,0,1,moderate,5,30252,False,0,16,0,551,0,,51,0.7725,16,Testosterone —[downregulates]→ gene-5438 —[is downregulated by]→ DB00641 —[is a therapeutic for]→ Inflammatory bowel disease,of its anti-inflammatory properties.,"Known association with moderate evidence (76 articles, 1 trials). Already being studied.","1 clinical trial(s) found on ClinicalTrials.gov; 76 PubMed articles on this drug-disease pair; Supported by 4 independent AI pillars; Moderate FAERS signal: 5 adverse event reports mention drug-disease co-occurrence; Highly cited paper (551 citations): ""Computational Repositioning of the Anticonvulsant Topiramate...""; AI-generated hypothesis available; Strong causal genetic evidence (MR score: 0.77, 16 genetic targets)"
Inflammatory bowel disease,Dexamethasone,DB01234,HIGH,ESTABLISHED,0.128,True,0.5343,4,393,360,1,9,moderate,11,312747,False,0,48,0,551,0,,2,0.7578,50,Dexamethasone —[is a therapeutic for]→ Inflammatory bowel disease,of its anti-inflammatory properties.,"Well-established drug-disease relationship (393 articles, 9 trials). Not a repurposing candidate.","9 clinical trial(s) found on ClinicalTrials.gov; Phase 3 trial exists; 393 PubMed articles on this drug-disease pair; 1 article(s) specifically mention repurposing/repositioning; Supported by 4 independent AI pillars; Moderate FAERS signal: 11 adverse event reports mention drug-disease co-occurrence; Highly cited paper (551 citations): ""Computational Repositioning of the Anticonvulsant Topiramate...""; AI-generated hypothesis available; Strong causal genetic evidence (MR score: 0.76, 50 genetic targets)"
Inflammatory bowel disease,Leucovorin,DB00650,HIGH,KNOWN,0.35,False,0.5299999713897705,4,24,23,0,2,moderate,9,42770,False,0,1,0,4731,0,,171,0.7858,1,Leucovorin —[is a therapeutic for]→ MESH:D015470 —[is treated by]→ DB00352 —[is a therapeutic for]→ Inflammatory bowel disease,of its anti-inflammatory properties.,"Known association with moderate evidence (24 articles, 2 trials). Already being studied.","2 clinical trial(s) found on ClinicalTrials.gov; 24 PubMed articles found; Supported by 4 independent AI pillars; Moderate FAERS signal: 9 adverse event reports mention drug-disease co-occurrence; Highly cited paper (4731 citations): ""Worldwide incidence and prevalence of inflammatory bowel dis...""; AI-generated hypothesis available; Strong causal genetic evidence (MR score: 0.79, 1 genetic targets)"
Inflammatory bowel disease,Paclitaxel,DB01229,HIGH,KNOWN,0.412,False,0.528,4,10,9,1,1,weak,2,86251,True,3,12,0,6349,0,,122,0.7825,22,Paclitaxel —[downregulates]→ gene-2237 —[is a target of]→ DB01592 —[is a therapeutic for]→ Inflammatory bowel disease,of its anti-inflammatory properties.,"Known association with moderate evidence (10 articles, 1 trials). Already being studied.","1 clinical trial(s) found on ClinicalTrials.gov; 10 PubMed article(s) - limited literature; 1 article(s) specifically mention repurposing/repositioning; Supported by 4 independent AI pillars; Drug ranks #3 for reversing disease gene signature (L1000CDS2 biological evidence); Highly cited paper (6349 citations): ""Inflammatory bowel disease....""; AI-generated hypothesis available; Strong causal genetic evidence (MR score: 0.78, 22 genetic targets)"
Inflammatory bowel disease,2'-Monophosphoadenosine 5'-Diphosphoribose,DB03461,MEDIUM,NOVEL,0.569,False,0.5264,4,0,0,0,0,none,0,0,False,0,5,0,224,0,,27,0.7652,5,2'-Monophosphoadenosine 5'-Diphosphoribose —[is a therapeutic for]→ MESH:D019966 —[is treated by]→ DB00877 —[is a therapeutic for]→ Inflammatory bowel disease,of its anti-inflammatory properties.,Novel prediction with minimal existing evidence (0 articles). Computational support suggests this warrants investigation.,"Supported by 4 independent AI pillars; Highly cited paper (224 citations): ""AGA Clinical Practice Update on Diet and Nutritional Therapi...""; AI-generated hypothesis available; Strong causal genetic evidence (MR score: 0.77, 5 genetic targets)"
Inflammatory bowel disease,Betamethasone,DB00443,HIGH,KNOWN,0.41,False,0.5258,4,77,76,1,0,moderate,22,32595,False,0,15,0,551,1.0,Dexamethasone,97,0.7575,29,Betamethasone —[downregulates]→ gene-211 —[is downregulated by]→ DB01222 —[is a therapeutic for]→ Inflammatory bowel disease,of its anti-inflammatory properties.,"Known association with moderate evidence (77 articles, 0 trials). Already being studied.","77 PubMed articles on this drug-disease pair; 1 article(s) specifically mention repurposing/repositioning; Supported by 4 independent AI pillars; High molecular similarity (1.00) to Dexamethasone; Moderate FAERS signal: 22 adverse event reports mention drug-disease co-occurrence; Highly cited paper (551 citations): ""Computational Repositioning of the Anticonvulsant Topiramate...""; AI-generated hypothesis available; Strong causal genetic evidence (MR score: 0.76, 29 genetic targets)"
Inflammatory bowel disease,Recoflavone,DB12058,MEDIUM,NOVEL,0.497,False,0.5171999931335449,4,7,6,0,0,none,0,0,False,0,0,0,6349,0,,7,0.7103,1,Recoflavone —[is a therapeutic for]→ Inflammatory bowel disease,of its anti-inflammatory and antioxidant properties.,Novel prediction with minimal existing evidence (7 articles). Computational support suggests this warrants investigation.,"7 PubMed article(s) - limited literature; Supported by 4 independent AI pillars; Highly cited paper (6349 citations): ""Inflammatory bowel disease....""; AI-generated hypothesis available; Strong causal genetic evidence (MR score: 0.71, 1 genetic targets)"
Leishmaniasis,Cimetidine,DB00501,LOW,NOVEL,0.521,False,0.5486999750137329,4,3,3,0,0,none,0,6461,False,0,1,0,12,0,,78,0,0,Cimetidine —[is a therapeutic for]→ MESH:D051437 —[is treated by]→ DB00681 —[treats]→ Leishmaniasis,of its anti-inflammatory and immunomodulatory properties.,Novel prediction with minimal existing evidence (3 articles). Computational support suggests this warrants investigation.,3 PubMed article(s) - limited literature; Supported by 4 independent AI pillars; AI-generated hypothesis available
Leishmaniasis,Tacrolimus,DB00864,MEDIUM,NOVEL,0.398,False,0.5309000015258789,4,11,11,0,0,moderate,270,124653,False,0,0,0,3,0,,97,0,0,Tacrolimus —[treats]→ MESH:D001172 —[is treated by]→ DB01045 —[is a therapeutic for]→ Leishmaniasis,of its anti-inflammatory and immunomodulatory properties.,Novel prediction with minimal existing evidence (11 articles). Computational support suggests this warrants investigation.,11 PubMed articles found; Supported by 4 independent AI pillars; Moderate FAERS signal: 270 adverse event reports mention drug-disease co-occurrence; AI-generated hypothesis available
Leishmaniasis,Tioguanine,DB00352,LOW,NOVEL,0.383,False,0.45019999146461487,4,0,0,0,0,none,0,732,False,0,0,0,1027,0,,1800,0,0,Tioguanine —[treats]→ MESH:D015470 —[is treated by]→ DB00681 —[treats]→ Leishmaniasis,of its ability to inhibit the parasite's DNA synthesis.,Novel prediction with minimal existing evidence (0 articles). Computational support suggests this warrants investigation.,"Supported by 4 independent AI pillars; Highly cited paper (1027 citations): ""Cutaneous Leishmaniasis...""; AI-generated hypothesis available"
Leishmaniasis,Clindamycin,DB01190,MEDIUM,NOVEL,0.316,False,0.3718999922275543,3,15,14,0,0,moderate,6,41204,False,0,0,0,59,0,,34,0,0,Clindamycin —[treats]→ MESH:D011020 —[is treated by]→ DB00738 —[is a therapeutic for]→ Leishmaniasis,of its high efficacy and low toxicity.,Novel prediction with minimal existing evidence (15 articles). Computational support suggests this warrants investigation.,15 PubMed articles found; Supported by 3 independent AI pillars; Moderate FAERS signal: 6 adverse event reports mention drug-disease co-occurrence; Supporting paper with 59 citations; AI-generated hypothesis available
Leishmaniasis,Roxithromycin,DB00778,LOW,NOVEL,0.314,False,0.36959999799728394,3,1,1,0,0,none,0,892,False,0,1,0,268,0.69,Azithromycin,24,0,0,Roxithromycin —[is a therapeutic for]→ MESH:D029424 —[is treated by]→ DB00681 —[treats]→ Leishmaniasis,of its high activity against Leishmania amazonensis.,Novel prediction with minimal existing evidence (1 articles). Computational support suggests this warrants investigation.,"1 PubMed article(s) - limited literature; Supported by 3 independent AI pillars; High molecular similarity (0.69) to Azithromycin; Highly cited paper (268 citations): ""Cutaneous Leishmaniasis: A 2022 Updated Narrative Review int...""; AI-generated hypothesis available"
Leishmaniasis,Amikacin,DB00479,LOW,NOVEL,0.349,False,0.3675000071525574,3,7,5,0,0,moderate,7,12145,False,0,0,0,11,0.4559,Paromomycin,77,0,0,Amikacin —[treats]→ MESH:D009877 —[is treated by]→ DB00681 —[treats]→ Leishmaniasis,of its high efficacy and low toxicity.,Novel prediction with minimal existing evidence (7 articles). Computational support suggests this warrants investigation.,7 PubMed article(s) - limited literature; Supported by 3 independent AI pillars; Moderate FAERS signal: 7 adverse event reports mention drug-disease co-occurrence; AI-generated hypothesis available
Leishmaniasis,Erythromycin,DB00199,HIGH,KNOWN,0.253,False,0.36169999837875366,3,32,29,0,2,none,0,20102,False,0,0,0,26,0.7816,Azithromycin,54,0,0,Erythromycin —[treats]→ MESH:D014526 —[is treated by]→ DB00207 —[is a therapeutic for]→ Leishmaniasis,of its anti-inflammatory and immunomodulatory properties.,"Known association with moderate evidence (32 articles, 2 trials). Already being studied.",2 clinical trial(s) found on ClinicalTrials.gov; Phase 3 trial exists; 32 PubMed articles found; Supported by 3 independent AI pillars; High molecular similarity (0.78) to Azithromycin; CAUTION: Drug had terminated/withdrawn trials (Phase 3) for this disease; Supporting paper with 26 citations; AI-generated hypothesis available
Leishmaniasis,Levamisole,DB00848,MEDIUM,EMERGING,0.303,False,0.35670000314712524,3,19,18,1,0,none,0,703,False,0,0,0,23,0,,67,0,0,Levamisole —[is a therapeutic for]→ MESH:D056486 —[is treated by]→ DB00681 —[treats]→ Leishmaniasis,of its immunomodulatory properties.,"Emerging repurposing candidate. Some evidence exists (19 articles, 1 mention repurposing) but not yet validated in trials.",19 PubMed articles found; 1 article(s) specifically mention repurposing/repositioning; Supported by 3 independent AI pillars; Supporting paper with 23 citations; AI-generated hypothesis available
Leishmaniasis,Folic Acid,DB00158,MEDIUM,EMERGING,0.28,False,0.3504999876022339,3,44,29,1,0,moderate,47,253612,False,0,0,0,45,0,,297,0,0,Folic Acid —[is a therapeutic for]→ MESH:D056486 —[is treated by]→ DB00681 —[treats]→ Leishmaniasis,of its anti-leishmanial activity.,"Emerging repurposing candidate. Some evidence exists (44 articles, 1 mention repurposing) but not yet validated in trials.",44 PubMed articles found; 1 article(s) specifically mention repurposing/repositioning; Supported by 3 independent AI pillars; Moderate FAERS signal: 47 adverse event reports mention drug-disease co-occurrence; Supporting paper with 45 citations; AI-generated hypothesis available
Leishmaniasis,H TYPE II TRISACCHARIDE,DB04678,LOW,BREAKTHROUGH,0.349,False,0.3492000102996826,4,0,0,0,0,none,0,0,False,0,0,0,63,0.3284,Paromomycin,6204,0,0,,of its low toxicity and high efficacy.,No published evidence found for this drug-disease pair. Strong computational prediction suggests a potential new discovery. Requires experimental validation.,Supported by 4 independent AI pillars; Supporting paper with 63 citations; AI-generated hypothesis available
Leukemia,Dexamethasone,DB01234,HIGH,ESTABLISHED,0.138,True,0.5736,4,3246,2725,7,10,strong,4342,312747,False,0,100,0,15,0,,8,0.8032,10,Dexamethasone —[treats]→ Leukemia,of its anti-inflammatory and anti-apoptotic properties.,"Well-established drug-disease relationship (3246 articles, 10 trials). Not a repurposing candidate.","10 clinical trial(s) found on ClinicalTrials.gov; Phase 3 trial exists; 3246 PubMed articles on this drug-disease pair; 7 article(s) specifically mention repurposing/repositioning; Supported by 4 independent AI pillars; Strong FAERS signal: 4342 adverse event reports link drug to disease (312747 total reports); AI-generated hypothesis available; Strong causal genetic evidence (MR score: 0.80, 10 genetic targets); NOTE: This appears to be an already-approved treatment, not a repurposing candidate"
Leukemia,Vincristine,DB00541,HIGH,ESTABLISHED,0.134,True,0.5592,4,6796,6308,11,10,strong,4872,101507,False,0,49,0,75,0.7477,Vindesine,12,0.7912,7,Vincristine —[downregulates]→ gene-7167 —[is a target of]→ DB11638 —[is a therapeutic for]→ Leukemia,of its ability to induce apoptosis in leukemic cells.,"Well-established drug-disease relationship (6796 articles, 10 trials). Not a repurposing candidate.","10 clinical trial(s) found on ClinicalTrials.gov; 6796 PubMed articles on this drug-disease pair; 11 article(s) specifically mention repurposing/repositioning; Supported by 4 independent AI pillars; High molecular similarity (0.75) to Vindesine; Strong FAERS signal: 4872 adverse event reports link drug to disease (101507 total reports); Supporting paper with 75 citations; AI-generated hypothesis available; Strong causal genetic evidence (MR score: 0.79, 7 genetic targets); NOTE: This appears to be an already-approved treatment, not a repurposing candidate"
Leukemia,Fluorouracil,DB00544,HIGH,ESTABLISHED,0.133,True,0.5523,4,1255,1015,1,6,strong,1169,85326,False,0,42,0,15,0,,14,0.6549,8,Fluorouracil —[is a therapeutic for]→ Leukemia,of its ability to inhibit the proliferation of leukemic cells.,"Well-established drug-disease relationship (1255 articles, 6 trials). Not a repurposing candidate.","6 clinical trial(s) found on ClinicalTrials.gov; 1255 PubMed articles on this drug-disease pair; 1 article(s) specifically mention repurposing/repositioning; Supported by 4 independent AI pillars; Strong FAERS signal: 1169 adverse event reports link drug to disease (85326 total reports); AI-generated hypothesis available; Moderate genetic evidence supporting causality (MR score: 0.65); NOTE: This appears to be an already-approved treatment, not a repurposing candidate"
Leukemia,Azacitidine,DB00928,HIGH,ESTABLISHED,0.066,True,0.5512,4,3305,3084,6,10,strong,3956,18259,False,0,43,0,163,0,,43,0.817,10,Azacitidine —[is a therapeutic for]→ Leukemia,of its ability to induce apoptosis and differentiation of leukemic cells.,"Well-established drug-disease relationship (3305 articles, 10 trials). Not a repurposing candidate.","10 clinical trial(s) found on ClinicalTrials.gov; Phase 3 trial exists; 3305 PubMed articles on this drug-disease pair; 6 article(s) specifically mention repurposing/repositioning; Supported by 4 independent AI pillars; Strong FAERS signal: 3956 adverse event reports link drug to disease (18259 total reports); Highly cited paper (163 citations): ""Long‐term follow‐up of VIALE‐A: Venetoclax and azacitidine i...""; AI-generated hypothesis available; Strong causal genetic evidence (MR score: 0.82, 10 genetic targets); NOTE: This appears to be an already-approved treatment, not a repurposing candidate"
Leukemia,Pitavastatin,DB08860,HIGH,EMERGING,0.519,False,0.5408,4,6,6,4,1,moderate,8,3630,False,0,37,0,4,0,,124,0.722,7,Pitavastatin —[downregulates]→ gene-8821 —[is linked to]→ Leukemia,of its pleiotropic effects.,"Emerging repurposing candidate. Some evidence exists (6 articles, 4 mention repurposing) but not yet validated in trials.","1 clinical trial(s) found on ClinicalTrials.gov; 6 PubMed article(s) - limited literature; 4 article(s) specifically mention repurposing/repositioning; Supported by 4 independent AI pillars; Moderate FAERS signal: 8 adverse event reports mention drug-disease co-occurrence; AI analysis of 1 abstract(s) found positive treatment signals; AI-generated hypothesis available; Strong causal genetic evidence (MR score: 0.72, 7 genetic targets)"
Leukemia,Cyclic Adenosine Monophosphate,DB02527,HIGH,KNOWN,0.382,False,0.5312,4,193,113,2,0,none,0,2,False,0,62,0,109,0,,36,0.776,4,Cyclic Adenosine Monophosphate —[is a therapeutic for]→ MESH:D016584 —[is treated by]→ DB00741 —[treats]→ Leukemia,of its ability to induce apoptosis in leukemic cells.,"Known association with moderate evidence (193 articles, 0 trials). Already being studied.","193 PubMed articles on this drug-disease pair; 2 article(s) specifically mention repurposing/repositioning; Supported by 4 independent AI pillars; Highly cited paper (109 citations): ""Programmed cell death (apoptosis) is induced rapidly and wit...""; AI-generated hypothesis available; Strong causal genetic evidence (MR score: 0.78, 4 genetic targets)"
Leukemia,2'-Monophosphoadenosine 5'-Diphosphoribose,DB03461,LOW,BREAKTHROUGH,0.631,False,0.5262,4,0,0,0,0,none,0,0,False,0,21,0,76,0,,156,0.6839,2,2'-Monophosphoadenosine 5'-Diphosphoribose —[is a therapeutic for]→ MESH:D019966 —[is treated by]→ DB00860 —[treats]→ Leukemia,"of its ability to inhibit the activity of the enzyme, adenosine deaminase.",No published evidence found for this drug-disease pair. Strong computational prediction suggests a potential new discovery. Requires experimental validation.,Supported by 4 independent AI pillars; Supporting paper with 76 citations; AI-generated hypothesis available; Moderate genetic evidence supporting causality (MR score: 0.68)
Leukemia,Temozolomide,DB00853,HIGH,ESTABLISHED,0.188,True,0.5224,4,184,173,2,8,strong,181,17585,False,0,9,0,10,0,,99,0.6647,5,Temozolomide —[downregulates]→ gene-1465 —[is a target of]→ DB11638 —[is a therapeutic for]→ Leukemia,of its ability to induce apoptosis in leukemic cells.,"Well-established drug-disease relationship (184 articles, 8 trials). Not a repurposing candidate.",8 clinical trial(s) found on ClinicalTrials.gov; 184 PubMed articles on this drug-disease pair; 2 article(s) specifically mention repurposing/repositioning; Supported by 4 independent AI pillars; Strong FAERS signal: 181 adverse event reports link drug to disease (17585 total reports); AI-generated hypothesis available; Moderate genetic evidence supporting causality (MR score: 0.66)
Leukemia,Melatonin,DB01065,HIGH,KNOWN,0.27,False,0.5005,4,124,83,0,1,moderate,141,53144,False,0,45,0,5,0,,168,0.6709,5,Melatonin —[downregulates]→ gene-5747 —[is bound by]→ DB06616 —[is a therapeutic for]→ Leukemia,of its antioxidant and anti-inflammatory properties.,"Known association with moderate evidence (124 articles, 1 trials). Already being studied.",1 clinical trial(s) found on ClinicalTrials.gov; 124 PubMed articles on this drug-disease pair; Supported by 4 independent AI pillars; Moderate FAERS signal: 141 adverse event reports mention drug-disease co-occurrence; AI-generated hypothesis available; Moderate genetic evidence supporting causality (MR score: 0.67)
Leukemia,Ouabain,DB01092,HIGH,KNOWN,0.417,False,0.4963,4,179,70,2,0,none,0,2,False,0,43,0,65,0,,131,0.5993,6,Ouabain —[downregulates]→ gene-11098 —[is downregulated by]→ DB00620 —[treats]→ Leukemia,of its ability to inhibit the Na + / K + ATPase.,"Known association with moderate evidence (179 articles, 0 trials). Already being studied.",179 PubMed articles on this drug-disease pair; 2 article(s) specifically mention repurposing/repositioning; Supported by 4 independent AI pillars; Supporting paper with 65 citations; AI-generated hypothesis available; Moderate genetic evidence supporting causality (MR score: 0.60)
Liver cirrhosis,Dexamethasone,DB01234,HIGH,KNOWN,0.366,False,0.5551,4,107,75,0,3,none,0,312747,False,0,44,0,7,0,,15,0.6212,14,Dexamethasone —[is a therapeutic for]→ Liver cirrhosis,of its anti-inflammatory and anti-fibrotic effects.,"Known association with moderate evidence (107 articles, 3 trials). Already being studied.",3 clinical trial(s) found on ClinicalTrials.gov; Phase 3 trial exists; 107 PubMed articles on this drug-disease pair; Supported by 4 independent AI pillars; AI-generated hypothesis available; Moderate genetic evidence supporting causality (MR score: 0.62)
Liver cirrhosis,Nicotine,DB00184,MEDIUM,NOVEL,0.547,False,0.5364,4,40,16,0,0,none,0,25923,False,0,17,0,42,0,,53,0.7948,4,Nicotine —[binds]→ gene-1571 —[is associated with]→ Liver cirrhosis,of its anti-inflammatory and antioxidant properties.,Novel prediction with minimal existing evidence (40 articles). Computational support suggests this warrants investigation.,"40 PubMed articles found; Supported by 4 independent AI pillars; Supporting paper with 42 citations; AI-generated hypothesis available; Strong causal genetic evidence (MR score: 0.79, 4 genetic targets)"
Liver cirrhosis,Urea,DB03904,HIGH,ESTABLISHED,0.214,True,0.5360999703407288,4,798,463,2,10,none,0,3034,False,0,9,0,14,0,,28,0,0,Urea —[is a therapeutic for]→ MESH:D013226 —[is treated by]→ DB00683 —[is a therapeutic for]→ Liver cirrhosis,of its anti-inflammatory and anti-fibrotic properties.,"Well-established drug-disease relationship (798 articles, 10 trials). Not a repurposing candidate.","10 clinical trial(s) found on ClinicalTrials.gov; Phase 3 trial exists; 798 PubMed articles on this drug-disease pair; 2 article(s) specifically mention repurposing/repositioning; Supported by 4 independent AI pillars; AI-generated hypothesis available; NOTE: This appears to be an already-approved treatment, not a repurposing candidate"
Liver cirrhosis,Testosterone,DB00624,HIGH,KNOWN,0.345,False,0.5231,4,411,189,0,4,none,0,30252,False,0,21,0,6,0,,79,0.6715,5,Testosterone —[downregulates]→ gene-5111 —[is a target of]→ DB00945 —[is a therapeutic for]→ Liver cirrhosis,of its anti-inflammatory and antioxidant properties.,"Known association with moderate evidence (411 articles, 4 trials). Already being studied.",4 clinical trial(s) found on ClinicalTrials.gov; 411 PubMed articles on this drug-disease pair; Supported by 4 independent AI pillars; Note: Drug had early-phase trial failures for this disease; AI-generated hypothesis available; Moderate genetic evidence supporting causality (MR score: 0.67)
Liver cirrhosis,Rocuronium,DB00728,HIGH,KNOWN,0.342,False,0.48840001225471497,4,11,4,0,2,none,0,11192,False,0,3,0,86,0,,1345,0,0,Rocuronium —[targets]→ gene-3359 —[is a target of]→ DB00604 —[is a therapeutic for]→ Liver cirrhosis,of its unique pharmacokinetic profile.,"Known association with moderate evidence (11 articles, 2 trials). Already being studied.",2 clinical trial(s) found on ClinicalTrials.gov; 11 PubMed articles found; Supported by 4 independent AI pillars; Supporting paper with 86 citations; AI-generated hypothesis available
Liver cirrhosis,Cimetidine,DB00501,MEDIUM,NOVEL,0.413,False,0.4860999882221222,4,68,51,0,0,none,0,6461,False,0,10,0,17,0,,31,0,0,Cimetidine —[is a therapeutic for]→ Liver cirrhosis,of its anti-inflammatory and antioxidant properties.,Novel prediction with minimal existing evidence (68 articles). Computational support suggests this warrants investigation.,68 PubMed articles on this drug-disease pair; Supported by 4 independent AI pillars; AI-generated hypothesis available
Liver cirrhosis,Estradiol,DB00783,HIGH,KNOWN,0.32,False,0.4843,4,287,102,0,1,none,0,75392,False,0,27,0,11,0,,51,0.6812,11,Estradiol —[downregulates]→ gene-5290 —[inhibits]→ DB04216 —[is a therapeutic for]→ Liver cirrhosis,of its anti-inflammatory and antioxidant properties.,"Known association with moderate evidence (287 articles, 1 trials). Already being studied.",1 clinical trial(s) found on ClinicalTrials.gov; 287 PubMed articles on this drug-disease pair; Supported by 4 independent AI pillars; AI-generated hypothesis available; Moderate genetic evidence supporting causality (MR score: 0.68)
Liver cirrhosis,Fluorouracil,DB00544,HIGH,KNOWN,0.316,False,0.4781999886035919,4,133,128,0,4,none,0,85326,False,0,9,0,13,0,,85,0.5387,1,Fluorouracil —[is a therapeutic for]→ Liver cirrhosis,of its anti-inflammatory and anti-fibrotic effects.,"Known association with moderate evidence (133 articles, 4 trials). Already being studied.",4 clinical trial(s) found on ClinicalTrials.gov; Phase 3 trial exists; 133 PubMed articles on this drug-disease pair; Supported by 4 independent AI pillars; CAUTION: Drug had terminated/withdrawn trials (Phase 2) for this disease; AI-generated hypothesis available; Moderate genetic evidence supporting causality (MR score: 0.54)
Liver cirrhosis,Progesterone,DB00396,MEDIUM,NOVEL,0.485,False,0.4751,4,97,53,0,0,none,0,19292,False,0,25,0,21,0,,119,0.5172,3,Progesterone —[binds]→ gene-1559 —[is bound by]→ DB00281 —[is a therapeutic for]→ Liver cirrhosis,of its anti-inflammatory and anti-fibrotic effects.,Novel prediction with minimal existing evidence (97 articles). Computational support suggests this warrants investigation.,97 PubMed articles on this drug-disease pair; Supported by 4 independent AI pillars; Supporting paper with 21 citations; AI-generated hypothesis available; Moderate genetic evidence supporting causality (MR score: 0.52)
Liver cirrhosis,(+)-Ursolic Acid,DB15588,MEDIUM,NOVEL,0.484,False,0.4742000102996826,4,19,18,0,0,none,0,14,False,0,5,0,50,0,,32,0.7563,1,(+)-Ursolic Acid —[is a therapeutic for]→ MESH:D001749 —[is treated by]→ MESH:D016898 —[is a therapeutic for]→ Liver cirrhosis,of its anti-inflammatory and antioxidant properties.,Novel prediction with minimal existing evidence (19 articles). Computational support suggests this warrants investigation.,"19 PubMed articles found; Supported by 4 independent AI pillars; Supporting paper with 50 citations; AI-generated hypothesis available; Strong causal genetic evidence (MR score: 0.76, 1 genetic targets)"
Lung cancer,Leucovorin,DB00650,HIGH,ESTABLISHED,0.259,True,0.6174,4,149,148,0,10,moderate,51,42770,False,0,5,0,34,0,,73,0.7582,3,Leucovorin —[is a therapeutic for]→ Lung cancer,of its ability to inhibit the proliferation of cancer cells.,"Well-established drug-disease relationship (149 articles, 10 trials). Not a repurposing candidate.","10 clinical trial(s) found on ClinicalTrials.gov; Phase 3 trial exists; 149 PubMed articles on this drug-disease pair; Supported by 4 independent AI pillars; Moderate FAERS signal: 51 adverse event reports mention drug-disease co-occurrence; Supporting paper with 34 citations; AI-generated hypothesis available; Strong causal genetic evidence (MR score: 0.76, 3 genetic targets)"
Lung cancer,histamine dihydrochloride,DB05381,HIGH,NOVEL,0.606,False,0.5942999720573425,4,0,0,0,5,none,0,15,False,0,42,0,12,0,,95,0.9337,1,histamine dihydrochloride —[is a therapeutic for]→ Lung cancer,of its ability to inhibit the growth of tumor cells.,Novel prediction with minimal existing evidence (0 articles). Computational support suggests this warrants investigation.,"5 clinical trial(s) found on ClinicalTrials.gov; Phase 3 trial exists; Supported by 4 independent AI pillars; AI-generated hypothesis available; Strong causal genetic evidence (MR score: 0.93, 1 genetic targets)"
Lung cancer,Eflornithine,DB06243,HIGH,KNOWN,0.421,False,0.5849999785423279,5,45,38,0,2,none,0,113,False,0,5,0,173,0,,70,0.9337,1,Eflornithine —[is a therapeutic for]→ Lung cancer,of its ability to inhibit the polyamine biosynthetic pathway.,"Known association with moderate evidence (45 articles, 2 trials). Already being studied.","2 clinical trial(s) found on ClinicalTrials.gov; 45 PubMed articles found; Supported by 5 independent AI pillars; CAUTION: Drug had terminated/withdrawn trials (Phase 2) for this disease; Highly cited paper (173 citations): ""Lung cancer prediction by Deep Learning to identify benign l...""; AI-generated hypothesis available; Strong causal genetic evidence (MR score: 0.93, 1 genetic targets)"
Lung cancer,Dexamethasone,DB01234,HIGH,ESTABLISHED,0.104,True,0.576,4,496,426,2,10,moderate,949,312747,False,0,135,0,2357,0,,42,0.7823,6,Dexamethasone —[is a therapeutic for]→ Lung cancer,of its anti-inflammatory and anti-proliferative effects.,"Well-established drug-disease relationship (496 articles, 10 trials). Not a repurposing candidate.","10 clinical trial(s) found on ClinicalTrials.gov; Phase 3 trial exists; 496 PubMed articles on this drug-disease pair; 2 article(s) specifically mention repurposing/repositioning; Supported by 4 independent AI pillars; Moderate FAERS signal: 949 adverse event reports mention drug-disease co-occurrence; Highly cited paper (2357 citations): ""Dexamethasone and supportive care with or without whole brai...""; AI analysis of 1 abstract(s) found positive treatment signals; AI-generated hypothesis available; Strong causal genetic evidence (MR score: 0.78, 6 genetic targets)"
Lung cancer,Indomethacin,DB00328,HIGH,KNOWN,0.34,False,0.5667999982833862,4,147,96,1,3,moderate,24,12621,False,0,43,0,34,0,,114,0.9337,1,Indomethacin —[downregulates]→ gene-8914 —[is linked to]→ Lung cancer,of its anti-inflammatory properties.,"Known association with moderate evidence (147 articles, 3 trials). Already being studied.","3 clinical trial(s) found on ClinicalTrials.gov; 147 PubMed articles on this drug-disease pair; 1 article(s) specifically mention repurposing/repositioning; Supported by 4 independent AI pillars; Note: Drug had early-phase trial failures for this disease; Moderate FAERS signal: 24 adverse event reports mention drug-disease co-occurrence; Supporting paper with 34 citations; AI-generated hypothesis available; Strong causal genetic evidence (MR score: 0.93, 1 genetic targets)"
Lung cancer,Fluorouracil,DB00544,HIGH,ESTABLISHED,0.17,True,0.5651,4,1092,989,3,10,moderate,55,85326,False,0,52,0,52,0,,16,0.8126,8,Fluorouracil —[is a therapeutic for]→ Lung cancer,of its ability to inhibit the proliferation of cancer cells.,"Well-established drug-disease relationship (1092 articles, 10 trials). Not a repurposing candidate.","10 clinical trial(s) found on ClinicalTrials.gov; 1092 PubMed articles on this drug-disease pair; 3 article(s) specifically mention repurposing/repositioning; Supported by 4 independent AI pillars; Moderate FAERS signal: 55 adverse event reports mention drug-disease co-occurrence; Supporting paper with 52 citations; AI-generated hypothesis available; Strong causal genetic evidence (MR score: 0.81, 8 genetic targets); NOTE: This appears to be an already-approved treatment, not a repurposing candidate"
Lung cancer,Folic Acid,DB00158,HIGH,ESTABLISHED,0.102,True,0.565,4,514,410,1,10,moderate,1029,253612,False,0,21,0,551,0,,149,0.8286,2,Folic Acid —[is a therapeutic for]→ Lung cancer,of its anti-cancer properties.,"Well-established drug-disease relationship (514 articles, 10 trials). Not a repurposing candidate.","10 clinical trial(s) found on ClinicalTrials.gov; 514 PubMed articles on this drug-disease pair; 1 article(s) specifically mention repurposing/repositioning; Supported by 4 independent AI pillars; Moderate FAERS signal: 1029 adverse event reports mention drug-disease co-occurrence; Highly cited paper (551 citations): ""Computational Repositioning of the Anticonvulsant Topiramate...""; AI-generated hypothesis available; Strong causal genetic evidence (MR score: 0.83, 2 genetic targets); NOTE: This appears to be an already-approved treatment, not a repurposing candidate"
Lung cancer,Tretinoin,DB00755,HIGH,ESTABLISHED,0.264,True,0.551,4,218,166,0,10,moderate,8,6607,False,0,96,0,34,0,,17,0.7566,9,Tretinoin —[is a therapeutic for]→ Lung cancer,of its anti-inflammatory and antioxidant properties.,"Well-established drug-disease relationship (218 articles, 10 trials). Not a repurposing candidate.","10 clinical trial(s) found on ClinicalTrials.gov; Phase 3 trial exists; 218 PubMed articles on this drug-disease pair; Supported by 4 independent AI pillars; Moderate FAERS signal: 8 adverse event reports mention drug-disease co-occurrence; Supporting paper with 34 citations; AI-generated hypothesis available; Strong causal genetic evidence (MR score: 0.76, 9 genetic targets)"
Lung cancer,Ouabain,DB01092,HIGH,EMERGING,0.548,False,0.5375,4,51,31,2,0,none,0,2,False,0,59,0,87,0,,133,0.8063,3,Ouabain —[downregulates]→ gene-91782 —[binds]→ gene-27183 —[is upregulated by]→ Lung cancer,of its ability to inhibit the Na + / K + ATPase.,"Emerging repurposing candidate. Some evidence exists (51 articles, 2 mention repurposing) but not yet validated in trials.","51 PubMed articles on this drug-disease pair; 2 article(s) specifically mention repurposing/repositioning; Supported by 4 independent AI pillars; Supporting paper with 87 citations; AI-generated hypothesis available; Strong causal genetic evidence (MR score: 0.81, 3 genetic targets)"
Lung cancer,Paclitaxel,DB01229,HIGH,ESTABLISHED,0.032,True,0.5362,4,5530,5283,17,10,strong,896,86251,False,0,88,0,5853,0,,7,0.8236,11,Paclitaxel —[is a therapeutic for]→ Lung cancer,of its ability to induce apoptosis and inhibit cell proliferation.,"Well-established drug-disease relationship (5530 articles, 10 trials). Not a repurposing candidate.","10 clinical trial(s) found on ClinicalTrials.gov; Phase 3 trial exists; 5530 PubMed articles on this drug-disease pair; 17 article(s) specifically mention repurposing/repositioning; Supported by 4 independent AI pillars; Strong FAERS signal: 896 adverse event reports link drug to disease (86251 total reports); Highly cited paper (5853 citations): ""Paclitaxel-carboplatin alone or with bevacizumab for non-sma...""; AI analysis of 1 abstract(s) found positive treatment signals; AI-generated hypothesis available; Strong causal genetic evidence (MR score: 0.82, 11 genetic targets); NOTE: This appears to be an already-approved treatment, not a repurposing candidate"
Lupus,Dexamethasone,DB01234,HIGH,KNOWN,0.306,False,0.5659,4,411,358,1,4,moderate,965,312747,False,0,45,0,48,0,,14,0.7187,32,Dexamethasone —[treats]→ Lupus,of its anti-inflammatory and immunosuppressive properties.,"Known association with moderate evidence (411 articles, 4 trials). Already being studied.","4 clinical trial(s) found on ClinicalTrials.gov; 411 PubMed articles on this drug-disease pair; 1 article(s) specifically mention repurposing/repositioning; Supported by 4 independent AI pillars; Moderate FAERS signal: 965 adverse event reports mention drug-disease co-occurrence; Supporting paper with 48 citations; AI-generated hypothesis available; Strong causal genetic evidence (MR score: 0.72, 32 genetic targets)"
Lupus,Hydrocortisone,DB00741,HIGH,KNOWN,0.299,False,0.5531,4,212,149,0,5,strong,7976,79272,False,0,16,0,0,0,,24,0.6513,6,Hydrocortisone —[treats]→ Lupus,of its anti-inflammatory and immunosuppressive properties.,"Known association with moderate evidence (212 articles, 5 trials). Already being studied.",5 clinical trial(s) found on ClinicalTrials.gov; Phase 3 trial exists; 212 PubMed articles on this drug-disease pair; Supported by 4 independent AI pillars; Strong FAERS signal: 7976 adverse event reports link drug to disease (79272 total reports); AI-generated hypothesis available; Moderate genetic evidence supporting causality (MR score: 0.65)
Lupus,histamine dihydrochloride,DB05381,HIGH,NOVEL,0.555,False,0.5443,4,0,0,0,1,none,0,15,False,0,21,0,5,0,,10,0.6968,6,histamine dihydrochloride —[is a therapeutic for]→ Lupus,of its ability to inhibit the production of cytokines and the proliferation of B cells.,Novel prediction with minimal existing evidence (0 articles). Computational support suggests this warrants investigation.,1 clinical trial(s) found on ClinicalTrials.gov; Supported by 4 independent AI pillars; AI-generated hypothesis available; Moderate genetic evidence supporting causality (MR score: 0.70)
Lupus,Budesonide,DB01222,MEDIUM,NOVEL,0.52,False,0.5096,4,10,9,0,0,moderate,430,57603,False,0,15,0,1,0,,90,0.6976,10,Budesonide —[downregulates]→ gene-652 —[is a target of]→ DB01373 —[is a therapeutic for]→ Lupus,of its anti-inflammatory and immunosuppressive properties.,Novel prediction with minimal existing evidence (10 articles). Computational support suggests this warrants investigation.,10 PubMed article(s) - limited literature; Supported by 4 independent AI pillars; Moderate FAERS signal: 430 adverse event reports mention drug-disease co-occurrence; AI analysis of 1 abstract(s) found positive treatment signals; AI-generated hypothesis available; Moderate genetic evidence supporting causality (MR score: 0.70)
Lupus,Betamethasone,DB00443,HIGH,KNOWN,0.365,False,0.5076,4,87,81,1,1,strong,549,32595,False,0,19,0,3,1.0,Dexamethasone,108,0.7165,21,Betamethasone —[treats]→ Lupus,of its anti-inflammatory and immunomodulatory properties.,"Known association with moderate evidence (87 articles, 1 trials). Already being studied.","1 clinical trial(s) found on ClinicalTrials.gov; 87 PubMed articles on this drug-disease pair; 1 article(s) specifically mention repurposing/repositioning; Supported by 4 independent AI pillars; High molecular similarity (1.00) to Dexamethasone; Strong FAERS signal: 549 adverse event reports link drug to disease (32595 total reports); AI-generated hypothesis available; Strong causal genetic evidence (MR score: 0.72, 21 genetic targets)"
Lupus,Pravastatin,DB00175,HIGH,KNOWN,0.304,False,0.5062999725341797,4,20,20,0,1,moderate,417,83113,False,0,6,0,43,0,,229,0,0,Pravastatin —[binds]→ gene-6566 —[is bound by]→ DB00563 —[treats]→ Lupus,of its anti-inflammatory and immunomodulatory properties.,"Known association with moderate evidence (20 articles, 1 trials). Already being studied.",1 clinical trial(s) found on ClinicalTrials.gov; 20 PubMed articles found; Supported by 4 independent AI pillars; Moderate FAERS signal: 417 adverse event reports mention drug-disease co-occurrence; Supporting paper with 43 citations; AI-generated hypothesis available
Lupus,Dinoprostone,DB00917,MEDIUM,NOVEL,0.453,False,0.5036,4,49,26,0,0,none,0,591,False,0,23,0,158,0,,57,0.6585,5,Dinoprostone —[binds]→ gene-10257 —[is bound by]→ DB00563 —[treats]→ Lupus,of its anti-inflammatory and anti-fibrotic properties.,Novel prediction with minimal existing evidence (49 articles). Computational support suggests this warrants investigation.,"49 PubMed articles found; Supported by 4 independent AI pillars; Highly cited paper (158 citations): ""Systemic lupus erythematosus, lupus nephritis and end-stage ...""; AI-generated hypothesis available; Moderate genetic evidence supporting causality (MR score: 0.66)"
Lupus,Tretinoin,DB00755,HIGH,KNOWN,0.36,False,0.5,4,40,34,0,1,strong,282,6607,False,0,30,0,32,1.0,Isotretinoin,32,0.7241,18,Tretinoin —[downregulates]→ gene-84159 —[is linked to]→ Lupus,of its anti-inflammatory and immunomodulatory properties.,"Known association with moderate evidence (40 articles, 1 trials). Already being studied.","1 clinical trial(s) found on ClinicalTrials.gov; 40 PubMed articles found; Supported by 4 independent AI pillars; High molecular similarity (1.00) to Isotretinoin; CAUTION: Drug had terminated/withdrawn trials (Phase 2) for this disease; Strong FAERS signal: 282 adverse event reports link drug to disease (6607 total reports); Supporting paper with 32 citations; AI-generated hypothesis available; Strong causal genetic evidence (MR score: 0.72, 18 genetic targets)"
Lupus,Megestrol acetate,DB00351,MEDIUM,BREAKTHROUGH,0.592,False,0.4934,4,0,0,0,0,moderate,6,4014,False,0,2,0,8,0,,174,0.5915,2,Megestrol acetate —[targets]→ gene-2908 —[is linked to]→ Lupus,of its anti-inflammatory and immunomodulatory properties.,No published evidence found for this drug-disease pair. Strong computational prediction suggests a potential new discovery. Requires experimental validation.,Supported by 4 independent AI pillars; Moderate FAERS signal: 6 adverse event reports mention drug-disease co-occurrence; AI-generated hypothesis available; Moderate genetic evidence supporting causality (MR score: 0.59)
Lupus,Paclitaxel,DB01229,HIGH,NOVEL,0.433,False,0.4809,4,21,21,0,0,moderate,142,86251,True,31,20,0,1,0,,40,0.6207,9,Paclitaxel —[downregulates]→ gene-5111 —[is a target of]→ DB00945 —[treats]→ Lupus,of its anti-inflammatory and immunomodulatory properties.,Novel prediction with minimal existing evidence (21 articles). Computational support suggests this warrants investigation.,21 PubMed articles found; Supported by 4 independent AI pillars; Moderate FAERS signal: 142 adverse event reports mention drug-disease co-occurrence; Drug ranks #31 for reversing disease gene signature; AI-generated hypothesis available; Moderate genetic evidence supporting causality (MR score: 0.62)
Lymphoma,Gemcitabine,DB00441,HIGH,ESTABLISHED,0.2,True,0.5557,4,878,835,0,10,strong,1507,55284,False,0,37,0,79,0,,10,0.6322,13,Gemcitabine —[is a therapeutic for]→ Lymphoma,of its activity and its low toxicity.,"Well-established drug-disease relationship (878 articles, 10 trials). Not a repurposing candidate.","10 clinical trial(s) found on ClinicalTrials.gov; Phase 3 trial exists; 878 PubMed articles on this drug-disease pair; Supported by 4 independent AI pillars; Strong FAERS signal: 1507 adverse event reports link drug to disease (55284 total reports); Supporting paper with 79 citations; AI-generated hypothesis available; Moderate genetic evidence supporting causality (MR score: 0.63); NOTE: This appears to be an already-approved treatment, not a repurposing candidate"
Lymphoma,Prednisolone,DB00860,HIGH,ESTABLISHED,0.132,True,0.5504999756813049,4,4204,3955,1,10,strong,3680,190318,False,0,12,0,70,0.6833,Hydrocortisone,42,0.7592,1,Prednisolone —[treats]→ Lymphoma,of its anti-inflammatory and immunosuppressive properties.,"Well-established drug-disease relationship (4204 articles, 10 trials). Not a repurposing candidate.","10 clinical trial(s) found on ClinicalTrials.gov; Phase 3 trial exists; 4204 PubMed articles on this drug-disease pair; 1 article(s) specifically mention repurposing/repositioning; Supported by 4 independent AI pillars; High molecular similarity (0.68) to Hydrocortisone; Strong FAERS signal: 3680 adverse event reports link drug to disease (190318 total reports); Supporting paper with 70 citations; AI-generated hypothesis available; Strong causal genetic evidence (MR score: 0.76, 1 genetic targets); NOTE: This appears to be an already-approved treatment, not a repurposing candidate"
Lymphoma,Fluorouracil,DB00544,HIGH,ESTABLISHED,0.193,True,0.5355,4,554,481,2,10,moderate,102,85326,False,0,23,0,14,0,,13,0.5575,8,Fluorouracil —[is a therapeutic for]→ Lymphoma,of its anti-tumor activity.,"Well-established drug-disease relationship (554 articles, 10 trials). Not a repurposing candidate.","10 clinical trial(s) found on ClinicalTrials.gov; 554 PubMed articles on this drug-disease pair; 2 article(s) specifically mention repurposing/repositioning; Supported by 4 independent AI pillars; Moderate FAERS signal: 102 adverse event reports mention drug-disease co-occurrence; AI-generated hypothesis available; Moderate genetic evidence supporting causality (MR score: 0.56); NOTE: This appears to be an already-approved treatment, not a repurposing candidate"
Lymphoma,Paclitaxel,DB01229,HIGH,ESTABLISHED,0.192,True,0.5327,4,470,432,2,10,moderate,101,86251,False,0,47,0,20,0,,9,0.6775,14,Paclitaxel —[is a therapeutic for]→ Lymphoma,of its anti-proliferative and pro-apoptotic effects.,"Well-established drug-disease relationship (470 articles, 10 trials). Not a repurposing candidate.",10 clinical trial(s) found on ClinicalTrials.gov; 470 PubMed articles on this drug-disease pair; 2 article(s) specifically mention repurposing/repositioning; Supported by 4 independent AI pillars; Moderate FAERS signal: 101 adverse event reports mention drug-disease co-occurrence; AI-generated hypothesis available; Moderate genetic evidence supporting causality (MR score: 0.68)
Lymphoma,Methylprednisolone,DB00959,HIGH,ESTABLISHED,0.187,True,0.5186,4,903,873,0,10,moderate,1064,125031,False,0,6,0,7,0.5373,Hydrocortisone,31,0.6126,3,Methylprednisolone —[treats]→ Lymphoma,of its anti-inflammatory and immunosuppressive properties.,"Well-established drug-disease relationship (903 articles, 10 trials). Not a repurposing candidate.","10 clinical trial(s) found on ClinicalTrials.gov; Phase 3 trial exists; 903 PubMed articles on this drug-disease pair; Supported by 4 independent AI pillars; High molecular similarity (0.54) to Hydrocortisone; Moderate FAERS signal: 1064 adverse event reports mention drug-disease co-occurrence; AI-generated hypothesis available; Moderate genetic evidence supporting causality (MR score: 0.61); NOTE: This appears to be an already-approved treatment, not a repurposing candidate"
Lymphoma,Tacrolimus,DB00864,HIGH,ESTABLISHED,0.155,True,0.5167999863624573,4,528,482,0,10,strong,1826,124653,False,0,3,0,93,0,,166,0,0,Tacrolimus —[downregulates]→ gene-991 —[is downregulated by]→ DB00997 —[treats]→ Lymphoma,of its immunosuppressive properties.,"Well-established drug-disease relationship (528 articles, 10 trials). Not a repurposing candidate.","10 clinical trial(s) found on ClinicalTrials.gov; 528 PubMed articles on this drug-disease pair; Supported by 4 independent AI pillars; Strong FAERS signal: 1826 adverse event reports link drug to disease (124653 total reports); Supporting paper with 93 citations; AI-generated hypothesis available; NOTE: This appears to be an already-approved treatment, not a repurposing candidate"
Lymphoma,Azacitidine,DB00928,HIGH,ESTABLISHED,0.213,True,0.5066,4,623,574,0,10,moderate,43,18259,False,0,24,0,23,0.6444,Cytarabine,65,0.6357,9,Azacitidine —[downregulates]→ gene-595 —[is linked to]→ Lymphoma,of its ability to induce apoptosis and inhibit cell proliferation.,"Well-established drug-disease relationship (623 articles, 10 trials). Not a repurposing candidate.","10 clinical trial(s) found on ClinicalTrials.gov; Phase 3 trial exists; 623 PubMed articles on this drug-disease pair; Supported by 4 independent AI pillars; High molecular similarity (0.64) to Cytarabine; Moderate FAERS signal: 43 adverse event reports mention drug-disease co-occurrence; Supporting paper with 23 citations; AI-generated hypothesis available; Moderate genetic evidence supporting causality (MR score: 0.64); NOTE: This appears to be an already-approved treatment, not a repurposing candidate"
Lymphoma,Docetaxel,DB01248,HIGH,ESTABLISHED,0.21,True,0.4992,4,170,163,0,10,moderate,79,69227,False,0,19,0,26,0.7677,Paclitaxel,91,0.6389,5,Docetaxel —[downregulates]→ gene-983 —[inhibits]→ DB01933 —[is a therapeutic for]→ Lymphoma,of its anti-proliferative and anti-angiogenic properties.,"Well-established drug-disease relationship (170 articles, 10 trials). Not a repurposing candidate.",10 clinical trial(s) found on ClinicalTrials.gov; Phase 3 trial exists; 170 PubMed articles on this drug-disease pair; Supported by 4 independent AI pillars; High molecular similarity (0.77) to Paclitaxel; Moderate FAERS signal: 79 adverse event reports mention drug-disease co-occurrence; Supporting paper with 26 citations; AI-generated hypothesis available; Moderate genetic evidence supporting causality (MR score: 0.64)
Lymphoma,Tretinoin,DB00755,HIGH,ESTABLISHED,0.176,True,0.4878,4,411,340,0,10,weak,1,6607,False,0,46,0,150,1.0,Isotretinoin,40,0.5988,15,Tretinoin —[downregulates]→ gene-6275 —[is a target of]→ DB09130 —[is a therapeutic for]→ Lymphoma,of its anti-inflammatory and immunomodulatory properties.,"Well-established drug-disease relationship (411 articles, 10 trials). Not a repurposing candidate.","10 clinical trial(s) found on ClinicalTrials.gov; 411 PubMed articles on this drug-disease pair; Supported by 4 independent AI pillars; High molecular similarity (1.00) to Isotretinoin; Highly cited paper (150 citations): ""Use of arsenic trioxide in remission induction and consolida...""; AI-generated hypothesis available; Moderate genetic evidence supporting causality (MR score: 0.60)"
Lymphoma,Dexamethasone,DB01234,HIGH,ESTABLISHED,0.117,True,0.4875,4,4047,3725,6,10,strong,3284,312747,False,0,68,0,82,0,,4,0.624,10,Dexamethasone —[treats]→ Lymphoma,of its anti-inflammatory and immunosuppressive properties.,"Well-established drug-disease relationship (4047 articles, 10 trials). Not a repurposing candidate.","10 clinical trial(s) found on ClinicalTrials.gov; Phase 3 trial exists; 4047 PubMed articles on this drug-disease pair; 6 article(s) specifically mention repurposing/repositioning; Supported by 4 independent AI pillars; Strong FAERS signal: 3284 adverse event reports link drug to disease (312747 total reports); Supporting paper with 82 citations; AI-generated hypothesis available; Moderate genetic evidence supporting causality (MR score: 0.62); NOTE: This appears to be an already-approved treatment, not a repurposing candidate"
Malaria,Cimetidine,DB00501,LOW,NOVEL,0.523,False,0.5508000254631042,4,5,4,0,0,none,0,6461,False,0,2,0,12,0,,51,0,0,Cimetidine —[binds]→ gene-1571 —[is bound by]→ DB00359 —[treats]→ Malaria,of its anti-malarial properties.,Novel prediction with minimal existing evidence (5 articles). Computational support suggests this warrants investigation.,5 PubMed article(s) - limited literature; Supported by 4 independent AI pillars; AI-generated hypothesis available
Malaria,Levothyroxine,DB00451,LOW,BREAKTHROUGH,0.494,False,0.4936,4,0,0,0,0,moderate,4,290489,False,0,1,0,86,0,,84,0.2793,2,Levothyroxine —[downregulates]→ gene-991 —[activates]→ gene-6249 —[is upregulated by]→ Malaria,it is a thyroid hormone that is essential for the normal functioning of the immune system.,No published evidence found for this drug-disease pair. Strong computational prediction suggests a potential new discovery. Requires experimental validation.,Supported by 4 independent AI pillars; Moderate FAERS signal: 4 adverse event reports mention drug-disease co-occurrence; Supporting paper with 86 citations; AI-generated hypothesis available
Malaria,Digoxin,DB00390,LOW,NOVEL,0.468,False,0.4925999939441681,4,9,7,0,0,moderate,3,63200,False,0,3,0,52,0,,212,0,0,Digoxin —[downregulates]→ gene-1808 —[is a target of]→ DB11638 —[is a therapeutic for]→ Malaria,of its anti-malarial properties.,Novel prediction with minimal existing evidence (9 articles). Computational support suggests this warrants investigation.,9 PubMed article(s) - limited literature; Supported by 4 independent AI pillars; Moderate FAERS signal: 3 adverse event reports mention drug-disease co-occurrence; Supporting paper with 52 citations; AI-generated hypothesis available
Malaria,Erythromycin,DB00199,HIGH,KNOWN,0.333,False,0.4758,4,0,44,0,10,weak,2,20102,False,0,2,0,69,0.7816,Azithromycin,85,0.2793,2,Erythromycin —[downregulates]→ gene-79902 —[is downregulated by]→ Malaria,it is a potent inhibitor of the parasite's growth.,"Known association with moderate evidence (0 articles, 10 trials). Already being studied.",10 clinical trial(s) found on ClinicalTrials.gov; Phase 3 trial exists; Supported by 4 independent AI pillars; High molecular similarity (0.78) to Azithromycin; Supporting paper with 69 citations; AI-generated hypothesis available
Malaria,Ouabain,DB01092,LOW,NOVEL,0.414,False,0.4358,4,10,0,0,0,none,0,2,False,0,3,0,46,0,,129,0.2793,2,Ouabain —[downregulates]→ gene-1465 —[is a target of]→ DB11638 —[is a therapeutic for]→ Malaria,of its ability to inhibit the Na + / K + ATPase.,Novel prediction with minimal existing evidence (10 articles). Computational support suggests this warrants investigation.,10 PubMed article(s) - limited literature; Supported by 4 independent AI pillars; Supporting paper with 46 citations; AI-generated hypothesis available
Malaria,Mycophenolate mofetil,DB00688,MEDIUM,NOVEL,0.389,False,0.4327000081539154,4,4,4,0,0,moderate,21,102152,False,0,1,0,16,0,,149,0.399,1,Mycophenolate mofetil —[downregulates]→ gene-890 —[inhibits]→ gene-8881 —[is downregulated by]→ Malaria,of its anti-inflammatory and immunosuppressive properties.,Novel prediction with minimal existing evidence (4 articles). Computational support suggests this warrants investigation.,4 PubMed article(s) - limited literature; Supported by 4 independent AI pillars; Moderate FAERS signal: 21 adverse event reports mention drug-disease co-occurrence; AI analysis of 1 abstract(s) found positive treatment signals; AI-generated hypothesis available; Moderate genetic evidence supporting causality (MR score: 0.40)
Malaria,Dexamethasone,DB01234,HIGH,KNOWN,0.3,False,0.42820000648498535,4,106,97,2,0,moderate,9,312747,False,0,13,0,12,0,,28,0.0998,1,Dexamethasone —[is a therapeutic for]→ Malaria,of its anti-inflammatory properties.,"Known association with moderate evidence (106 articles, 0 trials). Already being studied.",106 PubMed articles on this drug-disease pair; 2 article(s) specifically mention repurposing/repositioning; Supported by 4 independent AI pillars; Moderate FAERS signal: 9 adverse event reports mention drug-disease co-occurrence; AI-generated hypothesis available
Malaria,Clarithromycin,DB01211,MEDIUM,EMERGING,0.348,False,0.4088999927043915,4,13,11,2,0,weak,1,36490,False,0,3,0,55,0.7386,Azithromycin,8,0.399,1,Clarithromycin —[downregulates]→ gene-23406 —[is upregulated by]→ Malaria,of its high efficacy and low toxicity.,"Emerging repurposing candidate. Some evidence exists (13 articles, 2 mention repurposing) but not yet validated in trials.",13 PubMed articles found; 2 article(s) specifically mention repurposing/repositioning; Supported by 4 independent AI pillars; High molecular similarity (0.74) to Azithromycin; Supporting paper with 55 citations; AI-generated hypothesis available; Moderate genetic evidence supporting causality (MR score: 0.40)
Malaria,Testosterone,DB00624,HIGH,KNOWN,0.286,False,0.4081999957561493,4,77,37,0,1,none,0,30252,False,0,7,0,13,0.4426,Cortisone,64,0.0998,1,Testosterone —[downregulates]→ gene-5438 —[binds]→ gene-79035 —[is upregulated by]→ Malaria,of its anti-malarial properties.,"Known association with moderate evidence (77 articles, 1 trials). Already being studied.",1 clinical trial(s) found on ClinicalTrials.gov; Phase 3 trial exists; 77 PubMed articles on this drug-disease pair; Supported by 4 independent AI pillars; WARNING: Drug FAILED Phase 3 trial(s) for this disease (1 terminated/withdrawn); AI-generated hypothesis available
Malaria,Indomethacin,DB00328,LOW,NOVEL,0.346,False,0.4067,4,32,19,0,0,none,0,12621,False,0,8,0,38,0,,105,0.2793,2,Indomethacin —[binds]→ gene-8714 —[is upregulated by]→ Malaria,of its anti-inflammatory properties.,Novel prediction with minimal existing evidence (32 articles). Computational support suggests this warrants investigation.,32 PubMed articles found; Supported by 4 independent AI pillars; Supporting paper with 38 citations; AI-generated hypothesis available
Marfan syndrome,Propranolol,DB00571,HIGH,KNOWN,0.248,False,0.4128,3,29,28,0,1,none,0,59698,False,0,4,0,178,0.44,Atenolol,8,0,0,Propranolol —[treats]→ DOID:10763 —[is treated by]→ DB00678 —[treats]→ Marfan syndrome,of its effect on the aortic root and the aortic root's elastic properties.,"Known association with moderate evidence (29 articles, 1 trials). Already being studied.","1 clinical trial(s) found on ClinicalTrials.gov; 29 PubMed articles found; Supported by 3 independent AI pillars; Highly cited paper (178 citations): ""Usefulness of enalapril versus propranolol or atenolol for p...""; AI-generated hypothesis available"
Marfan syndrome,Esmolol,DB00187,LOW,NOVEL,0.352,False,0.391,3,0,0,0,0,none,0,1136,False,0,1,0,186,0.6522,Atenolol,31,0,0,Esmolol —[treats]→ DOID:10763 —[is treated by]→ DB00678 —[treats]→ Marfan syndrome,it is a short-acting beta-blocker with a rapid onset of action.,Novel prediction with minimal existing evidence (0 articles). Computational support suggests this warrants investigation.,"Supported by 3 independent AI pillars; High molecular similarity (0.65) to Atenolol; Highly cited paper (186 citations): ""Marfan syndrome...""; AI-generated hypothesis available"
Marfan syndrome,Metoprolol,DB00264,LOW,NOVEL,0.37,False,0.3893,3,7,5,0,0,none,0,319943,False,0,2,0,55,0.6222,Atenolol,20,0,0,Metoprolol —[treats]→ DOID:10763 —[is treated by]→ DB00678 —[treats]→ Marfan syndrome,of its beta-adrenergic blocking properties.,Novel prediction with minimal existing evidence (7 articles). Computational support suggests this warrants investigation.,7 PubMed article(s) - limited literature; Supported by 3 independent AI pillars; High molecular similarity (0.62) to Atenolol; Supporting paper with 55 citations; AI-generated hypothesis available
Marfan syndrome,Betaxolol,DB00195,LOW,NOVEL,0.343,False,0.3814,3,0,0,0,0,none,0,1246,False,0,1,0,186,0.5385,Atenolol,11,0,0,Betaxolol —[treats]→ DOID:10763 —[is treated by]→ DB00678 —[treats]→ Marfan syndrome,of its beta-adrenergic blocking action.,Novel prediction with minimal existing evidence (0 articles). Computational support suggests this warrants investigation.,"Supported by 3 independent AI pillars; High molecular similarity (0.54) to Atenolol; Highly cited paper (186 citations): ""Marfan syndrome...""; AI-generated hypothesis available"
Marfan syndrome,Olmesartan,DB00275,LOW,NOVEL,0.35,False,0.3689,3,1,1,0,0,none,0,27259,False,0,1,0,69,0.5634,Losartan,9,0,0,Olmesartan —[treats]→ DOID:10763 —[is treated by]→ DB00678 —[treats]→ Marfan syndrome,of its angiotensin II receptor antagonist properties.,Novel prediction with minimal existing evidence (1 articles). Computational support suggests this warrants investigation.,1 PubMed article(s) - limited literature; Supported by 3 independent AI pillars; High molecular similarity (0.56) to Losartan; Supporting paper with 69 citations; AI-generated hypothesis available
Marfan syndrome,Labetalol,DB00598,LOW,NOVEL,0.339,False,0.3568,3,4,3,0,0,none,0,15925,False,0,1,0,36,0.2615,Atenolol,63,0,0,Labetalol —[treats]→ DOID:10763 —[is treated by]→ DB00678 —[treats]→ Marfan syndrome,of its beta-adrenergic blocking properties.,Novel prediction with minimal existing evidence (4 articles). Computational support suggests this warrants investigation.,4 PubMed article(s) - limited literature; Supported by 3 independent AI pillars; Supporting paper with 36 citations; AI-generated hypothesis available
Marfan syndrome,Ramipril,DB00178,LOW,NOVEL,0.339,False,0.3567,3,4,4,1,0,none,0,127611,False,0,1,0,24,0,,102,0,0,Ramipril —[treats]→ DOID:3393 —[is treated by]→ DB00678 —[treats]→ Marfan syndrome,of its ACE-inhibiting properties.,Novel prediction with minimal existing evidence (4 articles). Computational support suggests this warrants investigation.,4 PubMed article(s) - limited literature; 1 article(s) specifically mention repurposing/repositioning; Supported by 3 independent AI pillars; Supporting paper with 24 citations; AI-generated hypothesis available
Marfan syndrome,Practolol,DB01297,LOW,NOVEL,0.312,False,0.3471,3,0,0,0,0,none,0,6,False,0,1,0,186,0.6222,Atenolol,116,0,0,Practolol —[is a therapeutic for]→ MESH:D006973 —[is treated by]→ DB00678 —[treats]→ Marfan syndrome,of its beta-blocking action.,Novel prediction with minimal existing evidence (0 articles). Computational support suggests this warrants investigation.,"Supported by 3 independent AI pillars; High molecular similarity (0.62) to Atenolol; Highly cited paper (186 citations): ""Marfan syndrome...""; AI-generated hypothesis available"
Marfan syndrome,Acebutolol,DB01193,LOW,NOVEL,0.308,False,0.342,3,0,0,0,0,none,0,3979,False,0,1,0,186,0.4,Atenolol,66,0,0,Acebutolol —[treats]→ DOID:10763 —[is treated by]→ DB00678 —[treats]→ Marfan syndrome,of its beta-blocking action.,Novel prediction with minimal existing evidence (0 articles). Computational support suggests this warrants investigation.,"Supported by 3 independent AI pillars; Highly cited paper (186 citations): ""Marfan syndrome...""; AI-generated hypothesis available"
Marfan syndrome,Trandolapril,DB00519,LOW,NOVEL,0.306,False,0.3399,3,0,0,0,0,none,0,2251,False,0,1,0,186,0,,160,0,0,Trandolapril —[treats]→ DOID:10763 —[is treated by]→ DB00678 —[treats]→ Marfan syndrome,it reduces the incidence of aortic dissection and aortic root dilatation.,Novel prediction with minimal existing evidence (0 articles). Computational support suggests this warrants investigation.,"Supported by 3 independent AI pillars; Highly cited paper (186 citations): ""Marfan syndrome...""; AI-generated hypothesis available"
Melanoma,Bleomycin,DB00290,HIGH,KNOWN,0.343,False,0.5720999836921692,4,449,389,1,5,moderate,14,10539,False,0,5,0,31,0,,37,0.8129,1,Bleomycin —[is a therapeutic for]→ Melanoma,of its ability to induce apoptosis in tumor cells.,"Known association with moderate evidence (449 articles, 5 trials). Already being studied.","5 clinical trial(s) found on ClinicalTrials.gov; 449 PubMed articles on this drug-disease pair; 1 article(s) specifically mention repurposing/repositioning; Supported by 4 independent AI pillars; Moderate FAERS signal: 14 adverse event reports mention drug-disease co-occurrence; Supporting paper with 31 citations; AI-generated hypothesis available; Strong causal genetic evidence (MR score: 0.81, 1 genetic targets)"
Melanoma,Tacrolimus,DB00864,HIGH,ESTABLISHED,0.195,True,0.5559999942779541,4,173,157,0,3,moderate,269,124653,False,0,8,0,270,0,,358,0,0,Tacrolimus —[downregulates]→ gene-991 —[is activated by]→ gene-3619 —[is linked to]→ Melanoma,of its immunosuppressive properties.,"Well-established drug-disease relationship (173 articles, 3 trials). Not a repurposing candidate.","3 clinical trial(s) found on ClinicalTrials.gov; 173 PubMed articles on this drug-disease pair; Supported by 4 independent AI pillars; Moderate FAERS signal: 269 adverse event reports mention drug-disease co-occurrence; Highly cited paper (270 citations): ""Multicenter Prospective Study of the Efficacy and Safety of ...""; AI-generated hypothesis available"
Melanoma,Crocetin,DB05974,LOW,NOVEL,0.629,False,0.5516,4,3,3,0,0,none,0,0,False,0,4,0,86,0,,165,0.651,2,Crocetin —[is a therapeutic for]→ MESH:D050197 —[is treated by]→ DB01104 —[is a therapeutic for]→ Melanoma,of its anti-inflammatory and antioxidant properties.,Novel prediction with minimal existing evidence (3 articles). Computational support suggests this warrants investigation.,3 PubMed article(s) - limited literature; Supported by 4 independent AI pillars; Supporting paper with 86 citations; AI-generated hypothesis available; Moderate genetic evidence supporting causality (MR score: 0.65)
Melanoma,Valproic Acid,DB00313,HIGH,KNOWN,0.457,False,0.5442,4,58,55,0,3,moderate,3,31999,False,0,35,0,22,0,,140,0.6503,4,Valproic Acid —[binds]→ gene-1577 —[is downregulated by]→ Melanoma,of its anti-proliferative and anti-angiogenic properties.,"Known association with moderate evidence (58 articles, 3 trials). Already being studied.",3 clinical trial(s) found on ClinicalTrials.gov; 58 PubMed articles on this drug-disease pair; Supported by 4 independent AI pillars; Moderate FAERS signal: 3 adverse event reports mention drug-disease co-occurrence; Supporting paper with 22 citations; AI analysis of 1 abstract(s) found positive treatment signals; AI-generated hypothesis available; Moderate genetic evidence supporting causality (MR score: 0.65)
Melanoma,Simvastatin,DB00641,HIGH,EMERGING,0.486,False,0.5404,4,51,42,4,0,moderate,357,210221,False,0,98,0,30,0.7424,Lovastatin,28,0.725,6,Simvastatin —[downregulates]→ gene-55131 —[is upregulated by]→ Melanoma,of its ability to inhibit the proliferation of melanoma cells.,"Emerging repurposing candidate. Some evidence exists (51 articles, 4 mention repurposing) but not yet validated in trials.","51 PubMed articles on this drug-disease pair; 4 article(s) specifically mention repurposing/repositioning; Supported by 4 independent AI pillars; High molecular similarity (0.74) to Lovastatin; Moderate FAERS signal: 357 adverse event reports mention drug-disease co-occurrence; Supporting paper with 30 citations; AI-generated hypothesis available; Strong causal genetic evidence (MR score: 0.72, 6 genetic targets)"
Melanoma,Tretinoin,DB00755,HIGH,ESTABLISHED,0.225,True,0.5367,4,309,215,1,7,moderate,17,6607,False,0,112,0,20,1.0,Isotretinoin,27,0.7593,7,Tretinoin —[downregulates]→ gene-27338 —[is bound by]→ gene-56658 —[is upregulated by]→ Melanoma,of its anti-inflammatory and anti-proliferative properties.,"Well-established drug-disease relationship (309 articles, 7 trials). Not a repurposing candidate.","7 clinical trial(s) found on ClinicalTrials.gov; 309 PubMed articles on this drug-disease pair; 1 article(s) specifically mention repurposing/repositioning; Supported by 4 independent AI pillars; High molecular similarity (1.00) to Isotretinoin; Moderate FAERS signal: 17 adverse event reports mention drug-disease co-occurrence; AI-generated hypothesis available; Strong causal genetic evidence (MR score: 0.76, 7 genetic targets)"
Melanoma,Methylprednisolone,DB00959,HIGH,KNOWN,0.29,False,0.5365,4,137,131,0,4,moderate,169,125031,False,0,15,0,13,0,,190,0.7213,3,Methylprednisolone —[downregulates]→ gene-8061 —[is linked to]→ Melanoma,of its anti-inflammatory and immunomodulatory properties.,"Known association with moderate evidence (137 articles, 4 trials). Already being studied.","4 clinical trial(s) found on ClinicalTrials.gov; 137 PubMed articles on this drug-disease pair; Supported by 4 independent AI pillars; Moderate FAERS signal: 169 adverse event reports mention drug-disease co-occurrence; AI-generated hypothesis available; Strong causal genetic evidence (MR score: 0.72, 3 genetic targets)"
Melanoma,Berberine,DB04115,HIGH,NOVEL,0.545,False,0.5342,4,60,52,0,0,weak,2,816,False,0,40,0,39,0,,30,0.7135,3,Berberine —[is a therapeutic for]→ MESH:D065626 —[is treated by]→ DB11094 —[is a therapeutic for]→ Melanoma,of its anti-inflammatory and anti-oxidant properties.,Novel prediction with minimal existing evidence (60 articles). Computational support suggests this warrants investigation.,"60 PubMed articles on this drug-disease pair; Supported by 4 independent AI pillars; Supporting paper with 39 citations; AI-generated hypothesis available; Strong causal genetic evidence (MR score: 0.71, 3 genetic targets)"
Melanoma,Carboplatin,DB00958,HIGH,ESTABLISHED,0.223,True,0.5309,4,312,295,2,10,moderate,88,124071,False,0,19,0,44,0,,45,0.7908,5,Carboplatin —[is a therapeutic for]→ Melanoma,of its high efficacy and low toxicity.,"Well-established drug-disease relationship (312 articles, 10 trials). Not a repurposing candidate.","10 clinical trial(s) found on ClinicalTrials.gov; 312 PubMed articles on this drug-disease pair; 2 article(s) specifically mention repurposing/repositioning; Supported by 4 independent AI pillars; Moderate FAERS signal: 88 adverse event reports mention drug-disease co-occurrence; Supporting paper with 44 citations; AI-generated hypothesis available; Strong causal genetic evidence (MR score: 0.79, 5 genetic targets)"
Melanoma,Suramin,DB04786,MEDIUM,NOVEL,0.395,False,0.5260999798774719,4,34,27,0,0,none,0,17,False,0,24,0,179,0,,35,0.2587,1,Suramin —[downregulates]→ gene-1026 —[is linked to]→ Melanoma,of its ability to inhibit the growth of melanoma cells.,Novel prediction with minimal existing evidence (34 articles). Computational support suggests this warrants investigation.,"34 PubMed articles found; Supported by 4 independent AI pillars; Highly cited paper (179 citations): ""Suramin. A potent inhibitor of melanoma heparanase and invas...""; AI-generated hypothesis available"
Multiple myeloma,Carboplatin,DB00958,HIGH,ESTABLISHED,0.289,True,0.6016,4,55,53,0,6,moderate,34,124071,False,0,13,0,104,0,,44,0.6269,4,Carboplatin —[is a therapeutic for]→ Multiple myeloma,of its unique mechanism of action and its favorable toxicity profile.,"Well-established drug-disease relationship (55 articles, 6 trials). Not a repurposing candidate.","6 clinical trial(s) found on ClinicalTrials.gov; 55 PubMed articles on this drug-disease pair; Supported by 4 independent AI pillars; Moderate FAERS signal: 34 adverse event reports mention drug-disease co-occurrence; Highly cited paper (104 citations): ""Targeting the ubiquitin-proteasome system for cancer treatme...""; AI-generated hypothesis available; Moderate genetic evidence supporting causality (MR score: 0.63)"
Multiple myeloma,Epigallocatechin gallate,DB12116,MEDIUM,KNOWN,0.38,False,0.5429,4,28,22,0,1,none,0,19,False,0,55,0,19,0,,2,0.4561,4,Epigallocatechin gallate —[is a therapeutic for]→ Multiple myeloma,of its anti-inflammatory and antioxidant properties.,"Known association with moderate evidence (28 articles, 1 trials). Already being studied.",1 clinical trial(s) found on ClinicalTrials.gov; 28 PubMed articles found; Supported by 4 independent AI pillars; CAUTION: Drug had terminated/withdrawn trials (Phase 2) for this disease; AI-generated hypothesis available; Moderate genetic evidence supporting causality (MR score: 0.46)
Multiple myeloma,Gemcitabine,DB00441,HIGH,KNOWN,0.284,False,0.5257,4,96,93,1,10,moderate,7,55284,False,0,69,0,104,0.6042,Cytarabine,18,0.5606,5,Gemcitabine —[downregulates]→ gene-6790 —[is bound by]→ DB00997 —[treats]→ Multiple myeloma,of its unique mechanism of action and its favorable toxicity profile.,"Known association with moderate evidence (96 articles, 10 trials). Already being studied.","10 clinical trial(s) found on ClinicalTrials.gov; 96 PubMed articles on this drug-disease pair; 1 article(s) specifically mention repurposing/repositioning; Supported by 4 independent AI pillars; High molecular similarity (0.60) to Cytarabine; Moderate FAERS signal: 7 adverse event reports mention drug-disease co-occurrence; Highly cited paper (104 citations): ""Targeting the ubiquitin-proteasome system for cancer treatme...""; AI analysis of 1 abstract(s) found positive treatment signals; AI-generated hypothesis available; Moderate genetic evidence supporting causality (MR score: 0.56)"
Multiple myeloma,Fluorouracil,DB00544,HIGH,KNOWN,0.286,False,0.5206,4,70,65,0,5,moderate,33,85326,False,0,34,0,104,0,,26,0.2703,2,Fluorouracil —[downregulates]→ gene-2697 —[is linked to]→ Multiple myeloma,of its ability to inhibit the proliferation of myeloma cells.,"Known association with moderate evidence (70 articles, 5 trials). Already being studied.","5 clinical trial(s) found on ClinicalTrials.gov; 70 PubMed articles on this drug-disease pair; Supported by 4 independent AI pillars; Moderate FAERS signal: 33 adverse event reports mention drug-disease co-occurrence; Highly cited paper (104 citations): ""Targeting the ubiquitin-proteasome system for cancer treatme...""; AI-generated hypothesis available"
Multiple myeloma,Testosterone,DB00624,HIGH,KNOWN,0.339,False,0.513700008392334,4,67,42,0,1,moderate,50,30252,False,0,30,0,104,0,,151,0.5471,1,Testosterone —[downregulates]→ gene-5111 —[is a target of]→ DB00945 —[is a therapeutic for]→ Multiple myeloma,of its anti-inflammatory and immunomodulatory properties.,"Known association with moderate evidence (67 articles, 1 trials). Already being studied.","1 clinical trial(s) found on ClinicalTrials.gov; 67 PubMed articles on this drug-disease pair; Supported by 4 independent AI pillars; Moderate FAERS signal: 50 adverse event reports mention drug-disease co-occurrence; Highly cited paper (104 citations): ""Targeting the ubiquitin-proteasome system for cancer treatme...""; AI-generated hypothesis available; Moderate genetic evidence supporting causality (MR score: 0.55)"
Multiple myeloma,Acetylcysteine,DB06151,HIGH,NOVEL,0.449,False,0.4987,4,56,43,0,0,moderate,6,10374,False,0,24,0,114,0,,60,0.5001,2,Acetylcysteine —[palliates]→ DOID:3083 —[is treated by]→ DB00471 —[is a therapeutic for]→ Multiple myeloma,of its antioxidant properties.,Novel prediction with minimal existing evidence (56 articles). Computational support suggests this warrants investigation.,"56 PubMed articles on this drug-disease pair; Supported by 4 independent AI pillars; Moderate FAERS signal: 6 adverse event reports mention drug-disease co-occurrence; Highly cited paper (114 citations): ""The glutathione synthesis inhibitor buthionine sulfoximine s...""; AI-generated hypothesis available; Moderate genetic evidence supporting causality (MR score: 0.50)"
Multiple myeloma,Budesonide,DB01222,HIGH,KNOWN,0.387,False,0.4961000084877014,4,5,5,0,1,moderate,53,57603,False,0,26,0,104,0.5833,Prednisolone,198,0.6819,1,Budesonide —[downregulates]→ gene-9212 —[is a target of]→ DB06486 —[is a therapeutic for]→ Multiple myeloma,of its anti-inflammatory and immunomodulatory properties.,"Known association with moderate evidence (5 articles, 1 trials). Already being studied.","1 clinical trial(s) found on ClinicalTrials.gov; 5 PubMed article(s) - limited literature; Supported by 4 independent AI pillars; High molecular similarity (0.58) to Prednisolone; Moderate FAERS signal: 53 adverse event reports mention drug-disease co-occurrence; Highly cited paper (104 citations): ""Targeting the ubiquitin-proteasome system for cancer treatme...""; AI-generated hypothesis available; Moderate genetic evidence supporting causality (MR score: 0.68)"
Multiple myeloma,Tamoxifen,DB00675,HIGH,KNOWN,0.273,False,0.4956,4,30,23,0,1,moderate,24,22221,False,0,46,0,104,0,,84,0.4561,4,Tamoxifen —[downregulates]→ gene-993 —[is downregulated by]→ DB00997 —[treats]→ Multiple myeloma,of its anti-proliferative and anti-angiogenic properties.,"Known association with moderate evidence (30 articles, 1 trials). Already being studied.","1 clinical trial(s) found on ClinicalTrials.gov; 30 PubMed articles found; Supported by 4 independent AI pillars; Moderate FAERS signal: 24 adverse event reports mention drug-disease co-occurrence; Highly cited paper (104 citations): ""Targeting the ubiquitin-proteasome system for cancer treatme...""; AI-generated hypothesis available; Moderate genetic evidence supporting causality (MR score: 0.46)"
Multiple myeloma,Docetaxel,DB01248,HIGH,KNOWN,0.27,False,0.4915,4,33,31,1,3,moderate,18,69227,False,0,21,0,104,0.7677,Paclitaxel,147,0.4495,3,Docetaxel —[downregulates]→ gene-983 —[inhibits]→ DB03496 —[is a therapeutic for]→ Multiple myeloma,of its anti-proliferative and anti-angiogenic properties.,"Known association with moderate evidence (33 articles, 3 trials). Already being studied.","3 clinical trial(s) found on ClinicalTrials.gov; 33 PubMed articles found; 1 article(s) specifically mention repurposing/repositioning; Supported by 4 independent AI pillars; High molecular similarity (0.77) to Paclitaxel; Moderate FAERS signal: 18 adverse event reports mention drug-disease co-occurrence; Highly cited paper (104 citations): ""Targeting the ubiquitin-proteasome system for cancer treatme...""; AI-generated hypothesis available; Moderate genetic evidence supporting causality (MR score: 0.45)"
Multiple myeloma,AZD2171,DB04849,HIGH,KNOWN,0.329,False,0.4697,4,0,0,0,1,none,0,50,False,0,75,0,1649,0,,155,0.4256,1,AZD2171 —[is a therapeutic for]→ MESH:D055752 —[is treated by]→ DB00541 —[treats]→ Multiple myeloma,of its ability to inhibit multiple myeloma cell growth and induce apoptosis.,"Known association with moderate evidence (0 articles, 1 trials). Already being studied.","1 clinical trial(s) found on ClinicalTrials.gov; Supported by 4 independent AI pillars; Highly cited paper (1649 citations): ""Idecabtagene Vicleucel in Relapsed and Refractory Multiple M...""; AI-generated hypothesis available; Moderate genetic evidence supporting causality (MR score: 0.43)"
Multiple sclerosis,Berberine,DB04115,MEDIUM,KNOWN,0.506,False,0.6025999784469604,5,694,370,0,0,weak,1,816,False,0,14,0,27,0,,124,0.6381,1,Berberine —[is a therapeutic for]→ Multiple sclerosis,of its anti-inflammatory and antioxidant properties.,"Known association with moderate evidence (694 articles, 0 trials). Already being studied.",694 PubMed articles on this drug-disease pair; Supported by 5 independent AI pillars; Supporting paper with 27 citations; AI-generated hypothesis available; Moderate genetic evidence supporting causality (MR score: 0.64)
Multiple sclerosis,histamine dihydrochloride,DB05381,HIGH,KNOWN,0.415,False,0.5318,4,1,1,0,10,none,0,15,False,0,22,0,24,0,,6,0.7121,2,histamine dihydrochloride —[is a therapeutic for]→ Multiple sclerosis,of its ability to inhibit the production of proinflammatory cytokines.,"Known association with moderate evidence (1 articles, 10 trials). Already being studied.","10 clinical trial(s) found on ClinicalTrials.gov; Phase 3 trial exists; 1 PubMed article(s) - limited literature; Supported by 4 independent AI pillars; Supporting paper with 24 citations; AI-generated hypothesis available; Strong causal genetic evidence (MR score: 0.71, 2 genetic targets)"
Multiple sclerosis,Tacrolimus,DB00864,HIGH,KNOWN,0.265,False,0.5300999879837036,4,609,468,3,2,moderate,29,124653,False,0,3,0,27,0,,310,0,0,Tacrolimus —[downregulates]→ gene-991 —[is downregulated by]→ DB00563 —[treats]→ Multiple sclerosis,of its immunomodulatory properties.,"Known association with moderate evidence (609 articles, 2 trials). Already being studied.",2 clinical trial(s) found on ClinicalTrials.gov; Phase 3 trial exists; 609 PubMed articles on this drug-disease pair; 3 article(s) specifically mention repurposing/repositioning; Supported by 4 independent AI pillars; Moderate FAERS signal: 29 adverse event reports mention drug-disease co-occurrence; Supporting paper with 27 citations; AI-generated hypothesis available
Multiple sclerosis,Simvastatin,DB00641,HIGH,ESTABLISHED,0.183,True,0.507,4,412,297,9,10,moderate,758,210221,False,0,48,0,36,0,,33,0.6006,4,Simvastatin —[is a therapeutic for]→ Multiple sclerosis,of its pleiotropic effects.,"Well-established drug-disease relationship (412 articles, 10 trials). Not a repurposing candidate.",10 clinical trial(s) found on ClinicalTrials.gov; Phase 3 trial exists; 412 PubMed articles on this drug-disease pair; 9 article(s) specifically mention repurposing/repositioning; Supported by 4 independent AI pillars; Moderate FAERS signal: 758 adverse event reports mention drug-disease co-occurrence; Supporting paper with 36 citations; AI-generated hypothesis available; Moderate genetic evidence supporting causality (MR score: 0.60)
Multiple sclerosis,Fluorouracil,DB00544,HIGH,KNOWN,0.393,False,0.5044,4,660,506,2,0,moderate,15,85326,False,0,13,0,27,0,,91,0.696,3,Fluorouracil —[binds]→ gene-1558 —[is a target of]→ DB00951 —[is a therapeutic for]→ Multiple sclerosis,of its anti-inflammatory and immunomodulatory properties.,"Known association with moderate evidence (660 articles, 0 trials). Already being studied.",660 PubMed articles on this drug-disease pair; 2 article(s) specifically mention repurposing/repositioning; Supported by 4 independent AI pillars; Moderate FAERS signal: 15 adverse event reports mention drug-disease co-occurrence; Supporting paper with 27 citations; AI-generated hypothesis available; Moderate genetic evidence supporting causality (MR score: 0.70)
Multiple sclerosis,Budesonide,DB01222,HIGH,KNOWN,0.377,False,0.4828000068664551,4,94,69,2,0,moderate,95,57603,False,0,13,0,2097,0,,111,0.5657,1,Budesonide —[affects]→ gene-3553 —[is linked to]→ Multiple sclerosis,of its anti-inflammatory properties.,"Known association with moderate evidence (94 articles, 0 trials). Already being studied.","94 PubMed articles on this drug-disease pair; 2 article(s) specifically mention repurposing/repositioning; Supported by 4 independent AI pillars; Moderate FAERS signal: 95 adverse event reports mention drug-disease co-occurrence; Highly cited paper (2097 citations): ""Rising prevalence of multiple sclerosis worldwide: Insights ...""; AI-generated hypothesis available; Moderate genetic evidence supporting causality (MR score: 0.57)"
Multiple sclerosis,Triptolide,DB12025,MEDIUM,KNOWN,0.405,False,0.4817,4,107,69,0,0,none,0,3,False,0,5,0,81,0,,150,0.6046,2,Triptolide —[is a therapeutic for]→ MESH:D011565 —[is treated by]→ DB00993 —[treats]→ Multiple sclerosis,of its anti-inflammatory and immunosuppressive properties.,"Known association with moderate evidence (107 articles, 0 trials). Already being studied.",107 PubMed articles on this drug-disease pair; Supported by 4 independent AI pillars; Supporting paper with 81 citations; AI-generated hypothesis available; Moderate genetic evidence supporting causality (MR score: 0.60)
Multiple sclerosis,Folic Acid,DB00158,HIGH,KNOWN,0.259,False,0.4792,4,782,317,0,2,moderate,830,253612,False,0,9,0,29,0,,54,0.5741,4,Folic Acid —[is a therapeutic for]→ Multiple sclerosis,of its antioxidant properties.,"Known association with moderate evidence (782 articles, 2 trials). Already being studied.",2 clinical trial(s) found on ClinicalTrials.gov; 782 PubMed articles on this drug-disease pair; Supported by 4 independent AI pillars; Moderate FAERS signal: 830 adverse event reports mention drug-disease co-occurrence; Supporting paper with 29 citations; AI-generated hypothesis available; Moderate genetic evidence supporting causality (MR score: 0.57)
Multiple sclerosis,Curcumin,DB11672,HIGH,KNOWN,0.287,False,0.478,4,733,451,2,2,moderate,26,2866,False,0,35,0,27,0,,19,0.5986,4,Curcumin —[is a therapeutic for]→ MESH:D050197 —[is treated by]→ DB00563 —[treats]→ Multiple sclerosis,of its anti-inflammatory and antioxidant properties.,"Known association with moderate evidence (733 articles, 2 trials). Already being studied.",2 clinical trial(s) found on ClinicalTrials.gov; 733 PubMed articles on this drug-disease pair; 2 article(s) specifically mention repurposing/repositioning; Supported by 4 independent AI pillars; Note: Drug had early-phase trial failures for this disease; Moderate FAERS signal: 26 adverse event reports mention drug-disease co-occurrence; Supporting paper with 27 citations; AI-generated hypothesis available; Moderate genetic evidence supporting causality (MR score: 0.60)
Multiple sclerosis,Ketamine,DB01221,HIGH,KNOWN,0.281,False,0.4690999984741211,4,871,358,3,3,moderate,20,14759,False,0,23,0,27,0,,49,0.5543,1,Ketamine —[binds]→ gene-5243 —[is linked to]→ Multiple sclerosis,of its anti-inflammatory and neuroprotective properties.,"Known association with moderate evidence (871 articles, 3 trials). Already being studied.",3 clinical trial(s) found on ClinicalTrials.gov; 871 PubMed articles on this drug-disease pair; 3 article(s) specifically mention repurposing/repositioning; Supported by 4 independent AI pillars; Moderate FAERS signal: 20 adverse event reports mention drug-disease co-occurrence; Supporting paper with 27 citations; AI-generated hypothesis available; Moderate genetic evidence supporting causality (MR score: 0.55)
Neurofibromatosis,Tamoxifen,DB00675,MEDIUM,NOVEL,0.468,False,0.4593,4,27,19,0,0,weak,1,22221,False,0,2,0,41,0,,74,0.9745,1,,of its anti-proliferative and anti-angiogenic properties.,Novel prediction with minimal existing evidence (27 articles). Computational support suggests this warrants investigation.,"27 PubMed articles found; Supported by 4 independent AI pillars; Supporting paper with 41 citations; AI-generated hypothesis available; Strong causal genetic evidence (MR score: 0.97, 1 genetic targets)"
Neurofibromatosis,Gonadorelin,DB00644,LOW,NOVEL,0.337,False,0.3970000147819519,4,0,0,0,0,none,0,588,False,0,1,0,584,0,,85,0.1945,1,,of its ability to stimulate the growth of the pituitary gland and the gonads.,Novel prediction with minimal existing evidence (0 articles). Computational support suggests this warrants investigation.,"Supported by 4 independent AI pillars; Highly cited paper (584 citations): ""Revised diagnostic criteria for neurofibromatosis type 1 and...""; AI-generated hypothesis available"
Neurofibromatosis,Testosterone,DB00624,MEDIUM,NOVEL,0.266,False,0.35499998927116394,4,15,8,0,0,none,0,30252,False,0,0,0,144,0,,93,0.1945,1,,of its anabolic effects.,Novel prediction with minimal existing evidence (15 articles). Computational support suggests this warrants investigation.,"15 PubMed articles found; Supported by 4 independent AI pillars; Highly cited paper (144 citations): ""Precocious puberty in children with neurofibromatosis type 1...""; AI-generated hypothesis available"
Neurofibromatosis,Melatonin,DB01065,LOW,NOVEL,0.316,False,0.33250001072883606,4,10,5,0,0,none,0,53144,False,0,0,0,23,0,,128,0.1945,1,,of its antioxidant and anti-inflammatory properties.,Novel prediction with minimal existing evidence (10 articles). Computational support suggests this warrants investigation.,10 PubMed article(s) - limited literature; Supported by 4 independent AI pillars; Supporting paper with 23 citations; AI-generated hypothesis available
Neurofibromatosis,(+)-Ursolic Acid,DB15588,LOW,BREAKTHROUGH,0.323,False,0.32330000400543213,3,0,0,0,0,none,0,14,False,0,0,0,40,0,,186,0,0,,of its anti-inflammatory and anti-angiogenic properties.,No published evidence found for this drug-disease pair. Strong computational prediction suggests a potential new discovery. Requires experimental validation.,Supported by 3 independent AI pillars; Supporting paper with 40 citations; AI-generated hypothesis available
Neurofibromatosis,Urea,DB03904,HIGH,KNOWN,0.224,False,0.3206000030040741,3,13,6,0,3,none,0,3034,False,0,0,0,1,0,,47,0,0,,of its ability to increase the number of Schwann cells in the peripheral nervous system.,"Known association with moderate evidence (13 articles, 3 trials). Already being studied.",3 clinical trial(s) found on ClinicalTrials.gov; 13 PubMed articles found; Supported by 3 independent AI pillars; AI-generated hypothesis available
Neurofibromatosis,Phenothiazine,DB11447,LOW,NOVEL,0.271,False,0.3185,3,0,0,0,0,none,0,263,False,0,2,0,584,0,,111,0,0,,of its ability to inhibit the proliferation of Schwann cells and fibroblasts.,Novel prediction with minimal existing evidence (0 articles). Computational support suggests this warrants investigation.,"Supported by 3 independent AI pillars; Highly cited paper (584 citations): ""Revised diagnostic criteria for neurofibromatosis type 1 and...""; AI-generated hypothesis available"
Neurofibromatosis,Progesterone,DB00396,MEDIUM,NOVEL,0.321,False,0.3143,4,92,37,0,0,none,0,19292,False,0,1,0,15,0,,5,0.6625,2,,of its anti-proliferative and anti-angiogenic properties.,Novel prediction with minimal existing evidence (92 articles). Computational support suggests this warrants investigation.,92 PubMed articles on this drug-disease pair; Supported by 4 independent AI pillars; AI-generated hypothesis available; Moderate genetic evidence supporting causality (MR score: 0.66)
Neurofibromatosis,Gamma(Amino)-Butyric Acid,DB02530,LOW,NOVEL,0.292,False,0.3077000081539154,4,3,1,0,0,none,0,2,False,0,0,0,22,0,,18,0.4377,1,,of its ability to reduce the size of neurofibromas.,Novel prediction with minimal existing evidence (3 articles). Computational support suggests this warrants investigation.,3 PubMed article(s) - limited literature; Supported by 4 independent AI pillars; Supporting paper with 22 citations; AI-generated hypothesis available; Moderate genetic evidence supporting causality (MR score: 0.44)
Neurofibromatosis,Pravastatin,DB00175,MEDIUM,NOVEL,0.244,False,0.3050999939441681,4,1,1,0,0,weak,1,83113,False,0,1,0,584,0,,130,0.4377,1,,of its pleiotropic effects.,Novel prediction with minimal existing evidence (1 articles). Computational support suggests this warrants investigation.,"1 PubMed article(s) - limited literature; Supported by 4 independent AI pillars; Highly cited paper (584 citations): ""Revised diagnostic criteria for neurofibromatosis type 1 and...""; AI-generated hypothesis available; Moderate genetic evidence supporting causality (MR score: 0.44)"
Obesity,Cimetidine,DB00501,MEDIUM,NOVEL,0.665,False,0.6924,5,40,33,0,0,moderate,11,6461,False,0,7,0,24,0,,163,0.5147,2,Cimetidine —[binds]→ gene-1571 —[is linked to]→ Obesity,of its anti-inflammatory properties.,Novel prediction with minimal existing evidence (40 articles). Computational support suggests this warrants investigation.,40 PubMed articles found; Supported by 5 independent AI pillars; Moderate FAERS signal: 11 adverse event reports mention drug-disease co-occurrence; Supporting paper with 24 citations; AI-generated hypothesis available; Moderate genetic evidence supporting causality (MR score: 0.51)
Obesity,Naltrexone,DB00704,HIGH,ESTABLISHED,0.251,True,0.5988,5,536,479,1,10,moderate,18,8572,False,0,8,0,4,0,,149,0.6873,2,Naltrexone —[treats]→ Obesity,of its anti-inflammatory properties.,"Well-established drug-disease relationship (536 articles, 10 trials). Not a repurposing candidate.","10 clinical trial(s) found on ClinicalTrials.gov; Phase 3 trial exists; 536 PubMed articles on this drug-disease pair; 1 article(s) specifically mention repurposing/repositioning; Supported by 5 independent AI pillars; Moderate FAERS signal: 18 adverse event reports mention drug-disease co-occurrence; AI-generated hypothesis available; Moderate genetic evidence supporting causality (MR score: 0.69); NOTE: This appears to be an already-approved treatment, not a repurposing candidate"
Obesity,Berberine,DB04115,HIGH,ESTABLISHED,0.283,True,0.5896,5,307,269,1,9,moderate,3,816,False,0,18,0,11,0,,32,0.7019,5,Berberine —[is a therapeutic for]→ Obesity,of its anti-obesity effect.,"Well-established drug-disease relationship (307 articles, 9 trials). Not a repurposing candidate.","9 clinical trial(s) found on ClinicalTrials.gov; 307 PubMed articles on this drug-disease pair; 1 article(s) specifically mention repurposing/repositioning; Supported by 5 independent AI pillars; Moderate FAERS signal: 3 adverse event reports mention drug-disease co-occurrence; AI-generated hypothesis available; Strong causal genetic evidence (MR score: 0.70, 5 genetic targets)"
Obesity,Dexamethasone,DB01234,HIGH,ESTABLISHED,0.139,True,0.5803,4,1338,763,7,10,moderate,318,312747,False,0,77,0,10,0,,15,0.7722,21,Dexamethasone —[affects]→ gene-650 —[activates]→ gene-1386 —[is downregulated by]→ Obesity,of its anti-inflammatory properties.,"Well-established drug-disease relationship (1338 articles, 10 trials). Not a repurposing candidate.","10 clinical trial(s) found on ClinicalTrials.gov; 1338 PubMed articles on this drug-disease pair; 7 article(s) specifically mention repurposing/repositioning; Supported by 4 independent AI pillars; Moderate FAERS signal: 318 adverse event reports mention drug-disease co-occurrence; AI-generated hypothesis available; Strong causal genetic evidence (MR score: 0.77, 21 genetic targets); NOTE: This appears to be an already-approved treatment, not a repurposing candidate"
Obesity,Pseudoephedrine,DB00852,HIGH,KNOWN,0.257,False,0.5708000063896179,4,22,15,0,10,strong,1290,21260,False,0,10,0,28,1.0,Ephedrine,394,0,0,Pseudoephedrine —[targets]→ gene-154 —[is linked to]→ Obesity,of its anti-obesity effect.,"Known association with moderate evidence (22 articles, 10 trials). Already being studied.",10 clinical trial(s) found on ClinicalTrials.gov; Phase 3 trial exists; 22 PubMed articles found; Supported by 4 independent AI pillars; High molecular similarity (1.00) to Ephedrine; Strong FAERS signal: 1290 adverse event reports link drug to disease (21260 total reports); Supporting paper with 28 citations; AI-generated hypothesis available
Obesity,Linoleic Acid,DB14104,HIGH,ESTABLISHED,0.204,True,0.5653,4,1138,533,0,10,none,0,283,False,0,13,0,11,0.7931,Alpha-Linolenic Acid,9,0.774,2,Linoleic Acid —[is a therapeutic for]→ MESH:D064420 —[is treated by]→ DB00582 —[is a therapeutic for]→ Obesity,of its anti-inflammatory properties.,"Well-established drug-disease relationship (1138 articles, 10 trials). Not a repurposing candidate.","10 clinical trial(s) found on ClinicalTrials.gov; 1138 PubMed articles on this drug-disease pair; Supported by 4 independent AI pillars; High molecular similarity (0.79) to Alpha-Linolenic Acid; AI analysis of 1 abstract(s) found positive treatment signals; AI-generated hypothesis available; Strong causal genetic evidence (MR score: 0.77, 2 genetic targets); NOTE: This appears to be an already-approved treatment, not a repurposing candidate"
Obesity,Testosterone,DB00624,HIGH,ESTABLISHED,0.168,True,0.5595,4,5128,2351,0,10,moderate,60,30252,False,0,55,0,57,0,,16,0.7258,11,Testosterone —[downregulates]→ gene-5111 —[is a target of]→ DB00279 —[is a therapeutic for]→ Obesity,of its anti-obesity effects.,"Well-established drug-disease relationship (5128 articles, 10 trials). Not a repurposing candidate.","10 clinical trial(s) found on ClinicalTrials.gov; Phase 3 trial exists; 5128 PubMed articles on this drug-disease pair; Supported by 4 independent AI pillars; Moderate FAERS signal: 60 adverse event reports mention drug-disease co-occurrence; Supporting paper with 57 citations; AI-generated hypothesis available; Strong causal genetic evidence (MR score: 0.73, 11 genetic targets); NOTE: This appears to be an already-approved treatment, not a repurposing candidate"
Obesity,Abarelix,DB00106,LOW,NOVEL,0.471,False,0.5536999702453613,4,0,0,0,0,none,0,8,False,0,1,0,1717,0,,9378,0,0,Abarelix —[is inhibited by]→ gene-2796 —[is associated with]→ Obesity,of its unique mechanism of action.,Novel prediction with minimal existing evidence (0 articles). Computational support suggests this warrants investigation.,"Supported by 4 independent AI pillars; Highly cited paper (1717 citations): ""High Prevalence of Obesity in Severe Acute Respiratory Syndr...""; AI-generated hypothesis available"
Obesity,2'-Monophosphoadenosine 5'-Diphosphoribose,DB03461,MEDIUM,BREAKTHROUGH,0.662,False,0.5519000291824341,4,0,0,0,0,none,0,0,False,0,20,0,76,0.8795,Nadide,47,0.7951,1,2'-Monophosphoadenosine 5'-Diphosphoribose —[is a therapeutic for]→ MESH:D019966 —[is treated by]→ DB01156 —[treats]→ Obesity,"it is a potent inhibitor of the enzyme, and it is a substrate for the enzyme.",No published evidence found for this drug-disease pair. Strong computational prediction suggests a potential new discovery. Requires experimental validation.,"Supported by 4 independent AI pillars; High molecular similarity (0.88) to Nadide; Supporting paper with 76 citations; AI-generated hypothesis available; Strong causal genetic evidence (MR score: 0.80, 1 genetic targets)"
Obesity,Prednisolone,DB00860,HIGH,KNOWN,0.293,False,0.5425,4,201,176,0,5,moderate,717,190318,False,0,19,0,4,0.7049,Methylprednisolone,184,0.7521,3,Prednisolone —[downregulates]→ gene-6192 —[is downregulated by]→ DB01156 —[treats]→ Obesity,of its anti-inflammatory properties.,"Known association with moderate evidence (201 articles, 5 trials). Already being studied.","5 clinical trial(s) found on ClinicalTrials.gov; 201 PubMed articles on this drug-disease pair; Supported by 4 independent AI pillars; High molecular similarity (0.70) to Methylprednisolone; Moderate FAERS signal: 717 adverse event reports mention drug-disease co-occurrence; AI-generated hypothesis available; Strong causal genetic evidence (MR score: 0.75, 3 genetic targets)"
Osteoporosis,Cimetidine,DB00501,HIGH,KNOWN,0.402,False,0.6187000274658203,5,20,13,0,1,moderate,44,6461,False,0,1,0,37,0,,180,0.4961,1,Cimetidine —[binds]→ gene-1576 —[is bound by]→ DB00286 —[treats]→ Osteoporosis,of its anti-inflammatory and anti-oxidant properties.,"Known association with moderate evidence (20 articles, 1 trials). Already being studied.",1 clinical trial(s) found on ClinicalTrials.gov; 20 PubMed articles found; Supported by 5 independent AI pillars; Moderate FAERS signal: 44 adverse event reports mention drug-disease co-occurrence; Supporting paper with 37 citations; AI-generated hypothesis available; Moderate genetic evidence supporting causality (MR score: 0.50)
Osteoporosis,Urea,DB03904,HIGH,KNOWN,0.368,False,0.6136,5,263,157,0,1,moderate,13,3034,False,0,7,0,7,0,,26,0.7473,2,Urea —[is a therapeutic for]→ MESH:D015518 —[is treated by]→ DB06285 —[treats]→ Osteoporosis,of its ability to increase bone mass and strength.,"Known association with moderate evidence (263 articles, 1 trials). Already being studied.","1 clinical trial(s) found on ClinicalTrials.gov; 263 PubMed articles on this drug-disease pair; Supported by 5 independent AI pillars; Moderate FAERS signal: 13 adverse event reports mention drug-disease co-occurrence; AI-generated hypothesis available; Strong causal genetic evidence (MR score: 0.75, 2 genetic targets)"
Osteoporosis,Danazol,DB01406,HIGH,KNOWN,0.469,False,0.5583,4,24,23,0,0,moderate,6,2772,False,0,10,0,798,0.4462,Ethinyl Estradiol,53,0.7362,6,Danazol —[downregulates]→ gene-4860 —[is linked to]→ Osteoporosis,of its anti-inflammatory and anabolic effects.,"Known association with moderate evidence (24 articles, 0 trials). Already being studied.","24 PubMed articles found; Supported by 4 independent AI pillars; Moderate FAERS signal: 6 adverse event reports mention drug-disease co-occurrence; Highly cited paper (798 citations): ""The clinician’s guide to prevention and treatment of osteopo...""; AI-generated hypothesis available; Strong causal genetic evidence (MR score: 0.74, 6 genetic targets)"
Osteoporosis,Risedronate,DB00884,HIGH,ESTABLISHED,0.133,True,0.5526999831199646,4,1446,1402,3,10,strong,537,16937,False,0,2,0,29,0,,89,0.7512,1,Risedronate —[treats]→ Osteoporosis,of its ability to increase bone mass and reduce the risk of fractures.,"Well-established drug-disease relationship (1446 articles, 10 trials). Not a repurposing candidate.","10 clinical trial(s) found on ClinicalTrials.gov; Phase 3 trial exists; 1446 PubMed articles on this drug-disease pair; 3 article(s) specifically mention repurposing/repositioning; Supported by 4 independent AI pillars; Strong FAERS signal: 537 adverse event reports link drug to disease (16937 total reports); Supporting paper with 29 citations; AI-generated hypothesis available; Strong causal genetic evidence (MR score: 0.75, 1 genetic targets); NOTE: This appears to be an already-approved treatment, not a repurposing candidate"
Osteoporosis,Dexamethasone,DB01234,HIGH,ESTABLISHED,0.225,True,0.5347,4,1068,825,4,2,moderate,554,312747,True,21,23,0,21,0,,18,0.6623,13,Dexamethasone —[affects]→ gene-650 —[is linked to]→ Osteoporosis,of its anti-inflammatory and anti-catabolic effects.,"Well-established drug-disease relationship (1068 articles, 2 trials). Not a repurposing candidate.",2 clinical trial(s) found on ClinicalTrials.gov; Phase 3 trial exists; 1068 PubMed articles on this drug-disease pair; 4 article(s) specifically mention repurposing/repositioning; Supported by 4 independent AI pillars; Moderate FAERS signal: 554 adverse event reports mention drug-disease co-occurrence; Drug ranks #21 for reversing disease gene signature; Supporting paper with 21 citations; AI-generated hypothesis available; Moderate genetic evidence supporting causality (MR score: 0.66)
Osteoporosis,Alendronate,DB00630,HIGH,ESTABLISHED,0.064,True,0.532,4,4334,4133,9,10,strong,2108,53012,False,0,5,0,294,0,,3,0.7052,3,Alendronate —[treats]→ Osteoporosis,of its anti-inflammatory and anti-oxidative properties.,"Well-established drug-disease relationship (4334 articles, 10 trials). Not a repurposing candidate.","10 clinical trial(s) found on ClinicalTrials.gov; Phase 3 trial exists; 4334 PubMed articles on this drug-disease pair; 9 article(s) specifically mention repurposing/repositioning; Supported by 4 independent AI pillars; Strong FAERS signal: 2108 adverse event reports link drug to disease (53012 total reports); Highly cited paper (294 citations): ""Prevention of nonvertebral fractures by alendronate. A meta-...""; AI-generated hypothesis available; Strong causal genetic evidence (MR score: 0.71, 3 genetic targets); NOTE: This appears to be an already-approved treatment, not a repurposing candidate"
Osteoporosis,Progesterone,DB00396,HIGH,ESTABLISHED,0.222,True,0.5279,4,821,721,1,10,moderate,55,19292,False,0,20,0,72,0.7234,Testosterone,45,0.8117,3,Progesterone —[binds]→ gene-10280 —[is bound by]→ DB00481 —[treats]→ Osteoporosis,of its anti-inflammatory and anti-oxidative properties.,"Well-established drug-disease relationship (821 articles, 10 trials). Not a repurposing candidate.","10 clinical trial(s) found on ClinicalTrials.gov; Phase 3 trial exists; 821 PubMed articles on this drug-disease pair; 1 article(s) specifically mention repurposing/repositioning; Supported by 4 independent AI pillars; High molecular similarity (0.72) to Testosterone; Moderate FAERS signal: 55 adverse event reports mention drug-disease co-occurrence; Supporting paper with 72 citations; AI-generated hypothesis available; Strong causal genetic evidence (MR score: 0.81, 3 genetic targets); NOTE: This appears to be an already-approved treatment, not a repurposing candidate"
Osteoporosis,Tacrolimus,DB00864,MEDIUM,KNOWN,0.308,False,0.5139999985694885,4,160,140,0,0,moderate,216,124653,False,0,1,0,46,0,,348,0,0,Tacrolimus —[downregulates]→ gene-991 —[is downregulated by]→ DB00481 —[treats]→ Osteoporosis,of its anti-inflammatory and immunosuppressive properties.,"Known association with moderate evidence (160 articles, 0 trials). Already being studied.",160 PubMed articles on this drug-disease pair; Supported by 4 independent AI pillars; Moderate FAERS signal: 216 adverse event reports mention drug-disease co-occurrence; Supporting paper with 46 citations; AI-generated hypothesis available
Osteoporosis,Neridronate,DB11620,HIGH,KNOWN,0.346,False,0.49390000104904175,3,62,61,1,1,none,0,18,False,0,1,0,19,0,,9,0,0,Neridronate —[is a therapeutic for]→ Osteoporosis,of its ability to increase bone mass and reduce the risk of fractures.,"Known association with moderate evidence (62 articles, 1 trials). Already being studied.",1 clinical trial(s) found on ClinicalTrials.gov; 62 PubMed articles on this drug-disease pair; 1 article(s) specifically mention repurposing/repositioning; Supported by 3 independent AI pillars; AI analysis of 1 abstract(s) found positive treatment signals; AI-generated hypothesis available
Osteoporosis,Dihydrotestosterone,DB02901,MEDIUM,KNOWN,0.415,False,0.4939,4,123,90,0,0,none,0,5,False,0,12,0,4,0.5,Testosterone,95,0.6718,3,Dihydrotestosterone —[is a therapeutic for]→ MESH:D006177 —[is treated by]→ DB00624 —[is a therapeutic for]→ Osteoporosis,of its anabolic effects on bone.,"Known association with moderate evidence (123 articles, 0 trials). Already being studied.",123 PubMed articles on this drug-disease pair; Supported by 4 independent AI pillars; AI-generated hypothesis available; Moderate genetic evidence supporting causality (MR score: 0.67)
Ovarian cancer,Tamoxifen,DB00675,HIGH,ESTABLISHED,0.174,True,0.5793,4,396,342,1,10,moderate,92,22221,False,0,93,0,185,0,,6,0.8044,17,Tamoxifen —[treats]→ Ovarian cancer,of its ability to inhibit the growth of cancer cells.,"Well-established drug-disease relationship (396 articles, 10 trials). Not a repurposing candidate.","10 clinical trial(s) found on ClinicalTrials.gov; Phase 3 trial exists; 396 PubMed articles on this drug-disease pair; 1 article(s) specifically mention repurposing/repositioning; Supported by 4 independent AI pillars; Moderate FAERS signal: 92 adverse event reports mention drug-disease co-occurrence; Highly cited paper (185 citations): ""Aromatase inhibitors versus tamoxifen in premenopausal women...""; AI-generated hypothesis available; Strong causal genetic evidence (MR score: 0.80, 17 genetic targets)"
Ovarian cancer,Leucovorin,DB00650,HIGH,KNOWN,0.38,False,0.5755,4,66,61,0,10,moderate,7,42770,False,0,4,0,54,0,,56,0.5963,3,Leucovorin —[is a therapeutic for]→ Ovarian cancer,"of its ability to inhibit the activity of thymidylate synthase, which is the target of 5-fluorouracil.","Known association with moderate evidence (66 articles, 10 trials). Already being studied.",10 clinical trial(s) found on ClinicalTrials.gov; 66 PubMed articles on this drug-disease pair; Supported by 4 independent AI pillars; Moderate FAERS signal: 7 adverse event reports mention drug-disease co-occurrence; Supporting paper with 54 citations; AI-generated hypothesis available; Moderate genetic evidence supporting causality (MR score: 0.60)
Ovarian cancer,(2R)-2-(7-carbamoyl-1H-benzimidazol-2-yl)-2-methylpyrrolidinium,DB07232,MEDIUM,NOVEL,0.614,False,0.5681,4,0,0,0,0,none,0,0,False,0,5,0,267,0,,133,0.861,5,(2R)-2-(7-carbamoyl-1H-benzimidazol-2-yl)-2-methylpyrrolidinium —[is a therapeutic for]→ MESH:D015179 —[upregulates]→ gene-10195 —[is downregulated by]→ Ovarian cancer,of its high affinity for the human epidermal growth factor receptor 2 (HER2).,Novel prediction with minimal existing evidence (0 articles). Computational support suggests this warrants investigation.,"Supported by 4 independent AI pillars; Highly cited paper (267 citations): ""Potent antitumor activity of MS-247, a novel DNA minor groov...""; AI-generated hypothesis available; Strong causal genetic evidence (MR score: 0.86, 5 genetic targets)"
Ovarian cancer,Temozolomide,DB00853,HIGH,KNOWN,0.305,False,0.5649,4,29,29,0,10,moderate,5,17585,False,0,17,0,153,0,,102,0.8434,9,Temozolomide —[downregulates]→ gene-51382 —[is downregulated by]→ DB01229 —[treats]→ Ovarian cancer,of its ability to induce apoptosis and inhibit angiogenesis.,"Known association with moderate evidence (29 articles, 10 trials). Already being studied.","10 clinical trial(s) found on ClinicalTrials.gov; 29 PubMed articles found; Supported by 4 independent AI pillars; Moderate FAERS signal: 5 adverse event reports mention drug-disease co-occurrence; Highly cited paper (153 citations): ""Manipulation of Base Excision Repair to Sensitize Ovarian Ca...""; AI analysis of 1 abstract(s) found positive treatment signals; AI-generated hypothesis available; Strong causal genetic evidence (MR score: 0.84, 9 genetic targets)"
Ovarian cancer,Folic Acid,DB00158,HIGH,ESTABLISHED,0.203,True,0.5633,4,313,247,0,10,moderate,114,253612,False,0,19,0,18,0,,80,0.8009,4,Folic Acid —[binds]→ gene-9429 —[is linked to]→ Ovarian cancer,of its ability to prevent the development of the disease.,"Well-established drug-disease relationship (313 articles, 10 trials). Not a repurposing candidate.","10 clinical trial(s) found on ClinicalTrials.gov; Phase 3 trial exists; 313 PubMed articles on this drug-disease pair; Supported by 4 independent AI pillars; Moderate FAERS signal: 114 adverse event reports mention drug-disease co-occurrence; AI-generated hypothesis available; Strong causal genetic evidence (MR score: 0.80, 4 genetic targets)"
Ovarian cancer,Aminolevulinic acid,DB00855,HIGH,KNOWN,0.466,False,0.5552,4,51,41,0,1,none,0,177,False,0,9,0,30,0,,125,0.8014,3,Aminolevulinic acid —[downregulates]→ gene-3486 —[is a target of]→ DB06448 —[is a therapeutic for]→ Ovarian cancer,of its ability to induce apoptosis and inhibit angiogenesis.,"Known association with moderate evidence (51 articles, 1 trials). Already being studied.","1 clinical trial(s) found on ClinicalTrials.gov; Phase 3 trial exists; 51 PubMed articles on this drug-disease pair; Supported by 4 independent AI pillars; Supporting paper with 30 citations; AI-generated hypothesis available; Strong causal genetic evidence (MR score: 0.80, 3 genetic targets)"
Ovarian cancer,MGI-114,DB05786,HIGH,NOVEL,0.529,False,0.5508,4,6,6,0,2,none,0,0,False,0,2,0,40,0,,19,0.9247,2,MGI-114 —[is a therapeutic for]→ Ovarian cancer,of its ability to inhibit the growth of cancer cells.,Novel prediction with minimal existing evidence (6 articles). Computational support suggests this warrants investigation.,"2 clinical trial(s) found on ClinicalTrials.gov; 6 PubMed article(s) - limited literature; Supported by 4 independent AI pillars; Supporting paper with 40 citations; AI-generated hypothesis available; Strong causal genetic evidence (MR score: 0.92, 2 genetic targets)"
Ovarian cancer,Testosterone,DB00624,HIGH,ESTABLISHED,0.23,True,0.5487,4,158,89,0,10,moderate,17,30252,False,0,59,0,36,0,,58,0.7637,8,Testosterone —[downregulates]→ gene-5438 —[is inhibited by]→ gene-10772 —[is downregulated by]→ Ovarian cancer,of its anti-proliferative and pro-apoptotic effects.,"Well-established drug-disease relationship (158 articles, 10 trials). Not a repurposing candidate.","10 clinical trial(s) found on ClinicalTrials.gov; Phase 3 trial exists; 158 PubMed articles on this drug-disease pair; Supported by 4 independent AI pillars; Moderate FAERS signal: 17 adverse event reports mention drug-disease co-occurrence; Supporting paper with 36 citations; AI-generated hypothesis available; Strong causal genetic evidence (MR score: 0.76, 8 genetic targets)"
Ovarian cancer,Topotecan,DB01030,HIGH,ESTABLISHED,0.229,True,0.545,4,698,672,0,10,strong,81,5510,False,0,88,0,36,0,,87,0.7953,18,Topotecan —[is a therapeutic for]→ Ovarian cancer,of its ability to induce apoptosis and inhibit angiogenesis.,"Well-established drug-disease relationship (698 articles, 10 trials). Not a repurposing candidate.","10 clinical trial(s) found on ClinicalTrials.gov; Phase 3 trial exists; 698 PubMed articles on this drug-disease pair; Supported by 4 independent AI pillars; Strong FAERS signal: 81 adverse event reports link drug to disease (5510 total reports); Supporting paper with 36 citations; AI analysis of 1 abstract(s) found positive treatment signals; AI-generated hypothesis available; Strong causal genetic evidence (MR score: 0.80, 18 genetic targets); NOTE: This appears to be an already-approved treatment, not a repurposing candidate"
Ovarian cancer,Estradiol,DB00783,HIGH,ESTABLISHED,0.227,True,0.5401,4,544,333,0,10,moderate,91,75392,False,0,131,0,36,0,,47,0.7796,24,Estradiol —[downregulates]→ gene-847 —[activates]→ gene-207 —[is linked to]→ Ovarian cancer,of its anti-proliferative and pro-apoptotic effects.,"Well-established drug-disease relationship (544 articles, 10 trials). Not a repurposing candidate.","10 clinical trial(s) found on ClinicalTrials.gov; Phase 3 trial exists; 544 PubMed articles on this drug-disease pair; Supported by 4 independent AI pillars; Moderate FAERS signal: 91 adverse event reports mention drug-disease co-occurrence; Supporting paper with 36 citations; AI-generated hypothesis available; Strong causal genetic evidence (MR score: 0.78, 24 genetic targets); NOTE: This appears to be an already-approved treatment, not a repurposing candidate"
Pancreatic cancer,Gemcitabine,DB00441,HIGH,ESTABLISHED,0.107,True,0.5947,4,8416,8018,46,10,none,0,55284,False,0,96,0,6569,0,,22,0.8479,8,Gemcitabine —[is a therapeutic for]→ Pancreatic cancer,of its unique mechanism of action and its ability to induce apoptosis.,"Well-established drug-disease relationship (8416 articles, 10 trials). Not a repurposing candidate.","10 clinical trial(s) found on ClinicalTrials.gov; Phase 3 trial exists; 8416 PubMed articles on this drug-disease pair; 46 article(s) specifically mention repurposing/repositioning; Supported by 4 independent AI pillars; Highly cited paper (6569 citations): ""FOLFIRINOX versus gemcitabine for metastatic pancreatic canc...""; AI-generated hypothesis available; Strong causal genetic evidence (MR score: 0.85, 8 genetic targets); NOTE: This appears to be an already-approved treatment, not a repurposing candidate"
Pancreatic cancer,Fluorouracil,DB00544,HIGH,ESTABLISHED,0.104,True,0.5784,4,3173,3097,9,10,none,0,85326,False,0,49,0,987,0,,3,0.837,3,Fluorouracil —[treats]→ Pancreatic cancer,of its ability to inhibit the growth of pancreatic cancer cells.,"Well-established drug-disease relationship (3173 articles, 10 trials). Not a repurposing candidate.","10 clinical trial(s) found on ClinicalTrials.gov; 3173 PubMed articles on this drug-disease pair; 9 article(s) specifically mention repurposing/repositioning; Supported by 4 independent AI pillars; Highly cited paper (987 citations): ""Personalized RNA neoantigen vaccines stimulate T cells in pa...""; AI-generated hypothesis available; Strong causal genetic evidence (MR score: 0.84, 3 genetic targets); NOTE: This appears to be an already-approved treatment, not a repurposing candidate"
Pancreatic cancer,Vincristine,DB00541,HIGH,NOVEL,0.556,False,0.5449,4,51,46,0,0,none,0,101507,False,0,53,0,39,0,,44,0.9053,3,Vincristine —[downregulates]→ gene-7351 —[is linked to]→ Pancreatic cancer,of its ability to induce apoptosis and inhibit cell proliferation.,Novel prediction with minimal existing evidence (51 articles). Computational support suggests this warrants investigation.,"51 PubMed articles on this drug-disease pair; Supported by 4 independent AI pillars; Supporting paper with 39 citations; AI-generated hypothesis available; Strong causal genetic evidence (MR score: 0.91, 3 genetic targets)"
Pancreatic cancer,Testosterone,DB00624,HIGH,NOVEL,0.555,False,0.5439,4,56,30,0,0,none,0,30252,False,0,49,0,39,0,,68,0.8045,2,Testosterone —[downregulates]→ gene-5438 —[binds]→ gene-5981 —[is downregulated by]→ Pancreatic cancer,of its anti-proliferative and pro-apoptotic effects.,Novel prediction with minimal existing evidence (56 articles). Computational support suggests this warrants investigation.,"56 PubMed articles on this drug-disease pair; Supported by 4 independent AI pillars; Supporting paper with 39 citations; AI-generated hypothesis available; Strong causal genetic evidence (MR score: 0.80, 2 genetic targets)"
Pancreatic cancer,Berberine,DB04115,MEDIUM,NOVEL,0.553,False,0.5421,4,39,35,0,0,none,0,816,False,0,37,0,41,0,,12,0.7128,2,Berberine —[is a therapeutic for]→ MESH:D065626 —[is treated by]→ MESH:D015525 —[is a therapeutic for]→ Pancreatic cancer,"of its anti-inflammatory, anti-oxidant, and anti-apoptotic properties.",Novel prediction with minimal existing evidence (39 articles). Computational support suggests this warrants investigation.,"39 PubMed articles found; Supported by 4 independent AI pillars; Supporting paper with 41 citations; AI-generated hypothesis available; Strong causal genetic evidence (MR score: 0.71, 2 genetic targets)"
Pancreatic cancer,Methylprednisolone,DB00959,HIGH,KNOWN,0.454,False,0.5406,4,19,18,0,2,none,0,125031,False,0,19,0,39,0.7049,Prednisolone,121,0.8045,2,Methylprednisolone —[downregulates]→ gene-8870 —[is linked to]→ Pancreatic cancer,of its anti-inflammatory and anti-proliferative properties.,"Known association with moderate evidence (19 articles, 2 trials). Already being studied.","2 clinical trial(s) found on ClinicalTrials.gov; 19 PubMed articles found; Supported by 4 independent AI pillars; High molecular similarity (0.70) to Prednisolone; Supporting paper with 39 citations; AI-generated hypothesis available; Strong causal genetic evidence (MR score: 0.80, 2 genetic targets)"
Pancreatic cancer,Carboplatin,DB00958,HIGH,KNOWN,0.354,False,0.5367,4,96,93,1,10,none,0,124071,False,0,19,0,39,0,,74,0.8719,6,Carboplatin —[is a therapeutic for]→ Pancreatic cancer,of its unique mechanism of action and its favorable toxicity profile.,"Known association with moderate evidence (96 articles, 10 trials). Already being studied.","10 clinical trial(s) found on ClinicalTrials.gov; 96 PubMed articles on this drug-disease pair; 1 article(s) specifically mention repurposing/repositioning; Supported by 4 independent AI pillars; Supporting paper with 39 citations; AI-generated hypothesis available; Strong causal genetic evidence (MR score: 0.87, 6 genetic targets)"
Pancreatic cancer,Docetaxel,DB01248,HIGH,ESTABLISHED,0.256,True,0.5336,4,260,250,0,10,none,0,69227,False,0,28,0,39,0.7677,Paclitaxel,170,0.9052,4,Docetaxel —[downregulates]→ gene-983 —[is inhibited by]→ gene-2810 —[is upregulated by]→ Pancreatic cancer,of its unique mechanism of action.,"Well-established drug-disease relationship (260 articles, 10 trials). Not a repurposing candidate.","10 clinical trial(s) found on ClinicalTrials.gov; 260 PubMed articles on this drug-disease pair; Supported by 4 independent AI pillars; High molecular similarity (0.77) to Paclitaxel; Supporting paper with 39 citations; AI-generated hypothesis available; Strong causal genetic evidence (MR score: 0.91, 4 genetic targets)"
Pancreatic cancer,Estradiol,DB00783,HIGH,KNOWN,0.445,False,0.5298,4,54,38,1,4,none,0,75392,False,0,107,0,39,0,,72,0.8201,7,Estradiol —[downregulates]→ gene-847 —[activates]→ gene-207 —[is linked to]→ Pancreatic cancer,of its anti-proliferative and pro-apoptotic effects.,"Known association with moderate evidence (54 articles, 4 trials). Already being studied.","4 clinical trial(s) found on ClinicalTrials.gov; 54 PubMed articles on this drug-disease pair; 1 article(s) specifically mention repurposing/repositioning; Supported by 4 independent AI pillars; Supporting paper with 39 citations; AI-generated hypothesis available; Strong causal genetic evidence (MR score: 0.82, 7 genetic targets)"
Pancreatic cancer,Epigallocatechin gallate,DB12116,HIGH,EMERGING,0.537,False,0.5261,4,42,39,2,0,none,0,19,False,0,59,0,35,0,,14,0.7128,2,Epigallocatechin gallate —[is a therapeutic for]→ Pancreatic cancer,of its antioxidant and anti-inflammatory properties.,"Emerging repurposing candidate. Some evidence exists (42 articles, 2 mention repurposing) but not yet validated in trials.","42 PubMed articles found; 2 article(s) specifically mention repurposing/repositioning; Supported by 4 independent AI pillars; Supporting paper with 35 citations; AI-generated hypothesis available; Strong causal genetic evidence (MR score: 0.71, 2 genetic targets)"
Parkinson's disease,Icosapent,DB00159,MEDIUM,NOVEL,0.54,False,0.5680999755859375,4,0,0,0,0,strong,26,2551,False,0,5,0,84,0.8519,Alpha-Linolenic Acid,365,0,0,Icosapent —[downregulates]→ gene-22905 —[inhibits]→ gene-50618 —[is upregulated by]→ Parkinson's disease,it reduces the risk of cardiovascular disease and may improve the quality of life of patients with Parkinson's disease.,Novel prediction with minimal existing evidence (0 articles). Computational support suggests this warrants investigation.,Supported by 4 independent AI pillars; High molecular similarity (0.85) to Alpha-Linolenic Acid; Strong FAERS signal: 26 adverse event reports link drug to disease (2551 total reports); Supporting paper with 84 citations; AI-generated hypothesis available
Parkinson's disease,Paclitaxel,DB01229,HIGH,NOVEL,0.473,False,0.5256,4,17,13,0,0,moderate,383,86251,False,0,26,0,17,0,,57,0.9103,4,Paclitaxel —[downregulates]→ gene-128 —[is downregulated by]→ Parkinson's disease,of its ability to cross the blood-brain barrier and to induce apoptosis in dopaminergic neurons.,Novel prediction with minimal existing evidence (17 articles). Computational support suggests this warrants investigation.,"17 PubMed articles found; Supported by 4 independent AI pillars; Moderate FAERS signal: 383 adverse event reports mention drug-disease co-occurrence; AI-generated hypothesis available; Strong causal genetic evidence (MR score: 0.91, 4 genetic targets)"
Parkinson's disease,Nicotinamide,DB02701,HIGH,ESTABLISHED,0.156,True,0.5213000178337097,4,193,121,2,8,strong,95,5953,False,0,3,0,222,0.6538,Niacin,151,0.8864,1,Nicotinamide —[is a therapeutic for]→ MESH:D014376 —[is treated by]→ DB01234 —[is a therapeutic for]→ Parkinson's disease,of its antioxidant and anti-inflammatory properties.,"Well-established drug-disease relationship (193 articles, 8 trials). Not a repurposing candidate.","8 clinical trial(s) found on ClinicalTrials.gov; Phase 3 trial exists; 193 PubMed articles on this drug-disease pair; 2 article(s) specifically mention repurposing/repositioning; Supported by 4 independent AI pillars; High molecular similarity (0.65) to Niacin; Strong FAERS signal: 95 adverse event reports link drug to disease (5953 total reports); Highly cited paper (222 citations): ""The NADPARK study: A randomized phase I trial of nicotinamid...""; AI-generated hypothesis available; Strong causal genetic evidence (MR score: 0.89, 1 genetic targets)"
Parkinson's disease,Acetylcysteine,DB06151,HIGH,ESTABLISHED,0.185,True,0.5133000016212463,4,201,138,0,10,strong,150,10374,False,0,12,0,14,0,,27,0.878,1,Acetylcysteine —[downregulates]→ gene-6192 —[is downregulated by]→ DB00392 —[treats]→ Parkinson's disease,of its antioxidant properties.,"Well-established drug-disease relationship (201 articles, 10 trials). Not a repurposing candidate.","10 clinical trial(s) found on ClinicalTrials.gov; Phase 3 trial exists; 201 PubMed articles on this drug-disease pair; Supported by 4 independent AI pillars; Strong FAERS signal: 150 adverse event reports link drug to disease (10374 total reports); AI-generated hypothesis available; Strong causal genetic evidence (MR score: 0.88, 1 genetic targets)"
Parkinson's disease,Urea,DB03904,HIGH,KNOWN,0.307,False,0.511900007724762,4,219,170,1,1,moderate,26,3034,False,0,5,0,9,0,,39,0.7569,1,Urea —[is a therapeutic for]→ Parkinson's disease,of its ability to increase dopamine levels in the brain.,"Known association with moderate evidence (219 articles, 1 trials). Already being studied.","1 clinical trial(s) found on ClinicalTrials.gov; 219 PubMed articles on this drug-disease pair; 1 article(s) specifically mention repurposing/repositioning; Supported by 4 independent AI pillars; Moderate FAERS signal: 26 adverse event reports mention drug-disease co-occurrence; AI-generated hypothesis available; Strong causal genetic evidence (MR score: 0.76, 1 genetic targets)"
Parkinson's disease,L-Cysteine,DB00151,HIGH,KNOWN,0.273,False,0.5059,4,49,28,0,9,weak,2,281,False,0,16,0,377,0.619,2-Amino-4-Mercapto-Butyric Acid,17,0.8393,2,L-Cysteine —[targets]→ gene-2937 —[is downregulated by]→ Parkinson's disease,of its antioxidant properties.,"Known association with moderate evidence (49 articles, 9 trials). Already being studied.","9 clinical trial(s) found on ClinicalTrials.gov; 49 PubMed articles found; Supported by 4 independent AI pillars; High molecular similarity (0.62) to 2-Amino-4-Mercapto-Butyric Acid; Highly cited paper (377 citations): ""Conjugates of Catecholamines with Cysteine and GSH in Parkin...""; AI analysis of 1 abstract(s) found positive treatment signals; AI-generated hypothesis available; Strong causal genetic evidence (MR score: 0.84, 2 genetic targets)"
Parkinson's disease,Reserpine,DB00206,HIGH,KNOWN,0.421,False,0.5013999938964844,4,341,248,1,0,moderate,6,223,False,0,21,0,52,0,,58,0.8509,1,Reserpine —[targets]→ gene-332 —[inhibits]→ gene-9978 —[is downregulated by]→ Parkinson's disease,it is a dopamine depleting agent.,"Known association with moderate evidence (341 articles, 0 trials). Already being studied.","341 PubMed articles on this drug-disease pair; 1 article(s) specifically mention repurposing/repositioning; Supported by 4 independent AI pillars; Moderate FAERS signal: 6 adverse event reports mention drug-disease co-occurrence; Supporting paper with 52 citations; AI-generated hypothesis available; Strong causal genetic evidence (MR score: 0.85, 1 genetic targets)"
Parkinson's disease,Paroxetine,DB00715,HIGH,KNOWN,0.361,False,0.5007,4,48,43,2,2,strong,2165,51761,False,0,32,0,9,0,,128,0.7294,2,Paroxetine —[is a therapeutic for]→ Parkinson's disease,of its dopaminergic effects.,"Known association with moderate evidence (48 articles, 2 trials). Already being studied.","2 clinical trial(s) found on ClinicalTrials.gov; Phase 3 trial exists; 48 PubMed articles found; 2 article(s) specifically mention repurposing/repositioning; Supported by 4 independent AI pillars; Strong FAERS signal: 2165 adverse event reports link drug to disease (51761 total reports); AI-generated hypothesis available; Strong causal genetic evidence (MR score: 0.73, 2 genetic targets)"
Parkinson's disease,Melatonin,DB01065,HIGH,KNOWN,0.269,False,0.498,4,362,290,2,5,strong,1339,53144,False,0,26,0,70,0,,5,0.9386,2,Melatonin —[is a therapeutic for]→ Parkinson's disease,of its antioxidant and anti-inflammatory properties.,"Known association with moderate evidence (362 articles, 5 trials). Already being studied.","5 clinical trial(s) found on ClinicalTrials.gov; Phase 3 trial exists; 362 PubMed articles on this drug-disease pair; 2 article(s) specifically mention repurposing/repositioning; Supported by 4 independent AI pillars; WARNING: Drug FAILED Phase 3 trial(s) for this disease (1 terminated/withdrawn); Strong FAERS signal: 1339 adverse event reports link drug to disease (53144 total reports); Supporting paper with 70 citations; AI analysis of 1 abstract(s) found positive treatment signals; AI-generated hypothesis available; Strong causal genetic evidence (MR score: 0.94, 2 genetic targets)"
Parkinson's disease,Dopamine,DB00988,HIGH,ESTABLISHED,0.06,True,0.4963,4,22494,15870,67,10,moderate,34,5826,False,0,36,0,2558,0,,1,0.867,4,Dopamine —[is a therapeutic for]→ Parkinson's disease,of its ability to increase dopamine levels in the brain.,"Well-established drug-disease relationship (22494 articles, 10 trials). Not a repurposing candidate.","10 clinical trial(s) found on ClinicalTrials.gov; 22494 PubMed articles on this drug-disease pair; 67 article(s) specifically mention repurposing/repositioning; Supported by 4 independent AI pillars; Moderate FAERS signal: 34 adverse event reports mention drug-disease co-occurrence; Highly cited paper (2558 citations): ""Non-motor symptoms of Parkinson's disease: diagnosis and man...""; AI-generated hypothesis available; Strong causal genetic evidence (MR score: 0.87, 4 genetic targets); NOTE: This appears to be an already-approved treatment, not a repurposing candidate"
Prostate cancer,Abarelix,DB00106,HIGH,KNOWN,0.351,False,0.5856999754905701,4,50,50,0,4,none,0,8,False,0,1,0,154,0.7132,Cetrorelix,2955,0,0,Abarelix —[is inhibited by]→ gene-2796 —[is linked to]→ Prostate cancer,of its unique mechanism of action.,"Known association with moderate evidence (50 articles, 4 trials). Already being studied.","4 clinical trial(s) found on ClinicalTrials.gov; Phase 3 trial exists; 50 PubMed articles found; Supported by 4 independent AI pillars; High molecular similarity (0.71) to Cetrorelix; Highly cited paper (154 citations): ""A phase 3, multicenter, open-label, randomized study of abar...""; AI-generated hypothesis available"
Prostate cancer,Eflornithine,DB06243,HIGH,KNOWN,0.421,False,0.5846999883651733,4,27,26,0,3,none,0,113,False,0,5,0,107,0,,186,0.8285,1,Eflornithine —[is a therapeutic for]→ MESH:D064420 —[is treated by]→ DB00279 —[is a therapeutic for]→ Prostate cancer,of its ability to inhibit the enzyme ornithine decarboxylase (ODC).,"Known association with moderate evidence (27 articles, 3 trials). Already being studied.","3 clinical trial(s) found on ClinicalTrials.gov; 27 PubMed articles found; Supported by 4 independent AI pillars; Highly cited paper (107 citations): ""Biochemical recurrence in patients with prostate cancer afte...""; AI-generated hypothesis available; Strong causal genetic evidence (MR score: 0.83, 1 genetic targets)"
Prostate cancer,Tretinoin,DB00755,HIGH,KNOWN,0.367,False,0.5566,4,125,103,1,4,moderate,4,6607,False,0,129,0,90,0,,10,0.7759,25,Tretinoin —[is a therapeutic for]→ Prostate cancer,of its anti-proliferative and anti-angiogenic properties.,"Known association with moderate evidence (125 articles, 4 trials). Already being studied.","4 clinical trial(s) found on ClinicalTrials.gov; 125 PubMed articles on this drug-disease pair; 1 article(s) specifically mention repurposing/repositioning; Supported by 4 independent AI pillars; Note: Drug had early-phase trial failures for this disease; Moderate FAERS signal: 4 adverse event reports mention drug-disease co-occurrence; Supporting paper with 90 citations; AI-generated hypothesis available; Strong causal genetic evidence (MR score: 0.78, 25 genetic targets)"
Prostate cancer,MGI-114,DB05786,HIGH,NOVEL,0.527,False,0.5485,4,2,2,0,2,none,0,0,False,0,0,0,10,0,,162,0.7444,2,MGI-114 —[is a therapeutic for]→ MESH:D010051 —[downregulates]→ gene-5781 —[is downregulated by]→ Prostate cancer,of its ability to inhibit the growth of prostate cancer cells.,Novel prediction with minimal existing evidence (2 articles). Computational support suggests this warrants investigation.,"2 clinical trial(s) found on ClinicalTrials.gov; 2 PubMed article(s) - limited literature; Supported by 4 independent AI pillars; AI-generated hypothesis available; Strong causal genetic evidence (MR score: 0.74, 2 genetic targets)"
Prostate cancer,Fenretinide,DB05076,HIGH,KNOWN,0.392,False,0.545,4,47,38,0,2,none,0,27,False,0,8,0,162,0,,68,0.838,2,Fenretinide —[is a therapeutic for]→ Prostate cancer,of its ability to induce apoptosis in cancer cells.,"Known association with moderate evidence (47 articles, 2 trials). Already being studied.","2 clinical trial(s) found on ClinicalTrials.gov; 47 PubMed articles found; Supported by 4 independent AI pillars; Highly cited paper (162 citations): ""Treatment of prostate cancer in the rat with the synthetic r...""; AI-generated hypothesis available; Strong causal genetic evidence (MR score: 0.84, 2 genetic targets)"
Prostate cancer,Valproic Acid,DB00313,HIGH,KNOWN,0.455,False,0.5411,4,73,68,5,1,moderate,3,31999,False,0,36,0,48,0,,60,0.741,9,Valproic Acid —[is a therapeutic for]→ Prostate cancer,of its anti-proliferative and anti-apoptotic effects.,"Known association with moderate evidence (73 articles, 1 trials). Already being studied.","1 clinical trial(s) found on ClinicalTrials.gov; 73 PubMed articles on this drug-disease pair; 5 article(s) specifically mention repurposing/repositioning; Supported by 4 independent AI pillars; CAUTION: Drug had terminated/withdrawn trials (Phase 2) for this disease; Moderate FAERS signal: 3 adverse event reports mention drug-disease co-occurrence; Supporting paper with 48 citations; AI-generated hypothesis available; Strong causal genetic evidence (MR score: 0.74, 9 genetic targets)"
Prostate cancer,Carboplatin,DB00958,HIGH,ESTABLISHED,0.193,True,0.537,4,270,260,0,10,moderate,195,124071,False,0,18,0,75,0,,61,0.767,9,Carboplatin —[is a therapeutic for]→ Prostate cancer,of its unique mechanism of action and its favorable toxicity profile.,"Well-established drug-disease relationship (270 articles, 10 trials). Not a repurposing candidate.","10 clinical trial(s) found on ClinicalTrials.gov; Phase 3 trial exists; 270 PubMed articles on this drug-disease pair; Supported by 4 independent AI pillars; Moderate FAERS signal: 195 adverse event reports mention drug-disease co-occurrence; Supporting paper with 75 citations; AI analysis of 1 abstract(s) found positive treatment signals; AI-generated hypothesis available; Strong causal genetic evidence (MR score: 0.77, 9 genetic targets)"
Prostate cancer,Vincristine,DB00541,HIGH,NOVEL,0.515,False,0.5364,4,85,73,0,0,moderate,95,101507,False,0,78,0,75,0.8835,Vinblastine,45,0.7594,13,Vincristine —[downregulates]→ gene-4176 —[is linked to]→ Prostate cancer,of its anti-proliferative and anti-angiogenic properties.,Novel prediction with minimal existing evidence (85 articles). Computational support suggests this warrants investigation.,"85 PubMed articles on this drug-disease pair; Supported by 4 independent AI pillars; High molecular similarity (0.88) to Vinblastine; Moderate FAERS signal: 95 adverse event reports mention drug-disease co-occurrence; Supporting paper with 75 citations; AI-generated hypothesis available; Strong causal genetic evidence (MR score: 0.76, 13 genetic targets)"
Prostate cancer,Temozolomide,DB00853,HIGH,KNOWN,0.353,False,0.5347,4,39,36,1,6,weak,2,17585,False,0,13,0,75,0,,92,0.69,8,Temozolomide —[is a therapeutic for]→ Prostate cancer,of its ability to inhibit DNA repair and its ability to induce apoptosis.,"Known association with moderate evidence (39 articles, 6 trials). Already being studied.",6 clinical trial(s) found on ClinicalTrials.gov; 39 PubMed articles found; 1 article(s) specifically mention repurposing/repositioning; Supported by 4 independent AI pillars; Supporting paper with 75 citations; AI-generated hypothesis available; Moderate genetic evidence supporting causality (MR score: 0.69)
Prostate cancer,Methylprednisolone,DB00959,HIGH,KNOWN,0.287,False,0.5317,4,28,28,0,10,moderate,112,125031,False,0,20,0,75,0.7049,Prednisolone,108,0.705,4,Methylprednisolone —[downregulates]→ gene-8061 —[is linked to]→ Prostate cancer,of its anti-inflammatory and anti-apoptotic properties.,"Known association with moderate evidence (28 articles, 10 trials). Already being studied.","10 clinical trial(s) found on ClinicalTrials.gov; Phase 3 trial exists; 28 PubMed articles found; Supported by 4 independent AI pillars; High molecular similarity (0.70) to Prednisolone; Moderate FAERS signal: 112 adverse event reports mention drug-disease co-occurrence; Supporting paper with 75 citations; AI-generated hypothesis available; Strong causal genetic evidence (MR score: 0.70, 4 genetic targets)"
Psoriasis,Urea,DB03904,HIGH,ESTABLISHED,0.296,True,0.7045999765396118,5,186,151,0,10,strong,64,3034,False,0,6,0,10,0,,79,0.8283,1,Urea —[is a therapeutic for]→ Psoriasis,of its anti-inflammatory and anti-proliferative properties.,"Well-established drug-disease relationship (186 articles, 10 trials). Not a repurposing candidate.","10 clinical trial(s) found on ClinicalTrials.gov; Phase 3 trial exists; 186 PubMed articles on this drug-disease pair; Supported by 5 independent AI pillars; Strong FAERS signal: 64 adverse event reports link drug to disease (3034 total reports); AI-generated hypothesis available; Strong causal genetic evidence (MR score: 0.83, 1 genetic targets)"
Psoriasis,Tacrolimus,DB00864,HIGH,ESTABLISHED,0.247,True,0.6863999962806702,5,338,325,0,10,moderate,442,124653,False,0,4,0,9,0.7938,Pimecrolimus,72,0.5756,1,Tacrolimus —[treats]→ Psoriasis,of its anti-inflammatory and immunosuppressive properties.,"Well-established drug-disease relationship (338 articles, 10 trials). Not a repurposing candidate.",10 clinical trial(s) found on ClinicalTrials.gov; Phase 3 trial exists; 338 PubMed articles on this drug-disease pair; Supported by 5 independent AI pillars; High molecular similarity (0.79) to Pimecrolimus; Moderate FAERS signal: 442 adverse event reports mention drug-disease co-occurrence; AI-generated hypothesis available; Moderate genetic evidence supporting causality (MR score: 0.58)
Psoriasis,Cimetidine,DB00501,HIGH,NOVEL,0.484,False,0.6049,5,15,13,0,0,moderate,20,6461,False,0,4,0,24,0,,88,0.362,3,Cimetidine —[is a therapeutic for]→ Psoriasis,of its anti-inflammatory properties.,Novel prediction with minimal existing evidence (15 articles). Computational support suggests this warrants investigation.,15 PubMed articles found; Supported by 5 independent AI pillars; Moderate FAERS signal: 20 adverse event reports mention drug-disease co-occurrence; Supporting paper with 24 citations; AI analysis of 1 abstract(s) found positive treatment signals; AI-generated hypothesis available; Moderate genetic evidence supporting causality (MR score: 0.36)
Psoriasis,Dexamethasone,DB01234,HIGH,ESTABLISHED,0.209,True,0.5815,4,165,146,0,8,moderate,307,312747,False,0,53,0,19,1.0,Betamethasone,1,0.7649,34,Dexamethasone —[downregulates]→ gene-1454 —[is activated by]→ gene-2308 —[is downregulated by]→ Psoriasis,of its anti-inflammatory and immunomodulatory properties.,"Well-established drug-disease relationship (165 articles, 8 trials). Not a repurposing candidate.","8 clinical trial(s) found on ClinicalTrials.gov; Phase 3 trial exists; 165 PubMed articles on this drug-disease pair; Supported by 4 independent AI pillars; High molecular similarity (1.00) to Betamethasone; Moderate FAERS signal: 307 adverse event reports mention drug-disease co-occurrence; AI-generated hypothesis available; Strong causal genetic evidence (MR score: 0.76, 34 genetic targets)"
Psoriasis,Hydrocortisone,DB00741,HIGH,ESTABLISHED,0.205,True,0.5689,4,294,257,1,10,strong,1337,79272,False,0,20,0,22,0.678,Cortisone,5,0.7027,9,Hydrocortisone —[downregulates]→ gene-7358 —[is a target of]→ DB09130 —[is a therapeutic for]→ Psoriasis,of its anti-inflammatory and immunomodulatory properties.,"Well-established drug-disease relationship (294 articles, 10 trials). Not a repurposing candidate.","10 clinical trial(s) found on ClinicalTrials.gov; Phase 3 trial exists; 294 PubMed articles on this drug-disease pair; 1 article(s) specifically mention repurposing/repositioning; Supported by 4 independent AI pillars; High molecular similarity (0.68) to Cortisone; Strong FAERS signal: 1337 adverse event reports link drug to disease (79272 total reports); Supporting paper with 22 citations; AI-generated hypothesis available; Strong causal genetic evidence (MR score: 0.70, 9 genetic targets)"
Psoriasis,Prednisolone,DB00860,HIGH,KNOWN,0.307,False,0.5683,4,246,234,0,5,moderate,717,190318,False,0,7,0,4,0,,13,0.7056,5,Prednisolone —[downregulates]→ gene-1027 —[is inhibited by]→ gene-7027 —[is upregulated by]→ Psoriasis,of its anti-inflammatory properties.,"Known association with moderate evidence (246 articles, 5 trials). Already being studied.","5 clinical trial(s) found on ClinicalTrials.gov; Phase 3 trial exists; 246 PubMed articles on this drug-disease pair; Supported by 4 independent AI pillars; Moderate FAERS signal: 717 adverse event reports mention drug-disease co-occurrence; AI-generated hypothesis available; Strong causal genetic evidence (MR score: 0.71, 5 genetic targets)"
Psoriasis,Methylprednisolone,DB00959,HIGH,KNOWN,0.297,False,0.5499,4,117,111,0,5,moderate,1123,125031,False,0,5,0,13,0,,19,0.7124,4,Methylprednisolone —[palliates]→ DOID:2531 —[is treated by]→ DB01073 —[is a therapeutic for]→ Psoriasis,of its anti-inflammatory and immunomodulatory properties.,"Known association with moderate evidence (117 articles, 5 trials). Already being studied.","5 clinical trial(s) found on ClinicalTrials.gov; Phase 3 trial exists; 117 PubMed articles on this drug-disease pair; Supported by 4 independent AI pillars; Moderate FAERS signal: 1123 adverse event reports mention drug-disease co-occurrence; AI-generated hypothesis available; Strong causal genetic evidence (MR score: 0.71, 4 genetic targets)"
Psoriasis,Budesonide,DB01222,HIGH,NOVEL,0.486,False,0.5404,4,24,24,0,0,moderate,325,57603,False,0,13,0,29,0,,8,0.7483,9,Budesonide —[downregulates]→ gene-9212 —[is upregulated by]→ Psoriasis,of its anti-inflammatory properties.,Novel prediction with minimal existing evidence (24 articles). Computational support suggests this warrants investigation.,"24 PubMed articles found; Supported by 4 independent AI pillars; Moderate FAERS signal: 325 adverse event reports mention drug-disease co-occurrence; Supporting paper with 29 citations; AI analysis of 2 abstract(s) found positive treatment signals; AI-generated hypothesis available; Strong causal genetic evidence (MR score: 0.75, 9 genetic targets)"
Psoriasis,Indomethacin,DB00328,HIGH,NOVEL,0.485,False,0.5386,4,82,65,0,0,strong,185,12621,False,0,20,0,93,0,,34,0.6575,6,Indomethacin —[is a therapeutic for]→ Psoriasis,of its anti-inflammatory and anti-proliferative properties.,Novel prediction with minimal existing evidence (82 articles). Computational support suggests this warrants investigation.,82 PubMed articles on this drug-disease pair; Supported by 4 independent AI pillars; Strong FAERS signal: 185 adverse event reports link drug to disease (12621 total reports); Supporting paper with 93 citations; AI-generated hypothesis available; Moderate genetic evidence supporting causality (MR score: 0.66)
Psoriasis,Testosterone,DB00624,HIGH,KNOWN,0.383,False,0.5324,4,60,39,0,2,moderate,142,30252,False,0,16,0,2,0,,37,0.7271,9,Testosterone —[downregulates]→ gene-5111 —[is linked to]→ Psoriasis,of its anti-inflammatory and immunomodulatory properties.,"Known association with moderate evidence (60 articles, 2 trials). Already being studied.","2 clinical trial(s) found on ClinicalTrials.gov; 60 PubMed articles on this drug-disease pair; Supported by 4 independent AI pillars; Moderate FAERS signal: 142 adverse event reports mention drug-disease co-occurrence; AI-generated hypothesis available; Strong causal genetic evidence (MR score: 0.73, 9 genetic targets)"
Pulmonary hypertension,Urea,DB03904,HIGH,ESTABLISHED,0.276,True,0.5752999782562256,4,303,159,0,8,weak,2,3034,False,0,4,0,40,0,,25,0.9146,1,Urea —[is a therapeutic for]→ Pulmonary hypertension,of its ability to increase pulmonary blood flow and decrease pulmonary vascular resistance.,"Well-established drug-disease relationship (303 articles, 8 trials). Not a repurposing candidate.","8 clinical trial(s) found on ClinicalTrials.gov; 303 PubMed articles on this drug-disease pair; Supported by 4 independent AI pillars; Supporting paper with 40 citations; AI-generated hypothesis available; Strong causal genetic evidence (MR score: 0.91, 1 genetic targets)"
Pulmonary hypertension,Trandolaprilat,DB14209,LOW,BREAKTHROUGH,0.569,False,0.5690000057220459,4,0,0,0,0,none,0,0,False,0,0,0,40,0.8246,Trandolapril,3495,0,0,Trandolaprilat —[is inhibited by]→ gene-1636 —[is linked to]→ Pulmonary hypertension,it is a potent inhibitor of the renin-angiotensin system.,No published evidence found for this drug-disease pair. Strong computational prediction suggests a potential new discovery. Requires experimental validation.,Supported by 4 independent AI pillars; High molecular similarity (0.82) to Trandolapril; Supporting paper with 40 citations; AI-generated hypothesis available
Pulmonary hypertension,Liothyronine I-131,DB12425,LOW,NOVEL,0.501,False,0.5568000078201294,4,0,0,0,0,none,0,0,False,0,0,0,108,0.7442,Levothyroxine,4111,0,0,,of its ability to increase pulmonary vascular resistance and decrease pulmonary artery pressure.,Novel prediction with minimal existing evidence (0 articles). Computational support suggests this warrants investigation.,"Supported by 4 independent AI pillars; High molecular similarity (0.74) to Levothyroxine; Highly cited paper (108 citations): ""Pulmonary hypertension caused by Graves' thyrotoxicosis: nor...""; AI-generated hypothesis available"
Pulmonary hypertension,Testosterone,DB00624,HIGH,KNOWN,0.333,False,0.5541999936103821,4,119,74,0,1,moderate,43,30252,False,0,8,0,40,0,,51,0.7934,1,Testosterone —[downregulates]→ gene-5438 —[is activated by]→ gene-4602 —[is upregulated by]→ Pulmonary hypertension,of its anti-inflammatory and anti-fibrotic properties.,"Known association with moderate evidence (119 articles, 1 trials). Already being studied.","1 clinical trial(s) found on ClinicalTrials.gov; 119 PubMed articles on this drug-disease pair; Supported by 4 independent AI pillars; Moderate FAERS signal: 43 adverse event reports mention drug-disease co-occurrence; Supporting paper with 40 citations; AI-generated hypothesis available; Strong causal genetic evidence (MR score: 0.79, 1 genetic targets)"
Pulmonary hypertension,Tacrolimus,DB00864,HIGH,KNOWN,0.274,False,0.548799991607666,4,54,49,0,1,moderate,240,124653,False,0,2,0,144,0,,504,0,0,Tacrolimus —[downregulates]→ gene-991 —[activates]→ gene-332 —[is linked to]→ Pulmonary hypertension,of its anti-inflammatory and immunosuppressive properties.,"Known association with moderate evidence (54 articles, 1 trials). Already being studied.","1 clinical trial(s) found on ClinicalTrials.gov; 54 PubMed articles on this drug-disease pair; Supported by 4 independent AI pillars; Moderate FAERS signal: 240 adverse event reports mention drug-disease co-occurrence; Highly cited paper (144 citations): ""Randomised placebo-controlled safety and tolerability trial ...""; AI-generated hypothesis available"
Pulmonary hypertension,Propofol,DB00818,HIGH,KNOWN,0.42,False,0.5388000011444092,4,38,28,0,4,moderate,79,34293,False,0,8,0,40,0,,94,0.7934,1,Propofol —[is a therapeutic for]→ Pulmonary hypertension,of its vasodilating properties.,"Known association with moderate evidence (38 articles, 4 trials). Already being studied.","4 clinical trial(s) found on ClinicalTrials.gov; 38 PubMed articles found; Supported by 4 independent AI pillars; Moderate FAERS signal: 79 adverse event reports mention drug-disease co-occurrence; Supporting paper with 40 citations; AI-generated hypothesis available; Strong causal genetic evidence (MR score: 0.79, 1 genetic targets)"
Pulmonary hypertension,Dexamethasone,DB01234,HIGH,KNOWN,0.289,False,0.5352,4,151,122,0,3,moderate,474,312747,False,0,17,0,40,0.8596,Triamcinolone,43,0.5978,4,Dexamethasone —[affects]→ gene-650 —[activates]→ gene-659 —[is linked to]→ Pulmonary hypertension,of its anti-inflammatory and anti-fibrotic properties.,"Known association with moderate evidence (151 articles, 3 trials). Already being studied.",3 clinical trial(s) found on ClinicalTrials.gov; 151 PubMed articles on this drug-disease pair; Supported by 4 independent AI pillars; High molecular similarity (0.86) to Triamcinolone; Moderate FAERS signal: 474 adverse event reports mention drug-disease co-occurrence; Supporting paper with 40 citations; AI-generated hypothesis available; Moderate genetic evidence supporting causality (MR score: 0.60)
Pulmonary hypertension,Halothane,DB01159,MEDIUM,NOVEL,0.518,False,0.5077999830245972,4,26,11,0,0,none,0,201,False,0,2,0,40,0,,184,0.874,1,Halothane —[is a therapeutic for]→ Pulmonary hypertension,of its vasodilating properties.,Novel prediction with minimal existing evidence (26 articles). Computational support suggests this warrants investigation.,"26 PubMed articles found; Supported by 4 independent AI pillars; Supporting paper with 40 citations; AI-generated hypothesis available; Strong causal genetic evidence (MR score: 0.87, 1 genetic targets)"
Pulmonary hypertension,Epinephrine,DB00668,HIGH,ESTABLISHED,0.182,True,0.5059000253677368,4,155,97,0,6,moderate,123,46064,False,0,15,0,49,0.6875,Isoprenaline,34,0.7613,1,Epinephrine —[palliates]→ DOID:1686 —[is treated by]→ DB00575 —[treats]→ Pulmonary hypertension,of its vasoconstrictive properties.,"Well-established drug-disease relationship (155 articles, 6 trials). Not a repurposing candidate.","6 clinical trial(s) found on ClinicalTrials.gov; 155 PubMed articles on this drug-disease pair; Supported by 4 independent AI pillars; High molecular similarity (0.69) to Isoprenaline; Moderate FAERS signal: 123 adverse event reports mention drug-disease co-occurrence; Supporting paper with 49 citations; AI-generated hypothesis available; Strong causal genetic evidence (MR score: 0.76, 1 genetic targets)"
Pulmonary hypertension,6-O-Phosphoryl Inosine Monophosphate,DB03510,LOW,BREAKTHROUGH,0.487,False,0.4869000017642975,4,0,0,0,0,none,0,0,False,0,0,0,23,0.7593,Adenosine monophosphate,5270,0,0,6-O-Phosphoryl Inosine Monophosphate —[targets]→ gene-122622 —[is is related to by]→ gene-7534 —[is linked to]→ Pulmonary hypertension,it is a substrate for the enzyme phosphodiesterase-5.,No published evidence found for this drug-disease pair. Strong computational prediction suggests a potential new discovery. Requires experimental validation.,Supported by 4 independent AI pillars; High molecular similarity (0.76) to Adenosine monophosphate; Supporting paper with 23 citations; AI-generated hypothesis available
Rheumatoid arthritis,Dexamethasone,DB01234,HIGH,ESTABLISHED,0.139,True,0.5775,4,1111,897,3,6,moderate,706,312747,False,0,73,0,15,0,,1,0.7819,36,Dexamethasone —[treats]→ Rheumatoid arthritis,of its anti-inflammatory and immunosuppressive properties.,"Well-established drug-disease relationship (1111 articles, 6 trials). Not a repurposing candidate.","6 clinical trial(s) found on ClinicalTrials.gov; 1111 PubMed articles on this drug-disease pair; 3 article(s) specifically mention repurposing/repositioning; Supported by 4 independent AI pillars; Moderate FAERS signal: 706 adverse event reports mention drug-disease co-occurrence; AI-generated hypothesis available; Strong causal genetic evidence (MR score: 0.78, 36 genetic targets); NOTE: This appears to be an already-approved treatment, not a repurposing candidate"
Rheumatoid arthritis,Alendronate,DB00630,HIGH,KNOWN,0.412,False,0.572,4,98,92,1,4,strong,5618,53012,False,0,6,0,39,0,,34,0.5299,2,Alendronate —[is a therapeutic for]→ Rheumatoid arthritis,of its anti-inflammatory and anti-osteoclastic effects.,"Known association with moderate evidence (98 articles, 4 trials). Already being studied.",4 clinical trial(s) found on ClinicalTrials.gov; Phase 3 trial exists; 98 PubMed articles on this drug-disease pair; 1 article(s) specifically mention repurposing/repositioning; Supported by 4 independent AI pillars; Strong FAERS signal: 5618 adverse event reports link drug to disease (53012 total reports); Supporting paper with 39 citations; AI-generated hypothesis available; Moderate genetic evidence supporting causality (MR score: 0.53)
Rheumatoid arthritis,Metformin,DB00331,HIGH,KNOWN,0.299,False,0.5538,4,369,344,12,5,moderate,2408,419475,False,0,24,0,19,0,,33,0.6065,8,Metformin —[downregulates]→ gene-10190 —[is upregulated by]→ Rheumatoid arthritis,of its anti-inflammatory and anti-oxidative properties.,"Known association with moderate evidence (369 articles, 5 trials). Already being studied.",5 clinical trial(s) found on ClinicalTrials.gov; 369 PubMed articles on this drug-disease pair; 12 article(s) specifically mention repurposing/repositioning; Supported by 4 independent AI pillars; Moderate FAERS signal: 2408 adverse event reports mention drug-disease co-occurrence; AI-generated hypothesis available; Moderate genetic evidence supporting causality (MR score: 0.61)
Rheumatoid arthritis,Urea,DB03904,HIGH,ESTABLISHED,0.219,True,0.5217,4,521,306,1,10,moderate,17,3034,False,0,8,0,10,0,,94,0.5923,2,Urea —[is a therapeutic for]→ MESH:D058186 —[is treated by]→ DB00635 —[treats]→ Rheumatoid arthritis,of its anti-inflammatory and anti-oxidative properties.,"Well-established drug-disease relationship (521 articles, 10 trials). Not a repurposing candidate.","10 clinical trial(s) found on ClinicalTrials.gov; Phase 3 trial exists; 521 PubMed articles on this drug-disease pair; 1 article(s) specifically mention repurposing/repositioning; Supported by 4 independent AI pillars; Moderate FAERS signal: 17 adverse event reports mention drug-disease co-occurrence; AI-generated hypothesis available; Moderate genetic evidence supporting causality (MR score: 0.59); NOTE: This appears to be an already-approved treatment, not a repurposing candidate"
Rheumatoid arthritis,Icosapent,DB00159,HIGH,KNOWN,0.336,False,0.5086,4,10,10,0,3,strong,278,2551,False,0,10,0,21070,0.75,Arachidonic Acid,51,0.6251,5,Icosapent —[downregulates]→ gene-6192 —[is downregulated by]→ Rheumatoid arthritis,of its ability to reduce triglyceride levels and improve insulin sensitivity.,"Known association with moderate evidence (10 articles, 3 trials). Already being studied.","3 clinical trial(s) found on ClinicalTrials.gov; 10 PubMed article(s) - limited literature; Supported by 4 independent AI pillars; High molecular similarity (0.75) to Arachidonic Acid; Strong FAERS signal: 278 adverse event reports link drug to disease (2551 total reports); Highly cited paper (21070 citations): ""The American Rheumatism Association 1987 revised criteria fo...""; AI-generated hypothesis available; Moderate genetic evidence supporting causality (MR score: 0.63)"
Rheumatoid arthritis,Tetracycline,DB00759,HIGH,ESTABLISHED,0.213,True,0.5077999830245972,4,158,98,0,5,strong,129,5459,False,0,5,0,111,0,,78,0.8703,1,Tetracycline —[is a therapeutic for]→ Rheumatoid arthritis,of its anti-inflammatory and anti-arthritic properties.,"Well-established drug-disease relationship (158 articles, 5 trials). Not a repurposing candidate.","5 clinical trial(s) found on ClinicalTrials.gov; Phase 3 trial exists; 158 PubMed articles on this drug-disease pair; Supported by 4 independent AI pillars; Strong FAERS signal: 129 adverse event reports link drug to disease (5459 total reports); Highly cited paper (111 citations): ""Should tetracycline treatment be used more extensively for r...""; AI-generated hypothesis available; Strong causal genetic evidence (MR score: 0.87, 1 genetic targets)"
Rheumatoid arthritis,Linoleic Acid,DB14104,MEDIUM,KNOWN,0.353,False,0.5048,4,200,87,0,0,none,0,283,False,0,10,0,90,0.9615,Gamma-Linolenic acid,156,0.3935,2,Linoleic Acid —[is a therapeutic for]→ MESH:D029424 —[is treated by]→ DB00635 —[treats]→ Rheumatoid arthritis,of its anti-inflammatory properties.,"Known association with moderate evidence (200 articles, 0 trials). Already being studied.",200 PubMed articles on this drug-disease pair; Supported by 4 independent AI pillars; High molecular similarity (0.96) to Gamma-Linolenic acid; Supporting paper with 90 citations; AI-generated hypothesis available; Moderate genetic evidence supporting causality (MR score: 0.39)
Rheumatoid arthritis,Fluorouracil,DB00544,HIGH,KNOWN,0.391,False,0.501,4,126,110,0,0,moderate,25,85326,False,0,16,0,16,0,,75,0.7277,9,Fluorouracil —[downregulates]→ gene-347902 —[is downregulated by]→ DB01234 —[treats]→ Rheumatoid arthritis,of its anti-inflammatory and immunosuppressive properties.,"Known association with moderate evidence (126 articles, 0 trials). Already being studied.","126 PubMed articles on this drug-disease pair; Supported by 4 independent AI pillars; Moderate FAERS signal: 25 adverse event reports mention drug-disease co-occurrence; AI-generated hypothesis available; Strong causal genetic evidence (MR score: 0.73, 9 genetic targets)"
Rheumatoid arthritis,Ouabain,DB01092,MEDIUM,NOVEL,0.511,False,0.5006,4,44,6,0,0,none,0,2,False,0,25,0,29,0,,160,0.752,18,Ouabain —[downregulates]→ gene-91782 —[activates]→ gene-23710 —[is downregulated by]→ Rheumatoid arthritis,of its anti-inflammatory and immunomodulatory properties.,Novel prediction with minimal existing evidence (44 articles). Computational support suggests this warrants investigation.,"44 PubMed articles found; Supported by 4 independent AI pillars; Supporting paper with 29 citations; AI-generated hypothesis available; Strong causal genetic evidence (MR score: 0.75, 18 genetic targets)"
Rheumatoid arthritis,Cyclic Guanosine Monophosphate,DB02315,MEDIUM,EMERGING,0.51,False,0.5003,4,39,31,1,0,none,0,0,False,0,8,0,82,0.6721,Cyclic Adenosine Monophosphate,169,0.571,3,Cyclic Guanosine Monophosphate —[is associated with]→ MESH:D011565 —[is treated by]→ DB00993 —[treats]→ Rheumatoid arthritis,of its anti-inflammatory and immunomodulatory effects.,"Emerging repurposing candidate. Some evidence exists (39 articles, 1 mention repurposing) but not yet validated in trials.",39 PubMed articles found; 1 article(s) specifically mention repurposing/repositioning; Supported by 4 independent AI pillars; High molecular similarity (0.67) to Cyclic Adenosine Monophosphate; Supporting paper with 82 citations; AI-generated hypothesis available; Moderate genetic evidence supporting causality (MR score: 0.57)
Schistosomiasis,Oxamniquine,DB01096,MEDIUM,KNOWN,0.427,False,0.609499990940094,4,446,421,3,0,none,0,2,False,0,0,0,17,0,,25,0,0,Oxamniquine —[is a therapeutic for]→ Schistosomiasis,of its efficacy and safety.,"Known association with moderate evidence (446 articles, 0 trials). Already being studied.",446 PubMed articles on this drug-disease pair; 3 article(s) specifically mention repurposing/repositioning; Supported by 4 independent AI pillars; AI-generated hypothesis available
Schistosomiasis,Tacrolimus,DB00864,LOW,NOVEL,0.478,False,0.5029000043869019,4,2,0,0,0,moderate,8,124653,False,0,0,0,3,0,,380,0,0,Tacrolimus —[treats]→ MESH:C565798 —[is treated by]→ DB00859 —[is a therapeutic for]→ Schistosomiasis,of its anti-inflammatory and immunosuppressive properties.,Novel prediction with minimal existing evidence (2 articles). Computational support suggests this warrants investigation.,2 PubMed article(s) - limited literature; Supported by 4 independent AI pillars; Moderate FAERS signal: 8 adverse event reports mention drug-disease co-occurrence; AI-generated hypothesis available
Schistosomiasis,Cimetidine,DB00501,LOW,NOVEL,0.422,False,0.49630001187324524,4,13,9,0,0,none,0,6461,False,0,0,0,21,0,,97,0,0,Cimetidine —[is a therapeutic for]→ MESH:D008171 —[is treated by]→ DB01058 —[treats]→ Schistosomiasis,of its anti-inflammatory and anti-fibrotic properties.,Novel prediction with minimal existing evidence (13 articles). Computational support suggests this warrants investigation.,13 PubMed articles found; Supported by 4 independent AI pillars; Supporting paper with 21 citations; AI-generated hypothesis available
Schistosomiasis,Rebamipide,DB11656,LOW,BREAKTHROUGH,0.371,False,0.37070000171661377,3,0,0,0,0,none,0,8548,False,0,0,0,3,0,,1906,0,0,Rebamipide —[is a therapeutic for]→ MESH:D014456 —[is treated by]→ DB01394 —[is a therapeutic for]→ Schistosomiasis,of its anti-inflammatory and antioxidant effects.,No published evidence found for this drug-disease pair. Strong computational prediction suggests a potential new discovery. Requires experimental validation.,Supported by 3 independent AI pillars; AI-generated hypothesis available
Schistosomiasis,Tacrine,DB00382,LOW,NOVEL,0.35,False,0.36809998750686646,3,1,1,0,0,none,0,31,False,0,1,0,3,0,,8,0,0,Tacrine —[is a therapeutic for]→ MESH:D005355 —[is treated by]→ DB01058 —[treats]→ Schistosomiasis,of its anti-inflammatory and antioxidant properties.,Novel prediction with minimal existing evidence (1 articles). Computational support suggests this warrants investigation.,1 PubMed article(s) - limited literature; Supported by 3 independent AI pillars; AI-generated hypothesis available
Schistosomiasis,Incb-9471,DB12960,LOW,BREAKTHROUGH,0.359,False,0.35899999737739563,3,0,0,0,0,none,0,0,False,0,0,0,51,0,,5316,0,0,Incb-9471 —[is antagonized by]→ gene-1234 —[is is related to by]→ gene-920 —[is associated with]→ Schistosomiasis,of its high efficacy and low toxicity.,No published evidence found for this drug-disease pair. Strong computational prediction suggests a potential new discovery. Requires experimental validation.,Supported by 3 independent AI pillars; Supporting paper with 51 citations; AI-generated hypothesis available
Schistosomiasis,Isoflurophate,DB00677,LOW,NOVEL,0.34,False,0.35740000009536743,3,1,0,0,0,none,0,0,False,0,1,0,3,0,,171,0,0,Isoflurophate —[targets]→ gene-590 —[is associated with]→ Schistosomiasis,of its high efficacy and low toxicity.,Novel prediction with minimal existing evidence (1 articles). Computational support suggests this warrants investigation.,1 PubMed article(s) - limited literature; Supported by 3 independent AI pillars; AI-generated hypothesis available
Schistosomiasis,Dexamethasone,DB01234,LOW,NOVEL,0.302,False,0.35530000925064087,3,34,29,0,0,none,0,312747,False,0,2,0,50,0,,17,0,0,Dexamethasone —[treats]→ DOID:7148 —[is treated by]→ DB00859 —[is a therapeutic for]→ Schistosomiasis,of its anti-inflammatory and immunomodulatory properties.,Novel prediction with minimal existing evidence (34 articles). Computational support suggests this warrants investigation.,34 PubMed articles found; Supported by 3 independent AI pillars; Supporting paper with 50 citations; AI-generated hypothesis available
Schistosomiasis,Dapsone,DB00250,LOW,NOVEL,0.334,False,0.3513999879360199,3,4,4,1,0,none,0,9588,False,0,0,0,13,0,,129,0,0,Dapsone —[treats]→ MESH:D000152 —[is treated by]→ DB00421 —[is a therapeutic for]→ Schistosomiasis,of its anti-inflammatory and anti-fibrotic properties.,Novel prediction with minimal existing evidence (4 articles). Computational support suggests this warrants investigation.,4 PubMed article(s) - limited literature; 1 article(s) specifically mention repurposing/repositioning; Supported by 3 independent AI pillars; AI-generated hypothesis available
Schistosomiasis,Phosphoramidon,DB02557,LOW,NOVEL,0.333,False,0.3506999909877777,3,1,0,0,0,none,0,0,False,0,0,0,3,0,,4053,0,0,Phosphoramidon —[targets]→ gene-4311 —[is is related to by]→ gene-920 —[is associated with]→ Schistosomiasis,of its ability to inhibit the activity of the enzyme.,Novel prediction with minimal existing evidence (1 articles). Computational support suggests this warrants investigation.,1 PubMed article(s) - limited literature; Supported by 3 independent AI pillars; AI-generated hypothesis available
Schizophrenia,Serotonin,DB08839,HIGH,ESTABLISHED,0.127,True,0.5289,5,4982,3441,12,10,weak,2,610,False,0,14,0,184,0,,1,0.5629,10,Serotonin —[is a therapeutic for]→ Schizophrenia,of its role in the regulation of the dopaminergic system.,"Well-established drug-disease relationship (4982 articles, 10 trials). Not a repurposing candidate.","10 clinical trial(s) found on ClinicalTrials.gov; Phase 3 trial exists; 4982 PubMed articles on this drug-disease pair; 12 article(s) specifically mention repurposing/repositioning; Supported by 5 independent AI pillars; Highly cited paper (184 citations): ""Serotonin, schizophrenia and antipsychotic drug action....""; AI-generated hypothesis available; Moderate genetic evidence supporting causality (MR score: 0.56); NOTE: This appears to be an already-approved treatment, not a repurposing candidate"
Schizophrenia,Amantadine,DB00915,HIGH,ESTABLISHED,0.208,True,0.4952,4,120,115,1,10,moderate,19,17778,False,0,3,0,4,0,,34,0.673,4,Amantadine —[is a therapeutic for]→ Schizophrenia,of its ability to block the NMDA receptor.,"Well-established drug-disease relationship (120 articles, 10 trials). Not a repurposing candidate.",10 clinical trial(s) found on ClinicalTrials.gov; Phase 3 trial exists; 120 PubMed articles on this drug-disease pair; 1 article(s) specifically mention repurposing/repositioning; Supported by 4 independent AI pillars; Moderate FAERS signal: 19 adverse event reports mention drug-disease co-occurrence; AI-generated hypothesis available; Moderate genetic evidence supporting causality (MR score: 0.67)
Schizophrenia,Verapamil,DB00661,HIGH,EMERGING,0.503,False,0.4934,4,45,43,2,0,moderate,10,40970,False,0,2,0,75,0,,196,0.7151,7,Verapamil —[is a therapeutic for]→ Schizophrenia,of its calcium channel blocking properties.,"Emerging repurposing candidate. Some evidence exists (45 articles, 2 mention repurposing) but not yet validated in trials.","45 PubMed articles found; 2 article(s) specifically mention repurposing/repositioning; Supported by 4 independent AI pillars; Moderate FAERS signal: 10 adverse event reports mention drug-disease co-occurrence; Supporting paper with 75 citations; AI-generated hypothesis available; Strong causal genetic evidence (MR score: 0.72, 7 genetic targets)"
Schizophrenia,Cyclic Adenosine Monophosphate,DB02527,HIGH,EMERGING,0.502,False,0.4921,4,76,44,1,0,none,0,2,False,0,17,0,47,0.6721,Cyclic Guanosine Monophosphate,105,0.6087,9,Cyclic Adenosine Monophosphate —[is a therapeutic for]→ MESH:D016584 —[is treated by]→ DB00370 —[treats]→ Schizophrenia,of its ability to increase the expression of the dopamine D2 receptor.,"Emerging repurposing candidate. Some evidence exists (76 articles, 1 mention repurposing) but not yet validated in trials.",76 PubMed articles on this drug-disease pair; 1 article(s) specifically mention repurposing/repositioning; Supported by 4 independent AI pillars; High molecular similarity (0.67) to Cyclic Guanosine Monophosphate; Supporting paper with 47 citations; AI-generated hypothesis available; Moderate genetic evidence supporting causality (MR score: 0.61)
Schizophrenia,Dopamine,DB00988,HIGH,ESTABLISHED,0.088,True,0.488,4,11611,7266,23,10,weak,1,5826,False,0,11,0,694,0,,10,0.6136,14,Dopamine —[is agonized by]→ gene-1814 —[is linked to]→ Schizophrenia,of its role in the regulation of the mesolimbic dopamine system.,"Well-established drug-disease relationship (11611 articles, 10 trials). Not a repurposing candidate.","10 clinical trial(s) found on ClinicalTrials.gov; Phase 3 trial exists; 11611 PubMed articles on this drug-disease pair; 23 article(s) specifically mention repurposing/repositioning; Supported by 4 independent AI pillars; Highly cited paper (694 citations): ""Dopamine, schizophrenia, mania, and depression: Toward a uni...""; AI-generated hypothesis available; Moderate genetic evidence supporting causality (MR score: 0.61); NOTE: This appears to be an already-approved treatment, not a repurposing candidate"
Schizophrenia,Phencyclidine,DB03575,MEDIUM,KNOWN,0.351,False,0.4877,4,1215,865,0,0,weak,1,565,False,0,2,0,73,0,,2,0.5153,3,Phencyclidine —[is a therapeutic for]→ MESH:D015658 —[is treated by]→ DB00363 —[treats]→ Schizophrenia,of its ability to induce psychosis and to increase the risk of suicide.,"Known association with moderate evidence (1215 articles, 0 trials). Already being studied.",1215 PubMed articles on this drug-disease pair; Supported by 4 independent AI pillars; Supporting paper with 73 citations; AI-generated hypothesis available; Moderate genetic evidence supporting causality (MR score: 0.52)
Schizophrenia,Phenobarbital,DB01174,HIGH,KNOWN,0.322,False,0.4876,4,64,57,0,1,moderate,20,18591,False,0,3,0,132,0,,91,0.5678,2,Phenobarbital —[is a therapeutic for]→ Schizophrenia,of its antipsychotic properties.,"Known association with moderate evidence (64 articles, 1 trials). Already being studied.","1 clinical trial(s) found on ClinicalTrials.gov; Phase 3 trial exists; 64 PubMed articles on this drug-disease pair; Supported by 4 independent AI pillars; WARNING: Drug FAILED Phase 3 trial(s) for this disease (1 terminated/withdrawn); Moderate FAERS signal: 20 adverse event reports mention drug-disease co-occurrence; Highly cited paper (132 citations): ""Drug therapy in schizophrenia. A controlled study of the rel...""; AI-generated hypothesis available; Moderate genetic evidence supporting causality (MR score: 0.57)"
Schizophrenia,Dexamethasone,DB01234,HIGH,KNOWN,0.378,False,0.4852,4,299,119,0,0,moderate,81,312747,False,0,23,0,14,0,,168,0.6843,23,Dexamethasone —[downregulates]→ gene-6461 —[is activated by]→ gene-6093 —[is upregulated by]→ Schizophrenia,of its anti-inflammatory properties.,"Known association with moderate evidence (299 articles, 0 trials). Already being studied.",299 PubMed articles on this drug-disease pair; Supported by 4 independent AI pillars; Moderate FAERS signal: 81 adverse event reports mention drug-disease co-occurrence; AI-generated hypothesis available; Moderate genetic evidence supporting causality (MR score: 0.68)
Schizophrenia,Methadone,DB00333,HIGH,KNOWN,0.376,False,0.4819,4,90,80,0,1,moderate,32,51541,False,0,1,0,65,0,,110,0.6692,3,Methadone —[is a therapeutic for]→ Schizophrenia,of its antipsychotic properties.,"Known association with moderate evidence (90 articles, 1 trials). Already being studied.",1 clinical trial(s) found on ClinicalTrials.gov; 90 PubMed articles on this drug-disease pair; Supported by 4 independent AI pillars; Moderate FAERS signal: 32 adverse event reports mention drug-disease co-occurrence; Supporting paper with 65 citations; AI-generated hypothesis available; Moderate genetic evidence supporting causality (MR score: 0.67)
Schizophrenia,Melatonin,DB01065,HIGH,ESTABLISHED,0.202,True,0.4801,4,254,174,1,10,moderate,33,53144,False,0,12,0,5,0.6042,Agomelatine,8,0.546,7,Melatonin —[downregulates]→ gene-6382 —[activates]→ gene-7057 —[is upregulated by]→ Schizophrenia,of its antioxidant and anti-inflammatory properties.,"Well-established drug-disease relationship (254 articles, 10 trials). Not a repurposing candidate.",10 clinical trial(s) found on ClinicalTrials.gov; Phase 3 trial exists; 254 PubMed articles on this drug-disease pair; 1 article(s) specifically mention repurposing/repositioning; Supported by 4 independent AI pillars; High molecular similarity (0.60) to Agomelatine; Moderate FAERS signal: 33 adverse event reports mention drug-disease co-occurrence; AI-generated hypothesis available; Moderate genetic evidence supporting causality (MR score: 0.55)
Sepsis,Dexamethasone,DB01234,HIGH,KNOWN,0.295,False,0.5468,4,911,794,1,3,strong,10170,312747,True,12,20,0,20,0,,21,0.5728,4,Dexamethasone —[affects]→ gene-5328 —[is a target of]→ DB00594 —[is a therapeutic for]→ Sepsis,of its anti-inflammatory properties.,"Known association with moderate evidence (911 articles, 3 trials). Already being studied.",3 clinical trial(s) found on ClinicalTrials.gov; 911 PubMed articles on this drug-disease pair; 1 article(s) specifically mention repurposing/repositioning; Supported by 4 independent AI pillars; Strong FAERS signal: 10170 adverse event reports link drug to disease (312747 total reports); Drug ranks #12 for reversing disease gene signature; AI-generated hypothesis available; Moderate genetic evidence supporting causality (MR score: 0.57)
Sepsis,Abarelix,DB00106,LOW,NOVEL,0.425,False,0.5005000233650208,4,0,0,0,0,none,0,8,False,0,0,0,13284,0,,8999,0,0,Abarelix —[is antagonized by]→ gene-2798 —[is affected by]→ MESH:D004967 —[is a therapeutic for]→ Sepsis,of its ability to inhibit the production of pro-inflammatory cytokines.,Novel prediction with minimal existing evidence (0 articles). Computational support suggests this warrants investigation.,"Supported by 4 independent AI pillars; Highly cited paper (13284 citations): ""Developing a New Definition and Assessing New Clinical Crite...""; AI-generated hypothesis available"
Sepsis,Tacrolimus,DB00864,HIGH,KNOWN,0.294,False,0.49079999327659607,4,274,259,2,0,strong,4161,124653,False,0,0,0,99,0,,510,0,0,Tacrolimus —[binds]→ gene-5004 —[is a target of]→ DB01041 —[is a therapeutic for]→ Sepsis,of its anti-inflammatory properties.,"Known association with moderate evidence (274 articles, 0 trials). Already being studied.",274 PubMed articles on this drug-disease pair; 2 article(s) specifically mention repurposing/repositioning; Supported by 4 independent AI pillars; Strong FAERS signal: 4161 adverse event reports link drug to disease (124653 total reports); Supporting paper with 99 citations; AI-generated hypothesis available
Sepsis,Colistin,DB00803,HIGH,ESTABLISHED,0.133,True,0.4431000053882599,3,565,468,8,10,strong,227,3058,False,0,0,0,22,0,,7,0,0,Colistin —[is a therapeutic for]→ Sepsis,of its broad-spectrum activity and its ability to inhibit the bacterial cell wall.,"Well-established drug-disease relationship (565 articles, 10 trials). Not a repurposing candidate.","10 clinical trial(s) found on ClinicalTrials.gov; Phase 3 trial exists; 565 PubMed articles on this drug-disease pair; 8 article(s) specifically mention repurposing/repositioning; Supported by 3 independent AI pillars; Strong FAERS signal: 227 adverse event reports link drug to disease (3058 total reports); Supporting paper with 22 citations; AI-generated hypothesis available; NOTE: This appears to be an already-approved treatment, not a repurposing candidate"
Sepsis,Amikacin,DB00479,HIGH,ESTABLISHED,0.129,True,0.43070000410079956,3,905,778,1,10,strong,612,12145,False,0,0,0,7,0,,28,0,0,Amikacin —[is a therapeutic for]→ Sepsis,of its broad spectrum of activity and its ability to inhibit the bacterial cell wall.,"Well-established drug-disease relationship (905 articles, 10 trials). Not a repurposing candidate.","10 clinical trial(s) found on ClinicalTrials.gov; Phase 3 trial exists; 905 PubMed articles on this drug-disease pair; 1 article(s) specifically mention repurposing/repositioning; Supported by 3 independent AI pillars; Strong FAERS signal: 612 adverse event reports link drug to disease (12145 total reports); AI-generated hypothesis available; NOTE: This appears to be an already-approved treatment, not a repurposing candidate"
Sepsis,Methylprednisolone,DB00959,HIGH,ESTABLISHED,0.123,True,0.4115000069141388,4,690,652,0,6,strong,4272,125031,False,0,4,0,8,0,,79,0.152,1,Methylprednisolone —[is a therapeutic for]→ Sepsis,of its anti-inflammatory properties.,"Well-established drug-disease relationship (690 articles, 6 trials). Not a repurposing candidate.","6 clinical trial(s) found on ClinicalTrials.gov; Phase 3 trial exists; 690 PubMed articles on this drug-disease pair; Supported by 4 independent AI pillars; Strong FAERS signal: 4272 adverse event reports link drug to disease (125031 total reports); AI-generated hypothesis available; NOTE: This appears to be an already-approved treatment, not a repurposing candidate"
Sepsis,Rebamipide,DB11656,MEDIUM,KNOWN,0.284,False,0.40639999508857727,3,2,2,0,0,strong,168,8548,False,0,1,0,7258,0,,831,0,0,Rebamipide —[is a therapeutic for]→ MESH:D011349 —[is treated by]→ DB00795 —[is a therapeutic for]→ Sepsis,of its anti-inflammatory and antioxidant properties.,"Known association with moderate evidence (2 articles, 0 trials). Already being studied.","2 PubMed article(s) - limited literature; Supported by 3 independent AI pillars; Strong FAERS signal: 168 adverse event reports link drug to disease (8548 total reports); Highly cited paper (7258 citations): ""Surviving Sepsis Campaign: International Guidelines for Mana...""; AI-generated hypothesis available"
Sepsis,Gemcitabine,DB00441,HIGH,KNOWN,0.243,False,0.4043999910354614,4,123,123,0,0,strong,2079,55284,False,0,5,0,24,0,,191,0.152,1,Gemcitabine —[downregulates]→ gene-1429 —[is a target of]→ DB03461 —[is a therapeutic for]→ Sepsis,of its anti-inflammatory and anti-apoptotic properties.,"Known association with moderate evidence (123 articles, 0 trials). Already being studied.",123 PubMed articles on this drug-disease pair; Supported by 4 independent AI pillars; Strong FAERS signal: 2079 adverse event reports link drug to disease (55284 total reports); Supporting paper with 24 citations; AI-generated hypothesis available
Sepsis,Methyldopa,DB00968,MEDIUM,KNOWN,0.242,False,0.4041000008583069,4,6,6,0,1,moderate,41,5032,False,0,2,0,5213,0,,252,0,0,Methyldopa —[downregulates]→ gene-6697 —[is a target of]→ DB03461 —[is a therapeutic for]→ Sepsis,of its anti-inflammatory properties.,"Known association with moderate evidence (6 articles, 1 trials). Already being studied.","1 clinical trial(s) found on ClinicalTrials.gov; 6 PubMed article(s) - limited literature; Supported by 4 independent AI pillars; CAUTION: Drug had terminated/withdrawn trials (Phase 2) for this disease; Moderate FAERS signal: 41 adverse event reports mention drug-disease co-occurrence; Highly cited paper (5213 citations): ""Global, regional, and national sepsis incidence and mortalit...""; AI-generated hypothesis available"
Sepsis,Ampicillin,DB00415,HIGH,ESTABLISHED,0.081,True,0.4027999937534332,3,1878,1592,2,10,strong,521,12075,False,0,2,0,14,0,,5,0,0,Ampicillin —[is a therapeutic for]→ Sepsis,of its antibacterial properties.,"Well-established drug-disease relationship (1878 articles, 10 trials). Not a repurposing candidate.","10 clinical trial(s) found on ClinicalTrials.gov; Phase 3 trial exists; 1878 PubMed articles on this drug-disease pair; 2 article(s) specifically mention repurposing/repositioning; Supported by 3 independent AI pillars; Strong FAERS signal: 521 adverse event reports link drug to disease (12075 total reports); AI-generated hypothesis available; NOTE: This appears to be an already-approved treatment, not a repurposing candidate"
Sickle cell disease,Mannitol,DB00742,HIGH,NOVEL,0.328,False,0.41029998660087585,3,9,8,0,1,weak,1,6125,False,0,1,0,70,0,,88,0,0,Mannitol —[is a therapeutic for]→ MESH:D054556 —[is treated by]→ DB00945 —[is a therapeutic for]→ Sickle cell disease,of its ability to reduce the sickling of red blood cells.,Novel prediction with minimal existing evidence (9 articles). Computational support suggests this warrants investigation.,1 clinical trial(s) found on ClinicalTrials.gov; Phase 3 trial exists; 9 PubMed article(s) - limited literature; Supported by 3 independent AI pillars; Supporting paper with 70 citations; AI-generated hypothesis available
Sickle cell disease,Liothyronine,DB00279,LOW,NOVEL,0.322,False,0.4025000035762787,3,2,1,0,0,none,0,7908,False,0,3,0,4488,0,,183,0,0,Liothyronine —[treats]→ MESH:D013964 —[is treated by]→ DB01593 —[is a therapeutic for]→ Sickle cell disease,of its ability to increase hemoglobin F and decrease the sickling of red blood cells.,Novel prediction with minimal existing evidence (2 articles). Computational support suggests this warrants investigation.,"2 PubMed article(s) - limited literature; Supported by 3 independent AI pillars; Highly cited paper (4488 citations): ""Sickle cell disease....""; AI-generated hypothesis available"
Sickle cell disease,Ceftriaxone,DB01212,MEDIUM,NOVEL,0.333,False,0.39160001277923584,3,73,57,0,0,moderate,8,39161,False,0,0,0,3,0,,93,0,0,Ceftriaxone —[is a therapeutic for]→ Sickle cell disease,of its broad spectrum of activity and its ability to cross the blood-brain barrier.,Novel prediction with minimal existing evidence (73 articles). Computational support suggests this warrants investigation.,73 PubMed articles on this drug-disease pair; Supported by 3 independent AI pillars; Moderate FAERS signal: 8 adverse event reports mention drug-disease co-occurrence; AI-generated hypothesis available
Sickle cell disease,Progesterone,DB00396,LOW,NOVEL,0.321,False,0.3776,3,40,20,0,0,none,0,19292,False,0,12,0,20,0,,38,0,0,Progesterone —[targets]→ gene-2099 —[is a target of]→ DB01593 —[is a therapeutic for]→ Sickle cell disease,of its anti-sickling properties.,Novel prediction with minimal existing evidence (40 articles). Computational support suggests this warrants investigation.,40 PubMed articles found; Supported by 3 independent AI pillars; AI-generated hypothesis available
Sickle cell disease,Hemi-Babim,DB01767,LOW,BREAKTHROUGH,0.371,False,0.3711000084877014,3,0,0,0,0,none,0,0,False,0,1,0,25,0,,5124,0,0,Hemi-Babim —[targets]→ gene-2147 —[is associated with]→ Sickle cell disease,it is a safe and effective treatment for the sickling process.,No published evidence found for this drug-disease pair. Strong computational prediction suggests a potential new discovery. Requires experimental validation.,Supported by 3 independent AI pillars; Supporting paper with 25 citations; AI-generated hypothesis available
Sickle cell disease,2-{4-[(2s)-2-[({[(1s)-1-Carboxy-2-Phenylethyl]Amino}Carbonyl)Amino]-3-Oxo-3-(Pentylamino)Propyl]Phenoxy}Malonic Acid,DB02436,LOW,BREAKTHROUGH,0.366,False,0.36550000309944153,3,0,0,0,0,none,0,0,False,0,0,0,0,0,,7024,0,0,2-{4-[(2s)-2-[({[(1s)-1-Carboxy-2-Phenylethyl]Amino}Carbonyl)Amino]-3-Oxo-3-(Pentylamino)Propyl]Phenoxy}Malonic Acid —[targets]→ gene-5770 —[is affected by]→ DB01593 —[is a therapeutic for]→ Sickle cell disease,it is a potent inhibitor of the polymerization of sickle hemoglobin.,No published evidence found for this drug-disease pair. Strong computational prediction suggests a potential new discovery. Requires experimental validation.,Supported by 3 independent AI pillars; AI-generated hypothesis available
Sickle cell disease,Phosphoramidon,DB02557,LOW,NOVEL,0.31,False,0.3646000027656555,3,0,0,0,0,none,0,0,False,0,1,0,4488,0,,1787,0,0,Phosphoramidon —[targets]→ gene-4311 —[is affected by]→ DB01593 —[is a therapeutic for]→ Sickle cell disease,"it inhibits the activity of the enzyme, which is responsible for the breakdown of the vaso-occlusion.",Novel prediction with minimal existing evidence (0 articles). Computational support suggests this warrants investigation.,"Supported by 3 independent AI pillars; Highly cited paper (4488 citations): ""Sickle cell disease....""; AI-generated hypothesis available"
Sickle cell disease,Hydromorphone,DB00327,HIGH,KNOWN,0.163,False,0.3615,3,26,20,0,6,moderate,121,79353,False,0,4,0,5,0.541,Morphine,212,0,0,Hydromorphone —[treats]→ MESH:D010146 —[is treated by]→ DB00945 —[is a therapeutic for]→ Sickle cell disease,of its analgesic and anti-inflammatory properties.,"Known association with moderate evidence (26 articles, 6 trials). Already being studied.",6 clinical trial(s) found on ClinicalTrials.gov; Phase 3 trial exists; 26 PubMed articles found; Supported by 3 independent AI pillars; High molecular similarity (0.54) to Morphine; CAUTION: Drug had terminated/withdrawn trials (Phase 3) for this disease; Moderate FAERS signal: 121 adverse event reports mention drug-disease co-occurrence; AI-generated hypothesis available
Sickle cell disease,Pitavastatin,DB08860,HIGH,KNOWN,0.28,False,0.3589000105857849,4,1,1,0,1,none,0,3630,False,0,2,0,4488,0,,178,0.6749,1,Pitavastatin —[is inhibited by]→ gene-3156 —[is a target of]→ DB03461 —[is a therapeutic for]→ Sickle cell disease,of its pleiotropic effects.,"Known association with moderate evidence (1 articles, 1 trials). Already being studied.","1 clinical trial(s) found on ClinicalTrials.gov; 1 PubMed article(s) - limited literature; Supported by 4 independent AI pillars; Highly cited paper (4488 citations): ""Sickle cell disease....""; AI-generated hypothesis available; Moderate genetic evidence supporting causality (MR score: 0.67)"
Sickle cell disease,Dimethyl sulfoxide,DB01093,LOW,NOVEL,0.302,False,0.3555000126361847,3,12,8,0,0,none,0,332,False,0,3,0,4,0,,78,0,0,Dimethyl sulfoxide —[is a therapeutic for]→ MESH:D012871 —[is treated by]→ DB01005 —[treats]→ Sickle cell disease,of its anti-sickling properties.,Novel prediction with minimal existing evidence (12 articles). Computational support suggests this warrants investigation.,12 PubMed articles found; Supported by 3 independent AI pillars; AI-generated hypothesis available
Tuberculosis,Tacrolimus,DB00864,MEDIUM,KNOWN,0.321,False,0.5353999733924866,4,108,98,0,0,moderate,886,124653,False,0,1,0,1,0,,248,0,0,Tacrolimus —[is inhibited by]→ gene-2280 —[is bound by]→ DB00091 —[is a therapeutic for]→ Tuberculosis,of its anti-inflammatory and immunosuppressive properties.,"Known association with moderate evidence (108 articles, 0 trials). Already being studied.",108 PubMed articles on this drug-disease pair; Supported by 4 independent AI pillars; Moderate FAERS signal: 886 adverse event reports mention drug-disease co-occurrence; AI-generated hypothesis available
Tuberculosis,Dexamethasone,DB01234,HIGH,ESTABLISHED,0.151,True,0.5037,4,416,366,1,10,moderate,525,312747,False,0,25,0,3,0,,23,0.3326,4,Dexamethasone —[treats]→ Tuberculosis,of its anti-inflammatory properties.,"Well-established drug-disease relationship (416 articles, 10 trials). Not a repurposing candidate.",10 clinical trial(s) found on ClinicalTrials.gov; Phase 3 trial exists; 416 PubMed articles on this drug-disease pair; 1 article(s) specifically mention repurposing/repositioning; Supported by 4 independent AI pillars; Moderate FAERS signal: 525 adverse event reports mention drug-disease co-occurrence; AI-generated hypothesis available; Moderate genetic evidence supporting causality (MR score: 0.33)
Tuberculosis,Cimetidine,DB00501,MEDIUM,NOVEL,0.357,False,0.44600000977516174,4,15,8,0,0,moderate,29,6461,False,0,3,0,50,0,,109,0,0,Cimetidine —[binds]→ gene-1576 —[is a target of]→ DB00951 —[treats]→ Tuberculosis,of its anti-inflammatory properties.,Novel prediction with minimal existing evidence (15 articles). Computational support suggests this warrants investigation.,15 PubMed articles found; Supported by 4 independent AI pillars; Moderate FAERS signal: 29 adverse event reports mention drug-disease co-occurrence; Supporting paper with 50 citations; AI-generated hypothesis available
Tuberculosis,Dapsone,DB00250,HIGH,KNOWN,0.217,False,0.4336000084877014,4,199,169,0,1,moderate,35,9588,False,0,2,0,8,0,,58,0.4793,1,Dapsone —[is a therapeutic for]→ Tuberculosis,of its anti-inflammatory and immunomodulatory properties.,"Known association with moderate evidence (199 articles, 1 trials). Already being studied.",1 clinical trial(s) found on ClinicalTrials.gov; 199 PubMed articles on this drug-disease pair; Supported by 4 independent AI pillars; Moderate FAERS signal: 35 adverse event reports mention drug-disease co-occurrence; AI-generated hypothesis available; Moderate genetic evidence supporting causality (MR score: 0.48)
Tuberculosis,Betamethasone,DB00443,MEDIUM,EMERGING,0.34,False,0.4256,4,29,24,1,0,moderate,89,32595,False,0,7,0,2,0,,147,0.2947,2,Betamethasone —[downregulates]→ gene-831 —[is a target of]→ DB01373 —[is a therapeutic for]→ Tuberculosis,of its anti-inflammatory and immunomodulatory properties.,"Emerging repurposing candidate. Some evidence exists (29 articles, 1 mention repurposing) but not yet validated in trials.",29 PubMed articles found; 1 article(s) specifically mention repurposing/repositioning; Supported by 4 independent AI pillars; Moderate FAERS signal: 89 adverse event reports mention drug-disease co-occurrence; AI-generated hypothesis available
Tuberculosis,Progesterone,DB00396,HIGH,NOVEL,0.356,False,0.41839998960494995,4,72,40,0,0,moderate,8,19292,False,0,11,0,3,0,,76,0.3932,1,Progesterone —[is agonized by]→ gene-4306 —[is an agonist of]→ DB00860 —[treats]→ Tuberculosis,of its anti-inflammatory and immunomodulatory properties.,Novel prediction with minimal existing evidence (72 articles). Computational support suggests this warrants investigation.,72 PubMed articles on this drug-disease pair; Supported by 4 independent AI pillars; Moderate FAERS signal: 8 adverse event reports mention drug-disease co-occurrence; AI-generated hypothesis available; Moderate genetic evidence supporting causality (MR score: 0.39)
Tuberculosis,Rebamipide,DB11656,MEDIUM,EMERGING,0.372,False,0.4133000075817108,3,4,3,2,0,moderate,58,8548,False,0,1,0,63,0,,955,0,0,Rebamipide —[is a therapeutic for]→ MESH:D013280 —[is treated by]→ DB00620 —[treats]→ Tuberculosis,of its anti-inflammatory and antioxidant properties.,"Emerging repurposing candidate. Some evidence exists (4 articles, 2 mention repurposing) but not yet validated in trials.",4 PubMed article(s) - limited literature; 2 article(s) specifically mention repurposing/repositioning; Supported by 3 independent AI pillars; Moderate FAERS signal: 58 adverse event reports mention drug-disease co-occurrence; Supporting paper with 63 citations; AI-generated hypothesis available
Tuberculosis,Fluocinolone Acetonide,DB00591,LOW,NOVEL,0.387,False,0.4072,4,1,1,0,0,weak,2,1864,False,0,1,0,33,0,,162,0.3156,2,Fluocinolone Acetonide —[downregulates]→ gene-1027 —[is downregulated by]→ DB00860 —[treats]→ Tuberculosis,of its anti-inflammatory properties.,Novel prediction with minimal existing evidence (1 articles). Computational support suggests this warrants investigation.,1 PubMed article(s) - limited literature; Supported by 4 independent AI pillars; Supporting paper with 33 citations; AI-generated hypothesis available; Moderate genetic evidence supporting causality (MR score: 0.32)
Tuberculosis,Rolitetracycline,DB01301,LOW,NOVEL,0.343,False,0.4032000005245209,3,3,3,0,0,none,0,1,False,0,1,0,302,0,,582,0,0,Rolitetracycline —[targets]→ gene-drugbank:BE0004799 —[is a target of]→ DB01082 —[treats]→ Tuberculosis,of its high activity against M.,Novel prediction with minimal existing evidence (3 articles). Computational support suggests this warrants investigation.,"3 PubMed article(s) - limited literature; Supported by 3 independent AI pillars; Highly cited paper (302 citations): ""A systemic review on tuberculosis....""; AI-generated hypothesis available"
Tuberculosis,Chlortetracycline,DB09093,LOW,NOVEL,0.341,False,0.40139999985694885,3,36,23,0,0,none,0,75,False,0,0,0,46,0,,24,0,0,Chlortetracycline —[is a therapeutic for]→ MESH:D014552 —[is treated by]→ DB01082 —[treats]→ Tuberculosis,of its antimicrobial properties.,Novel prediction with minimal existing evidence (36 articles). Computational support suggests this warrants investigation.,36 PubMed articles found; Supported by 3 independent AI pillars; Supporting paper with 46 citations; AI-generated hypothesis available
Type 2 diabetes,Biguanide,DB13100,HIGH,ESTABLISHED,0.32,True,0.6657000184059143,4,585,550,15,10,none,0,85,False,0,1,0,13,0,,12,0.6622,1,Biguanide —[is a therapeutic for]→ Type 2 diabetes,of its ability to increase insulin secretion and decrease insulin resistance.,"Well-established drug-disease relationship (585 articles, 10 trials). Not a repurposing candidate.","10 clinical trial(s) found on ClinicalTrials.gov; Phase 3 trial exists; 585 PubMed articles on this drug-disease pair; 15 article(s) specifically mention repurposing/repositioning; Supported by 4 independent AI pillars; AI-generated hypothesis available; Moderate genetic evidence supporting causality (MR score: 0.66); NOTE: This appears to be an already-approved treatment, not a repurposing candidate"
Type 2 diabetes,Glycyrrhizin,DB13751,MEDIUM,NOVEL,0.601,False,0.5897,4,13,13,0,0,none,0,478,False,0,3,0,16,0,,147,0.801,3,Glycyrrhizin —[is a therapeutic for]→ MESH:D056486 —[is treated by]→ DB01124 —[treats]→ Type 2 diabetes,of its anti-inflammatory and antioxidant properties.,Novel prediction with minimal existing evidence (13 articles). Computational support suggests this warrants investigation.,"13 PubMed articles found; Supported by 4 independent AI pillars; AI-generated hypothesis available; Strong causal genetic evidence (MR score: 0.80, 3 genetic targets)"
Type 2 diabetes,Thiazolidinedione,DB11898,HIGH,ESTABLISHED,0.209,True,0.5809,4,1417,1319,4,10,none,0,49,False,0,6,0,49,0,,4,0.6577,3,Thiazolidinedione —[is a therapeutic for]→ Type 2 diabetes,of its insulin-sensitizing action.,"Well-established drug-disease relationship (1417 articles, 10 trials). Not a repurposing candidate.","10 clinical trial(s) found on ClinicalTrials.gov; Phase 3 trial exists; 1417 PubMed articles on this drug-disease pair; 4 article(s) specifically mention repurposing/repositioning; Supported by 4 independent AI pillars; Supporting paper with 49 citations; AI-generated hypothesis available; Moderate genetic evidence supporting causality (MR score: 0.66); NOTE: This appears to be an already-approved treatment, not a repurposing candidate"
Type 2 diabetes,Urea,DB03904,HIGH,ESTABLISHED,0.171,True,0.5716,4,1465,0,1,10,moderate,19,3034,False,0,8,0,22,0,,49,0.7788,7,Urea —[is a therapeutic for]→ MESH:D056806 —[is treated by]→ DB00125 —[is a therapeutic for]→ Type 2 diabetes,of its ability to increase insulin secretion and decrease glucagon secretion.,"Well-established drug-disease relationship (1465 articles, 10 trials). Not a repurposing candidate.","10 clinical trial(s) found on ClinicalTrials.gov; Phase 3 trial exists; 1465 PubMed articles on this drug-disease pair; 1 article(s) specifically mention repurposing/repositioning; Supported by 4 independent AI pillars; Moderate FAERS signal: 19 adverse event reports mention drug-disease co-occurrence; Supporting paper with 22 citations; AI-generated hypothesis available; Strong causal genetic evidence (MR score: 0.78, 7 genetic targets); NOTE: This appears to be an already-approved treatment, not a repurposing candidate"
Type 2 diabetes,Dexamethasone,DB01234,HIGH,ESTABLISHED,0.206,True,0.5712,4,474,311,1,7,moderate,545,312747,False,0,41,0,12,0,,25,0.8496,39,Dexamethasone —[downregulates]→ gene-6461 —[is downregulated by]→ DB01261 —[treats]→ Type 2 diabetes,of its anti-inflammatory properties.,"Well-established drug-disease relationship (474 articles, 7 trials). Not a repurposing candidate.","7 clinical trial(s) found on ClinicalTrials.gov; 474 PubMed articles on this drug-disease pair; 1 article(s) specifically mention repurposing/repositioning; Supported by 4 independent AI pillars; Moderate FAERS signal: 545 adverse event reports mention drug-disease co-occurrence; AI-generated hypothesis available; Strong causal genetic evidence (MR score: 0.85, 39 genetic targets)"
Type 2 diabetes,Testosterone,DB00624,HIGH,ESTABLISHED,0.171,True,0.5695,4,1516,825,1,10,moderate,67,30252,False,0,26,0,22,0,,23,0.8397,13,Testosterone —[downregulates]→ gene-5111 —[is a target of]→ DB00945 —[is a therapeutic for]→ Type 2 diabetes,of its anti-inflammatory and anti-oxidative properties.,"Well-established drug-disease relationship (1516 articles, 10 trials). Not a repurposing candidate.","10 clinical trial(s) found on ClinicalTrials.gov; Phase 3 trial exists; 1516 PubMed articles on this drug-disease pair; 1 article(s) specifically mention repurposing/repositioning; Supported by 4 independent AI pillars; Moderate FAERS signal: 67 adverse event reports mention drug-disease co-occurrence; Supporting paper with 22 citations; AI-generated hypothesis available; Strong causal genetic evidence (MR score: 0.84, 13 genetic targets); NOTE: This appears to be an already-approved treatment, not a repurposing candidate"
Type 2 diabetes,Pitavastatin,DB08860,HIGH,KNOWN,0.468,False,0.557,4,82,78,1,3,moderate,6,3630,False,0,21,0,14,0,,104,0.8451,16,Pitavastatin —[downregulates]→ gene-4609 —[is a target of]→ DB00945 —[is a therapeutic for]→ Type 2 diabetes,of its pleiotropic effects.,"Known association with moderate evidence (82 articles, 3 trials). Already being studied.","3 clinical trial(s) found on ClinicalTrials.gov; Phase 3 trial exists; 82 PubMed articles on this drug-disease pair; 1 article(s) specifically mention repurposing/repositioning; Supported by 4 independent AI pillars; Moderate FAERS signal: 6 adverse event reports mention drug-disease co-occurrence; AI-generated hypothesis available; Strong causal genetic evidence (MR score: 0.85, 16 genetic targets)"
Type 2 diabetes,Vitamin C,DB00126,HIGH,ESTABLISHED,0.2,True,0.5544,4,419,237,0,10,strong,1739,94708,False,0,8,0,100,0,,92,0.8113,4,Vitamin C —[is a therapeutic for]→ Type 2 diabetes,of its antioxidant properties.,"Well-established drug-disease relationship (419 articles, 10 trials). Not a repurposing candidate.","10 clinical trial(s) found on ClinicalTrials.gov; 419 PubMed articles on this drug-disease pair; Supported by 4 independent AI pillars; Strong FAERS signal: 1739 adverse event reports link drug to disease (94708 total reports); Supporting paper with 100 citations; AI-generated hypothesis available; Strong causal genetic evidence (MR score: 0.81, 4 genetic targets)"
Type 2 diabetes,Isoprenaline,DB01064,MEDIUM,NOVEL,0.549,False,0.5387,4,41,15,0,0,none,0,165,False,0,13,0,42,0.5455,Norepinephrine,132,0.8088,7,Isoprenaline —[downregulates]→ gene-22796 —[is linked to]→ Type 2 diabetes,of its ability to increase insulin secretion and decrease glucagon secretion.,Novel prediction with minimal existing evidence (41 articles). Computational support suggests this warrants investigation.,"41 PubMed articles found; Supported by 4 independent AI pillars; High molecular similarity (0.55) to Norepinephrine; Supporting paper with 42 citations; AI-generated hypothesis available; Strong causal genetic evidence (MR score: 0.81, 7 genetic targets)"
Type 2 diabetes,Nateglinide,DB00731,HIGH,ESTABLISHED,0.254,True,0.5282,4,324,311,1,10,moderate,6,1394,False,0,4,0,7,0,,107,0.9136,3,Nateglinide —[treats]→ Type 2 diabetes,of its unique mechanism of action.,"Well-established drug-disease relationship (324 articles, 10 trials). Not a repurposing candidate.","10 clinical trial(s) found on ClinicalTrials.gov; Phase 3 trial exists; 324 PubMed articles on this drug-disease pair; 1 article(s) specifically mention repurposing/repositioning; Supported by 4 independent AI pillars; Moderate FAERS signal: 6 adverse event reports mention drug-disease co-occurrence; AI-generated hypothesis available; Strong causal genetic evidence (MR score: 0.91, 3 genetic targets)"
Ulcerative colitis,Rebamipide,DB11656,HIGH,KNOWN,0.394,False,0.7159000039100647,4,19,16,0,1,none,0,8548,False,0,1,0,740,0,,26,0,0,Rebamipide —[is a therapeutic for]→ Ulcerative colitis,of its anti-inflammatory and cytoprotective effects.,"Known association with moderate evidence (19 articles, 1 trials). Already being studied.","1 clinical trial(s) found on ClinicalTrials.gov; 19 PubMed articles found; Supported by 4 independent AI pillars; Highly cited paper (740 citations): ""Discovery and Preclinical Validation of Drug Indications Usi...""; AI-generated hypothesis available"
Ulcerative colitis,Dexamethasone,DB01234,HIGH,ESTABLISHED,0.266,True,0.5551,4,292,238,0,2,weak,1,312747,False,0,42,0,740,0,,1,0.7368,31,Dexamethasone —[treats]→ Ulcerative colitis,of its anti-inflammatory properties.,"Well-established drug-disease relationship (292 articles, 2 trials). Not a repurposing candidate.","2 clinical trial(s) found on ClinicalTrials.gov; 292 PubMed articles on this drug-disease pair; Supported by 4 independent AI pillars; Highly cited paper (740 citations): ""Discovery and Preclinical Validation of Drug Indications Usi...""; AI analysis of 1 abstract(s) found positive treatment signals; AI-generated hypothesis available; Strong causal genetic evidence (MR score: 0.74, 31 genetic targets)"
Ulcerative colitis,Tacrolimus,DB00864,HIGH,ESTABLISHED,0.138,True,0.5533999800682068,4,432,411,2,7,weak,1,124653,False,0,4,0,740,0,,289,0,0,Tacrolimus —[downregulates]→ gene-991 —[activates]→ gene-1783 —[is downregulated by]→ Ulcerative colitis,of its anti-inflammatory properties.,"Well-established drug-disease relationship (432 articles, 7 trials). Not a repurposing candidate.","7 clinical trial(s) found on ClinicalTrials.gov; Phase 3 trial exists; 432 PubMed articles on this drug-disease pair; 2 article(s) specifically mention repurposing/repositioning; Supported by 4 independent AI pillars; Highly cited paper (740 citations): ""Discovery and Preclinical Validation of Drug Indications Usi...""; AI-generated hypothesis available"
Ulcerative colitis,Cimetidine,DB00501,MEDIUM,NOVEL,0.442,False,0.5523,5,10,9,0,0,none,0,6461,False,0,6,0,551,0,,49,0.4593,3,Cimetidine —[binds]→ gene-8647 —[is bound by]→ DB01234 —[treats]→ Ulcerative colitis,of its anti-inflammatory properties.,Novel prediction with minimal existing evidence (10 articles). Computational support suggests this warrants investigation.,"10 PubMed article(s) - limited literature; Supported by 5 independent AI pillars; Highly cited paper (551 citations): ""Computational Repositioning of the Anticonvulsant Topiramate...""; AI-generated hypothesis available; Moderate genetic evidence supporting causality (MR score: 0.46)"
Ulcerative colitis,Cyclic Adenosine Monophosphate,DB02527,MEDIUM,NOVEL,0.554,False,0.5432,4,28,20,0,0,none,0,2,False,0,28,0,36,0,,46,0.7353,17,Cyclic Adenosine Monophosphate —[is a therapeutic for]→ MESH:D015473 —[is treated by]→ DB01033 —[treats]→ Ulcerative colitis,of its anti-inflammatory and immunomodulatory effects.,Novel prediction with minimal existing evidence (28 articles). Computational support suggests this warrants investigation.,"28 PubMed articles found; Supported by 4 independent AI pillars; Supporting paper with 36 citations; AI-generated hypothesis available; Strong causal genetic evidence (MR score: 0.74, 17 genetic targets)"
Ulcerative colitis,Acetylcysteine,DB06151,HIGH,KNOWN,0.35,False,0.5308,4,54,45,0,2,none,0,10374,False,0,12,0,740,0,,86,0.5728,7,Acetylcysteine —[palliates]→ DOID:3083 —[is treated by]→ DB00635 —[treats]→ Ulcerative colitis,of its anti-inflammatory properties.,"Known association with moderate evidence (54 articles, 2 trials). Already being studied.","2 clinical trial(s) found on ClinicalTrials.gov; 54 PubMed articles on this drug-disease pair; Supported by 4 independent AI pillars; Highly cited paper (740 citations): ""Discovery and Preclinical Validation of Drug Indications Usi...""; AI-generated hypothesis available; Moderate genetic evidence supporting causality (MR score: 0.57)"
Ulcerative colitis,Vitamin C,DB00126,HIGH,KNOWN,0.44,False,0.5243,4,83,46,0,4,none,0,94708,False,0,8,0,6,0,,56,0.5636,4,Vitamin C —[is a therapeutic for]→ Ulcerative colitis,of its antioxidant properties.,"Known association with moderate evidence (83 articles, 4 trials). Already being studied.",4 clinical trial(s) found on ClinicalTrials.gov; Phase 3 trial exists; 83 PubMed articles on this drug-disease pair; Supported by 4 independent AI pillars; Note: Drug had early-phase trial failures for this disease; AI-generated hypothesis available; Moderate genetic evidence supporting causality (MR score: 0.56)
Ulcerative colitis,Testosterone,DB00624,HIGH,KNOWN,0.343,False,0.5194,4,150,76,1,0,none,0,30252,False,0,17,0,740,0,,45,0.7442,11,Testosterone —[downregulates]→ gene-5111 —[is a target of]→ DB00945 —[is a therapeutic for]→ Ulcerative colitis,of its anti-inflammatory properties.,"Known association with moderate evidence (150 articles, 0 trials). Already being studied.","150 PubMed articles on this drug-disease pair; 1 article(s) specifically mention repurposing/repositioning; Supported by 4 independent AI pillars; Highly cited paper (740 citations): ""Discovery and Preclinical Validation of Drug Indications Usi...""; AI-generated hypothesis available; Strong causal genetic evidence (MR score: 0.74, 11 genetic targets)"
Ulcerative colitis,Budesonide,DB01222,HIGH,ESTABLISHED,0.156,True,0.5192,4,370,352,1,10,weak,2,57603,False,0,11,0,551,0,,23,0.7743,8,Budesonide —[treats]→ Ulcerative colitis,of its anti-inflammatory properties.,"Well-established drug-disease relationship (370 articles, 10 trials). Not a repurposing candidate.","10 clinical trial(s) found on ClinicalTrials.gov; Phase 3 trial exists; 370 PubMed articles on this drug-disease pair; 1 article(s) specifically mention repurposing/repositioning; Supported by 4 independent AI pillars; Highly cited paper (551 citations): ""Computational Repositioning of the Anticonvulsant Topiramate...""; AI analysis of 1 abstract(s) found positive treatment signals; AI-generated hypothesis available; Strong causal genetic evidence (MR score: 0.77, 8 genetic targets)"
Ulcerative colitis,Prednisolone,DB00860,HIGH,ESTABLISHED,0.155,True,0.5168,4,927,888,1,10,weak,2,190318,False,0,5,0,551,0,,14,0.7528,4,Prednisolone —[treats]→ Ulcerative colitis,of its anti-inflammatory properties.,"Well-established drug-disease relationship (927 articles, 10 trials). Not a repurposing candidate.","10 clinical trial(s) found on ClinicalTrials.gov; Phase 3 trial exists; 927 PubMed articles on this drug-disease pair; 1 article(s) specifically mention repurposing/repositioning; Supported by 4 independent AI pillars; Highly cited paper (551 citations): ""Computational Repositioning of the Anticonvulsant Topiramate...""; AI analysis of 1 abstract(s) found positive treatment signals; AI-generated hypothesis available; Strong causal genetic evidence (MR score: 0.75, 4 genetic targets); NOTE: This appears to be an already-approved treatment, not a repurposing candidate"
