gene_symbol	mechanism	basis	confidence	detail
AAGAB	LoF	clingen	high	ClinGen haploinsufficiency=3 (sufficient)
AAK1	LoF	gnomad	medium	LoF-intolerant (pLI=1.0, LOEUF=0.129)
ABCA2	LoF	gnomad	medium	LoF-intolerant (pLI=1.0, LOEUF=0.169)
ABCB4	LoF	clingen	high	ClinGen haploinsufficiency=3 (sufficient)
ABCB7	LoF	gnomad	medium	LoF-intolerant (pLI=0.99994, LOEUF=0.109)
ABCD1	LoF	clingen	high	ClinGen haploinsufficiency=3 (sufficient)
ABCE1	LoF	gnomad	medium	LoF-intolerant (pLI=0.9738, LOEUF=0.314)
ABHD17C	LoF	gnomad	medium	LoF-intolerant (pLI=0.95762, LOEUF=0.302)
ABHD8	LoF	gnomad	medium	LoF-intolerant (pLI=0.97027, LOEUF=0.31)
ABL1	LoF	gnomad	medium	LoF-intolerant (pLI=0.99998, LOEUF=0.176)
ABLIM1	LoF	gnomad	medium	LoF-intolerant (pLI=0.9301, LOEUF=0.326)
AC005358.1	LoF	gnomad	medium	LoF-intolerant (pLI=0.99303, LOEUF=0.277)
AC006486.9	LoF	gnomad	medium	LoF-intolerant (pLI=0.93701, LOEUF=0.341)
ACACA	LoF	gnomad	medium	LoF-intolerant (pLI=1.0, LOEUF=0.216)
ACAN	LoF	gnomad	medium	LoF-intolerant (pLI=1.0, LOEUF=0.183)
ACAP2	LoF	gnomad	medium	LoF-intolerant (pLI=0.92325, LOEUF=0.324)
ACE2	LoF	gnomad	medium	LoF-intolerant (pLI=0.99769, LOEUF=0.25)
ACHE	LoF	gnomad	medium	LoF-intolerant (pLI=0.99827, LOEUF=0.207)
ACIN1	LoF	gnomad	medium	LoF-intolerant (pLI=1.0, LOEUF=0.201)
ACRC	LoF	gnomad	medium	LoF-intolerant (pLI=0.98788, LOEUF=0.268)
ACSL4	LoF	gnomad	medium	LoF-intolerant (pLI=0.98103, LOEUF=0.306)
ACTA2	LoF	gnomad	medium	LoF-intolerant (pLI=0.93017, LOEUF=0.364)
ACTB	LoF	gnomad	medium	LoF-intolerant (pLI=0.98564, LOEUF=0.232)
ACTL6A	LoF	gnomad	medium	LoF-intolerant (pLI=0.99665, LOEUF=0.246)
ACTN1	LoF	gnomad	medium	LoF-intolerant (pLI=0.99997, LOEUF=0.213)
ACTN2	LoF	gnomad	medium	LoF-intolerant (pLI=0.99968, LOEUF=0.239)
ACTN4	LoF	gnomad	medium	LoF-intolerant (pLI=1.0, LOEUF=0.099)
ACTR1A	LoF	gnomad	medium	LoF-intolerant (pLI=0.96621, LOEUF=0.327)
ACTR2	LoF	gnomad	medium	LoF-intolerant (pLI=0.99896, LOEUF=0.195)
ACTR3	LoF	gnomad	medium	LoF-intolerant (pLI=0.99986, LOEUF=0.118)
ACTR3B	LoF	gnomad	medium	LoF-intolerant (pLI=0.99911, LOEUF=0.192)
ACVR1B	LoF	gnomad	medium	LoF-intolerant (pLI=0.99969, LOEUF=0.172)
ACVR2A	LoF	gnomad	medium	LoF-intolerant (pLI=0.99972, LOEUF=0.17)
ACVRL1	LoF	clingen	high	ClinGen haploinsufficiency=3 (sufficient)
ADAM10	LoF	gnomad	medium	LoF-intolerant (pLI=1.0, LOEUF=0.117)
ADAM17	LoF	gnomad	medium	LoF-intolerant (pLI=0.99528, LOEUF=0.28)
ADAM23	LoF	gnomad	medium	LoF-intolerant (pLI=0.99709, LOEUF=0.275)
ADAMTS10	LoF	gnomad	medium	LoF-intolerant (pLI=0.84288, LOEUF=0.33)
ADAMTS2	LoF	gnomad	medium	LoF-intolerant (pLI=0.9661, LOEUF=0.311)
ADAMTS6	LoF	gnomad	medium	LoF-intolerant (pLI=0.99998, LOEUF=0.22)
ADCY1	LoF	gnomad	medium	LoF-intolerant (pLI=0.99747, LOEUF=0.272)
ADCY2	LoF	gnomad	medium	LoF-intolerant (pLI=0.99898, LOEUF=0.261)
ADCY5	LoF	gnomad	medium	LoF-intolerant (pLI=0.99928, LOEUF=0.254)
ADCY9	LoF	gnomad	medium	LoF-intolerant (pLI=0.97943, LOEUF=0.306)
ADD1	LoF	gnomad	medium	LoF-intolerant (pLI=0.9883, LOEUF=0.296)
ADD2	LoF	gnomad	medium	LoF-intolerant (pLI=0.9961, LOEUF=0.274)
ADD3	LoF	gnomad	medium	LoF-intolerant (pLI=0.9988, LOEUF=0.246)
ADNP	LoF	clingen	high	ClinGen haploinsufficiency=3 (sufficient)
ADRBK1	LoF	gnomad	medium	LoF-intolerant (pLI=0.99998, LOEUF=0.178)
ADRM1	LoF	gnomad	medium	LoF-intolerant (pLI=0.99704, LOEUF=0.175)
AEBP2	LoF	gnomad	medium	LoF-intolerant (pLI=0.99921, LOEUF=0.145)
AES	LoF	gnomad	medium	LoF-intolerant (pLI=0.93594, LOEUF=0.361)
AF196779.12	LoF	gnomad	medium	LoF-intolerant (pLI=0.96638, LOEUF=0.284)
AFF1	LoF	gnomad	medium	LoF-intolerant (pLI=0.71038, LOEUF=0.347)
AFF2	LoF	clingen	high	ClinGen haploinsufficiency=3 (sufficient)
AFF3	LoF	gnomad	medium	LoF-intolerant (pLI=0.99996, LOEUF=0.221)
AFF4	LoF	gnomad	medium	LoF-intolerant (pLI=1.0, LOEUF=0.138)
AFTPH	LoF	gnomad	medium	LoF-intolerant (pLI=0.99997, LOEUF=0.141)
AGAP1	LoF	gnomad	medium	LoF-intolerant (pLI=0.99984, LOEUF=0.231)
AGAP2	LoF	gnomad	medium	LoF-intolerant (pLI=0.99816, LOEUF=0.267)
AGAP3	LoF	gnomad	medium	LoF-intolerant (pLI=0.91091, LOEUF=0.335)
AGFG1	LoF	gnomad	medium	LoF-intolerant (pLI=0.99276, LOEUF=0.278)
AGO1	LoF	gnomad	medium	LoF-intolerant (pLI=1.0, LOEUF=0.057)
AGO2	LoF	gnomad	medium	LoF-intolerant (pLI=1.0, LOEUF=0.106)
AGO3	LoF	gnomad	medium	LoF-intolerant (pLI=0.99997, LOEUF=0.193)
AGO4	LoF	gnomad	medium	LoF-intolerant (pLI=0.9999, LOEUF=0.218)
AGPAT1	LoF	gnomad	medium	LoF-intolerant (pLI=0.97215, LOEUF=0.307)
AGPAT3	LoF	gnomad	medium	LoF-intolerant (pLI=0.99933, LOEUF=0.142)
AGPS	LoF	gnomad	medium	LoF-intolerant (pLI=1.0, LOEUF=0.117)
AHCTF1	LoF	gnomad	medium	LoF-intolerant (pLI=1.0, LOEUF=0.129)
AHCYL1	LoF	gnomad	medium	LoF-intolerant (pLI=0.99429, LOEUF=0.281)
AHCYL2	LoF	gnomad	medium	LoF-intolerant (pLI=0.99127, LOEUF=0.29)
AHDC1	LoF	clingen	high	ClinGen haploinsufficiency=3 (sufficient)
AHNAK	LoF	gnomad	medium	LoF-intolerant (pLI=0.89827, LOEUF=0.308)
AHR	LoF	gnomad	medium	LoF-intolerant (pLI=0.99999, LOEUF=0.154)
AHSA1	LoF	gnomad	medium	LoF-intolerant (pLI=0.99896, LOEUF=0.15)
AIFM1	LoF	gnomad	medium	LoF-intolerant (pLI=0.99795, LOEUF=0.234)
AJAP1	LoF	gnomad	medium	LoF-intolerant (pLI=0.99469, LOEUF=0.192)
AKAP11	LoF	gnomad	medium	LoF-intolerant (pLI=0.97878, LOEUF=0.3)
AKAP13	LoF	gnomad	medium	LoF-intolerant (pLI=0.92909, LOEUF=0.294)
AKAP4	LoF	gnomad	medium	LoF-intolerant (pLI=0.99323, LOEUF=0.246)
AKAP6	LoF	gnomad	medium	LoF-intolerant (pLI=0.99983, LOEUF=0.253)
AKIRIN2	LoF	gnomad	medium	LoF-intolerant (pLI=0.92355, LOEUF=0.376)
AKT1	LoF	gnomad	medium	LoF-intolerant (pLI=0.9759, LOEUF=0.315)
AKT3	LoF	gnomad	medium	LoF-intolerant (pLI=0.99958, LOEUF=0.178)
ALAS2	LoF	gnomad	medium	LoF-intolerant (pLI=0.99586, LOEUF=0.184)
ALDH1A1	LoF	gnomad	medium	LoF-intolerant (pLI=0.95448, LOEUF=0.335)
ALG13	LoF	gnomad	medium	LoF-intolerant (pLI=0.99998, LOEUF=0.16)
ALKBH5	LoF	gnomad	medium	LoF-intolerant (pLI=0.94974, LOEUF=0.343)
ALX4	LoF	clingen	high	ClinGen haploinsufficiency=3 (sufficient)
ALYREF	LoF	gnomad	medium	LoF-intolerant (pLI=0.92567, LOEUF=0.36)
AMBRA1	LoF	gnomad	medium	LoF-intolerant (pLI=1.0, LOEUF=0.14)
AMD1	LoF	gnomad	medium	LoF-intolerant (pLI=0.98227, LOEUF=0.284)
AMIGO1	LoF	gnomad	medium	LoF-intolerant (pLI=0.98411, LOEUF=0.238)
AMMECR1L	LoF	gnomad	medium	LoF-intolerant (pLI=0.9913, LOEUF=0.255)
AMOT	LoF	gnomad	medium	LoF-intolerant (pLI=0.99666, LOEUF=0.266)
ANAPC1	LoF	gnomad	medium	LoF-intolerant (pLI=0.94532, LOEUF=0.305)
ANAPC2	LoF	gnomad	medium	LoF-intolerant (pLI=0.99993, LOEUF=0.175)
ANGPT1	LoF	gnomad	medium	LoF-intolerant (pLI=0.95208, LOEUF=0.337)
ANK1	LoF	gnomad	medium	LoF-intolerant (pLI=1.0, LOEUF=0.169)
ANK2	LoF	clingen	high	ClinGen haploinsufficiency=3 (sufficient)
ANK3	LoF	gnomad	medium	LoF-intolerant (pLI=1.0, LOEUF=0.089)
ANKFY1	LoF	gnomad	medium	LoF-intolerant (pLI=0.95629, LOEUF=0.312)
ANKHD1	LoF	gnomad	medium	LoF-intolerant (pLI=1.0, LOEUF=0.112)
ANKHD1-EIF4EBP3	LoF	gnomad	medium	LoF-intolerant (pLI=1.0, LOEUF=0.112)
ANKIB1	LoF	gnomad	medium	LoF-intolerant (pLI=0.99996, LOEUF=0.207)
ANKRD11	LoF	clingen	high	ClinGen haploinsufficiency=3 (sufficient)
ANKRD12	LoF	gnomad	medium	LoF-intolerant (pLI=1.0, LOEUF=0.197)
ANKRD13C	LoF	gnomad	medium	LoF-intolerant (pLI=0.99793, LOEUF=0.248)
ANKRD17	LoF	clingen	high	ClinGen haploinsufficiency=3 (sufficient)
ANKRD28	LoF	gnomad	medium	LoF-intolerant (pLI=1.0, LOEUF=0.171)
ANKRD34A	LoF	gnomad	medium	LoF-intolerant (pLI=0.98103, LOEUF=0.247)
ANKRD50	LoF	gnomad	medium	LoF-intolerant (pLI=0.9792, LOEUF=0.305)
ANKRD52	LoF	gnomad	medium	LoF-intolerant (pLI=1.0, LOEUF=0.09)
ANKS1A	LoF	gnomad	medium	LoF-intolerant (pLI=0.80916, LOEUF=0.338)
ANKS1B	LoF	gnomad	medium	LoF-intolerant (pLI=0.99998, LOEUF=0.215)
ANO1	LoF	gnomad	medium	LoF-intolerant (pLI=0.87426, LOEUF=0.33)
ANO8	LoF	gnomad	medium	LoF-intolerant (pLI=0.95634, LOEUF=0.317)
ANOS1	LoF	clingen	high	ClinGen haploinsufficiency=3 (sufficient)
ANP32A	LoF	gnomad	medium	LoF-intolerant (pLI=0.98961, LOEUF=0.218)
ANP32B	LoF	gnomad	medium	LoF-intolerant (pLI=0.95827, LOEUF=0.331)
ANTXR1	LoF	gnomad	medium	LoF-intolerant (pLI=0.98631, LOEUF=0.3)
AP1B1	LoF	gnomad	medium	LoF-intolerant (pLI=0.99828, LOEUF=0.263)
AP1G1	LoF	gnomad	medium	LoF-intolerant (pLI=0.99998, LOEUF=0.202)
AP1S2	LoF	clingen	high	ClinGen haploinsufficiency=3 (sufficient)
AP2A1	LoF	gnomad	medium	LoF-intolerant (pLI=1.0, LOEUF=0.101)
AP2A2	LoF	gnomad	medium	LoF-intolerant (pLI=1.0, LOEUF=0.108)
AP2B1	LoF	gnomad	medium	LoF-intolerant (pLI=0.9983, LOEUF=0.263)
AP2M1	LoF	gnomad	medium	LoF-intolerant (pLI=0.99919, LOEUF=0.19)
AP3B1	LoF	gnomad	medium	LoF-intolerant (pLI=0.61532, LOEUF=0.344)
AP3B2	LoF	gnomad	medium	LoF-intolerant (pLI=0.77198, LOEUF=0.342)
AP3D1	LoF	gnomad	medium	LoF-intolerant (pLI=0.98648, LOEUF=0.296)
APBB1	LoF	gnomad	medium	LoF-intolerant (pLI=0.96811, LOEUF=0.321)
APC	LoF	clingen	high	ClinGen haploinsufficiency=3 (sufficient)
APC2	LoF	gnomad	medium	LoF-intolerant (pLI=0.99994, LOEUF=0.225)
APEX2	LoF	gnomad	medium	LoF-intolerant (pLI=0.97302, LOEUF=0.268)
API5	LoF	gnomad	medium	LoF-intolerant (pLI=0.99996, LOEUF=0.144)
APOB	LoF	clingen	high	ClinGen haploinsufficiency=3 (sufficient)
APPBP2	LoF	gnomad	medium	LoF-intolerant (pLI=0.99567, LOEUF=0.271)
AQR	LoF	gnomad	medium	LoF-intolerant (pLI=1.0, LOEUF=0.219)
AR	LoF	clingen	high	ClinGen haploinsufficiency=3 (sufficient)
ARAF	LoF	gnomad	medium	LoF-intolerant (pLI=0.96322, LOEUF=0.33)
ARCN1	LoF	clingen	high	ClinGen haploinsufficiency=3 (sufficient)
ARF4	LoF	gnomad	medium	LoF-intolerant (pLI=0.95992, LOEUF=0.298)
ARF5	LoF	gnomad	medium	LoF-intolerant (pLI=0.94298, LOEUF=0.33)
ARFGEF1	LoF	gnomad	medium	LoF-intolerant (pLI=1.0, LOEUF=0.143)
ARFGEF2	LoF	gnomad	medium	LoF-intolerant (pLI=0.99993, LOEUF=0.249)
ARHGAP21	LoF	gnomad	medium	LoF-intolerant (pLI=1.0, LOEUF=0.203)
ARHGAP23	LoF	gnomad	medium	LoF-intolerant (pLI=0.99988, LOEUF=0.22)
ARHGAP25	LoF	gnomad	medium	LoF-intolerant (pLI=0.94635, LOEUF=0.336)
ARHGAP26	LoF	gnomad	medium	LoF-intolerant (pLI=0.99661, LOEUF=0.276)
ARHGAP29	LoF	gnomad	medium	LoF-intolerant (pLI=0.99964, LOEUF=0.249)
ARHGAP30	LoF	gnomad	medium	LoF-intolerant (pLI=0.9999, LOEUF=0.209)
ARHGAP31	LoF	gnomad	medium	LoF-intolerant (pLI=0.99999, LOEUF=0.192)
ARHGAP32	LoF	gnomad	medium	LoF-intolerant (pLI=0.99978, LOEUF=0.254)
ARHGAP35	LoF	gnomad	medium	LoF-intolerant (pLI=1.0, LOEUF=0.057)
ARHGAP4	LoF	gnomad	medium	LoF-intolerant (pLI=0.97693, LOEUF=0.313)
ARHGAP42	LoF	gnomad	medium	LoF-intolerant (pLI=1.0, LOEUF=0.155)
ARHGAP44	LoF	gnomad	medium	LoF-intolerant (pLI=0.99988, LOEUF=0.22)
ARHGAP5	LoF	gnomad	medium	LoF-intolerant (pLI=0.99862, LOEUF=0.263)
ARHGAP6	LoF	gnomad	medium	LoF-intolerant (pLI=0.99845, LOEUF=0.228)
ARHGDIG	LoF	gnomad	medium	LoF-intolerant (pLI=0.92154, LOEUF=0.367)
ARHGEF1	LoF	gnomad	medium	LoF-intolerant (pLI=0.76754, LOEUF=0.342)
ARHGEF11	LoF	gnomad	medium	LoF-intolerant (pLI=1.0, LOEUF=0.215)
ARHGEF12	LoF	gnomad	medium	LoF-intolerant (pLI=1.0, LOEUF=0.179)
ARHGEF17	LoF	gnomad	medium	LoF-intolerant (pLI=0.98445, LOEUF=0.293)
ARHGEF2	LoF	gnomad	medium	LoF-intolerant (pLI=1.0, LOEUF=0.156)
ARHGEF6	LoF	gnomad	medium	LoF-intolerant (pLI=0.99998, LOEUF=0.136)
ARHGEF7	LoF	gnomad	medium	LoF-intolerant (pLI=0.99995, LOEUF=0.187)
ARHGEF9	LoF	clingen	high	ClinGen haploinsufficiency=3 (sufficient)
ARID1A	LoF	clingen	high	ClinGen haploinsufficiency=3 (sufficient)
ARID1B	LoF	clingen	high	ClinGen haploinsufficiency=3 (sufficient)
ARID2	LoF	clingen	high	ClinGen haploinsufficiency=3 (sufficient)
ARID3A	LoF	gnomad	medium	LoF-intolerant (pLI=0.99065, LOEUF=0.276)
ARID4A	LoF	gnomad	medium	LoF-intolerant (pLI=1.0, LOEUF=0.139)
ARID4B	LoF	gnomad	medium	LoF-intolerant (pLI=1.0, LOEUF=0.187)
ARID5A	LoF	gnomad	medium	LoF-intolerant (pLI=0.94518, LOEUF=0.35)
ARID5B	LoF	gnomad	medium	LoF-intolerant (pLI=1.0, LOEUF=0.11)
ARIH1	LoF	gnomad	medium	LoF-intolerant (pLI=0.99997, LOEUF=0.166)
ARIH2	LoF	gnomad	medium	LoF-intolerant (pLI=0.99374, LOEUF=0.283)
ARL8A	LoF	gnomad	medium	LoF-intolerant (pLI=0.94173, LOEUF=0.354)
ARMC8	LoF	gnomad	medium	LoF-intolerant (pLI=0.99999, LOEUF=0.172)
ARMCX4	LoF	gnomad	medium	LoF-intolerant (pLI=1.0, LOEUF=0.122)
ARNT	LoF	gnomad	medium	LoF-intolerant (pLI=0.99581, LOEUF=0.279)
ARNT2	LoF	gnomad	medium	LoF-intolerant (pLI=0.99142, LOEUF=0.291)
ARNTL	LoF	gnomad	medium	LoF-intolerant (pLI=0.99444, LOEUF=0.277)
ARPC2	LoF	gnomad	medium	LoF-intolerant (pLI=0.99769, LOEUF=0.168)
ARPC4	LoF	gnomad	medium	LoF-intolerant (pLI=0.97453, LOEUF=0.265)
ARRB1	LoF	gnomad	medium	LoF-intolerant (pLI=0.99394, LOEUF=0.262)
ARRDC3	LoF	gnomad	medium	LoF-intolerant (pLI=0.98715, LOEUF=0.286)
ARX	LoF	clingen	high	ClinGen haploinsufficiency=3 (sufficient)
ASAP1	LoF	gnomad	medium	LoF-intolerant (pLI=1.0, LOEUF=0.188)
ASAP2	LoF	gnomad	medium	LoF-intolerant (pLI=0.99996, LOEUF=0.22)
ASB7	LoF	gnomad	medium	LoF-intolerant (pLI=0.98395, LOEUF=0.28)
ASH1L	LoF	clingen	high	ClinGen haploinsufficiency=3 (sufficient)
ASH2L	LoF	gnomad	medium	LoF-intolerant (pLI=0.99968, LOEUF=0.213)
ASIC1	LoF	gnomad	medium	LoF-intolerant (pLI=0.93017, LOEUF=0.344)
ASIC2	LoF	gnomad	medium	LoF-intolerant (pLI=0.99912, LOEUF=0.192)
ASNA1	LoF	gnomad	medium	LoF-intolerant (pLI=0.94316, LOEUF=0.352)
ASTN1	LoF	gnomad	medium	LoF-intolerant (pLI=0.99998, LOEUF=0.212)
ASTN2	LoF	gnomad	medium	LoF-intolerant (pLI=0.99971, LOEUF=0.246)
ASUN	LoF	gnomad	medium	LoF-intolerant (pLI=0.86229, LOEUF=0.346)
ASXL1	LoF	clingen	high	ClinGen haploinsufficiency=3 (sufficient)
ASXL2	LoF	gnomad	medium	LoF-intolerant (pLI=1.0, LOEUF=0.146)
ASXL3	LoF	clingen	high	ClinGen haploinsufficiency=3 (sufficient)
ATAD2	LoF	gnomad	medium	LoF-intolerant (pLI=0.9982, LOEUF=0.273)
ATAD2B	LoF	gnomad	medium	LoF-intolerant (pLI=1.0, LOEUF=0.155)
ATAD5	LoF	gnomad	medium	LoF-intolerant (pLI=1.0, LOEUF=0.208)
ATF2	LoF	gnomad	medium	LoF-intolerant (pLI=0.99131, LOEUF=0.283)
ATF7	LoF	gnomad	medium	LoF-intolerant (pLI=0.9984, LOEUF=0.205)
ATF7IP	LoF	gnomad	medium	LoF-intolerant (pLI=0.99993, LOEUF=0.213)
ATG13	LoF	gnomad	medium	LoF-intolerant (pLI=0.96359, LOEUF=0.328)
ATG16L1	LoF	gnomad	medium	LoF-intolerant (pLI=0.96452, LOEUF=0.319)
ATG2A	LoF	gnomad	medium	LoF-intolerant (pLI=0.053526, LOEUF=0.346)
ATG4A	LoF	gnomad	medium	LoF-intolerant (pLI=0.98953, LOEUF=0.262)
ATG4B	LoF	gnomad	medium	LoF-intolerant (pLI=0.95648, LOEUF=0.337)
ATG5	LoF	gnomad	medium	LoF-intolerant (pLI=0.97758, LOEUF=0.295)
ATG9A	LoF	gnomad	medium	LoF-intolerant (pLI=0.97081, LOEUF=0.317)
ATL1	LoF	gnomad	medium	LoF-intolerant (pLI=0.98109, LOEUF=0.308)
ATM	LoF	clingen	high	ClinGen haploinsufficiency=3 (sufficient)
ATN1	LoF	gnomad	medium	LoF-intolerant (pLI=0.99992, LOEUF=0.194)
ATOH8	LoF	gnomad	medium	LoF-intolerant (pLI=0.91391, LOEUF=0.379)
ATP11C	LoF	gnomad	medium	LoF-intolerant (pLI=0.9997, LOEUF=0.232)
ATP13A1	LoF	gnomad	medium	LoF-intolerant (pLI=0.98939, LOEUF=0.294)
ATP13A3	LoF	gnomad	medium	LoF-intolerant (pLI=0.99998, LOEUF=0.22)
ATP1A1	LoF	gnomad	medium	LoF-intolerant (pLI=1.0, LOEUF=0.121)
ATP1A3	LoF	gnomad	medium	LoF-intolerant (pLI=1.0, LOEUF=0.062)
ATP1B1	LoF	gnomad	medium	LoF-intolerant (pLI=0.99881, LOEUF=0.153)
ATP2A2	LoF	gnomad	medium	LoF-intolerant (pLI=0.99945, LOEUF=0.246)
ATP2B1	LoF	gnomad	medium	LoF-intolerant (pLI=1.0, LOEUF=0.084)
ATP2B2	LoF	gnomad	medium	LoF-intolerant (pLI=1.0, LOEUF=0.148)
ATP2B3	LoF	gnomad	medium	LoF-intolerant (pLI=0.99945, LOEUF=0.222)
ATP2C1	LoF	gnomad	medium	LoF-intolerant (pLI=1.0, LOEUF=0.182)
ATP5A1	LoF	gnomad	medium	LoF-intolerant (pLI=0.99945, LOEUF=0.182)
ATP5B	LoF	gnomad	medium	LoF-intolerant (pLI=0.97679, LOEUF=0.309)
ATP6AP1	LoF	gnomad	medium	LoF-intolerant (pLI=0.99079, LOEUF=0.213)
ATP6V0A1	LoF	gnomad	medium	LoF-intolerant (pLI=0.99797, LOEUF=0.268)
ATP6V0B	LoF	gnomad	medium	LoF-intolerant (pLI=0.96895, LOEUF=0.278)
ATP6V0D1	LoF	gnomad	medium	LoF-intolerant (pLI=0.98763, LOEUF=0.268)
ATP6V1B2	LoF	gnomad	medium	LoF-intolerant (pLI=0.99154, LOEUF=0.287)
ATP7A	LoF	clingen	high	ClinGen haploinsufficiency=3 (sufficient)
ATP8A1	LoF	gnomad	medium	LoF-intolerant (pLI=0.1999, LOEUF=0.346)
ATP9A	LoF	gnomad	medium	LoF-intolerant (pLI=0.99999, LOEUF=0.205)
ATRN	LoF	gnomad	medium	LoF-intolerant (pLI=1.0, LOEUF=0.195)
ATRNL1	LoF	gnomad	medium	LoF-intolerant (pLI=0.99915, LOEUF=0.266)
ATRX	LoF	clingen	high	ClinGen haploinsufficiency=3 (sufficient)
ATXN1	LoF	gnomad	medium	LoF-intolerant (pLI=0.97498, LOEUF=0.316)
ATXN1L	LoF	gnomad	medium	LoF-intolerant (pLI=0.97897, LOEUF=0.305)
ATXN2	LoF	gnomad	medium	LoF-intolerant (pLI=0.85289, LOEUF=0.333)
ATXN2L	LoF	gnomad	medium	LoF-intolerant (pLI=1.0, LOEUF=0.143)
ATXN7	LoF	gnomad	medium	LoF-intolerant (pLI=0.9595, LOEUF=0.328)
ATXN7L1	LoF	gnomad	medium	LoF-intolerant (pLI=0.99884, LOEUF=0.221)
ATXN7L3	LoF	gnomad	medium	LoF-intolerant (pLI=0.99892, LOEUF=0.196)
AUTS2	LoF	clingen	high	ClinGen haploinsufficiency=3 (sufficient)
AVPR2	LoF	clingen	high	ClinGen haploinsufficiency=3 (sufficient)
AXIN2	LoF	clingen	high	ClinGen haploinsufficiency=3 (sufficient)
AZIN1	LoF	gnomad	medium	LoF-intolerant (pLI=0.99485, LOEUF=0.237)
B4GALT5	LoF	gnomad	medium	LoF-intolerant (pLI=0.99889, LOEUF=0.151)
B4GALT6	LoF	gnomad	medium	LoF-intolerant (pLI=0.90783, LOEUF=0.371)
BABAM1	LoF	gnomad	medium	LoF-intolerant (pLI=0.96269, LOEUF=0.324)
BACH2	LoF	gnomad	medium	LoF-intolerant (pLI=0.99803, LOEUF=0.233)
BAG3	LoF	clingen	high	ClinGen haploinsufficiency=3 (sufficient)
BAG6	LoF	gnomad	medium	LoF-intolerant (pLI=1.0, LOEUF=0.174)
BAHD1	LoF	gnomad	medium	LoF-intolerant (pLI=0.98547, LOEUF=0.3)
BAI1	LoF	gnomad	medium	LoF-intolerant (pLI=1.0, LOEUF=0.14)
BAI2	LoF	gnomad	medium	LoF-intolerant (pLI=0.99982, LOEUF=0.249)
BAI3	LoF	gnomad	medium	LoF-intolerant (pLI=1.0, LOEUF=0.138)
BANP	LoF	gnomad	medium	LoF-intolerant (pLI=0.99388, LOEUF=0.273)
BAP1	LoF	clingen	high	ClinGen haploinsufficiency=3 (sufficient)
BARD1	LoF	clingen	high	ClinGen haploinsufficiency=3 (sufficient)
BAZ1A	LoF	gnomad	medium	LoF-intolerant (pLI=1.0, LOEUF=0.176)
BAZ1B	LoF	gnomad	medium	LoF-intolerant (pLI=1.0, LOEUF=0.109)
BAZ2A	LoF	gnomad	medium	LoF-intolerant (pLI=1.0, LOEUF=0.146)
BAZ2B	LoF	gnomad	medium	LoF-intolerant (pLI=0.98162, LOEUF=0.288)
BCAP31	LoF	clingen	high	ClinGen haploinsufficiency=3 (sufficient)
BCAR1	LoF	gnomad	medium	LoF-intolerant (pLI=0.99808, LOEUF=0.246)
BCL11A	LoF	clingen	high	ClinGen haploinsufficiency=3 (sufficient)
BCL11B	LoF	gnomad	medium	LoF-intolerant (pLI=0.98881, LOEUF=0.282)
BCL2L1	LoF	gnomad	medium	LoF-intolerant (pLI=0.93667, LOEUF=0.341)
BCL3	LoF	gnomad	medium	LoF-intolerant (pLI=0.98871, LOEUF=0.221)
BCL6	LoF	gnomad	medium	LoF-intolerant (pLI=0.96038, LOEUF=0.33)
BCL9L	LoF	gnomad	medium	LoF-intolerant (pLI=0.99939, LOEUF=0.242)
BCOR	LoF	clingen	high	ClinGen haploinsufficiency=3 (sufficient)
BCORL1	LoF	gnomad	medium	LoF-intolerant (pLI=0.99999, LOEUF=0.152)
BCR	LoF	gnomad	medium	LoF-intolerant (pLI=0.98761, LOEUF=0.296)
BECN1	LoF	gnomad	medium	LoF-intolerant (pLI=0.93717, LOEUF=0.347)
BEGAIN	LoF	gnomad	medium	LoF-intolerant (pLI=0.97002, LOEUF=0.32)
BEND3	LoF	gnomad	medium	LoF-intolerant (pLI=0.93555, LOEUF=0.347)
BEND4	LoF	gnomad	medium	LoF-intolerant (pLI=0.98484, LOEUF=0.292)
BHLHE40	LoF	gnomad	medium	LoF-intolerant (pLI=0.99444, LOEUF=0.194)
BHLHE41	LoF	gnomad	medium	LoF-intolerant (pLI=0.99212, LOEUF=0.206)
BICC1	LoF	gnomad	medium	LoF-intolerant (pLI=0.83685, LOEUF=0.339)
BICD2	LoF	gnomad	medium	LoF-intolerant (pLI=0.98272, LOEUF=0.305)
BIRC6	LoF	gnomad	medium	LoF-intolerant (pLI=1.0, LOEUF=0.104)
BMI1	LoF	gnomad	medium	LoF-intolerant (pLI=0.94286, LOEUF=0.352)
BMP10	LoF	gnomad	medium	LoF-intolerant (pLI=0.90838, LOEUF=0.392)
BMP2	LoF	gnomad	medium	LoF-intolerant (pLI=0.98799, LOEUF=0.224)
BMP4	LoF	clingen	high	ClinGen haploinsufficiency=3 (sufficient)
BMPR1A	LoF	clingen	high	ClinGen haploinsufficiency=3 (sufficient)
BMPR1B	LoF	gnomad	medium	LoF-intolerant (pLI=0.99863, LOEUF=0.225)
BMPR2	LoF	clingen	high	ClinGen haploinsufficiency=3 (sufficient)
BNC1	LoF	gnomad	medium	LoF-intolerant (pLI=0.96479, LOEUF=0.326)
BNC2	LoF	gnomad	medium	LoF-intolerant (pLI=0.92762, LOEUF=0.34)
BOD1L1	LoF	gnomad	medium	LoF-intolerant (pLI=0.99985, LOEUF=0.254)
BPTF	LoF	clingen	high	ClinGen haploinsufficiency=3 (sufficient)
BRAF	LoF	gnomad	medium	LoF-intolerant (pLI=0.99995, LOEUF=0.209)
BRCA1	LoF	clingen	high	ClinGen haploinsufficiency=3 (sufficient)
BRCA2	LoF	clingen	high	ClinGen haploinsufficiency=3 (sufficient)
BRD1	LoF	gnomad	medium	LoF-intolerant (pLI=0.99949, LOEUF=0.245)
BRD2	LoF	gnomad	medium	LoF-intolerant (pLI=0.99957, LOEUF=0.219)
BRD3	LoF	gnomad	medium	LoF-intolerant (pLI=0.97468, LOEUF=0.316)
BRD4	LoF	gnomad	medium	LoF-intolerant (pLI=1.0, LOEUF=0.048)
BRD7	LoF	gnomad	medium	LoF-intolerant (pLI=0.99774, LOEUF=0.258)
BRINP1	LoF	gnomad	medium	LoF-intolerant (pLI=0.99251, LOEUF=0.284)
BRINP2	LoF	gnomad	medium	LoF-intolerant (pLI=0.99936, LOEUF=0.21)
BRIP1	LoF	clingen	high	ClinGen haploinsufficiency=3 (sufficient)
BRPF1	LoF	clingen	high	ClinGen haploinsufficiency=3 (sufficient)
BRPF3	LoF	gnomad	medium	LoF-intolerant (pLI=0.99998, LOEUF=0.177)
BRS3	LoF	gnomad	medium	LoF-intolerant (pLI=0.94849, LOEUF=0.32)
BRSK1	LoF	gnomad	medium	LoF-intolerant (pLI=0.99982, LOEUF=0.205)
BRSK2	LoF	clingen	high	ClinGen haploinsufficiency=3 (sufficient)
BRWD1	LoF	gnomad	medium	LoF-intolerant (pLI=1.0, LOEUF=0.222)
BRWD3	LoF	clingen	high	ClinGen haploinsufficiency=3 (sufficient)
BSN	LoF	gnomad	medium	LoF-intolerant (pLI=1.0, LOEUF=0.175)
BTAF1	LoF	gnomad	medium	LoF-intolerant (pLI=1.0, LOEUF=0.128)
BTBD11	LoF	gnomad	medium	LoF-intolerant (pLI=0.99993, LOEUF=0.204)
BTBD18	LoF	gnomad	medium	LoF-intolerant (pLI=0.99782, LOEUF=0.212)
BTG3	LoF	gnomad	medium	LoF-intolerant (pLI=0.91582, LOEUF=0.384)
BTK	LoF	clingen	high	ClinGen haploinsufficiency=3 (sufficient)
BZW1	LoF	gnomad	medium	LoF-intolerant (pLI=0.94418, LOEUF=0.347)
C10orf12	LoF	gnomad	medium	LoF-intolerant (pLI=0.99974, LOEUF=0.211)
C11orf30	LoF	gnomad	medium	LoF-intolerant (pLI=1.0, LOEUF=0.153)
C11orf84	LoF	gnomad	medium	LoF-intolerant (pLI=0.99142, LOEUF=0.21)
C16orf70	LoF	gnomad	medium	LoF-intolerant (pLI=0.98056, LOEUF=0.308)
C16orf72	LoF	gnomad	medium	LoF-intolerant (pLI=0.98049, LOEUF=0.289)
C17orf104	LoF	gnomad	medium	LoF-intolerant (pLI=1.0, LOEUF=0.084)
C17orf85	LoF	gnomad	medium	LoF-intolerant (pLI=0.99949, LOEUF=0.221)
C18orf8	LoF	gnomad	medium	LoF-intolerant (pLI=0.98823, LOEUF=0.297)
C19orf68	LoF	gnomad	medium	LoF-intolerant (pLI=0.96181, LOEUF=0.325)
C1orf226	LoF	gnomad	medium	LoF-intolerant (pLI=0.939, LOEUF=0.337)
C20orf112	LoF	gnomad	medium	LoF-intolerant (pLI=0.99496, LOEUF=0.191)
C2CD2L	LoF	gnomad	medium	LoF-intolerant (pLI=0.98718, LOEUF=0.297)
C3	LoF	gnomad	medium	LoF-intolerant (pLI=0.90421, LOEUF=0.305)
C6orf136	LoF	gnomad	medium	LoF-intolerant (pLI=0.94895, LOEUF=0.346)
C6orf62	LoF	gnomad	medium	LoF-intolerant (pLI=0.98336, LOEUF=0.24)
C7orf26	LoF	gnomad	medium	LoF-intolerant (pLI=0.97647, LOEUF=0.298)
C7orf60	LoF	gnomad	medium	LoF-intolerant (pLI=0.99746, LOEUF=0.17)
C9orf172	LoF	gnomad	medium	LoF-intolerant (pLI=0.98777, LOEUF=0.285)
CACNA1A	LoF	clingen	high	ClinGen haploinsufficiency=3 (sufficient)
CACNA1B	LoF	gnomad	medium	LoF-intolerant (pLI=0.99998, LOEUF=0.24)
CACNA1C	LoF	gnomad	medium	LoF-intolerant (pLI=1.0, LOEUF=0.102)
CACNA1D	LoF	gnomad	medium	LoF-intolerant (pLI=1.0, LOEUF=0.214)
CACNA1E	LoF	gnomad	medium	LoF-intolerant (pLI=1.0, LOEUF=0.124)
CACNA1G	LoF	gnomad	medium	LoF-intolerant (pLI=1.0, LOEUF=0.211)
CACNA1I	LoF	gnomad	medium	LoF-intolerant (pLI=1.0, LOEUF=0.202)
CACNA2D1	LoF	gnomad	medium	LoF-intolerant (pLI=0.99989, LOEUF=0.245)
CACNA2D2	LoF	gnomad	medium	LoF-intolerant (pLI=0.99997, LOEUF=0.229)
CACNA2D3	LoF	gnomad	medium	LoF-intolerant (pLI=0.57778, LOEUF=0.337)
CACNG2	LoF	gnomad	medium	LoF-intolerant (pLI=0.92315, LOEUF=0.376)
CACNG3	LoF	gnomad	medium	LoF-intolerant (pLI=0.99417, LOEUF=0.195)
CACNG8	LoF	gnomad	medium	LoF-intolerant (pLI=0.9638, LOEUF=0.289)
CACTIN	LoF	gnomad	medium	LoF-intolerant (pLI=0.99998, LOEUF=0.136)
CACUL1	LoF	gnomad	medium	LoF-intolerant (pLI=0.96315, LOEUF=0.33)
CACYBP	LoF	gnomad	medium	LoF-intolerant (pLI=0.91984, LOEUF=0.38)
CAD	LoF	gnomad	medium	LoF-intolerant (pLI=0.99993, LOEUF=0.251)
CADM3	LoF	gnomad	medium	LoF-intolerant (pLI=0.93386, LOEUF=0.355)
CADM4	LoF	gnomad	medium	LoF-intolerant (pLI=0.99762, LOEUF=0.169)
CADPS2	LoF	gnomad	medium	LoF-intolerant (pLI=0.36785, LOEUF=0.344)
CALCRL	LoF	gnomad	medium	LoF-intolerant (pLI=0.9853, LOEUF=0.298)
CALD1	LoF	gnomad	medium	LoF-intolerant (pLI=0.99879, LOEUF=0.258)
CALM1	LoF	gnomad	medium	LoF-intolerant (pLI=0.94473, LOEUF=0.327)
CALM2	LoF	gnomad	medium	LoF-intolerant (pLI=0.92086, LOEUF=0.368)
CALM3	LoF	gnomad	medium	LoF-intolerant (pLI=0.92749, LOEUF=0.357)
CAMK1D	LoF	gnomad	medium	LoF-intolerant (pLI=0.9962, LOEUF=0.228)
CAMK2A	LoF	gnomad	medium	LoF-intolerant (pLI=0.99845, LOEUF=0.251)
CAMK2G	LoF	gnomad	medium	LoF-intolerant (pLI=0.9991, LOEUF=0.241)
CAMKV	LoF	gnomad	medium	LoF-intolerant (pLI=0.99696, LOEUF=0.221)
CAMSAP1	LoF	gnomad	medium	LoF-intolerant (pLI=0.99985, LOEUF=0.239)
CAMSAP2	LoF	gnomad	medium	LoF-intolerant (pLI=0.99999, LOEUF=0.203)
CAMSAP3	LoF	gnomad	medium	LoF-intolerant (pLI=1.0, LOEUF=0.154)
CAMTA1	LoF	clingen	high	ClinGen haploinsufficiency=3 (sufficient)
CAMTA2	LoF	gnomad	medium	LoF-intolerant (pLI=0.99918, LOEUF=0.262)
CAND1	LoF	gnomad	medium	LoF-intolerant (pLI=1.0, LOEUF=0.101)
CAPN15	LoF	gnomad	medium	LoF-intolerant (pLI=0.96857, LOEUF=0.316)
CAPRIN1	LoF	gnomad	medium	LoF-intolerant (pLI=0.97247, LOEUF=0.311)
CAPZA1	LoF	gnomad	medium	LoF-intolerant (pLI=0.93292, LOEUF=0.362)
CAPZA2	LoF	gnomad	medium	LoF-intolerant (pLI=0.99828, LOEUF=0.161)
CAPZB	LoF	gnomad	medium	LoF-intolerant (pLI=0.91165, LOEUF=0.379)
CARD11	LoF	gnomad	medium	LoF-intolerant (pLI=0.99995, LOEUF=0.227)
CARM1	LoF	gnomad	medium	LoF-intolerant (pLI=0.99998, LOEUF=0.099)
CASC5	LoF	gnomad	medium	LoF-intolerant (pLI=0.78348, LOEUF=0.314)
CASK	LoF	gnomad	medium	LoF-intolerant (pLI=1.0, LOEUF=0.073)
CASKIN1	LoF	gnomad	medium	LoF-intolerant (pLI=1.0, LOEUF=0.164)
CASKIN2	LoF	gnomad	medium	LoF-intolerant (pLI=0.99971, LOEUF=0.232)
CASZ1	LoF	gnomad	medium	LoF-intolerant (pLI=1.0, LOEUF=0.152)
CBFA2T2	LoF	gnomad	medium	LoF-intolerant (pLI=0.99585, LOEUF=0.263)
CBFB	LoF	gnomad	medium	LoF-intolerant (pLI=0.9589, LOEUF=0.33)
CBLB	LoF	gnomad	medium	LoF-intolerant (pLI=0.99825, LOEUF=0.266)
CBLL1	LoF	gnomad	medium	LoF-intolerant (pLI=0.99918, LOEUF=0.145)
CBX1	LoF	gnomad	medium	LoF-intolerant (pLI=0.97622, LOEUF=0.26)
CBX2	LoF	gnomad	medium	LoF-intolerant (pLI=0.99503, LOEUF=0.19)
CBX4	LoF	gnomad	medium	LoF-intolerant (pLI=0.98196, LOEUF=0.285)
CBX5	LoF	gnomad	medium	LoF-intolerant (pLI=0.93174, LOEUF=0.35)
CBX6	LoF	gnomad	medium	LoF-intolerant (pLI=0.97568, LOEUF=0.262)
CBX8	LoF	gnomad	medium	LoF-intolerant (pLI=0.9927, LOEUF=0.248)
CCAR1	LoF	gnomad	medium	LoF-intolerant (pLI=0.99999, LOEUF=0.215)
CCAR2	LoF	gnomad	medium	LoF-intolerant (pLI=0.94099, LOEUF=0.323)
CCDC132	LoF	gnomad	medium	LoF-intolerant (pLI=0.8139, LOEUF=0.333)
CCDC22	LoF	gnomad	medium	LoF-intolerant (pLI=0.99979, LOEUF=0.123)
CCDC64	LoF	gnomad	medium	LoF-intolerant (pLI=0.94786, LOEUF=0.335)
CCDC88A	LoF	gnomad	medium	LoF-intolerant (pLI=1.0, LOEUF=0.13)
CCNA2	LoF	gnomad	medium	LoF-intolerant (pLI=0.99962, LOEUF=0.132)
CCNC	LoF	gnomad	medium	LoF-intolerant (pLI=0.99914, LOEUF=0.146)
CCND2	LoF	gnomad	medium	LoF-intolerant (pLI=0.98658, LOEUF=0.229)
CCND3	LoF	gnomad	medium	LoF-intolerant (pLI=0.98347, LOEUF=0.24)
CCNE1	LoF	gnomad	medium	LoF-intolerant (pLI=0.97187, LOEUF=0.32)
CCNJ	LoF	gnomad	medium	LoF-intolerant (pLI=0.99796, LOEUF=0.165)
CCNK	LoF	gnomad	medium	LoF-intolerant (pLI=0.9998, LOEUF=0.165)
CCNL1	LoF	gnomad	medium	LoF-intolerant (pLI=0.99575, LOEUF=0.264)
CCNT2	LoF	gnomad	medium	LoF-intolerant (pLI=0.92681, LOEUF=0.346)
CCT2	LoF	gnomad	medium	LoF-intolerant (pLI=0.99853, LOEUF=0.226)
CCT3	LoF	gnomad	medium	LoF-intolerant (pLI=0.99998, LOEUF=0.097)
CCT4	LoF	gnomad	medium	LoF-intolerant (pLI=0.99903, LOEUF=0.218)
CCT5	LoF	gnomad	medium	LoF-intolerant (pLI=0.99928, LOEUF=0.188)
CCT6A	LoF	gnomad	medium	LoF-intolerant (pLI=0.99532, LOEUF=0.255)
CCT7	LoF	gnomad	medium	LoF-intolerant (pLI=0.98362, LOEUF=0.301)
CCT8	LoF	gnomad	medium	LoF-intolerant (pLI=0.96252, LOEUF=0.328)
CD19	LoF	gnomad	medium	LoF-intolerant (pLI=0.90496, LOEUF=0.355)
CD22	LoF	gnomad	medium	LoF-intolerant (pLI=0.8044, LOEUF=0.349)
CD40LG	LoF	clingen	high	ClinGen haploinsufficiency=3 (sufficient)
CD47	LoF	gnomad	medium	LoF-intolerant (pLI=0.91924, LOEUF=0.373)
CD79B	LoF	gnomad	medium	LoF-intolerant (pLI=0.9163, LOEUF=0.384)
CD81	LoF	gnomad	medium	LoF-intolerant (pLI=0.91844, LOEUF=0.381)
CD86	LoF	gnomad	medium	LoF-intolerant (pLI=0.94879, LOEUF=0.345)
CDC14B	LoF	gnomad	medium	LoF-intolerant (pLI=0.94308, LOEUF=0.343)
CDC23	LoF	gnomad	medium	LoF-intolerant (pLI=0.99175, LOEUF=0.289)
CDC27	LoF	gnomad	medium	LoF-intolerant (pLI=0.99675, LOEUF=0.273)
CDC34	LoF	gnomad	medium	LoF-intolerant (pLI=0.95625, LOEUF=0.305)
CDC37	LoF	gnomad	medium	LoF-intolerant (pLI=0.90925, LOEUF=0.37)
CDC37L1	LoF	gnomad	medium	LoF-intolerant (pLI=0.96614, LOEUF=0.326)
CDC40	LoF	gnomad	medium	LoF-intolerant (pLI=0.97944, LOEUF=0.31)
CDC42BPA	LoF	gnomad	medium	LoF-intolerant (pLI=0.99309, LOEUF=0.283)
CDC42BPB	LoF	gnomad	medium	LoF-intolerant (pLI=1.0, LOEUF=0.12)
CDC5L	LoF	gnomad	medium	LoF-intolerant (pLI=1.0, LOEUF=0.129)
CDC73	LoF	clingen	high	ClinGen haploinsufficiency=3 (sufficient)
CDH1	LoF	clingen	high	ClinGen haploinsufficiency=3 (sufficient)
CDH11	LoF	gnomad	medium	LoF-intolerant (pLI=0.9999, LOEUF=0.156)
CDH2	LoF	gnomad	medium	LoF-intolerant (pLI=0.99171, LOEUF=0.29)
CDH6	LoF	gnomad	medium	LoF-intolerant (pLI=0.91966, LOEUF=0.338)
CDH8	LoF	gnomad	medium	LoF-intolerant (pLI=0.98806, LOEUF=0.295)
CDK1	LoF	gnomad	medium	LoF-intolerant (pLI=0.99206, LOEUF=0.207)
CDK12	LoF	gnomad	medium	LoF-intolerant (pLI=1.0, LOEUF=0.126)
CDK13	LoF	clingen	high	ClinGen haploinsufficiency=3 (sufficient)
CDK16	LoF	gnomad	medium	LoF-intolerant (pLI=0.9948, LOEUF=0.258)
CDK17	LoF	gnomad	medium	LoF-intolerant (pLI=0.99947, LOEUF=0.222)
CDK19	LoF	gnomad	medium	LoF-intolerant (pLI=0.99982, LOEUF=0.163)
CDK5R1	LoF	gnomad	medium	LoF-intolerant (pLI=0.9149, LOEUF=0.378)
CDK6	LoF	gnomad	medium	LoF-intolerant (pLI=0.98315, LOEUF=0.282)
CDKL5	LoF	clingen	high	ClinGen haploinsufficiency=3 (sufficient)
CDKN1B	LoF	clingen	high	ClinGen haploinsufficiency=3 (sufficient)
CDKN1C	LoF	clingen	high	ClinGen haploinsufficiency=3 (sufficient)
CDKN2A	LoF	clingen	high	ClinGen haploinsufficiency=3 (sufficient)
CDKN2AIP	LoF	gnomad	medium	LoF-intolerant (pLI=0.96386, LOEUF=0.329)
CDYL	LoF	gnomad	medium	LoF-intolerant (pLI=0.99504, LOEUF=0.236)
CECR2	LoF	gnomad	medium	LoF-intolerant (pLI=1.0, LOEUF=0.167)
CELF1	LoF	gnomad	medium	LoF-intolerant (pLI=0.99971, LOEUF=0.171)
CELF2	LoF	gnomad	medium	LoF-intolerant (pLI=0.99965, LOEUF=0.174)
CELF4	LoF	gnomad	medium	LoF-intolerant (pLI=0.99817, LOEUF=0.231)
CELF5	LoF	gnomad	medium	LoF-intolerant (pLI=0.99844, LOEUF=0.204)
CELSR1	LoF	gnomad	medium	LoF-intolerant (pLI=0.99994, LOEUF=0.25)
CELSR2	LoF	gnomad	medium	LoF-intolerant (pLI=0.99994, LOEUF=0.251)
CELSR3	LoF	gnomad	medium	LoF-intolerant (pLI=0.99998, LOEUF=0.245)
CENPB	LoF	gnomad	medium	LoF-intolerant (pLI=0.99634, LOEUF=0.181)
CENPE	LoF	gnomad	medium	LoF-intolerant (pLI=0.24146, LOEUF=0.308)
CENPI	LoF	gnomad	medium	LoF-intolerant (pLI=0.99974, LOEUF=0.169)
CEP170	LoF	gnomad	medium	LoF-intolerant (pLI=1.0, LOEUF=0.192)
CEP170B	LoF	gnomad	medium	LoF-intolerant (pLI=0.99671, LOEUF=0.277)
CEP350	LoF	gnomad	medium	LoF-intolerant (pLI=1.0, LOEUF=0.184)
CEPT1	LoF	gnomad	medium	LoF-intolerant (pLI=0.99351, LOEUF=0.244)
CFH	LoF	gnomad	medium	LoF-intolerant (pLI=0.86061, LOEUF=0.324)
CFLAR	LoF	gnomad	medium	LoF-intolerant (pLI=0.99967, LOEUF=0.173)
CHAF1A	LoF	gnomad	medium	LoF-intolerant (pLI=1.0, LOEUF=0.118)
CHAMP1	LoF	gnomad	medium	LoF-intolerant (pLI=0.99197, LOEUF=0.271)
CHD1	LoF	gnomad	medium	LoF-intolerant (pLI=1.0, LOEUF=0.162)
CHD2	LoF	clingen	high	ClinGen haploinsufficiency=3 (sufficient)
CHD3	LoF	gnomad	medium	LoF-intolerant (pLI=1.0, LOEUF=0.147)
CHD4	LoF	gnomad	medium	LoF-intolerant (pLI=1.0, LOEUF=0.156)
CHD5	LoF	gnomad	medium	LoF-intolerant (pLI=1.0, LOEUF=0.157)
CHD6	LoF	gnomad	medium	LoF-intolerant (pLI=1.0, LOEUF=0.073)
CHD7	LoF	clingen	high	ClinGen haploinsufficiency=3 (sufficient)
CHD8	LoF	clingen	high	ClinGen haploinsufficiency=3 (sufficient)
CHD9	LoF	gnomad	medium	LoF-intolerant (pLI=1.0, LOEUF=0.17)
CHEK2	LoF	clingen	high	ClinGen haploinsufficiency=3 (sufficient)
CHERP	LoF	gnomad	medium	LoF-intolerant (pLI=1.0, LOEUF=0.062)
CHM	LoF	clingen	high	ClinGen haploinsufficiency=3 (sufficient)
CHMP4B	LoF	gnomad	medium	LoF-intolerant (pLI=0.95771, LOEUF=0.302)
CHMP6	LoF	gnomad	medium	LoF-intolerant (pLI=0.98358, LOEUF=0.239)
CHORDC1	LoF	gnomad	medium	LoF-intolerant (pLI=0.90164, LOEUF=0.375)
CHRDL1	LoF	clingen	high	ClinGen haploinsufficiency=3 (sufficient)
CHRM1	LoF	gnomad	medium	LoF-intolerant (pLI=0.99059, LOEUF=0.213)
CHRM3	LoF	gnomad	medium	LoF-intolerant (pLI=0.99253, LOEUF=0.249)
CHRM4	LoF	gnomad	medium	LoF-intolerant (pLI=0.97439, LOEUF=0.265)
CHUK	LoF	gnomad	medium	LoF-intolerant (pLI=0.99403, LOEUF=0.285)
CIC	LoF	clingen	high	ClinGen haploinsufficiency=3 (sufficient)
CIT	LoF	gnomad	medium	LoF-intolerant (pLI=0.9997, LOEUF=0.261)
CKAP5	LoF	gnomad	medium	LoF-intolerant (pLI=1.0, LOEUF=0.162)
CLASP1	LoF	gnomad	medium	LoF-intolerant (pLI=1.0, LOEUF=0.176)
CLASP2	LoF	gnomad	medium	LoF-intolerant (pLI=1.0, LOEUF=0.201)
CLCF1	LoF	gnomad	medium	LoF-intolerant (pLI=0.94791, LOEUF=0.321)
CLCN3	LoF	gnomad	medium	LoF-intolerant (pLI=0.99973, LOEUF=0.222)
CLCN4	LoF	gnomad	medium	LoF-intolerant (pLI=0.99893, LOEUF=0.151)
CLCN5	LoF	clingen	high	ClinGen haploinsufficiency=3 (sufficient)
CLDN11	LoF	gnomad	medium	LoF-intolerant (pLI=0.91076, LOEUF=0.385)
CLIP1	LoF	gnomad	medium	LoF-intolerant (pLI=0.68088, LOEUF=0.331)
CLIP2	LoF	gnomad	medium	LoF-intolerant (pLI=0.99997, LOEUF=0.196)
CLK2	LoF	gnomad	medium	LoF-intolerant (pLI=0.99997, LOEUF=0.164)
CLOCK	LoF	gnomad	medium	LoF-intolerant (pLI=0.99957, LOEUF=0.247)
CLPTM1	LoF	gnomad	medium	LoF-intolerant (pLI=0.95767, LOEUF=0.326)
CLPX	LoF	gnomad	medium	LoF-intolerant (pLI=0.92377, LOEUF=0.342)
CLSTN1	LoF	gnomad	medium	LoF-intolerant (pLI=0.97757, LOEUF=0.308)
CLSTN3	LoF	gnomad	medium	LoF-intolerant (pLI=0.97016, LOEUF=0.315)
CLTA	LoF	gnomad	medium	LoF-intolerant (pLI=0.96319, LOEUF=0.323)
CLTC	LoF	clingen	high	ClinGen haploinsufficiency=3 (sufficient)
CLUH	LoF	gnomad	medium	LoF-intolerant (pLI=0.99474, LOEUF=0.284)
CMIP	LoF	gnomad	medium	LoF-intolerant (pLI=0.99999, LOEUF=0.152)
CMTR1	LoF	gnomad	medium	LoF-intolerant (pLI=0.99252, LOEUF=0.289)
CNBP	LoF	gnomad	medium	LoF-intolerant (pLI=0.95994, LOEUF=0.298)
CNIH2	LoF	gnomad	medium	LoF-intolerant (pLI=0.95171, LOEUF=0.314)
CNKSR2	LoF	clingen	high	ClinGen haploinsufficiency=3 (sufficient)
CNNM2	LoF	gnomad	medium	LoF-intolerant (pLI=0.99521, LOEUF=0.267)
CNOT1	LoF	clingen	high	ClinGen haploinsufficiency=3 (sufficient)
CNOT10	LoF	gnomad	medium	LoF-intolerant (pLI=0.98194, LOEUF=0.305)
CNOT2	LoF	gnomad	medium	LoF-intolerant (pLI=0.99981, LOEUF=0.189)
CNOT3	LoF	gnomad	medium	LoF-intolerant (pLI=1.0, LOEUF=0.076)
CNOT4	LoF	gnomad	medium	LoF-intolerant (pLI=0.99996, LOEUF=0.143)
CNOT6L	LoF	gnomad	medium	LoF-intolerant (pLI=0.99821, LOEUF=0.231)
CNOT7	LoF	gnomad	medium	LoF-intolerant (pLI=0.99686, LOEUF=0.176)
CNP	LoF	gnomad	medium	LoF-intolerant (pLI=0.98405, LOEUF=0.279)
CNTFR	LoF	gnomad	medium	LoF-intolerant (pLI=0.95549, LOEUF=0.339)
CNTNAP5	LoF	gnomad	medium	LoF-intolerant (pLI=0.99167, LOEUF=0.289)
COG3	LoF	gnomad	medium	LoF-intolerant (pLI=0.99993, LOEUF=0.214)
COL11A1	LoF	gnomad	medium	LoF-intolerant (pLI=1.0, LOEUF=0.216)
COL11A2	LoF	gnomad	medium	LoF-intolerant (pLI=0.70197, LOEUF=0.306)
COL12A1	LoF	gnomad	medium	LoF-intolerant (pLI=0.97361, LOEUF=0.282)
COL1A1	LoF	clingen	high	ClinGen haploinsufficiency=3 (sufficient)
COL1A2	LoF	gnomad	medium	LoF-intolerant (pLI=1.0, LOEUF=0.202)
COL27A1	LoF	gnomad	medium	LoF-intolerant (pLI=0.5864, LOEUF=0.312)
COL2A1	LoF	clingen	high	ClinGen haploinsufficiency=3 (sufficient)
COL3A1	LoF	clingen	high	ClinGen haploinsufficiency=3 (sufficient)
COL4A1	LoF	gnomad	medium	LoF-intolerant (pLI=1.0, LOEUF=0.128)
COL4A5	LoF	clingen	high	ClinGen haploinsufficiency=3 (sufficient)
COL4A6	LoF	gnomad	medium	LoF-intolerant (pLI=0.89901, LOEUF=0.322)
COL5A1	LoF	clingen	high	ClinGen haploinsufficiency=3 (sufficient)
COL5A2	LoF	gnomad	medium	LoF-intolerant (pLI=1.0, LOEUF=0.097)
COL6A1	LoF	gnomad	medium	LoF-intolerant (pLI=0.99995, LOEUF=0.227)
COLEC12	LoF	gnomad	medium	LoF-intolerant (pLI=0.90761, LOEUF=0.354)
COPA	LoF	gnomad	medium	LoF-intolerant (pLI=1.0, LOEUF=0.105)
COPB1	LoF	gnomad	medium	LoF-intolerant (pLI=0.99994, LOEUF=0.213)
COPB2	LoF	gnomad	medium	LoF-intolerant (pLI=1.0, LOEUF=0.089)
COPS2	LoF	gnomad	medium	LoF-intolerant (pLI=0.99997, LOEUF=0.101)
COPS3	LoF	gnomad	medium	LoF-intolerant (pLI=0.99949, LOEUF=0.181)
COPS4	LoF	gnomad	medium	LoF-intolerant (pLI=0.99886, LOEUF=0.197)
COPS5	LoF	gnomad	medium	LoF-intolerant (pLI=0.99925, LOEUF=0.144)
COPS6	LoF	gnomad	medium	LoF-intolerant (pLI=0.98666, LOEUF=0.272)
COPZ1	LoF	gnomad	medium	LoF-intolerant (pLI=0.94896, LOEUF=0.344)
CORO1A	LoF	gnomad	medium	LoF-intolerant (pLI=0.97024, LOEUF=0.32)
CORO1C	LoF	gnomad	medium	LoF-intolerant (pLI=0.99813, LOEUF=0.209)
CPE	LoF	gnomad	medium	LoF-intolerant (pLI=0.99233, LOEUF=0.269)
CPEB1	LoF	gnomad	medium	LoF-intolerant (pLI=0.99899, LOEUF=0.218)
CPEB3	LoF	gnomad	medium	LoF-intolerant (pLI=0.99846, LOEUF=0.227)
CPEB4	LoF	gnomad	medium	LoF-intolerant (pLI=0.98555, LOEUF=0.301)
CPSF6	LoF	gnomad	medium	LoF-intolerant (pLI=0.99982, LOEUF=0.163)
CPSF7	LoF	gnomad	medium	LoF-intolerant (pLI=0.99873, LOEUF=0.199)
CREB1	LoF	gnomad	medium	LoF-intolerant (pLI=0.99673, LOEUF=0.223)
CREB3L1	LoF	gnomad	medium	LoF-intolerant (pLI=0.98488, LOEUF=0.292)
CREBBP	LoF	clingen	high	ClinGen haploinsufficiency=3 (sufficient)
CREBRF	LoF	gnomad	medium	LoF-intolerant (pLI=0.99997, LOEUF=0.1)
CRIM1	LoF	gnomad	medium	LoF-intolerant (pLI=0.99971, LOEUF=0.238)
CRK	LoF	gnomad	medium	LoF-intolerant (pLI=0.95936, LOEUF=0.329)
CRMP1	LoF	gnomad	medium	LoF-intolerant (pLI=0.99173, LOEUF=0.281)
CRTC2	LoF	gnomad	medium	LoF-intolerant (pLI=0.99891, LOEUF=0.235)
CS	LoF	gnomad	medium	LoF-intolerant (pLI=0.98402, LOEUF=0.303)
CSDE1	LoF	gnomad	medium	LoF-intolerant (pLI=1.0, LOEUF=0.144)
CSE1L	LoF	gnomad	medium	LoF-intolerant (pLI=1.0, LOEUF=0.117)
CSF1	LoF	gnomad	medium	LoF-intolerant (pLI=0.99634, LOEUF=0.226)
CSK	LoF	gnomad	medium	LoF-intolerant (pLI=0.99977, LOEUF=0.168)
CSMD1	LoF	gnomad	medium	LoF-intolerant (pLI=1.0, LOEUF=0.211)
CSMD3	LoF	gnomad	medium	LoF-intolerant (pLI=0.057105, LOEUF=0.299)
CSNK1A1	LoF	gnomad	medium	LoF-intolerant (pLI=0.99758, LOEUF=0.215)
CSNK1D	LoF	gnomad	medium	LoF-intolerant (pLI=0.99577, LOEUF=0.231)
CSNK1E	LoF	gnomad	medium	LoF-intolerant (pLI=0.99926, LOEUF=0.143)
CSNK1G1	LoF	gnomad	medium	LoF-intolerant (pLI=0.99911, LOEUF=0.216)
CSNK1G2	LoF	gnomad	medium	LoF-intolerant (pLI=0.99138, LOEUF=0.254)
CSNK1G3	LoF	gnomad	medium	LoF-intolerant (pLI=0.99947, LOEUF=0.206)
CSNK2A1	LoF	gnomad	medium	LoF-intolerant (pLI=0.98711, LOEUF=0.297)
CSNK2A2	LoF	gnomad	medium	LoF-intolerant (pLI=0.9994, LOEUF=0.184)
CSNK2B	LoF	gnomad	medium	LoF-intolerant (pLI=0.91728, LOEUF=0.383)
CSRNP2	LoF	gnomad	medium	LoF-intolerant (pLI=0.96015, LOEUF=0.334)
CSTF1	LoF	gnomad	medium	LoF-intolerant (pLI=0.95401, LOEUF=0.341)
CSTF2	LoF	gnomad	medium	LoF-intolerant (pLI=0.99959, LOEUF=0.133)
CSTF3	LoF	gnomad	medium	LoF-intolerant (pLI=0.98279, LOEUF=0.303)
CTBP1	LoF	gnomad	medium	LoF-intolerant (pLI=0.98442, LOEUF=0.278)
CTC-432M15.3	LoF	gnomad	medium	LoF-intolerant (pLI=0.96338, LOEUF=0.301)
CTCF	LoF	clingen	high	ClinGen haploinsufficiency=3 (sufficient)
CTDNEP1	LoF	gnomad	medium	LoF-intolerant (pLI=0.97468, LOEUF=0.264)
CTDSP1	LoF	gnomad	medium	LoF-intolerant (pLI=0.99254, LOEUF=0.204)
CTDSPL2	LoF	gnomad	medium	LoF-intolerant (pLI=0.99966, LOEUF=0.174)
CTIF	LoF	gnomad	medium	LoF-intolerant (pLI=0.99994, LOEUF=0.109)
CTLA4	LoF	gnomad	medium	LoF-intolerant (pLI=0.94085, LOEUF=0.334)
CTNNA1	LoF	clingen	high	ClinGen haploinsufficiency=3 (sufficient)
CTNNB1	LoF	clingen	high	ClinGen haploinsufficiency=3 (sufficient)
CTNND1	LoF	gnomad	medium	LoF-intolerant (pLI=0.99999, LOEUF=0.185)
CTNND2	LoF	gnomad	medium	LoF-intolerant (pLI=1.0, LOEUF=0.098)
CTPS1	LoF	gnomad	medium	LoF-intolerant (pLI=0.99259, LOEUF=0.287)
CTR9	LoF	gnomad	medium	LoF-intolerant (pLI=1.0, LOEUF=0.135)
CUL1	LoF	gnomad	medium	LoF-intolerant (pLI=1.0, LOEUF=0.144)
CUL2	LoF	gnomad	medium	LoF-intolerant (pLI=1.0, LOEUF=0.093)
CUL3	LoF	gnomad	medium	LoF-intolerant (pLI=0.9996, LOEUF=0.228)
CUL4A	LoF	gnomad	medium	LoF-intolerant (pLI=0.99999, LOEUF=0.124)
CUL4B	LoF	clingen	high	ClinGen haploinsufficiency=3 (sufficient)
CUL5	LoF	gnomad	medium	LoF-intolerant (pLI=1.0, LOEUF=0.159)
CUL9	LoF	gnomad	medium	LoF-intolerant (pLI=0.99191, LOEUF=0.28)
CUX1	LoF	gnomad	medium	LoF-intolerant (pLI=1.0, LOEUF=0.163)
CUX2	LoF	gnomad	medium	LoF-intolerant (pLI=1.0, LOEUF=0.187)
CWC15	LoF	gnomad	medium	LoF-intolerant (pLI=0.97769, LOEUF=0.256)
CXXC1	LoF	gnomad	medium	LoF-intolerant (pLI=0.89506, LOEUF=0.345)
CXorf22	LoF	gnomad	medium	LoF-intolerant (pLI=0.98906, LOEUF=0.289)
CXorf56	LoF	gnomad	medium	LoF-intolerant (pLI=0.95204, LOEUF=0.313)
CYBB	LoF	clingen	high	ClinGen haploinsufficiency=3 (sufficient)
CYFIP1	LoF	gnomad	medium	LoF-intolerant (pLI=0.96816, LOEUF=0.302)
CYFIP2	LoF	gnomad	medium	LoF-intolerant (pLI=1.0, LOEUF=0.092)
CYLC1	LoF	gnomad	medium	LoF-intolerant (pLI=0.93145, LOEUF=0.367)
CYLD	LoF	clingen	high	ClinGen haploinsufficiency=3 (sufficient)
CYP26B1	LoF	gnomad	medium	LoF-intolerant (pLI=0.97987, LOEUF=0.29)
CYP46A1	LoF	gnomad	medium	LoF-intolerant (pLI=0.98552, LOEUF=0.297)
CYTH1	LoF	gnomad	medium	LoF-intolerant (pLI=0.99981, LOEUF=0.122)
DAAM1	LoF	gnomad	medium	LoF-intolerant (pLI=0.99918, LOEUF=0.261)
DAAM2	LoF	gnomad	medium	LoF-intolerant (pLI=1.0, LOEUF=0.094)
DAB1	LoF	gnomad	medium	LoF-intolerant (pLI=0.99915, LOEUF=0.215)
DAB2IP	LoF	gnomad	medium	LoF-intolerant (pLI=0.99995, LOEUF=0.2)
DACH1	LoF	gnomad	medium	LoF-intolerant (pLI=0.99954, LOEUF=0.135)
DAG1	LoF	gnomad	medium	LoF-intolerant (pLI=0.98117, LOEUF=0.301)
DAGLA	LoF	gnomad	medium	LoF-intolerant (pLI=0.99999, LOEUF=0.171)
DAPK1	LoF	gnomad	medium	LoF-intolerant (pLI=0.99767, LOEUF=0.275)
DAZAP1	LoF	gnomad	medium	LoF-intolerant (pLI=0.99985, LOEUF=0.119)
DAZL	LoF	gnomad	medium	LoF-intolerant (pLI=0.99449, LOEUF=0.239)
DBF4	LoF	gnomad	medium	LoF-intolerant (pLI=0.99296, LOEUF=0.282)
DBN1	LoF	gnomad	medium	LoF-intolerant (pLI=0.99705, LOEUF=0.263)
DCAF12L1	LoF	gnomad	medium	LoF-intolerant (pLI=0.95405, LOEUF=0.309)
DCAF15	LoF	gnomad	medium	LoF-intolerant (pLI=0.9942, LOEUF=0.272)
DCAF5	LoF	gnomad	medium	LoF-intolerant (pLI=1.0, LOEUF=0.078)
DCAF7	LoF	gnomad	medium	LoF-intolerant (pLI=0.93284, LOEUF=0.348)
DCAF8	LoF	gnomad	medium	LoF-intolerant (pLI=0.9996, LOEUF=0.201)
DCC	LoF	gnomad	medium	LoF-intolerant (pLI=0.99448, LOEUF=0.283)
DCHS1	LoF	gnomad	medium	LoF-intolerant (pLI=0.99997, LOEUF=0.242)
DCLK1	LoF	gnomad	medium	LoF-intolerant (pLI=0.99964, LOEUF=0.227)
DCLK2	LoF	gnomad	medium	LoF-intolerant (pLI=0.95706, LOEUF=0.326)
DCTN2	LoF	gnomad	medium	LoF-intolerant (pLI=0.99653, LOEUF=0.247)
DCUN1D1	LoF	gnomad	medium	LoF-intolerant (pLI=0.98526, LOEUF=0.276)
DCUN1D5	LoF	gnomad	medium	LoF-intolerant (pLI=0.99432, LOEUF=0.194)
DCX	LoF	clingen	high	ClinGen haploinsufficiency=3 (sufficient)
DDA1	LoF	gnomad	medium	LoF-intolerant (pLI=0.93718, LOEUF=0.34)
DDB1	LoF	gnomad	medium	LoF-intolerant (pLI=0.99979, LOEUF=0.243)
DDHD1	LoF	gnomad	medium	LoF-intolerant (pLI=0.902, LOEUF=0.338)
DDI2	LoF	gnomad	medium	LoF-intolerant (pLI=0.99819, LOEUF=0.208)
DDX1	LoF	gnomad	medium	LoF-intolerant (pLI=0.99449, LOEUF=0.284)
DDX17	LoF	gnomad	medium	LoF-intolerant (pLI=0.99999, LOEUF=0.126)
DDX21	LoF	gnomad	medium	LoF-intolerant (pLI=0.99997, LOEUF=0.184)
DDX26B	LoF	gnomad	medium	LoF-intolerant (pLI=0.99992, LOEUF=0.152)
DDX39B	LoF	gnomad	medium	LoF-intolerant (pLI=0.99725, LOEUF=0.218)
DDX3X	LoF	clingen	high	ClinGen haploinsufficiency=3 (sufficient)
DDX3Y	LoF	gnomad	medium	LoF-intolerant (pLI=0.96494, LOEUF=0.287)
DDX4	LoF	gnomad	medium	LoF-intolerant (pLI=0.99826, LOEUF=0.263)
DDX41	LoF	clingen	high	ClinGen haploinsufficiency=3 (sufficient)
DDX42	LoF	gnomad	medium	LoF-intolerant (pLI=1.0, LOEUF=0.134)
DDX46	LoF	gnomad	medium	LoF-intolerant (pLI=1.0, LOEUF=0.144)
DDX5	LoF	gnomad	medium	LoF-intolerant (pLI=0.99998, LOEUF=0.098)
DDX6	LoF	gnomad	medium	LoF-intolerant (pLI=0.99964, LOEUF=0.174)
DEDD	LoF	gnomad	medium	LoF-intolerant (pLI=0.95912, LOEUF=0.329)
DEF6	LoF	gnomad	medium	LoF-intolerant (pLI=0.99768, LOEUF=0.259)
DENND1A	LoF	gnomad	medium	LoF-intolerant (pLI=0.99976, LOEUF=0.229)
DENND4A	LoF	gnomad	medium	LoF-intolerant (pLI=0.99627, LOEUF=0.28)
DENND4B	LoF	gnomad	medium	LoF-intolerant (pLI=0.99098, LOEUF=0.29)
DENND5B	LoF	gnomad	medium	LoF-intolerant (pLI=1.0, LOEUF=0.155)
DEPDC5	LoF	clingen	high	ClinGen haploinsufficiency=3 (sufficient)
DERL2	LoF	gnomad	medium	LoF-intolerant (pLI=0.9574, LOEUF=0.332)
DGCR8	LoF	gnomad	medium	LoF-intolerant (pLI=0.99973, LOEUF=0.211)
DGKI	LoF	gnomad	medium	LoF-intolerant (pLI=0.93134, LOEUF=0.314)
DHX15	LoF	gnomad	medium	LoF-intolerant (pLI=1.0, LOEUF=0.105)
DHX30	LoF	gnomad	medium	LoF-intolerant (pLI=1.0, LOEUF=0.115)
DHX36	LoF	gnomad	medium	LoF-intolerant (pLI=0.47221, LOEUF=0.347)
DHX37	LoF	gnomad	medium	LoF-intolerant (pLI=0.99252, LOEUF=0.289)
DHX9	LoF	gnomad	medium	LoF-intolerant (pLI=1.0, LOEUF=0.105)
DIAPH1	LoF	gnomad	medium	LoF-intolerant (pLI=0.91507, LOEUF=0.32)
DIAPH2	LoF	gnomad	medium	LoF-intolerant (pLI=0.99443, LOEUF=0.283)
DICER1	LoF	clingen	high	ClinGen haploinsufficiency=3 (sufficient)
DIDO1	LoF	gnomad	medium	LoF-intolerant (pLI=1.0, LOEUF=0.187)
DIP2B	LoF	gnomad	medium	LoF-intolerant (pLI=0.99924, LOEUF=0.266)
DIP2C	LoF	gnomad	medium	LoF-intolerant (pLI=1.0, LOEUF=0.149)
DIS3L2	LoF	gnomad	medium	LoF-intolerant (pLI=0.944, LOEUF=0.325)
DKC1	LoF	gnomad	medium	LoF-intolerant (pLI=0.99916, LOEUF=0.191)
DKFZP761J1410	LoF	gnomad	medium	LoF-intolerant (pLI=0.99025, LOEUF=0.259)
DLC1	LoF	gnomad	medium	LoF-intolerant (pLI=0.99948, LOEUF=0.258)
DLG1	LoF	gnomad	medium	LoF-intolerant (pLI=0.99393, LOEUF=0.286)
DLG2	LoF	gnomad	medium	LoF-intolerant (pLI=0.70796, LOEUF=0.338)
DLG3	LoF	clingen	high	ClinGen haploinsufficiency=3 (sufficient)
DLG4	LoF	clingen	high	ClinGen haploinsufficiency=3 (sufficient)
DLG5	LoF	gnomad	medium	LoF-intolerant (pLI=0.99948, LOEUF=0.262)
DLGAP1	LoF	gnomad	medium	LoF-intolerant (pLI=0.99875, LOEUF=0.254)
DLGAP2	LoF	gnomad	medium	LoF-intolerant (pLI=0.99989, LOEUF=0.199)
DLGAP3	LoF	gnomad	medium	LoF-intolerant (pLI=0.99998, LOEUF=0.136)
DLGAP4	LoF	gnomad	medium	LoF-intolerant (pLI=0.99248, LOEUF=0.287)
DLL1	LoF	clingen	high	ClinGen haploinsufficiency=3 (sufficient)
DLL4	LoF	gnomad	medium	LoF-intolerant (pLI=0.99982, LOEUF=0.188)
DLX1	LoF	gnomad	medium	LoF-intolerant (pLI=0.96232, LOEUF=0.293)
DLX2	LoF	gnomad	medium	LoF-intolerant (pLI=0.97847, LOEUF=0.254)
DLX6	LoF	gnomad	medium	LoF-intolerant (pLI=0.92126, LOEUF=0.378)
DMBX1	LoF	gnomad	medium	LoF-intolerant (pLI=0.92957, LOEUF=0.369)
DMD	LoF	clingen	high	ClinGen haploinsufficiency=3 (sufficient)
DMRTA2	LoF	gnomad	medium	LoF-intolerant (pLI=0.91608, LOEUF=0.376)
DMTF1	LoF	gnomad	medium	LoF-intolerant (pLI=0.96706, LOEUF=0.317)
DMTN	LoF	gnomad	medium	LoF-intolerant (pLI=0.90082, LOEUF=0.365)
DMXL1	LoF	gnomad	medium	LoF-intolerant (pLI=1.0, LOEUF=0.202)
DMXL2	LoF	gnomad	medium	LoF-intolerant (pLI=1.0, LOEUF=0.158)
DNAJA2	LoF	gnomad	medium	LoF-intolerant (pLI=0.99796, LOEUF=0.211)
DNAJB14	LoF	gnomad	medium	LoF-intolerant (pLI=0.93874, LOEUF=0.351)
DNAJC11	LoF	gnomad	medium	LoF-intolerant (pLI=0.99893, LOEUF=0.244)
DNAJC13	LoF	gnomad	medium	LoF-intolerant (pLI=1.0, LOEUF=0.197)
DNAJC14	LoF	gnomad	medium	LoF-intolerant (pLI=0.99999, LOEUF=0.089)
DNAJC2	LoF	gnomad	medium	LoF-intolerant (pLI=0.99102, LOEUF=0.292)
DNAJC6	LoF	gnomad	medium	LoF-intolerant (pLI=0.99986, LOEUF=0.222)
DNAJC7	LoF	gnomad	medium	LoF-intolerant (pLI=0.99007, LOEUF=0.291)
DNM1	LoF	gnomad	medium	LoF-intolerant (pLI=0.99917, LOEUF=0.252)
DNM2	LoF	gnomad	medium	LoF-intolerant (pLI=0.99998, LOEUF=0.18)
DNMT1	LoF	gnomad	medium	LoF-intolerant (pLI=1.0, LOEUF=0.143)
DNMT3A	LoF	clingen	high	ClinGen haploinsufficiency=3 (sufficient)
DOCK1	LoF	gnomad	medium	LoF-intolerant (pLI=0.0068117, LOEUF=0.341)
DOCK2	LoF	gnomad	medium	LoF-intolerant (pLI=0.99969, LOEUF=0.261)
DOCK3	LoF	gnomad	medium	LoF-intolerant (pLI=1.0, LOEUF=0.158)
DOCK4	LoF	gnomad	medium	LoF-intolerant (pLI=0.82562, LOEUF=0.301)
DOCK9	LoF	gnomad	medium	LoF-intolerant (pLI=1.0, LOEUF=0.191)
DOPEY1	LoF	gnomad	medium	LoF-intolerant (pLI=0.99993, LOEUF=0.252)
DOT1L	LoF	gnomad	medium	LoF-intolerant (pLI=1.0, LOEUF=0.118)
DPF1	LoF	gnomad	medium	LoF-intolerant (pLI=0.99049, LOEUF=0.285)
DPF2	LoF	gnomad	medium	LoF-intolerant (pLI=0.99985, LOEUF=0.161)
DPP10	LoF	gnomad	medium	LoF-intolerant (pLI=0.99999, LOEUF=0.178)
DPP8	LoF	gnomad	medium	LoF-intolerant (pLI=0.99791, LOEUF=0.269)
DPP9	LoF	gnomad	medium	LoF-intolerant (pLI=0.98708, LOEUF=0.298)
DPYSL2	LoF	gnomad	medium	LoF-intolerant (pLI=0.99375, LOEUF=0.274)
DPYSL3	LoF	gnomad	medium	LoF-intolerant (pLI=0.99887, LOEUF=0.221)
DPYSL5	LoF	gnomad	medium	LoF-intolerant (pLI=0.99991, LOEUF=0.113)
DR1	LoF	gnomad	medium	LoF-intolerant (pLI=0.92117, LOEUF=0.368)
DRD1	LoF	gnomad	medium	LoF-intolerant (pLI=0.9555, LOEUF=0.307)
DROSHA	LoF	gnomad	medium	LoF-intolerant (pLI=0.093176, LOEUF=0.347)
DSCAM	LoF	gnomad	medium	LoF-intolerant (pLI=1.0, LOEUF=0.189)
DSCAML1	LoF	gnomad	medium	LoF-intolerant (pLI=1.0, LOEUF=0.165)
DSG1	LoF	gnomad	medium	LoF-intolerant (pLI=0.92688, LOEUF=0.331)
DSP	LoF	clingen	high	ClinGen haploinsufficiency=3 (sufficient)
DST	LoF	gnomad	medium	LoF-intolerant (pLI=1.0, LOEUF=0.18)
DUSP6	LoF	gnomad	medium	LoF-intolerant (pLI=0.97603, LOEUF=0.261)
DYNC1H1	LoF	gnomad	medium	LoF-intolerant (pLI=1.0, LOEUF=0.08)
DYNC1LI1	LoF	gnomad	medium	LoF-intolerant (pLI=0.96348, LOEUF=0.328)
DYNC1LI2	LoF	gnomad	medium	LoF-intolerant (pLI=0.98346, LOEUF=0.302)
DYRK1A	LoF	clingen	high	ClinGen haploinsufficiency=3 (sufficient)
DYRK1B	LoF	gnomad	medium	LoF-intolerant (pLI=0.96905, LOEUF=0.323)
DYRK2	LoF	gnomad	medium	LoF-intolerant (pLI=0.99751, LOEUF=0.17)
E2F1	LoF	gnomad	medium	LoF-intolerant (pLI=0.9877, LOEUF=0.225)
E2F3	LoF	gnomad	medium	LoF-intolerant (pLI=0.9458, LOEUF=0.349)
E2F5	LoF	gnomad	medium	LoF-intolerant (pLI=0.935, LOEUF=0.362)
E2F7	LoF	gnomad	medium	LoF-intolerant (pLI=0.99317, LOEUF=0.285)
EBF1	LoF	gnomad	medium	LoF-intolerant (pLI=0.99697, LOEUF=0.256)
EBF2	LoF	gnomad	medium	LoF-intolerant (pLI=0.99976, LOEUF=0.193)
EBF3	LoF	clingen	high	ClinGen haploinsufficiency=3 (sufficient)
EBP	LoF	clingen	high	ClinGen haploinsufficiency=3 (sufficient)
ECE1	LoF	gnomad	medium	LoF-intolerant (pLI=0.95987, LOEUF=0.321)
EDA	LoF	clingen	high	ClinGen haploinsufficiency=3 (sufficient)
EDNRA	LoF	gnomad	medium	LoF-intolerant (pLI=0.99158, LOEUF=0.254)
EEA1	LoF	gnomad	medium	LoF-intolerant (pLI=0.92875, LOEUF=0.304)
EED	LoF	gnomad	medium	LoF-intolerant (pLI=0.99929, LOEUF=0.187)
EEF1A1	LoF	gnomad	medium	LoF-intolerant (pLI=0.97863, LOEUF=0.293)
EEF1A2	LoF	gnomad	medium	LoF-intolerant (pLI=0.99558, LOEUF=0.186)
EEF1G	LoF	gnomad	medium	LoF-intolerant (pLI=0.99967, LOEUF=0.173)
EEF2	LoF	gnomad	medium	LoF-intolerant (pLI=0.99995, LOEUF=0.172)
EFEMP1	LoF	gnomad	medium	LoF-intolerant (pLI=0.99992, LOEUF=0.153)
EFHC2	LoF	gnomad	medium	LoF-intolerant (pLI=0.9991, LOEUF=0.147)
EFNA5	LoF	gnomad	medium	LoF-intolerant (pLI=0.96051, LOEUF=0.296)
EFNB1	LoF	clingen	high	ClinGen haploinsufficiency=3 (sufficient)
EFNB2	LoF	gnomad	medium	LoF-intolerant (pLI=0.98845, LOEUF=0.222)
EFTUD2	LoF	clingen	high	ClinGen haploinsufficiency=3 (sufficient)
EGFR	LoF	gnomad	medium	LoF-intolerant (pLI=0.36837, LOEUF=0.349)
EGLN1	LoF	gnomad	medium	LoF-intolerant (pLI=0.97403, LOEUF=0.303)
EGR3	LoF	gnomad	medium	LoF-intolerant (pLI=0.95288, LOEUF=0.312)
EHBP1	LoF	gnomad	medium	LoF-intolerant (pLI=0.30745, LOEUF=0.348)
EHD1	LoF	gnomad	medium	LoF-intolerant (pLI=0.98342, LOEUF=0.281)
EHMT1	LoF	gnomad	medium	LoF-intolerant (pLI=1.0, LOEUF=0.072)
EIF1AX	LoF	gnomad	medium	LoF-intolerant (pLI=0.91015, LOEUF=0.386)
EIF2B4	LoF	gnomad	medium	LoF-intolerant (pLI=0.96117, LOEUF=0.33)
EIF2S1	LoF	gnomad	medium	LoF-intolerant (pLI=0.97031, LOEUF=0.31)
EIF2S2	LoF	gnomad	medium	LoF-intolerant (pLI=0.95327, LOEUF=0.342)
EIF2S3	LoF	gnomad	medium	LoF-intolerant (pLI=0.96388, LOEUF=0.322)
EIF3A	LoF	gnomad	medium	LoF-intolerant (pLI=1.0, LOEUF=0.131)
EIF3B	LoF	gnomad	medium	LoF-intolerant (pLI=1.0, LOEUF=0.067)
EIF3D	LoF	gnomad	medium	LoF-intolerant (pLI=0.99983, LOEUF=0.187)
EIF3F	LoF	gnomad	medium	LoF-intolerant (pLI=0.97044, LOEUF=0.31)
EIF3G	LoF	gnomad	medium	LoF-intolerant (pLI=0.98546, LOEUF=0.275)
EIF3I	LoF	gnomad	medium	LoF-intolerant (pLI=0.9493, LOEUF=0.346)
EIF4A1	LoF	gnomad	medium	LoF-intolerant (pLI=0.99987, LOEUF=0.117)
EIF4A2	LoF	gnomad	medium	LoF-intolerant (pLI=0.99835, LOEUF=0.205)
EIF4A3	LoF	gnomad	medium	LoF-intolerant (pLI=0.99985, LOEUF=0.119)
EIF4B	LoF	gnomad	medium	LoF-intolerant (pLI=0.99999, LOEUF=0.123)
EIF4E	LoF	gnomad	medium	LoF-intolerant (pLI=0.94133, LOEUF=0.354)
EIF4ENIF1	LoF	gnomad	medium	LoF-intolerant (pLI=0.99999, LOEUF=0.177)
EIF4G1	LoF	gnomad	medium	LoF-intolerant (pLI=1.0, LOEUF=0.074)
EIF4G2	LoF	gnomad	medium	LoF-intolerant (pLI=1.0, LOEUF=0.085)
EIF4G3	LoF	gnomad	medium	LoF-intolerant (pLI=1.0, LOEUF=0.112)
EIF5	LoF	gnomad	medium	LoF-intolerant (pLI=0.98758, LOEUF=0.285)
EIF5B	LoF	gnomad	medium	LoF-intolerant (pLI=0.99981, LOEUF=0.245)
ELAVL1	LoF	gnomad	medium	LoF-intolerant (pLI=0.98849, LOEUF=0.222)
ELAVL2	LoF	gnomad	medium	LoF-intolerant (pLI=0.99514, LOEUF=0.189)
ELAVL4	LoF	gnomad	medium	LoF-intolerant (pLI=0.90806, LOEUF=0.382)
ELF2	LoF	gnomad	medium	LoF-intolerant (pLI=0.99482, LOEUF=0.258)
ELF3	LoF	gnomad	medium	LoF-intolerant (pLI=0.98323, LOEUF=0.296)
ELFN1	LoF	gnomad	medium	LoF-intolerant (pLI=0.99882, LOEUF=0.153)
ELFN2	LoF	gnomad	medium	LoF-intolerant (pLI=0.96483, LOEUF=0.327)
ELK1	LoF	gnomad	medium	LoF-intolerant (pLI=0.93711, LOEUF=0.341)
ELL	LoF	gnomad	medium	LoF-intolerant (pLI=0.98542, LOEUF=0.301)
ELL2	LoF	gnomad	medium	LoF-intolerant (pLI=0.99824, LOEUF=0.244)
ELMO1	LoF	gnomad	medium	LoF-intolerant (pLI=0.89997, LOEUF=0.333)
ELMSAN1	LoF	gnomad	medium	LoF-intolerant (pLI=1.0, LOEUF=0.136)
ELN	LoF	clingen	high	ClinGen haploinsufficiency=3 (sufficient)
ELOVL5	LoF	gnomad	medium	LoF-intolerant (pLI=0.93341, LOEUF=0.355)
ELOVL6	LoF	gnomad	medium	LoF-intolerant (pLI=0.96581, LOEUF=0.319)
EMD	LoF	gnomad	medium	LoF-intolerant (pLI=0.93178, LOEUF=0.35)
EML1	LoF	gnomad	medium	LoF-intolerant (pLI=0.99608, LOEUF=0.28)
EMX2	LoF	gnomad	medium	LoF-intolerant (pLI=0.9507, LOEUF=0.316)
EN1	LoF	gnomad	medium	LoF-intolerant (pLI=0.93135, LOEUF=0.35)
ENAH	LoF	gnomad	medium	LoF-intolerant (pLI=0.99994, LOEUF=0.173)
ENG	LoF	clingen	high	ClinGen haploinsufficiency=3 (sufficient)
EOMES	LoF	gnomad	medium	LoF-intolerant (pLI=0.98443, LOEUF=0.3)
EP300	LoF	clingen	high	ClinGen haploinsufficiency=3 (sufficient)
EP400	LoF	gnomad	medium	LoF-intolerant (pLI=1.0, LOEUF=0.208)
EPB41L1	LoF	gnomad	medium	LoF-intolerant (pLI=0.87683, LOEUF=0.343)
EPB41L2	LoF	gnomad	medium	LoF-intolerant (pLI=0.99318, LOEUF=0.288)
EPB41L4B	LoF	gnomad	medium	LoF-intolerant (pLI=0.99972, LOEUF=0.237)
EPC1	LoF	gnomad	medium	LoF-intolerant (pLI=1.0, LOEUF=0.125)
EPC2	LoF	gnomad	medium	LoF-intolerant (pLI=0.99998, LOEUF=0.159)
EPHA4	LoF	gnomad	medium	LoF-intolerant (pLI=1.0, LOEUF=0.175)
EPHA7	LoF	gnomad	medium	LoF-intolerant (pLI=1.0, LOEUF=0.128)
EPHB1	LoF	gnomad	medium	LoF-intolerant (pLI=0.9985, LOEUF=0.257)
EPHB2	LoF	gnomad	medium	LoF-intolerant (pLI=0.99997, LOEUF=0.184)
EPS15L1	LoF	gnomad	medium	LoF-intolerant (pLI=0.99964, LOEUF=0.245)
EPS8	LoF	gnomad	medium	LoF-intolerant (pLI=0.97308, LOEUF=0.311)
ERBB2IP	LoF	gnomad	medium	LoF-intolerant (pLI=0.99402, LOEUF=0.285)
ERBB4	LoF	gnomad	medium	LoF-intolerant (pLI=0.99912, LOEUF=0.265)
ERC2	LoF	gnomad	medium	LoF-intolerant (pLI=0.98931, LOEUF=0.294)
ERCC6L	LoF	gnomad	medium	LoF-intolerant (pLI=0.99932, LOEUF=0.211)
ERF	LoF	clingen	high	ClinGen haploinsufficiency=3 (sufficient)
ERG	LoF	gnomad	medium	LoF-intolerant (pLI=0.96413, LOEUF=0.329)
ERN1	LoF	gnomad	medium	LoF-intolerant (pLI=0.99027, LOEUF=0.293)
ERP44	LoF	gnomad	medium	LoF-intolerant (pLI=0.99106, LOEUF=0.274)
ESCO1	LoF	gnomad	medium	LoF-intolerant (pLI=0.99995, LOEUF=0.17)
ESPL1	LoF	gnomad	medium	LoF-intolerant (pLI=1.0, LOEUF=0.159)
ESR1	LoF	gnomad	medium	LoF-intolerant (pLI=0.9992, LOEUF=0.19)
ESRP1	LoF	gnomad	medium	LoF-intolerant (pLI=0.99934, LOEUF=0.236)
ETF1	LoF	gnomad	medium	LoF-intolerant (pLI=0.996, LOEUF=0.251)
ETNK1	LoF	gnomad	medium	LoF-intolerant (pLI=0.92558, LOEUF=0.36)
ETS2	LoF	gnomad	medium	LoF-intolerant (pLI=0.99888, LOEUF=0.197)
ETV1	LoF	gnomad	medium	LoF-intolerant (pLI=0.93694, LOEUF=0.347)
ETV3	LoF	gnomad	medium	LoF-intolerant (pLI=0.97596, LOEUF=0.299)
ETV5	LoF	gnomad	medium	LoF-intolerant (pLI=0.99999, LOEUF=0.092)
ETV6	LoF	clingen	high	ClinGen haploinsufficiency=3 (sufficient)
EVI5L	LoF	gnomad	medium	LoF-intolerant (pLI=0.99985, LOEUF=0.214)
EVL	LoF	gnomad	medium	LoF-intolerant (pLI=0.99761, LOEUF=0.238)
EWSR1	LoF	gnomad	medium	LoF-intolerant (pLI=0.99981, LOEUF=0.218)
EXOC3	LoF	gnomad	medium	LoF-intolerant (pLI=0.92216, LOEUF=0.348)
EXOC5	LoF	gnomad	medium	LoF-intolerant (pLI=0.99991, LOEUF=0.178)
EXOC8	LoF	gnomad	medium	LoF-intolerant (pLI=0.99902, LOEUF=0.194)
EXT1	LoF	clingen	high	ClinGen haploinsufficiency=3 (sufficient)
EXT2	LoF	clingen	high	ClinGen haploinsufficiency=3 (sufficient)
EYA1	LoF	clingen	high	ClinGen haploinsufficiency=3 (sufficient)
EYA3	LoF	gnomad	medium	LoF-intolerant (pLI=0.99702, LOEUF=0.264)
EYA4	LoF	clingen	high	ClinGen haploinsufficiency=3 (sufficient)
EZH2	LoF	gnomad	medium	LoF-intolerant (pLI=1.0, LOEUF=0.146)
F8	LoF	clingen	high	ClinGen haploinsufficiency=3 (sufficient)
F9	LoF	clingen	high	ClinGen haploinsufficiency=3 (sufficient)
FADS2	LoF	gnomad	medium	LoF-intolerant (pLI=0.99815, LOEUF=0.232)
FAF1	LoF	gnomad	medium	LoF-intolerant (pLI=0.99895, LOEUF=0.251)
FAF2	LoF	gnomad	medium	LoF-intolerant (pLI=0.99911, LOEUF=0.216)
FAM120A	LoF	gnomad	medium	LoF-intolerant (pLI=1.0, LOEUF=0.163)
FAM120C	LoF	gnomad	medium	LoF-intolerant (pLI=0.99998, LOEUF=0.136)
FAM131B	LoF	gnomad	medium	LoF-intolerant (pLI=0.99092, LOEUF=0.256)
FAM135A	LoF	gnomad	medium	LoF-intolerant (pLI=0.99893, LOEUF=0.265)
FAM135B	LoF	gnomad	medium	LoF-intolerant (pLI=0.99996, LOEUF=0.222)
FAM155A	LoF	gnomad	medium	LoF-intolerant (pLI=0.97586, LOEUF=0.311)
FAM160A2	LoF	gnomad	medium	LoF-intolerant (pLI=0.99023, LOEUF=0.293)
FAM160B1	LoF	gnomad	medium	LoF-intolerant (pLI=0.99898, LOEUF=0.25)
FAM168A	LoF	gnomad	medium	LoF-intolerant (pLI=0.98674, LOEUF=0.229)
FAM169A	LoF	gnomad	medium	LoF-intolerant (pLI=0.99907, LOEUF=0.232)
FAM171A1	LoF	gnomad	medium	LoF-intolerant (pLI=0.98528, LOEUF=0.302)
FAM171A2	LoF	gnomad	medium	LoF-intolerant (pLI=0.90848, LOEUF=0.381)
FAM193A	LoF	gnomad	medium	LoF-intolerant (pLI=0.99993, LOEUF=0.213)
FAM193B	LoF	gnomad	medium	LoF-intolerant (pLI=0.9933, LOEUF=0.275)
FAM196A	LoF	gnomad	medium	LoF-intolerant (pLI=0.9149, LOEUF=0.377)
FAM196B	LoF	gnomad	medium	LoF-intolerant (pLI=0.98467, LOEUF=0.278)
FAM208A	LoF	gnomad	medium	LoF-intolerant (pLI=0.99954, LOEUF=0.258)
FAM208B	LoF	gnomad	medium	LoF-intolerant (pLI=0.30957, LOEUF=0.332)
FAM46A	LoF	gnomad	medium	LoF-intolerant (pLI=0.92482, LOEUF=0.374)
FAM46C	LoF	gnomad	medium	LoF-intolerant (pLI=0.94762, LOEUF=0.322)
FAM49B	LoF	gnomad	medium	LoF-intolerant (pLI=0.97612, LOEUF=0.31)
FAM50A	LoF	gnomad	medium	LoF-intolerant (pLI=0.97913, LOEUF=0.292)
FAM58A	LoF	gnomad	medium	LoF-intolerant (pLI=0.90384, LOEUF=0.396)
FAM60A	LoF	gnomad	medium	LoF-intolerant (pLI=0.96459, LOEUF=0.288)
FAM65A	LoF	gnomad	medium	LoF-intolerant (pLI=0.949, LOEUF=0.315)
FAM65B	LoF	gnomad	medium	LoF-intolerant (pLI=0.92284, LOEUF=0.328)
FANCB	LoF	clingen	high	ClinGen haploinsufficiency=3 (sufficient)
FAR1	LoF	gnomad	medium	LoF-intolerant (pLI=0.98504, LOEUF=0.299)
FASN	LoF	gnomad	medium	LoF-intolerant (pLI=1.0, LOEUF=0.155)
FAT3	LoF	gnomad	medium	LoF-intolerant (pLI=0.99995, LOEUF=0.253)
FAT4	LoF	gnomad	medium	LoF-intolerant (pLI=1.0, LOEUF=0.184)
FAXC	LoF	gnomad	medium	LoF-intolerant (pLI=0.93484, LOEUF=0.36)
FBL	LoF	gnomad	medium	LoF-intolerant (pLI=0.99319, LOEUF=0.246)
FBLN1	LoF	gnomad	medium	LoF-intolerant (pLI=0.91878, LOEUF=0.338)
FBLN5	LoF	gnomad	medium	LoF-intolerant (pLI=0.9997, LOEUF=0.172)
FBN1	LoF	clingen	high	ClinGen haploinsufficiency=3 (sufficient)
FBN2	LoF	gnomad	medium	LoF-intolerant (pLI=1.0, LOEUF=0.205)
FBRS	LoF	gnomad	medium	LoF-intolerant (pLI=0.99987, LOEUF=0.159)
FBXL16	LoF	gnomad	medium	LoF-intolerant (pLI=0.96981, LOEUF=0.311)
FBXL17	LoF	gnomad	medium	LoF-intolerant (pLI=0.99901, LOEUF=0.149)
FBXL19	LoF	gnomad	medium	LoF-intolerant (pLI=0.99997, LOEUF=0.1)
FBXL20	LoF	gnomad	medium	LoF-intolerant (pLI=0.99691, LOEUF=0.257)
FBXL3	LoF	gnomad	medium	LoF-intolerant (pLI=0.9807, LOEUF=0.288)
FBXL5	LoF	gnomad	medium	LoF-intolerant (pLI=0.99854, LOEUF=0.241)
FBXO11	LoF	gnomad	medium	LoF-intolerant (pLI=1.0, LOEUF=0.097)
FBXO21	LoF	gnomad	medium	LoF-intolerant (pLI=0.97537, LOEUF=0.314)
FBXO22	LoF	gnomad	medium	LoF-intolerant (pLI=0.97746, LOEUF=0.296)
FBXO28	LoF	gnomad	medium	LoF-intolerant (pLI=0.98681, LOEUF=0.271)
FBXO3	LoF	gnomad	medium	LoF-intolerant (pLI=0.98916, LOEUF=0.293)
FBXO32	LoF	gnomad	medium	LoF-intolerant (pLI=0.99692, LOEUF=0.222)
FBXO33	LoF	gnomad	medium	LoF-intolerant (pLI=0.99417, LOEUF=0.241)
FBXO38	LoF	gnomad	medium	LoF-intolerant (pLI=0.99879, LOEUF=0.265)
FBXO41	LoF	gnomad	medium	LoF-intolerant (pLI=0.99944, LOEUF=0.207)
FBXO42	LoF	gnomad	medium	LoF-intolerant (pLI=0.99503, LOEUF=0.274)
FBXO45	LoF	gnomad	medium	LoF-intolerant (pLI=0.97063, LOEUF=0.274)
FBXO5	LoF	gnomad	medium	LoF-intolerant (pLI=0.96995, LOEUF=0.32)
FBXW11	LoF	gnomad	medium	LoF-intolerant (pLI=0.97611, LOEUF=0.314)
FBXW2	LoF	gnomad	medium	LoF-intolerant (pLI=0.99877, LOEUF=0.153)
FBXW7	LoF	gnomad	medium	LoF-intolerant (pLI=0.99949, LOEUF=0.232)
FCHO1	LoF	gnomad	medium	LoF-intolerant (pLI=0.99845, LOEUF=0.264)
FCHO2	LoF	gnomad	medium	LoF-intolerant (pLI=0.99973, LOEUF=0.222)
FERMT2	LoF	gnomad	medium	LoF-intolerant (pLI=0.99999, LOEUF=0.13)
FEZF1	LoF	gnomad	medium	LoF-intolerant (pLI=0.95043, LOEUF=0.342)
FEZF2	LoF	gnomad	medium	LoF-intolerant (pLI=0.9886, LOEUF=0.222)
FGD1	LoF	clingen	high	ClinGen haploinsufficiency=3 (sufficient)
FGD5	LoF	gnomad	medium	LoF-intolerant (pLI=1.0, LOEUF=0.162)
FGF10	LoF	clingen	high	ClinGen haploinsufficiency=3 (sufficient)
FGF14	LoF	gnomad	medium	LoF-intolerant (pLI=0.90887, LOEUF=0.392)
FGF17	LoF	gnomad	medium	LoF-intolerant (pLI=0.95609, LOEUF=0.305)
FGF9	LoF	gnomad	medium	LoF-intolerant (pLI=0.94704, LOEUF=0.323)
FGFR1	LoF	clingen	high	ClinGen haploinsufficiency=3 (sufficient)
FGFR2	LoF	gnomad	medium	LoF-intolerant (pLI=0.99731, LOEUF=0.27)
FH	LoF	clingen	high	ClinGen haploinsufficiency=3 (sufficient)
FHL1	LoF	gnomad	medium	LoF-intolerant (pLI=0.96979, LOEUF=0.276)
FIGN	LoF	gnomad	medium	LoF-intolerant (pLI=0.98917, LOEUF=0.281)
FJX1	LoF	gnomad	medium	LoF-intolerant (pLI=0.94412, LOEUF=0.328)
FKBP8	LoF	gnomad	medium	LoF-intolerant (pLI=0.99825, LOEUF=0.161)
FLCN	LoF	clingen	high	ClinGen haploinsufficiency=3 (sufficient)
FLG	LoF	clingen	high	ClinGen haploinsufficiency=3 (sufficient)
FLI1	LoF	gnomad	medium	LoF-intolerant (pLI=0.9894, LOEUF=0.28)
FLNA	LoF	clingen	high	ClinGen haploinsufficiency=3 (sufficient)
FLNC	LoF	clingen	high	ClinGen haploinsufficiency=3 (sufficient)
FLT1	LoF	gnomad	medium	LoF-intolerant (pLI=0.99983, LOEUF=0.246)
FLT3	LoF	gnomad	medium	LoF-intolerant (pLI=0.60777, LOEUF=0.349)
FLT3LG	LoF	gnomad	medium	LoF-intolerant (pLI=0.9404, LOEUF=0.356)
FLT4	LoF	gnomad	medium	LoF-intolerant (pLI=1.0, LOEUF=0.147)
FMN2	LoF	gnomad	medium	LoF-intolerant (pLI=0.99772, LOEUF=0.274)
FMNL1	LoF	gnomad	medium	LoF-intolerant (pLI=0.99985, LOEUF=0.23)
FMNL2	LoF	gnomad	medium	LoF-intolerant (pLI=0.9932, LOEUF=0.288)
FMR1	LoF	clingen	high	ClinGen haploinsufficiency=3 (sufficient)
FN1	LoF	gnomad	medium	LoF-intolerant (pLI=0.0014045, LOEUF=0.338)
FNBP4	LoF	gnomad	medium	LoF-intolerant (pLI=1.0, LOEUF=0.142)
FNDC3A	LoF	gnomad	medium	LoF-intolerant (pLI=0.99998, LOEUF=0.221)
FNDC3B	LoF	gnomad	medium	LoF-intolerant (pLI=1.0, LOEUF=0.042)
FNIP1	LoF	gnomad	medium	LoF-intolerant (pLI=0.99957, LOEUF=0.251)
FNIP2	LoF	gnomad	medium	LoF-intolerant (pLI=1.0, LOEUF=0.13)
FNTA	LoF	gnomad	medium	LoF-intolerant (pLI=0.94721, LOEUF=0.345)
FOSB	LoF	gnomad	medium	LoF-intolerant (pLI=0.97553, LOEUF=0.3)
FOSL2	LoF	gnomad	medium	LoF-intolerant (pLI=0.98293, LOEUF=0.241)
FOXB1	LoF	gnomad	medium	LoF-intolerant (pLI=0.90634, LOEUF=0.392)
FOXC1	LoF	clingen	high	ClinGen haploinsufficiency=3 (sufficient)
FOXC2	LoF	clingen	high	ClinGen haploinsufficiency=3 (sufficient)
FOXF1	LoF	clingen	high	ClinGen haploinsufficiency=3 (sufficient)
FOXG1	LoF	clingen	high	ClinGen haploinsufficiency=3 (sufficient)
FOXJ1	LoF	gnomad	medium	LoF-intolerant (pLI=0.96901, LOEUF=0.278)
FOXJ2	LoF	gnomad	medium	LoF-intolerant (pLI=0.99846, LOEUF=0.242)
FOXJ3	LoF	gnomad	medium	LoF-intolerant (pLI=0.99598, LOEUF=0.27)
FOXL2	LoF	clingen	high	ClinGen haploinsufficiency=3 (sufficient)
FOXN1	LoF	gnomad	medium	LoF-intolerant (pLI=0.94214, LOEUF=0.349)
FOXN3	LoF	gnomad	medium	LoF-intolerant (pLI=0.93167, LOEUF=0.363)
FOXO1	LoF	gnomad	medium	LoF-intolerant (pLI=0.99725, LOEUF=0.173)
FOXO3	LoF	gnomad	medium	LoF-intolerant (pLI=0.98806, LOEUF=0.267)
FOXP1	LoF	clingen	high	ClinGen haploinsufficiency=3 (sufficient)
FOXP2	LoF	clingen	high	ClinGen haploinsufficiency=3 (sufficient)
FOXP3	LoF	gnomad	medium	LoF-intolerant (pLI=0.99424, LOEUF=0.195)
FOXP4	LoF	gnomad	medium	LoF-intolerant (pLI=0.98242, LOEUF=0.306)
FRMD4A	LoF	gnomad	medium	LoF-intolerant (pLI=1.0, LOEUF=0.135)
FRMD4B	LoF	gnomad	medium	LoF-intolerant (pLI=0.4539, LOEUF=0.349)
FRMD5	LoF	gnomad	medium	LoF-intolerant (pLI=0.99724, LOEUF=0.254)
FRMD7	LoF	clingen	high	ClinGen haploinsufficiency=3 (sufficient)
FRMPD4	LoF	gnomad	medium	LoF-intolerant (pLI=1.0, LOEUF=0.083)
FRS2	LoF	gnomad	medium	LoF-intolerant (pLI=0.99721, LOEUF=0.219)
FRY	LoF	gnomad	medium	LoF-intolerant (pLI=1.0, LOEUF=0.212)
FRYL	LoF	gnomad	medium	LoF-intolerant (pLI=0.99727, LOEUF=0.272)
FST	LoF	gnomad	medium	LoF-intolerant (pLI=0.98014, LOEUF=0.29)
FTSJ1	LoF	gnomad	medium	LoF-intolerant (pLI=0.99254, LOEUF=0.204)
FUBP1	LoF	gnomad	medium	LoF-intolerant (pLI=1.0, LOEUF=0.115)
FURIN	LoF	gnomad	medium	LoF-intolerant (pLI=0.99994, LOEUF=0.191)
FUS	LoF	gnomad	medium	LoF-intolerant (pLI=0.9993, LOEUF=0.237)
FXR1	LoF	gnomad	medium	LoF-intolerant (pLI=1.0, LOEUF=0.119)
FXR2	LoF	gnomad	medium	LoF-intolerant (pLI=0.99996, LOEUF=0.185)
FYN	LoF	gnomad	medium	LoF-intolerant (pLI=0.99406, LOEUF=0.278)
FZD4	LoF	clingen	high	ClinGen haploinsufficiency=3 (sufficient)
FZD5	LoF	gnomad	medium	LoF-intolerant (pLI=0.98255, LOEUF=0.283)
FZR1	LoF	gnomad	medium	LoF-intolerant (pLI=0.99969, LOEUF=0.172)
G2E3	LoF	gnomad	medium	LoF-intolerant (pLI=0.97083, LOEUF=0.315)
G3BP2	LoF	gnomad	medium	LoF-intolerant (pLI=0.99954, LOEUF=0.179)
G6PD	LoF	gnomad	medium	LoF-intolerant (pLI=0.97158, LOEUF=0.318)
GAB2	LoF	gnomad	medium	LoF-intolerant (pLI=0.98325, LOEUF=0.304)
GAB3	LoF	gnomad	medium	LoF-intolerant (pLI=0.9536, LOEUF=0.341)
GABBR1	LoF	gnomad	medium	LoF-intolerant (pLI=0.99991, LOEUF=0.224)
GABBR2	LoF	gnomad	medium	LoF-intolerant (pLI=0.99999, LOEUF=0.167)
GABPA	LoF	gnomad	medium	LoF-intolerant (pLI=0.99812, LOEUF=0.232)
GABPB1	LoF	gnomad	medium	LoF-intolerant (pLI=0.91121, LOEUF=0.369)
GABRA1	LoF	gnomad	medium	LoF-intolerant (pLI=0.91489, LOEUF=0.367)
GABRA2	LoF	gnomad	medium	LoF-intolerant (pLI=0.99598, LOEUF=0.229)
GABRA5	LoF	gnomad	medium	LoF-intolerant (pLI=0.90535, LOEUF=0.372)
GABRB1	LoF	gnomad	medium	LoF-intolerant (pLI=0.98116, LOEUF=0.306)
GABRB3	LoF	gnomad	medium	LoF-intolerant (pLI=0.95138, LOEUF=0.341)
GABRD	LoF	gnomad	medium	LoF-intolerant (pLI=0.99345, LOEUF=0.245)
GALNT13	LoF	gnomad	medium	LoF-intolerant (pLI=0.99066, LOEUF=0.285)
GANAB	LoF	clingen	high	ClinGen haploinsufficiency=3 (sufficient)
GAPVD1	LoF	gnomad	medium	LoF-intolerant (pLI=1.0, LOEUF=0.125)
GATA1	LoF	gnomad	medium	LoF-intolerant (pLI=0.94798, LOEUF=0.321)
GATA2	LoF	clingen	high	ClinGen haploinsufficiency=3 (sufficient)
GATA3	LoF	clingen	high	ClinGen haploinsufficiency=3 (sufficient)
GATA4	LoF	clingen	high	ClinGen haploinsufficiency=3 (sufficient)
GATA6	LoF	clingen	high	ClinGen haploinsufficiency=3 (sufficient)
GATAD2A	LoF	gnomad	medium	LoF-intolerant (pLI=0.99957, LOEUF=0.202)
GATAD2B	LoF	clingen	high	ClinGen haploinsufficiency=3 (sufficient)
GCH1	LoF	clingen	high	ClinGen haploinsufficiency=3 (sufficient)
GCK	LoF	clingen	high	ClinGen haploinsufficiency=3 (sufficient)
GCLM	LoF	gnomad	medium	LoF-intolerant (pLI=0.99011, LOEUF=0.216)
GCM1	LoF	gnomad	medium	LoF-intolerant (pLI=0.999, LOEUF=0.149)
GCN1L1	LoF	gnomad	medium	LoF-intolerant (pLI=1.0, LOEUF=0.208)
GDA	LoF	gnomad	medium	LoF-intolerant (pLI=0.99867, LOEUF=0.224)
GDF11	LoF	gnomad	medium	LoF-intolerant (pLI=0.97645, LOEUF=0.298)
GDF5	LoF	clingen	high	ClinGen haploinsufficiency=3 (sufficient)
GDF6	LoF	gnomad	medium	LoF-intolerant (pLI=0.98833, LOEUF=0.223)
GDI1	LoF	gnomad	medium	LoF-intolerant (pLI=0.99471, LOEUF=0.192)
GEMIN8	LoF	gnomad	medium	LoF-intolerant (pLI=0.94464, LOEUF=0.327)
GFPT1	LoF	gnomad	medium	LoF-intolerant (pLI=0.89953, LOEUF=0.338)
GGA1	LoF	gnomad	medium	LoF-intolerant (pLI=0.99992, LOEUF=0.153)
GGNBP2	LoF	gnomad	medium	LoF-intolerant (pLI=1.0, LOEUF=0.073)
GGT7	LoF	gnomad	medium	LoF-intolerant (pLI=0.98393, LOEUF=0.303)
GID4	LoF	gnomad	medium	LoF-intolerant (pLI=0.92062, LOEUF=0.379)
GID8	LoF	gnomad	medium	LoF-intolerant (pLI=0.93963, LOEUF=0.357)
GIGYF2	LoF	gnomad	medium	LoF-intolerant (pLI=1.0, LOEUF=0.077)
GIT1	LoF	gnomad	medium	LoF-intolerant (pLI=0.99978, LOEUF=0.22)
GIT2	LoF	gnomad	medium	LoF-intolerant (pLI=0.99793, LOEUF=0.266)
GJC1	LoF	gnomad	medium	LoF-intolerant (pLI=0.98795, LOEUF=0.224)
GK	LoF	clingen	high	ClinGen haploinsufficiency=3 (sufficient)
GLA	LoF	clingen	high	ClinGen haploinsufficiency=3 (sufficient)
GLG1	LoF	gnomad	medium	LoF-intolerant (pLI=1.0, LOEUF=0.207)
GLI2	LoF	clingen	high	ClinGen haploinsufficiency=3 (sufficient)
GLI3	LoF	clingen	high	ClinGen haploinsufficiency=3 (sufficient)
GLMN	LoF	clingen	high	ClinGen haploinsufficiency=3 (sufficient)
GLRA2	LoF	gnomad	medium	LoF-intolerant (pLI=0.97334, LOEUF=0.304)
GLS	LoF	gnomad	medium	LoF-intolerant (pLI=0.96154, LOEUF=0.323)
GLTSCR1	LoF	gnomad	medium	LoF-intolerant (pLI=0.98349, LOEUF=0.304)
GLTSCR1L	LoF	gnomad	medium	LoF-intolerant (pLI=1.0, LOEUF=0.071)
GLUL	LoF	gnomad	medium	LoF-intolerant (pLI=0.9957, LOEUF=0.185)
GLYR1	LoF	gnomad	medium	LoF-intolerant (pLI=0.99973, LOEUF=0.195)
GMDS	LoF	gnomad	medium	LoF-intolerant (pLI=0.99132, LOEUF=0.273)
GMEB1	LoF	gnomad	medium	LoF-intolerant (pLI=0.98549, LOEUF=0.291)
GMEB2	LoF	gnomad	medium	LoF-intolerant (pLI=0.99495, LOEUF=0.236)
GMPS	LoF	gnomad	medium	LoF-intolerant (pLI=0.99825, LOEUF=0.244)
GNA12	LoF	gnomad	medium	LoF-intolerant (pLI=0.96994, LOEUF=0.276)
GNAI1	LoF	gnomad	medium	LoF-intolerant (pLI=0.91125, LOEUF=0.379)
GNAL	LoF	gnomad	medium	LoF-intolerant (pLI=0.99829, LOEUF=0.206)
GNAO1	LoF	gnomad	medium	LoF-intolerant (pLI=0.98963, LOEUF=0.261)
GNAQ	LoF	gnomad	medium	LoF-intolerant (pLI=0.98069, LOEUF=0.302)
GNAS	LoF	clingen	high	ClinGen haploinsufficiency=3 (sufficient)
GNAZ	LoF	gnomad	medium	LoF-intolerant (pLI=0.96272, LOEUF=0.292)
GNB1	LoF	gnomad	medium	LoF-intolerant (pLI=0.9992, LOEUF=0.145)
GNB2	LoF	gnomad	medium	LoF-intolerant (pLI=0.98876, LOEUF=0.265)
GNB2L1	LoF	gnomad	medium	LoF-intolerant (pLI=0.99836, LOEUF=0.16)
GNL1	LoF	gnomad	medium	LoF-intolerant (pLI=0.99928, LOEUF=0.227)
GNL3L	LoF	gnomad	medium	LoF-intolerant (pLI=0.99558, LOEUF=0.232)
GOLGA2	LoF	gnomad	medium	LoF-intolerant (pLI=0.98756, LOEUF=0.295)
GON4L	LoF	gnomad	medium	LoF-intolerant (pLI=0.9515, LOEUF=0.299)
GPATCH8	LoF	gnomad	medium	LoF-intolerant (pLI=1.0, LOEUF=0.17)
GPC3	LoF	clingen	high	ClinGen haploinsufficiency=3 (sufficient)
GPC4	LoF	gnomad	medium	LoF-intolerant (pLI=0.92613, LOEUF=0.368)
GPHN	LoF	gnomad	medium	LoF-intolerant (pLI=0.99998, LOEUF=0.177)
GPKOW	LoF	gnomad	medium	LoF-intolerant (pLI=0.99553, LOEUF=0.187)
GPM6A	LoF	gnomad	medium	LoF-intolerant (pLI=0.98962, LOEUF=0.218)
GPR143	LoF	gnomad	medium	LoF-intolerant (pLI=0.92526, LOEUF=0.374)
GPR64	LoF	gnomad	medium	LoF-intolerant (pLI=0.92694, LOEUF=0.34)
GPRASP2	LoF	gnomad	medium	LoF-intolerant (pLI=0.98751, LOEUF=0.269)
GPRIN1	LoF	gnomad	medium	LoF-intolerant (pLI=0.97001, LOEUF=0.32)
GPS1	LoF	gnomad	medium	LoF-intolerant (pLI=0.99819, LOEUF=0.231)
GRAMD1B	LoF	gnomad	medium	LoF-intolerant (pLI=0.99929, LOEUF=0.245)
GRAMD4	LoF	gnomad	medium	LoF-intolerant (pLI=0.99998, LOEUF=0.162)
GRASP	LoF	gnomad	medium	LoF-intolerant (pLI=0.90123, LOEUF=0.387)
GRB10	LoF	gnomad	medium	LoF-intolerant (pLI=0.93945, LOEUF=0.335)
GRB2	LoF	gnomad	medium	LoF-intolerant (pLI=0.93934, LOEUF=0.357)
GREB1L	LoF	gnomad	medium	LoF-intolerant (pLI=1.0, LOEUF=0.075)
GRHL2	LoF	gnomad	medium	LoF-intolerant (pLI=0.99683, LOEUF=0.27)
GRHL3	LoF	gnomad	medium	LoF-intolerant (pLI=0.99292, LOEUF=0.277)
GRIA1	LoF	gnomad	medium	LoF-intolerant (pLI=0.99869, LOEUF=0.259)
GRIA2	LoF	gnomad	medium	LoF-intolerant (pLI=0.99916, LOEUF=0.247)
GRIA3	LoF	gnomad	medium	LoF-intolerant (pLI=0.99976, LOEUF=0.193)
GRID1	LoF	gnomad	medium	LoF-intolerant (pLI=0.99931, LOEUF=0.244)
GRID2	LoF	gnomad	medium	LoF-intolerant (pLI=1.0, LOEUF=0.17)
GRIK2	LoF	gnomad	medium	LoF-intolerant (pLI=0.99841, LOEUF=0.262)
GRIK3	LoF	gnomad	medium	LoF-intolerant (pLI=0.99998, LOEUF=0.192)
GRIK5	LoF	gnomad	medium	LoF-intolerant (pLI=0.99425, LOEUF=0.285)
GRIN1	LoF	gnomad	medium	LoF-intolerant (pLI=0.97629, LOEUF=0.309)
GRIN2A	LoF	clingen	high	ClinGen haploinsufficiency=3 (sufficient)
GRIN2B	LoF	clingen	high	ClinGen haploinsufficiency=3 (sufficient)
GRIN2D	LoF	gnomad	medium	LoF-intolerant (pLI=0.99996, LOEUF=0.167)
GRIPAP1	LoF	gnomad	medium	LoF-intolerant (pLI=0.99998, LOEUF=0.159)
GRM4	LoF	gnomad	medium	LoF-intolerant (pLI=0.99307, LOEUF=0.285)
GRM5	LoF	gnomad	medium	LoF-intolerant (pLI=0.99872, LOEUF=0.254)
GRM7	LoF	gnomad	medium	LoF-intolerant (pLI=0.99896, LOEUF=0.244)
GSE1	LoF	gnomad	medium	LoF-intolerant (pLI=1.0, LOEUF=0.128)
GSK3A	LoF	gnomad	medium	LoF-intolerant (pLI=0.9997, LOEUF=0.128)
GSK3B	LoF	gnomad	medium	LoF-intolerant (pLI=0.95571, LOEUF=0.334)
GSPT1	LoF	gnomad	medium	LoF-intolerant (pLI=0.99986, LOEUF=0.16)
GSPT2	LoF	gnomad	medium	LoF-intolerant (pLI=0.98321, LOEUF=0.24)
GTF2A1	LoF	gnomad	medium	LoF-intolerant (pLI=0.99038, LOEUF=0.277)
GTF2H1	LoF	gnomad	medium	LoF-intolerant (pLI=0.98982, LOEUF=0.291)
GTF2I	LoF	gnomad	medium	LoF-intolerant (pLI=0.99592, LOEUF=0.27)
GTF2IRD1	LoF	gnomad	medium	LoF-intolerant (pLI=0.90039, LOEUF=0.329)
GTF3C1	LoF	gnomad	medium	LoF-intolerant (pLI=1.0, LOEUF=0.173)
GTF3C2	LoF	gnomad	medium	LoF-intolerant (pLI=0.9944, LOEUF=0.285)
GTPBP1	LoF	gnomad	medium	LoF-intolerant (pLI=0.93001, LOEUF=0.351)
GTPBP4	LoF	gnomad	medium	LoF-intolerant (pLI=1.0, LOEUF=0.08)
H2AFY2	LoF	gnomad	medium	LoF-intolerant (pLI=0.97635, LOEUF=0.298)
HAS2	LoF	gnomad	medium	LoF-intolerant (pLI=0.99013, LOEUF=0.277)
HAUS7	LoF	gnomad	medium	LoF-intolerant (pLI=0.98913, LOEUF=0.22)
HCFC1	LoF	gnomad	medium	LoF-intolerant (pLI=1.0, LOEUF=0.06)
HCFC2	LoF	gnomad	medium	LoF-intolerant (pLI=0.99989, LOEUF=0.198)
HCN1	LoF	gnomad	medium	LoF-intolerant (pLI=0.99989, LOEUF=0.181)
HCN4	LoF	gnomad	medium	LoF-intolerant (pLI=0.99867, LOEUF=0.239)
HDAC2	LoF	gnomad	medium	LoF-intolerant (pLI=0.99997, LOEUF=0.1)
HDAC4	LoF	gnomad	medium	LoF-intolerant (pLI=1.0, LOEUF=0.052)
HDAC5	LoF	gnomad	medium	LoF-intolerant (pLI=1.0, LOEUF=0.141)
HDAC6	LoF	gnomad	medium	LoF-intolerant (pLI=1.0, LOEUF=0.072)
HDAC7	LoF	gnomad	medium	LoF-intolerant (pLI=0.99969, LOEUF=0.239)
HDAC8	LoF	clingen	high	ClinGen haploinsufficiency=3 (sufficient)
HDAC9	LoF	gnomad	medium	LoF-intolerant (pLI=0.99973, LOEUF=0.248)
HDGFRP3	LoF	gnomad	medium	LoF-intolerant (pLI=0.9738, LOEUF=0.266)
HDLBP	LoF	gnomad	medium	LoF-intolerant (pLI=1.0, LOEUF=0.154)
HEATR1	LoF	gnomad	medium	LoF-intolerant (pLI=1.0, LOEUF=0.137)
HECTD1	LoF	gnomad	medium	LoF-intolerant (pLI=1.0, LOEUF=0.158)
HECTD2	LoF	gnomad	medium	LoF-intolerant (pLI=0.99806, LOEUF=0.265)
HECTD4	LoF	gnomad	medium	LoF-intolerant (pLI=1.0, LOEUF=0.127)
HECW1	LoF	gnomad	medium	LoF-intolerant (pLI=0.99982, LOEUF=0.253)
HECW2	LoF	gnomad	medium	LoF-intolerant (pLI=0.9997, LOEUF=0.257)
HELLS	LoF	gnomad	medium	LoF-intolerant (pLI=0.99979, LOEUF=0.239)
HELZ	LoF	gnomad	medium	LoF-intolerant (pLI=1.0, LOEUF=0.048)
HERC1	LoF	gnomad	medium	LoF-intolerant (pLI=1.0, LOEUF=0.24)
HERC2	LoF	gnomad	medium	LoF-intolerant (pLI=1.0, LOEUF=0.201)
HERC4	LoF	gnomad	medium	LoF-intolerant (pLI=0.99961, LOEUF=0.246)
HERPUD1	LoF	gnomad	medium	LoF-intolerant (pLI=0.99582, LOEUF=0.23)
HERPUD2	LoF	gnomad	medium	LoF-intolerant (pLI=0.94702, LOEUF=0.345)
HEXIM1	LoF	gnomad	medium	LoF-intolerant (pLI=0.98396, LOEUF=0.238)
HGF	LoF	gnomad	medium	LoF-intolerant (pLI=0.99947, LOEUF=0.25)
HHIP	LoF	gnomad	medium	LoF-intolerant (pLI=0.95436, LOEUF=0.331)
HIAT1	LoF	gnomad	medium	LoF-intolerant (pLI=0.97172, LOEUF=0.32)
HIC2	LoF	gnomad	medium	LoF-intolerant (pLI=0.99668, LOEUF=0.178)
HIF1A	LoF	gnomad	medium	LoF-intolerant (pLI=0.9777, LOEUF=0.309)
HIP1	LoF	gnomad	medium	LoF-intolerant (pLI=0.76173, LOEUF=0.33)
HIPK1	LoF	gnomad	medium	LoF-intolerant (pLI=1.0, LOEUF=0.121)
HIPK2	LoF	gnomad	medium	LoF-intolerant (pLI=1.0, LOEUF=0.156)
HIRA	LoF	gnomad	medium	LoF-intolerant (pLI=1.0, LOEUF=0.136)
HIVEP1	LoF	gnomad	medium	LoF-intolerant (pLI=1.0, LOEUF=0.173)
HIVEP2	LoF	clingen	high	ClinGen haploinsufficiency=3 (sufficient)
HIVEP3	LoF	gnomad	medium	LoF-intolerant (pLI=0.90584, LOEUF=0.313)
HK1	LoF	gnomad	medium	LoF-intolerant (pLI=0.91459, LOEUF=0.334)
HLF	LoF	gnomad	medium	LoF-intolerant (pLI=0.95215, LOEUF=0.313)
HMBOX1	LoF	gnomad	medium	LoF-intolerant (pLI=0.99805, LOEUF=0.233)
HMBS	LoF	clingen	high	ClinGen haploinsufficiency=3 (sufficient)
HMGB2	LoF	gnomad	medium	LoF-intolerant (pLI=0.95087, LOEUF=0.315)
HMGCR	LoF	gnomad	medium	LoF-intolerant (pLI=0.99861, LOEUF=0.26)
HMGCS1	LoF	gnomad	medium	LoF-intolerant (pLI=0.99824, LOEUF=0.207)
HMGXB3	LoF	gnomad	medium	LoF-intolerant (pLI=0.999, LOEUF=0.258)
HMX3	LoF	gnomad	medium	LoF-intolerant (pLI=0.91992, LOEUF=0.37)
HNF1A	LoF	clingen	high	ClinGen haploinsufficiency=3 (sufficient)
HNF1B	LoF	clingen	high	ClinGen haploinsufficiency=3 (sufficient)
HNF4A	LoF	clingen	high	ClinGen haploinsufficiency=3 (sufficient)
HNRNPA0	LoF	gnomad	medium	LoF-intolerant (pLI=0.91616, LOEUF=0.376)
HNRNPA1	LoF	gnomad	medium	LoF-intolerant (pLI=0.99911, LOEUF=0.147)
HNRNPA2B1	LoF	gnomad	medium	LoF-intolerant (pLI=0.99732, LOEUF=0.218)
HNRNPA3	LoF	gnomad	medium	LoF-intolerant (pLI=0.99543, LOEUF=0.233)
HNRNPC	LoF	gnomad	medium	LoF-intolerant (pLI=0.97772, LOEUF=0.295)
HNRNPD	LoF	gnomad	medium	LoF-intolerant (pLI=0.99621, LOEUF=0.227)
HNRNPF	LoF	gnomad	medium	LoF-intolerant (pLI=0.96415, LOEUF=0.289)
HNRNPH1	LoF	gnomad	medium	LoF-intolerant (pLI=0.99993, LOEUF=0.109)
HNRNPH2	LoF	gnomad	medium	LoF-intolerant (pLI=0.95448, LOEUF=0.309)
HNRNPH3	LoF	gnomad	medium	LoF-intolerant (pLI=0.99221, LOEUF=0.27)
HNRNPK	LoF	clingen	high	ClinGen haploinsufficiency=3 (sufficient)
HNRNPL	LoF	gnomad	medium	LoF-intolerant (pLI=0.99685, LOEUF=0.244)
HNRNPLL	LoF	gnomad	medium	LoF-intolerant (pLI=0.91907, LOEUF=0.349)
HNRNPM	LoF	gnomad	medium	LoF-intolerant (pLI=0.99999, LOEUF=0.093)
HNRNPR	LoF	gnomad	medium	LoF-intolerant (pLI=0.99935, LOEUF=0.21)
HNRNPU	LoF	clingen	high	ClinGen haploinsufficiency=3 (sufficient)
HNRNPUL1	LoF	gnomad	medium	LoF-intolerant (pLI=0.99999, LOEUF=0.186)
HNRNPUL2	LoF	gnomad	medium	LoF-intolerant (pLI=0.99979, LOEUF=0.227)
HOMER1	LoF	gnomad	medium	LoF-intolerant (pLI=0.9992, LOEUF=0.145)
HOMER3	LoF	gnomad	medium	LoF-intolerant (pLI=0.95363, LOEUF=0.341)
HOOK3	LoF	gnomad	medium	LoF-intolerant (pLI=1.0, LOEUF=0.155)
HORMAD1	LoF	gnomad	medium	LoF-intolerant (pLI=0.94885, LOEUF=0.343)
HOXA11	LoF	gnomad	medium	LoF-intolerant (pLI=0.94342, LOEUF=0.329)
HOXA13	LoF	gnomad	medium	LoF-intolerant (pLI=0.9551, LOEUF=0.307)
HOXA3	LoF	gnomad	medium	LoF-intolerant (pLI=0.9445, LOEUF=0.35)
HOXD13	LoF	clingen	high	ClinGen haploinsufficiency=3 (sufficient)
HP1BP3	LoF	gnomad	medium	LoF-intolerant (pLI=0.98422, LOEUF=0.3)
HPN	LoF	gnomad	medium	LoF-intolerant (pLI=0.99911, LOEUF=0.192)
HPRT1	LoF	clingen	high	ClinGen haploinsufficiency=3 (sufficient)
HS6ST1	LoF	gnomad	medium	LoF-intolerant (pLI=0.92349, LOEUF=0.376)
HS6ST3	LoF	gnomad	medium	LoF-intolerant (pLI=0.99001, LOEUF=0.216)
HSD17B10	LoF	gnomad	medium	LoF-intolerant (pLI=0.93604, LOEUF=0.342)
HSF2	LoF	gnomad	medium	LoF-intolerant (pLI=0.97536, LOEUF=0.315)
HSF5	LoF	gnomad	medium	LoF-intolerant (pLI=0.98254, LOEUF=0.298)
HSP90AB1	LoF	gnomad	medium	LoF-intolerant (pLI=0.99923, LOEUF=0.213)
HSP90B1	LoF	gnomad	medium	LoF-intolerant (pLI=0.9972, LOEUF=0.271)
HSPA12A	LoF	gnomad	medium	LoF-intolerant (pLI=0.98436, LOEUF=0.302)
HSPA4	LoF	gnomad	medium	LoF-intolerant (pLI=0.99954, LOEUF=0.244)
HSPA8	LoF	gnomad	medium	LoF-intolerant (pLI=0.99863, LOEUF=0.201)
HSPA9	LoF	gnomad	medium	LoF-intolerant (pLI=0.96852, LOEUF=0.319)
HSPD1	LoF	gnomad	medium	LoF-intolerant (pLI=0.99257, LOEUF=0.268)
HSPE1-MOB4	LoF	gnomad	medium	LoF-intolerant (pLI=0.9709, LOEUF=0.309)
HSPH1	LoF	gnomad	medium	LoF-intolerant (pLI=0.99822, LOEUF=0.264)
HTATSF1	LoF	gnomad	medium	LoF-intolerant (pLI=0.9974, LOEUF=0.217)
HTT	LoF	gnomad	medium	LoF-intolerant (pLI=1.0, LOEUF=0.176)
HUNK	LoF	gnomad	medium	LoF-intolerant (pLI=0.99589, LOEUF=0.263)
HUWE1	LoF	gnomad	medium	LoF-intolerant (pLI=1.0, LOEUF=0.06)
HYOU1	LoF	gnomad	medium	LoF-intolerant (pLI=0.86105, LOEUF=0.331)
IDS	LoF	clingen	high	ClinGen haploinsufficiency=3 (sufficient)
IFNGR2	LoF	gnomad	medium	LoF-intolerant (pLI=0.95281, LOEUF=0.339)
IGBP1	LoF	gnomad	medium	LoF-intolerant (pLI=0.98274, LOEUF=0.242)
IGF1R	LoF	clingen	high	ClinGen haploinsufficiency=3 (sufficient)
IGF2BP1	LoF	gnomad	medium	LoF-intolerant (pLI=0.99933, LOEUF=0.226)
IGF2BP3	LoF	gnomad	medium	LoF-intolerant (pLI=0.99999, LOEUF=0.095)
IGF2R	LoF	gnomad	medium	LoF-intolerant (pLI=1.0, LOEUF=0.212)
IGFBP3	LoF	gnomad	medium	LoF-intolerant (pLI=0.91029, LOEUF=0.385)
IGFBP5	LoF	gnomad	medium	LoF-intolerant (pLI=0.96283, LOEUF=0.292)
IGSF1	LoF	gnomad	medium	LoF-intolerant (pLI=0.99993, LOEUF=0.214)
IGSF9B	LoF	gnomad	medium	LoF-intolerant (pLI=0.86551, LOEUF=0.324)
IKBKB	LoF	gnomad	medium	LoF-intolerant (pLI=0.99192, LOEUF=0.29)
IKBKG	LoF	clingen	high	ClinGen haploinsufficiency=3 (sufficient)
IKZF1	LoF	clingen	high	ClinGen haploinsufficiency=3 (sufficient)
IKZF2	LoF	gnomad	medium	LoF-intolerant (pLI=0.98731, LOEUF=0.286)
IKZF3	LoF	gnomad	medium	LoF-intolerant (pLI=0.98416, LOEUF=0.294)
IL13RA1	LoF	gnomad	medium	LoF-intolerant (pLI=0.96333, LOEUF=0.323)
IL1RAPL1	LoF	clingen	high	ClinGen haploinsufficiency=3 (sufficient)
IL1RAPL2	LoF	gnomad	medium	LoF-intolerant (pLI=0.98424, LOEUF=0.294)
IL21R	LoF	gnomad	medium	LoF-intolerant (pLI=0.99835, LOEUF=0.205)
IL2RG	LoF	gnomad	medium	LoF-intolerant (pLI=0.99152, LOEUF=0.209)
IL6ST	LoF	gnomad	medium	LoF-intolerant (pLI=0.99978, LOEUF=0.228)
IL7	LoF	gnomad	medium	LoF-intolerant (pLI=0.92574, LOEUF=0.36)
ILDR2	LoF	gnomad	medium	LoF-intolerant (pLI=0.95385, LOEUF=0.335)
ILF2	LoF	gnomad	medium	LoF-intolerant (pLI=0.9965, LOEUF=0.247)
ILF3	LoF	gnomad	medium	LoF-intolerant (pLI=1.0, LOEUF=0.098)
ILKAP	LoF	gnomad	medium	LoF-intolerant (pLI=0.98116, LOEUF=0.301)
INCENP	LoF	gnomad	medium	LoF-intolerant (pLI=0.88595, LOEUF=0.336)
INF2	LoF	gnomad	medium	LoF-intolerant (pLI=0.97346, LOEUF=0.307)
ING3	LoF	gnomad	medium	LoF-intolerant (pLI=0.99933, LOEUF=0.211)
INHBA	LoF	gnomad	medium	LoF-intolerant (pLI=0.97979, LOEUF=0.251)
INHBB	LoF	gnomad	medium	LoF-intolerant (pLI=0.97287, LOEUF=0.269)
INO80	LoF	gnomad	medium	LoF-intolerant (pLI=1.0, LOEUF=0.081)
INO80D	LoF	gnomad	medium	LoF-intolerant (pLI=0.99962, LOEUF=0.228)
INPP4A	LoF	gnomad	medium	LoF-intolerant (pLI=0.99952, LOEUF=0.249)
INPP5A	LoF	gnomad	medium	LoF-intolerant (pLI=0.98121, LOEUF=0.308)
INPP5D	LoF	gnomad	medium	LoF-intolerant (pLI=0.97198, LOEUF=0.306)
INTS10	LoF	gnomad	medium	LoF-intolerant (pLI=0.99999, LOEUF=0.156)
INTS2	LoF	gnomad	medium	LoF-intolerant (pLI=0.99698, LOEUF=0.277)
INTS3	LoF	gnomad	medium	LoF-intolerant (pLI=0.99972, LOEUF=0.251)
INTS6	LoF	gnomad	medium	LoF-intolerant (pLI=1.0, LOEUF=0.136)
INTS8	LoF	gnomad	medium	LoF-intolerant (pLI=0.9439, LOEUF=0.314)
IP6K1	LoF	gnomad	medium	LoF-intolerant (pLI=0.92674, LOEUF=0.367)
IP6K2	LoF	gnomad	medium	LoF-intolerant (pLI=0.973, LOEUF=0.316)
IPMK	LoF	gnomad	medium	LoF-intolerant (pLI=0.96258, LOEUF=0.33)
IPO13	LoF	gnomad	medium	LoF-intolerant (pLI=0.99998, LOEUF=0.198)
IPO5	LoF	gnomad	medium	LoF-intolerant (pLI=1.0, LOEUF=0.122)
IPO7	LoF	gnomad	medium	LoF-intolerant (pLI=1.0, LOEUF=0.106)
IPO9	LoF	gnomad	medium	LoF-intolerant (pLI=0.9999, LOEUF=0.23)
IQGAP1	LoF	gnomad	medium	LoF-intolerant (pLI=0.99754, LOEUF=0.275)
IQSEC1	LoF	gnomad	medium	LoF-intolerant (pLI=0.99969, LOEUF=0.224)
IQSEC2	LoF	clingen	high	ClinGen haploinsufficiency=3 (sufficient)
IRAK1	LoF	gnomad	medium	LoF-intolerant (pLI=0.98774, LOEUF=0.285)
IREB2	LoF	gnomad	medium	LoF-intolerant (pLI=0.99991, LOEUF=0.223)
IRF1	LoF	gnomad	medium	LoF-intolerant (pLI=0.9909, LOEUF=0.256)
IRF2BP1	LoF	gnomad	medium	LoF-intolerant (pLI=0.99024, LOEUF=0.259)
IRF6	LoF	clingen	high	ClinGen haploinsufficiency=3 (sufficient)
IRF8	LoF	gnomad	medium	LoF-intolerant (pLI=0.94807, LOEUF=0.344)
IRS2	LoF	gnomad	medium	LoF-intolerant (pLI=0.99032, LOEUF=0.286)
IRX5	LoF	gnomad	medium	LoF-intolerant (pLI=0.9747, LOEUF=0.302)
ISY1	LoF	gnomad	medium	LoF-intolerant (pLI=0.9999, LOEUF=0.114)
ISY1-RAB43	LoF	gnomad	medium	LoF-intolerant (pLI=0.9997, LOEUF=0.172)
ITCH	LoF	gnomad	medium	LoF-intolerant (pLI=0.99997, LOEUF=0.218)
ITGA5	LoF	gnomad	medium	LoF-intolerant (pLI=0.42455, LOEUF=0.345)
ITGB1	LoF	gnomad	medium	LoF-intolerant (pLI=0.98208, LOEUF=0.306)
ITGB8	LoF	gnomad	medium	LoF-intolerant (pLI=0.99767, LOEUF=0.264)
ITPK1	LoF	gnomad	medium	LoF-intolerant (pLI=0.99389, LOEUF=0.242)
ITPKB	LoF	gnomad	medium	LoF-intolerant (pLI=0.99994, LOEUF=0.148)
ITPR1	LoF	gnomad	medium	LoF-intolerant (pLI=1.0, LOEUF=0.134)
ITSN1	LoF	gnomad	medium	LoF-intolerant (pLI=1.0, LOEUF=0.221)
IVNS1ABP	LoF	gnomad	medium	LoF-intolerant (pLI=0.99442, LOEUF=0.281)
IWS1	LoF	gnomad	medium	LoF-intolerant (pLI=0.99727, LOEUF=0.267)
JADE1	LoF	gnomad	medium	LoF-intolerant (pLI=0.99885, LOEUF=0.246)
JADE2	LoF	gnomad	medium	LoF-intolerant (pLI=0.99994, LOEUF=0.174)
JADE3	LoF	gnomad	medium	LoF-intolerant (pLI=0.99978, LOEUF=0.124)
JAG1	LoF	clingen	high	ClinGen haploinsufficiency=3 (sufficient)
JAG2	LoF	gnomad	medium	LoF-intolerant (pLI=1.0, LOEUF=0.143)
JAK1	LoF	gnomad	medium	LoF-intolerant (pLI=0.99998, LOEUF=0.214)
JAK2	LoF	gnomad	medium	LoF-intolerant (pLI=0.65372, LOEUF=0.341)
JAKMIP1	LoF	gnomad	medium	LoF-intolerant (pLI=0.99986, LOEUF=0.229)
JAKMIP2	LoF	gnomad	medium	LoF-intolerant (pLI=1.0, LOEUF=0.176)
JARID2	LoF	gnomad	medium	LoF-intolerant (pLI=0.99999, LOEUF=0.188)
JMJD1C	LoF	gnomad	medium	LoF-intolerant (pLI=1.0, LOEUF=0.072)
JMJD6	LoF	gnomad	medium	LoF-intolerant (pLI=0.93353, LOEUF=0.355)
JMY	LoF	gnomad	medium	LoF-intolerant (pLI=0.96031, LOEUF=0.318)
JPH3	LoF	gnomad	medium	LoF-intolerant (pLI=0.99855, LOEUF=0.202)
JPH4	LoF	gnomad	medium	LoF-intolerant (pLI=0.99948, LOEUF=0.137)
KAL1	LoF	gnomad	medium	LoF-intolerant (pLI=0.99793, LOEUF=0.248)
KALRN	LoF	gnomad	medium	LoF-intolerant (pLI=1.0, LOEUF=0.152)
KANSL1	LoF	clingen	high	ClinGen haploinsufficiency=3 (sufficient)
KANSL3	LoF	gnomad	medium	LoF-intolerant (pLI=0.99998, LOEUF=0.16)
KAT2B	LoF	gnomad	medium	LoF-intolerant (pLI=0.98975, LOEUF=0.294)
KAT6A	LoF	clingen	high	ClinGen haploinsufficiency=3 (sufficient)
KAT6B	LoF	clingen	high	ClinGen haploinsufficiency=3 (sufficient)
KAT7	LoF	gnomad	medium	LoF-intolerant (pLI=0.99999, LOEUF=0.128)
KBTBD2	LoF	gnomad	medium	LoF-intolerant (pLI=0.99795, LOEUF=0.234)
KBTBD6	LoF	gnomad	medium	LoF-intolerant (pLI=0.97282, LOEUF=0.316)
KCMF1	LoF	gnomad	medium	LoF-intolerant (pLI=0.97719, LOEUF=0.296)
KCNA2	LoF	gnomad	medium	LoF-intolerant (pLI=0.91067, LOEUF=0.38)
KCNA4	LoF	gnomad	medium	LoF-intolerant (pLI=0.98327, LOEUF=0.281)
KCNB1	LoF	gnomad	medium	LoF-intolerant (pLI=0.99977, LOEUF=0.125)
KCNB2	LoF	gnomad	medium	LoF-intolerant (pLI=0.99613, LOEUF=0.262)
KCNC1	LoF	gnomad	medium	LoF-intolerant (pLI=0.98957, LOEUF=0.262)
KCND3	LoF	gnomad	medium	LoF-intolerant (pLI=0.98972, LOEUF=0.279)
KCNH2	LoF	clingen	high	ClinGen haploinsufficiency=3 (sufficient)
KCNH3	LoF	gnomad	medium	LoF-intolerant (pLI=0.99919, LOEUF=0.247)
KCNH4	LoF	gnomad	medium	LoF-intolerant (pLI=0.99984, LOEUF=0.215)
KCNJ3	LoF	gnomad	medium	LoF-intolerant (pLI=0.99108, LOEUF=0.256)
KCNJ4	LoF	gnomad	medium	LoF-intolerant (pLI=0.9649, LOEUF=0.287)
KCNK12	LoF	gnomad	medium	LoF-intolerant (pLI=0.91853, LOEUF=0.372)
KCNK3	LoF	gnomad	medium	LoF-intolerant (pLI=0.90018, LOEUF=0.401)
KCNK9	LoF	gnomad	medium	LoF-intolerant (pLI=0.95519, LOEUF=0.307)
KCNMA1	LoF	gnomad	medium	LoF-intolerant (pLI=0.99731, LOEUF=0.276)
KCNMB4	LoF	gnomad	medium	LoF-intolerant (pLI=0.93853, LOEUF=0.338)
KCNN2	LoF	gnomad	medium	LoF-intolerant (pLI=0.99099, LOEUF=0.274)
KCNN3	LoF	gnomad	medium	LoF-intolerant (pLI=0.97227, LOEUF=0.319)
KCNQ1	LoF	clingen	high	ClinGen haploinsufficiency=3 (sufficient)
KCNQ2	LoF	clingen	high	ClinGen haploinsufficiency=3 (sufficient)
KCNQ5	LoF	gnomad	medium	LoF-intolerant (pLI=0.98011, LOEUF=0.306)
KCNV1	LoF	gnomad	medium	LoF-intolerant (pLI=0.97796, LOEUF=0.295)
KCTD16	LoF	gnomad	medium	LoF-intolerant (pLI=0.99329, LOEUF=0.2)
KDM1A	LoF	gnomad	medium	LoF-intolerant (pLI=0.99667, LOEUF=0.276)
KDM2A	LoF	gnomad	medium	LoF-intolerant (pLI=1.0, LOEUF=0.045)
KDM2B	LoF	gnomad	medium	LoF-intolerant (pLI=1.0, LOEUF=0.178)
KDM3A	LoF	gnomad	medium	LoF-intolerant (pLI=0.99999, LOEUF=0.219)
KDM3B	LoF	gnomad	medium	LoF-intolerant (pLI=1.0, LOEUF=0.06)
KDM4A	LoF	gnomad	medium	LoF-intolerant (pLI=1.0, LOEUF=0.156)
KDM4B	LoF	gnomad	medium	LoF-intolerant (pLI=1.0, LOEUF=0.171)
KDM5A	LoF	gnomad	medium	LoF-intolerant (pLI=1.0, LOEUF=0.163)
KDM5C	LoF	clingen	high	ClinGen haploinsufficiency=3 (sufficient)
KDM5D	LoF	gnomad	medium	LoF-intolerant (pLI=0.92793, LOEUF=0.359)
KDM6A	LoF	clingen	high	ClinGen haploinsufficiency=3 (sufficient)
KDM6B	LoF	clingen	high	ClinGen haploinsufficiency=3 (sufficient)
KDM7A	LoF	gnomad	medium	LoF-intolerant (pLI=0.99986, LOEUF=0.229)
KDR	LoF	gnomad	medium	LoF-intolerant (pLI=0.99982, LOEUF=0.249)
KHDRBS1	LoF	gnomad	medium	LoF-intolerant (pLI=0.99423, LOEUF=0.24)
KHSRP	LoF	gnomad	medium	LoF-intolerant (pLI=1.0, LOEUF=0.078)
KIAA0232	LoF	gnomad	medium	LoF-intolerant (pLI=0.99999, LOEUF=0.195)
KIAA0355	LoF	gnomad	medium	LoF-intolerant (pLI=0.97288, LOEUF=0.311)
KIAA0368	LoF	gnomad	medium	LoF-intolerant (pLI=1.0, LOEUF=0.198)
KIAA0430	LoF	gnomad	medium	LoF-intolerant (pLI=1.0, LOEUF=0.121)
KIAA0907	LoF	gnomad	medium	LoF-intolerant (pLI=0.96921, LOEUF=0.32)
KIAA0922	LoF	gnomad	medium	LoF-intolerant (pLI=0.95975, LOEUF=0.302)
KIAA0947	LoF	gnomad	medium	LoF-intolerant (pLI=1.0, LOEUF=0.164)
KIAA1211L	LoF	gnomad	medium	LoF-intolerant (pLI=0.99694, LOEUF=0.244)
KIAA1239	LoF	gnomad	medium	LoF-intolerant (pLI=0.98388, LOEUF=0.299)
KIAA1244	LoF	gnomad	medium	LoF-intolerant (pLI=1.0, LOEUF=0.203)
KIAA1429	LoF	gnomad	medium	LoF-intolerant (pLI=0.99438, LOEUF=0.283)
KIAA1468	LoF	gnomad	medium	LoF-intolerant (pLI=0.99993, LOEUF=0.234)
KIAA1549	LoF	gnomad	medium	LoF-intolerant (pLI=0.98607, LOEUF=0.295)
KIAA2018	LoF	gnomad	medium	LoF-intolerant (pLI=1.0, LOEUF=0.19)
KIAA2022	LoF	gnomad	medium	LoF-intolerant (pLI=0.99968, LOEUF=0.198)
KIAA2026	LoF	gnomad	medium	LoF-intolerant (pLI=0.65923, LOEUF=0.336)
KIF11	LoF	clingen	high	ClinGen haploinsufficiency=3 (sufficient)
KIF13A	LoF	gnomad	medium	LoF-intolerant (pLI=0.99999, LOEUF=0.232)
KIF1A	LoF	gnomad	medium	LoF-intolerant (pLI=1.0, LOEUF=0.136)
KIF1B	LoF	gnomad	medium	LoF-intolerant (pLI=1.0, LOEUF=0.171)
KIF1C	LoF	gnomad	medium	LoF-intolerant (pLI=0.71767, LOEUF=0.341)
KIF23	LoF	gnomad	medium	LoF-intolerant (pLI=1.0, LOEUF=0.146)
KIF26B	LoF	gnomad	medium	LoF-intolerant (pLI=0.99999, LOEUF=0.211)
KIF2A	LoF	gnomad	medium	LoF-intolerant (pLI=0.99998, LOEUF=0.162)
KIF3A	LoF	gnomad	medium	LoF-intolerant (pLI=0.89775, LOEUF=0.344)
KIF3C	LoF	gnomad	medium	LoF-intolerant (pLI=0.99153, LOEUF=0.287)
KIF4A	LoF	gnomad	medium	LoF-intolerant (pLI=0.99998, LOEUF=0.2)
KIF5A	LoF	gnomad	medium	LoF-intolerant (pLI=0.99995, LOEUF=0.228)
KIF5B	LoF	gnomad	medium	LoF-intolerant (pLI=0.99427, LOEUF=0.285)
KIF5C	LoF	gnomad	medium	LoF-intolerant (pLI=1.0, LOEUF=0.117)
KIRREL	LoF	gnomad	medium	LoF-intolerant (pLI=0.99855, LOEUF=0.25)
KIRREL3	LoF	gnomad	medium	LoF-intolerant (pLI=0.96992, LOEUF=0.318)
KIT	LoF	clingen	high	ClinGen haploinsufficiency=3 (sufficient)
KLC2	LoF	gnomad	medium	LoF-intolerant (pLI=0.97506, LOEUF=0.315)
KLF12	LoF	gnomad	medium	LoF-intolerant (pLI=0.98067, LOEUF=0.288)
KLF4	LoF	gnomad	medium	LoF-intolerant (pLI=0.99714, LOEUF=0.174)
KLF6	LoF	gnomad	medium	LoF-intolerant (pLI=0.97946, LOEUF=0.252)
KLF7	LoF	gnomad	medium	LoF-intolerant (pLI=0.98178, LOEUF=0.245)
KLHDC10	LoF	gnomad	medium	LoF-intolerant (pLI=0.92564, LOEUF=0.353)
KLHDC3	LoF	gnomad	medium	LoF-intolerant (pLI=0.99908, LOEUF=0.148)
KLHL10	LoF	gnomad	medium	LoF-intolerant (pLI=0.97852, LOEUF=0.306)
KLHL15	LoF	gnomad	medium	LoF-intolerant (pLI=0.99422, LOEUF=0.195)
KLHL2	LoF	gnomad	medium	LoF-intolerant (pLI=0.99985, LOEUF=0.185)
KLHL29	LoF	gnomad	medium	LoF-intolerant (pLI=0.98532, LOEUF=0.301)
KLHL3	LoF	gnomad	medium	LoF-intolerant (pLI=0.94479, LOEUF=0.337)
KMT2A	LoF	clingen	high	ClinGen haploinsufficiency=3 (sufficient)
KMT2B	LoF	clingen	high	ClinGen haploinsufficiency=3 (sufficient)
KMT2C	LoF	clingen	high	ClinGen haploinsufficiency=3 (sufficient)
KMT2D	LoF	clingen	high	ClinGen haploinsufficiency=3 (sufficient)
KMT2E	LoF	clingen	high	ClinGen haploinsufficiency=3 (sufficient)
KMT5B	LoF	clingen	high	ClinGen haploinsufficiency=3 (sufficient)
KPNA1	LoF	gnomad	medium	LoF-intolerant (pLI=0.99818, LOEUF=0.245)
KPNA3	LoF	gnomad	medium	LoF-intolerant (pLI=0.95357, LOEUF=0.332)
KPNA4	LoF	gnomad	medium	LoF-intolerant (pLI=0.99989, LOEUF=0.156)
KPNA6	LoF	gnomad	medium	LoF-intolerant (pLI=0.9994, LOEUF=0.224)
KPNB1	LoF	gnomad	medium	LoF-intolerant (pLI=1.0, LOEUF=0.092)
KSR2	LoF	gnomad	medium	LoF-intolerant (pLI=1.0, LOEUF=0.131)
L1CAM	LoF	clingen	high	ClinGen haploinsufficiency=3 (sufficient)
L3MBTL3	LoF	gnomad	medium	LoF-intolerant (pLI=0.99744, LOEUF=0.269)
LAMA5	LoF	gnomad	medium	LoF-intolerant (pLI=0.0064742, LOEUF=0.311)
LAMC1	LoF	gnomad	medium	LoF-intolerant (pLI=1.0, LOEUF=0.198)
LAMP2	LoF	clingen	high	ClinGen haploinsufficiency=3 (sufficient)
LAPTM5	LoF	gnomad	medium	LoF-intolerant (pLI=0.90044, LOEUF=0.4)
LARGE	LoF	gnomad	medium	LoF-intolerant (pLI=0.98934, LOEUF=0.295)
LARP1	LoF	gnomad	medium	LoF-intolerant (pLI=1.0, LOEUF=0.165)
LARP4	LoF	gnomad	medium	LoF-intolerant (pLI=0.86884, LOEUF=0.345)
LARP4B	LoF	gnomad	medium	LoF-intolerant (pLI=0.99998, LOEUF=0.158)
LAS1L	LoF	gnomad	medium	LoF-intolerant (pLI=0.99955, LOEUF=0.179)
LASP1	LoF	gnomad	medium	LoF-intolerant (pLI=0.9827, LOEUF=0.283)
LATS1	LoF	gnomad	medium	LoF-intolerant (pLI=0.99987, LOEUF=0.228)
LATS2	LoF	gnomad	medium	LoF-intolerant (pLI=0.98807, LOEUF=0.297)
LCK	LoF	gnomad	medium	LoF-intolerant (pLI=0.99926, LOEUF=0.212)
LCOR	LoF	gnomad	medium	LoF-intolerant (pLI=0.95022, LOEUF=0.345)
LCORL	LoF	gnomad	medium	LoF-intolerant (pLI=0.92374, LOEUF=0.354)
LCP2	LoF	gnomad	medium	LoF-intolerant (pLI=0.92466, LOEUF=0.341)
LDB1	LoF	gnomad	medium	LoF-intolerant (pLI=0.98529, LOEUF=0.291)
LDB2	LoF	gnomad	medium	LoF-intolerant (pLI=0.9546, LOEUF=0.34)
LDLR	LoF	clingen	high	ClinGen haploinsufficiency=3 (sufficient)
LEF1	LoF	gnomad	medium	LoF-intolerant (pLI=0.99789, LOEUF=0.212)
LEMD3	LoF	clingen	high	ClinGen haploinsufficiency=3 (sufficient)
LENG8	LoF	gnomad	medium	LoF-intolerant (pLI=0.99938, LOEUF=0.248)
LEPR	LoF	gnomad	medium	LoF-intolerant (pLI=0.99475, LOEUF=0.284)
LGI1	LoF	clingen	high	ClinGen haploinsufficiency=3 (sufficient)
LHFPL3	LoF	gnomad	medium	LoF-intolerant (pLI=0.93153, LOEUF=0.35)
LHX2	LoF	gnomad	medium	LoF-intolerant (pLI=0.98812, LOEUF=0.224)
LHX5	LoF	gnomad	medium	LoF-intolerant (pLI=0.94591, LOEUF=0.348)
LHX6	LoF	gnomad	medium	LoF-intolerant (pLI=0.96572, LOEUF=0.326)
LHX9	LoF	gnomad	medium	LoF-intolerant (pLI=0.98062, LOEUF=0.288)
LIMCH1	LoF	gnomad	medium	LoF-intolerant (pLI=0.94734, LOEUF=0.313)
LIMK1	LoF	gnomad	medium	LoF-intolerant (pLI=0.99937, LOEUF=0.225)
LIN52	LoF	gnomad	medium	LoF-intolerant (pLI=0.91836, LOEUF=0.372)
LIN54	LoF	gnomad	medium	LoF-intolerant (pLI=0.99994, LOEUF=0.172)
LIN9	LoF	gnomad	medium	LoF-intolerant (pLI=0.99771, LOEUF=0.258)
LINGO1	LoF	gnomad	medium	LoF-intolerant (pLI=0.99413, LOEUF=0.196)
LMNA	LoF	clingen	high	ClinGen haploinsufficiency=3 (sufficient)
LMNB1	GoF	clingen	high	ClinGen triplosensitivity=3 (sufficient)
LMNB2	LoF	gnomad	medium	LoF-intolerant (pLI=0.99996, LOEUF=0.104)
LMTK2	LoF	gnomad	medium	LoF-intolerant (pLI=0.99978, LOEUF=0.239)
LMTK3	LoF	gnomad	medium	LoF-intolerant (pLI=0.99997, LOEUF=0.182)
LMX1A	LoF	gnomad	medium	LoF-intolerant (pLI=0.99114, LOEUF=0.274)
LMX1B	LoF	clingen	high	ClinGen haploinsufficiency=3 (sufficient)
LNPEP	LoF	gnomad	medium	LoF-intolerant (pLI=0.99957, LOEUF=0.247)
LONP1	LoF	gnomad	medium	LoF-intolerant (pLI=0.9993, LOEUF=0.244)
LOX	LoF	gnomad	medium	LoF-intolerant (pLI=0.98769, LOEUF=0.285)
LPCAT3	LoF	gnomad	medium	LoF-intolerant (pLI=0.99508, LOEUF=0.268)
LPGAT1	LoF	gnomad	medium	LoF-intolerant (pLI=0.98041, LOEUF=0.302)
LPHN1	LoF	gnomad	medium	LoF-intolerant (pLI=1.0, LOEUF=0.187)
LPHN2	LoF	gnomad	medium	LoF-intolerant (pLI=1.0, LOEUF=0.113)
LPHN3	LoF	gnomad	medium	LoF-intolerant (pLI=1.0, LOEUF=0.185)
LRCH1	LoF	gnomad	medium	LoF-intolerant (pLI=0.99552, LOEUF=0.279)
LRCH2	LoF	gnomad	medium	LoF-intolerant (pLI=0.99713, LOEUF=0.242)
LRFN1	LoF	gnomad	medium	LoF-intolerant (pLI=0.90275, LOEUF=0.386)
LRFN3	LoF	gnomad	medium	LoF-intolerant (pLI=0.97322, LOEUF=0.268)
LRFN4	LoF	gnomad	medium	LoF-intolerant (pLI=0.91295, LOEUF=0.387)
LRP1	LoF	gnomad	medium	LoF-intolerant (pLI=1.0, LOEUF=0.058)
LRP12	LoF	gnomad	medium	LoF-intolerant (pLI=0.99799, LOEUF=0.256)
LRP1B	LoF	gnomad	medium	LoF-intolerant (pLI=2.5267e-06, LOEUF=0.317)
LRP2	LoF	gnomad	medium	LoF-intolerant (pLI=0.99999, LOEUF=0.249)
LRP5	LoF	gnomad	medium	LoF-intolerant (pLI=0.50992, LOEUF=0.341)
LRP6	LoF	gnomad	medium	LoF-intolerant (pLI=0.69664, LOEUF=0.318)
LRP8	LoF	gnomad	medium	LoF-intolerant (pLI=0.99983, LOEUF=0.224)
LRRC1	LoF	gnomad	medium	LoF-intolerant (pLI=0.93181, LOEUF=0.344)
LRRC25	LoF	gnomad	medium	LoF-intolerant (pLI=0.945, LOEUF=0.326)
LRRC4	LoF	gnomad	medium	LoF-intolerant (pLI=0.99787, LOEUF=0.166)
LRRC41	LoF	gnomad	medium	LoF-intolerant (pLI=0.99986, LOEUF=0.185)
LRRC4C	LoF	gnomad	medium	LoF-intolerant (pLI=0.97233, LOEUF=0.306)
LRRC7	LoF	gnomad	medium	LoF-intolerant (pLI=1.0, LOEUF=0.157)
LRRC8A	LoF	gnomad	medium	LoF-intolerant (pLI=0.94398, LOEUF=0.347)
LRRC8B	LoF	gnomad	medium	LoF-intolerant (pLI=0.99619, LOEUF=0.249)
LRRC8D	LoF	gnomad	medium	LoF-intolerant (pLI=0.97752, LOEUF=0.312)
LRRN1	LoF	gnomad	medium	LoF-intolerant (pLI=0.96996, LOEUF=0.32)
LRRTM3	LoF	gnomad	medium	LoF-intolerant (pLI=0.97519, LOEUF=0.312)
LSAMP	LoF	gnomad	medium	LoF-intolerant (pLI=0.98742, LOEUF=0.269)
LSM12	LoF	gnomad	medium	LoF-intolerant (pLI=0.97211, LOEUF=0.271)
LSM14B	LoF	gnomad	medium	LoF-intolerant (pLI=0.9953, LOEUF=0.234)
LTBP3	LoF	gnomad	medium	LoF-intolerant (pLI=0.68647, LOEUF=0.335)
LTBP4	LoF	gnomad	medium	LoF-intolerant (pLI=0.49911, LOEUF=0.327)
LUC7L3	LoF	gnomad	medium	LoF-intolerant (pLI=0.99999, LOEUF=0.089)
LYN	LoF	gnomad	medium	LoF-intolerant (pLI=0.99886, LOEUF=0.221)
LYPLA2	LoF	gnomad	medium	LoF-intolerant (pLI=0.94955, LOEUF=0.344)
LYST	LoF	gnomad	medium	LoF-intolerant (pLI=0.015026, LOEUF=0.307)
LZTS1	LoF	gnomad	medium	LoF-intolerant (pLI=0.95491, LOEUF=0.34)
LZTS3	LoF	gnomad	medium	LoF-intolerant (pLI=0.99616, LOEUF=0.228)
MACF1	LoF	gnomad	medium	LoF-intolerant (pLI=1.0, LOEUF=0.084)
MAF1	LoF	gnomad	medium	LoF-intolerant (pLI=0.94812, LOEUF=0.345)
MAFB	LoF	gnomad	medium	LoF-intolerant (pLI=0.90304, LOEUF=0.397)
MAGED1	LoF	gnomad	medium	LoF-intolerant (pLI=0.99831, LOEUF=0.229)
MAGED2	LoF	gnomad	medium	LoF-intolerant (pLI=0.99538, LOEUF=0.233)
MAGEE1	LoF	gnomad	medium	LoF-intolerant (pLI=0.97046, LOEUF=0.31)
MAGEL2	LoF	gnomad	medium	LoF-intolerant (pLI=0.97506, LOEUF=0.312)
MAGI1	LoF	gnomad	medium	LoF-intolerant (pLI=0.5597, LOEUF=0.334)
MAGI2	LoF	gnomad	medium	LoF-intolerant (pLI=0.99943, LOEUF=0.257)
MAGT1	LoF	clingen	high	ClinGen haploinsufficiency=3 (sufficient)
MAK16	LoF	gnomad	medium	LoF-intolerant (pLI=0.96452, LOEUF=0.328)
MALT1	LoF	gnomad	medium	LoF-intolerant (pLI=0.98651, LOEUF=0.3)
MAML1	LoF	gnomad	medium	LoF-intolerant (pLI=0.99995, LOEUF=0.146)
MAML2	LoF	gnomad	medium	LoF-intolerant (pLI=0.99987, LOEUF=0.228)
MAML3	LoF	gnomad	medium	LoF-intolerant (pLI=0.99984, LOEUF=0.223)
MAN1A2	LoF	gnomad	medium	LoF-intolerant (pLI=0.99892, LOEUF=0.235)
MAOA	LoF	clingen	high	ClinGen haploinsufficiency=3 (sufficient)
MAOB	LoF	gnomad	medium	LoF-intolerant (pLI=0.99903, LOEUF=0.148)
MAP1A	LoF	gnomad	medium	LoF-intolerant (pLI=1.0, LOEUF=0.192)
MAP1B	LoF	gnomad	medium	LoF-intolerant (pLI=1.0, LOEUF=0.133)
MAP2	LoF	gnomad	medium	LoF-intolerant (pLI=1.0, LOEUF=0.105)
MAP2K2	LoF	gnomad	medium	LoF-intolerant (pLI=0.96673, LOEUF=0.325)
MAP2K4	LoF	gnomad	medium	LoF-intolerant (pLI=0.99709, LOEUF=0.22)
MAP2K6	LoF	gnomad	medium	LoF-intolerant (pLI=0.91334, LOEUF=0.359)
MAP2K7	LoF	gnomad	medium	LoF-intolerant (pLI=0.99552, LOEUF=0.232)
MAP3K1	LoF	gnomad	medium	LoF-intolerant (pLI=0.99998, LOEUF=0.214)
MAP3K12	LoF	gnomad	medium	LoF-intolerant (pLI=1.0, LOEUF=0.072)
MAP3K13	LoF	gnomad	medium	LoF-intolerant (pLI=0.80051, LOEUF=0.344)
MAP3K2	LoF	gnomad	medium	LoF-intolerant (pLI=0.99999, LOEUF=0.091)
MAP3K3	LoF	gnomad	medium	LoF-intolerant (pLI=0.98535, LOEUF=0.302)
MAP3K4	LoF	gnomad	medium	LoF-intolerant (pLI=1.0, LOEUF=0.184)
MAP3K5	LoF	gnomad	medium	LoF-intolerant (pLI=0.51964, LOEUF=0.34)
MAP3K7	LoF	gnomad	medium	LoF-intolerant (pLI=0.99971, LOEUF=0.212)
MAP3K8	LoF	gnomad	medium	LoF-intolerant (pLI=0.96825, LOEUF=0.323)
MAP4	LoF	gnomad	medium	LoF-intolerant (pLI=0.84782, LOEUF=0.349)
MAP4K1	LoF	gnomad	medium	LoF-intolerant (pLI=0.98919, LOEUF=0.295)
MAP4K4	LoF	gnomad	medium	LoF-intolerant (pLI=1.0, LOEUF=0.175)
MAP4K5	LoF	gnomad	medium	LoF-intolerant (pLI=0.99469, LOEUF=0.284)
MAP7D1	LoF	gnomad	medium	LoF-intolerant (pLI=0.99199, LOEUF=0.29)
MAPK1	LoF	gnomad	medium	LoF-intolerant (pLI=0.99698, LOEUF=0.175)
MAPK8	LoF	gnomad	medium	LoF-intolerant (pLI=0.99823, LOEUF=0.207)
MAPK8IP1	LoF	gnomad	medium	LoF-intolerant (pLI=0.99983, LOEUF=0.163)
MAPK8IP2	LoF	gnomad	medium	LoF-intolerant (pLI=0.99997, LOEUF=0.1)
MAPK8IP3	LoF	gnomad	medium	LoF-intolerant (pLI=1.0, LOEUF=0.15)
MAPKAP1	LoF	gnomad	medium	LoF-intolerant (pLI=0.99991, LOEUF=0.153)
MAPKAPK2	LoF	gnomad	medium	LoF-intolerant (pLI=0.99957, LOEUF=0.134)
MAPRE1	LoF	gnomad	medium	LoF-intolerant (pLI=0.99129, LOEUF=0.21)
MARCH6	LoF	gnomad	medium	LoF-intolerant (pLI=1.0, LOEUF=0.152)
MARK2	LoF	gnomad	medium	LoF-intolerant (pLI=0.99999, LOEUF=0.156)
MARK4	LoF	gnomad	medium	LoF-intolerant (pLI=0.99777, LOEUF=0.258)
MAST1	LoF	gnomad	medium	LoF-intolerant (pLI=1.0, LOEUF=0.159)
MAST3	LoF	gnomad	medium	LoF-intolerant (pLI=0.99991, LOEUF=0.224)
MAT2A	LoF	gnomad	medium	LoF-intolerant (pLI=0.99846, LOEUF=0.158)
MATR3	LoF	gnomad	medium	LoF-intolerant (pLI=1.0, LOEUF=0.079)
MAU2	LoF	gnomad	medium	LoF-intolerant (pLI=1.0, LOEUF=0.119)
MAX	LoF	clingen	high	ClinGen haploinsufficiency=3 (sufficient)
MAZ	LoF	gnomad	medium	LoF-intolerant (pLI=0.94363, LOEUF=0.351)
MBD1	LoF	gnomad	medium	LoF-intolerant (pLI=0.99717, LOEUF=0.268)
MBD3	LoF	gnomad	medium	LoF-intolerant (pLI=0.9765, LOEUF=0.26)
MBD5	LoF	clingen	high	ClinGen haploinsufficiency=3 (sufficient)
MBD6	LoF	gnomad	medium	LoF-intolerant (pLI=0.99937, LOEUF=0.209)
MBTD1	LoF	gnomad	medium	LoF-intolerant (pLI=1.0, LOEUF=0.077)
MBTPS2	LoF	gnomad	medium	LoF-intolerant (pLI=0.99752, LOEUF=0.17)
MCF2	LoF	gnomad	medium	LoF-intolerant (pLI=0.9718, LOEUF=0.314)
MCL1	LoF	gnomad	medium	LoF-intolerant (pLI=0.96349, LOEUF=0.29)
MCM6	LoF	gnomad	medium	LoF-intolerant (pLI=0.97833, LOEUF=0.309)
MCMBP	LoF	gnomad	medium	LoF-intolerant (pLI=0.99565, LOEUF=0.271)
MDGA1	LoF	gnomad	medium	LoF-intolerant (pLI=0.97574, LOEUF=0.311)
MDGA2	LoF	gnomad	medium	LoF-intolerant (pLI=0.99922, LOEUF=0.239)
MDH1	LoF	gnomad	medium	LoF-intolerant (pLI=0.92765, LOEUF=0.366)
MDM2	LoF	gnomad	medium	LoF-intolerant (pLI=0.99981, LOEUF=0.164)
MDM4	LoF	gnomad	medium	LoF-intolerant (pLI=0.99992, LOEUF=0.112)
MDN1	LoF	gnomad	medium	LoF-intolerant (pLI=2.1582e-08, LOEUF=0.316)
MECOM	LoF	gnomad	medium	LoF-intolerant (pLI=1.0, LOEUF=0.136)
MECP2	LoF	clingen	high	ClinGen haploinsufficiency=3 (sufficient)
MED1	LoF	gnomad	medium	LoF-intolerant (pLI=1.0, LOEUF=0.117)
MED12	LoF	clingen	high	ClinGen haploinsufficiency=3 (sufficient)
MED12L	LoF	gnomad	medium	LoF-intolerant (pLI=1.0, LOEUF=0.184)
MED13	LoF	gnomad	medium	LoF-intolerant (pLI=1.0, LOEUF=0.03)
MED13L	LoF	clingen	high	ClinGen haploinsufficiency=3 (sufficient)
MED14	LoF	gnomad	medium	LoF-intolerant (pLI=1.0, LOEUF=0.092)
MED15	LoF	gnomad	medium	LoF-intolerant (pLI=0.99974, LOEUF=0.241)
MEF2A	LoF	gnomad	medium	LoF-intolerant (pLI=0.98706, LOEUF=0.287)
MEF2C	LoF	clingen	high	ClinGen haploinsufficiency=3 (sufficient)
MEF2D	LoF	gnomad	medium	LoF-intolerant (pLI=0.99705, LOEUF=0.243)
MEGF10	LoF	gnomad	medium	LoF-intolerant (pLI=0.3904, LOEUF=0.347)
MEGF9	LoF	gnomad	medium	LoF-intolerant (pLI=0.9881, LOEUF=0.267)
MEIS1	LoF	gnomad	medium	LoF-intolerant (pLI=0.99951, LOEUF=0.136)
MEIS2	LoF	clingen	high	ClinGen haploinsufficiency=3 (sufficient)
MEMO1	LoF	gnomad	medium	LoF-intolerant (pLI=0.9939, LOEUF=0.242)
MEN1	LoF	clingen	high	ClinGen haploinsufficiency=3 (sufficient)
MEOX2	LoF	gnomad	medium	LoF-intolerant (pLI=0.91495, LOEUF=0.385)
MEPCE	LoF	gnomad	medium	LoF-intolerant (pLI=0.99804, LOEUF=0.21)
MESDC1	LoF	gnomad	medium	LoF-intolerant (pLI=0.9137, LOEUF=0.38)
MET	LoF	gnomad	medium	LoF-intolerant (pLI=0.96998, LOEUF=0.305)
MEX3A	LoF	gnomad	medium	LoF-intolerant (pLI=0.97977, LOEUF=0.251)
MEX3D	LoF	gnomad	medium	LoF-intolerant (pLI=0.92303, LOEUF=0.364)
MFN2	LoF	gnomad	medium	LoF-intolerant (pLI=0.99415, LOEUF=0.282)
MGA	LoF	gnomad	medium	LoF-intolerant (pLI=1.0, LOEUF=0.09)
MGAT1	LoF	gnomad	medium	LoF-intolerant (pLI=0.98879, LOEUF=0.221)
MGAT5	LoF	gnomad	medium	LoF-intolerant (pLI=0.99998, LOEUF=0.178)
MGEA5	LoF	gnomad	medium	LoF-intolerant (pLI=0.96569, LOEUF=0.316)
MICAL3	LoF	gnomad	medium	LoF-intolerant (pLI=0.99499, LOEUF=0.281)
MID1	LoF	clingen	high	ClinGen haploinsufficiency=3 (sufficient)
MIER3	LoF	gnomad	medium	LoF-intolerant (pLI=0.99856, LOEUF=0.226)
MINK1	LoF	gnomad	medium	LoF-intolerant (pLI=1.0, LOEUF=0.132)
MITF	LoF	clingen	high	ClinGen haploinsufficiency=3 (sufficient)
MKL1	LoF	gnomad	medium	LoF-intolerant (pLI=0.99768, LOEUF=0.259)
MKL2	LoF	gnomad	medium	LoF-intolerant (pLI=0.99999, LOEUF=0.17)
MKLN1	LoF	gnomad	medium	LoF-intolerant (pLI=0.99998, LOEUF=0.175)
MKRN1	LoF	gnomad	medium	LoF-intolerant (pLI=0.99421, LOEUF=0.261)
MLH1	LoF	clingen	high	ClinGen haploinsufficiency=3 (sufficient)
MLLT1	LoF	gnomad	medium	LoF-intolerant (pLI=0.98669, LOEUF=0.288)
MLLT10	LoF	gnomad	medium	LoF-intolerant (pLI=1.0, LOEUF=0.182)
MLLT3	LoF	gnomad	medium	LoF-intolerant (pLI=0.99964, LOEUF=0.131)
MLLT4	LoF	gnomad	medium	LoF-intolerant (pLI=1.0, LOEUF=0.213)
MLLT6	LoF	gnomad	medium	LoF-intolerant (pLI=0.99997, LOEUF=0.182)
MLXIP	LoF	gnomad	medium	LoF-intolerant (pLI=0.98932, LOEUF=0.294)
MMP14	LoF	gnomad	medium	LoF-intolerant (pLI=0.99522, LOEUF=0.267)
MMP16	LoF	gnomad	medium	LoF-intolerant (pLI=0.91797, LOEUF=0.35)
MN1	LoF	gnomad	medium	LoF-intolerant (pLI=0.99999, LOEUF=0.087)
MNT	LoF	gnomad	medium	LoF-intolerant (pLI=0.99739, LOEUF=0.171)
MNX1	LoF	clingen	high	ClinGen haploinsufficiency=3 (sufficient)
MOB1A	LoF	gnomad	medium	LoF-intolerant (pLI=0.95091, LOEUF=0.315)
MOB4	LoF	gnomad	medium	LoF-intolerant (pLI=0.93103, LOEUF=0.367)
MON2	LoF	gnomad	medium	LoF-intolerant (pLI=0.59388, LOEUF=0.32)
MORC2	LoF	gnomad	medium	LoF-intolerant (pLI=0.99999, LOEUF=0.205)
MORC3	LoF	gnomad	medium	LoF-intolerant (pLI=0.99985, LOEUF=0.223)
MORC4	LoF	gnomad	medium	LoF-intolerant (pLI=0.99783, LOEUF=0.249)
MORF4L1	LoF	gnomad	medium	LoF-intolerant (pLI=0.99339, LOEUF=0.265)
MOSPD1	LoF	gnomad	medium	LoF-intolerant (pLI=0.92491, LOEUF=0.361)
MOSPD2	LoF	gnomad	medium	LoF-intolerant (pLI=0.99105, LOEUF=0.256)
MOV10	LoF	gnomad	medium	LoF-intolerant (pLI=0.80908, LOEUF=0.343)
MPP1	LoF	gnomad	medium	LoF-intolerant (pLI=0.9877, LOEUF=0.268)
MPPED2	LoF	gnomad	medium	LoF-intolerant (pLI=0.99349, LOEUF=0.199)
MPRIP	LoF	gnomad	medium	LoF-intolerant (pLI=0.98078, LOEUF=0.302)
MRAS	LoF	gnomad	medium	LoF-intolerant (pLI=0.92111, LOEUF=0.368)
MRC1	LoF	gnomad	medium	LoF-intolerant (pLI=0.94335, LOEUF=0.352)
MRC1L1	LoF	gnomad	medium	LoF-intolerant (pLI=0.99765, LOEUF=0.251)
MRC2	LoF	gnomad	medium	LoF-intolerant (pLI=0.67472, LOEUF=0.319)
MRGBP	LoF	gnomad	medium	LoF-intolerant (pLI=0.93142, LOEUF=0.35)
MRTO4	LoF	gnomad	medium	LoF-intolerant (pLI=0.98629, LOEUF=0.23)
MSANTD2	LoF	gnomad	medium	LoF-intolerant (pLI=0.90277, LOEUF=0.374)
MSH2	LoF	clingen	high	ClinGen haploinsufficiency=3 (sufficient)
MSH6	LoF	clingen	high	ClinGen haploinsufficiency=3 (sufficient)
MSI1	LoF	gnomad	medium	LoF-intolerant (pLI=0.99357, LOEUF=0.264)
MSI2	LoF	gnomad	medium	LoF-intolerant (pLI=0.99478, LOEUF=0.237)
MSL1	LoF	gnomad	medium	LoF-intolerant (pLI=0.9989, LOEUF=0.151)
MSL3	LoF	clingen	high	ClinGen haploinsufficiency=3 (sufficient)
MSN	LoF	gnomad	medium	LoF-intolerant (pLI=0.99967, LOEUF=0.13)
MSX1	LoF	clingen	high	ClinGen haploinsufficiency=3 (sufficient)
MTA1	LoF	gnomad	medium	LoF-intolerant (pLI=1.0, LOEUF=0.111)
MTF1	LoF	gnomad	medium	LoF-intolerant (pLI=0.96897, LOEUF=0.321)
MTF2	LoF	gnomad	medium	LoF-intolerant (pLI=0.99987, LOEUF=0.184)
MTM1	LoF	clingen	high	ClinGen haploinsufficiency=3 (sufficient)
MTMR1	LoF	gnomad	medium	LoF-intolerant (pLI=0.9976, LOEUF=0.238)
MTMR12	LoF	gnomad	medium	LoF-intolerant (pLI=0.99638, LOEUF=0.275)
MTMR3	LoF	gnomad	medium	LoF-intolerant (pLI=0.99937, LOEUF=0.258)
MTMR4	LoF	gnomad	medium	LoF-intolerant (pLI=0.99959, LOEUF=0.25)
MTOR	LoF	gnomad	medium	LoF-intolerant (pLI=1.0, LOEUF=0.185)
MTPAP	LoF	gnomad	medium	LoF-intolerant (pLI=0.99904, LOEUF=0.193)
MTSS1	LoF	gnomad	medium	LoF-intolerant (pLI=0.9997, LOEUF=0.212)
MTSS1L	LoF	gnomad	medium	LoF-intolerant (pLI=0.97998, LOEUF=0.309)
MTUS2	LoF	gnomad	medium	LoF-intolerant (pLI=0.79549, LOEUF=0.344)
MUC5B	LoF	gnomad	medium	LoF-intolerant (pLI=0.99999, LOEUF=0.249)
MYBL1	LoF	gnomad	medium	LoF-intolerant (pLI=1.0, LOEUF=0.08)
MYBPC3	LoF	clingen	high	ClinGen haploinsufficiency=3 (sufficient)
MYC	LoF	gnomad	medium	LoF-intolerant (pLI=0.99801, LOEUF=0.164)
MYCBP2	LoF	gnomad	medium	LoF-intolerant (pLI=1.0, LOEUF=0.115)
MYCN	LoF	clingen	high	ClinGen haploinsufficiency=3 (sufficient)
MYH10	LoF	gnomad	medium	LoF-intolerant (pLI=1.0, LOEUF=0.167)
MYH11	LoF	gnomad	medium	LoF-intolerant (pLI=0.77299, LOEUF=0.305)
MYH14	LoF	gnomad	medium	LoF-intolerant (pLI=0.042236, LOEUF=0.332)
MYH9	LoF	gnomad	medium	LoF-intolerant (pLI=1.0, LOEUF=0.088)
MYLK	LoF	clingen	high	ClinGen haploinsufficiency=3 (sufficient)
MYO16	LoF	gnomad	medium	LoF-intolerant (pLI=0.99851, LOEUF=0.272)
MYO18A	LoF	gnomad	medium	LoF-intolerant (pLI=0.98723, LOEUF=0.287)
MYO5A	LoF	gnomad	medium	LoF-intolerant (pLI=0.944, LOEUF=0.295)
MYO9A	LoF	gnomad	medium	LoF-intolerant (pLI=0.48923, LOEUF=0.304)
MYO9B	LoF	gnomad	medium	LoF-intolerant (pLI=1.0, LOEUF=0.177)
MYRF	LoF	gnomad	medium	LoF-intolerant (pLI=1.0, LOEUF=0.117)
MYT1	LoF	gnomad	medium	LoF-intolerant (pLI=0.97791, LOEUF=0.304)
MYT1L	LoF	clingen	high	ClinGen haploinsufficiency=3 (sufficient)
NAA15	LoF	clingen	high	ClinGen haploinsufficiency=3 (sufficient)
NAA25	LoF	gnomad	medium	LoF-intolerant (pLI=1.0, LOEUF=0.108)
NAA30	LoF	gnomad	medium	LoF-intolerant (pLI=0.98682, LOEUF=0.228)
NAA35	LoF	gnomad	medium	LoF-intolerant (pLI=1.0, LOEUF=0.136)
NABP2	LoF	gnomad	medium	LoF-intolerant (pLI=0.97257, LOEUF=0.27)
NACC1	LoF	gnomad	medium	LoF-intolerant (pLI=0.99763, LOEUF=0.169)
NAF1	LoF	gnomad	medium	LoF-intolerant (pLI=0.97793, LOEUF=0.307)
NAMPT	LoF	gnomad	medium	LoF-intolerant (pLI=0.97914, LOEUF=0.309)
NAP1L1	LoF	gnomad	medium	LoF-intolerant (pLI=0.99941, LOEUF=0.184)
NASP	LoF	gnomad	medium	LoF-intolerant (pLI=0.99553, LOEUF=0.276)
NAV1	LoF	gnomad	medium	LoF-intolerant (pLI=1.0, LOEUF=0.08)
NAV2	LoF	gnomad	medium	LoF-intolerant (pLI=0.99995, LOEUF=0.247)
NAV3	LoF	gnomad	medium	LoF-intolerant (pLI=1.0, LOEUF=0.185)
NBEA	LoF	clingen	high	ClinGen haploinsufficiency=3 (sufficient)
NBEAL2	LoF	gnomad	medium	LoF-intolerant (pLI=0.059764, LOEUF=0.32)
NCAM1	LoF	gnomad	medium	LoF-intolerant (pLI=0.99999, LOEUF=0.185)
NCAPG2	LoF	gnomad	medium	LoF-intolerant (pLI=0.97764, LOEUF=0.303)
NCBP1	LoF	gnomad	medium	LoF-intolerant (pLI=1.0, LOEUF=0.094)
NCDN	LoF	gnomad	medium	LoF-intolerant (pLI=0.99964, LOEUF=0.175)
NCKAP1	LoF	clingen	high	ClinGen haploinsufficiency=3 (sufficient)
NCKAP1L	LoF	gnomad	medium	LoF-intolerant (pLI=0.85489, LOEUF=0.325)
NCL	LoF	gnomad	medium	LoF-intolerant (pLI=0.99992, LOEUF=0.177)
NCOA1	LoF	gnomad	medium	LoF-intolerant (pLI=0.99981, LOEUF=0.247)
NCOA2	LoF	gnomad	medium	LoF-intolerant (pLI=1.0, LOEUF=0.121)
NCOA3	LoF	gnomad	medium	LoF-intolerant (pLI=0.54065, LOEUF=0.335)
NCOA5	LoF	gnomad	medium	LoF-intolerant (pLI=0.99926, LOEUF=0.212)
NCOA6	LoF	gnomad	medium	LoF-intolerant (pLI=0.99913, LOEUF=0.266)
NCOR1	LoF	gnomad	medium	LoF-intolerant (pLI=1.0, LOEUF=0.175)
NCOR2	LoF	gnomad	medium	LoF-intolerant (pLI=1.0, LOEUF=0.169)
NCSTN	LoF	gnomad	medium	LoF-intolerant (pLI=0.99942, LOEUF=0.234)
NDC1	LoF	gnomad	medium	LoF-intolerant (pLI=0.99932, LOEUF=0.237)
NDEL1	LoF	gnomad	medium	LoF-intolerant (pLI=0.98351, LOEUF=0.296)
NDFIP1	LoF	gnomad	medium	LoF-intolerant (pLI=0.97747, LOEUF=0.257)
NDP	LoF	clingen	high	ClinGen haploinsufficiency=3 (sufficient)
NDST1	LoF	gnomad	medium	LoF-intolerant (pLI=0.99995, LOEUF=0.187)
NDUFS7	LoF	gnomad	medium	LoF-intolerant (pLI=0.9142, LOEUF=0.386)
NEDD4L	LoF	gnomad	medium	LoF-intolerant (pLI=1.0, LOEUF=0.198)
NEGR1	LoF	gnomad	medium	LoF-intolerant (pLI=0.99173, LOEUF=0.253)
NELL2	LoF	gnomad	medium	LoF-intolerant (pLI=0.99952, LOEUF=0.249)
NEO1	LoF	gnomad	medium	LoF-intolerant (pLI=0.24398, LOEUF=0.347)
NEURL4	LoF	gnomad	medium	LoF-intolerant (pLI=0.99999, LOEUF=0.214)
NEUROD2	LoF	gnomad	medium	LoF-intolerant (pLI=0.94202, LOEUF=0.332)
NEXMIF	LoF	clingen	high	ClinGen haploinsufficiency=3 (sufficient)
NF1	LoF	clingen	high	ClinGen haploinsufficiency=3 (sufficient)
NF2	LoF	clingen	high	ClinGen haploinsufficiency=3 (sufficient)
NFASC	LoF	gnomad	medium	LoF-intolerant (pLI=0.99999, LOEUF=0.215)
NFAT5	LoF	gnomad	medium	LoF-intolerant (pLI=1.0, LOEUF=0.205)
NFATC2	LoF	gnomad	medium	LoF-intolerant (pLI=0.99995, LOEUF=0.187)
NFATC3	LoF	gnomad	medium	LoF-intolerant (pLI=0.99813, LOEUF=0.264)
NFE2L1	LoF	gnomad	medium	LoF-intolerant (pLI=0.99759, LOEUF=0.251)
NFIA	LoF	clingen	high	ClinGen haploinsufficiency=3 (sufficient)
NFIB	LoF	clingen	high	ClinGen haploinsufficiency=3 (sufficient)
NFIX	LoF	clingen	high	ClinGen haploinsufficiency=3 (sufficient)
NFKB1	LoF	gnomad	medium	LoF-intolerant (pLI=1.0, LOEUF=0.138)
NFKB2	LoF	gnomad	medium	LoF-intolerant (pLI=1.0, LOEUF=0.163)
NFKBIA	LoF	gnomad	medium	LoF-intolerant (pLI=0.99452, LOEUF=0.193)
NFKBIZ	LoF	gnomad	medium	LoF-intolerant (pLI=0.99981, LOEUF=0.189)
NHS	LoF	clingen	high	ClinGen haploinsufficiency=3 (sufficient)
NIPA2	LoF	gnomad	medium	LoF-intolerant (pLI=0.92086, LOEUF=0.379)
NIPBL	LoF	clingen	high	ClinGen haploinsufficiency=3 (sufficient)
NISCH	LoF	gnomad	medium	LoF-intolerant (pLI=0.99443, LOEUF=0.285)
NKAP	LoF	gnomad	medium	LoF-intolerant (pLI=0.99735, LOEUF=0.172)
NKD1	LoF	gnomad	medium	LoF-intolerant (pLI=0.99344, LOEUF=0.265)
NKRF	LoF	gnomad	medium	LoF-intolerant (pLI=0.99661, LOEUF=0.178)
NKTR	LoF	gnomad	medium	LoF-intolerant (pLI=0.94032, LOEUF=0.308)
NKX2-3	LoF	gnomad	medium	LoF-intolerant (pLI=0.95047, LOEUF=0.316)
NKX2-5	LoF	clingen	high	ClinGen haploinsufficiency=3 (sufficient)
NLGN2	LoF	gnomad	medium	LoF-intolerant (pLI=0.99974, LOEUF=0.126)
NLGN3	LoF	gnomad	medium	LoF-intolerant (pLI=0.97641, LOEUF=0.31)
NLGN4X	LoF	gnomad	medium	LoF-intolerant (pLI=0.99267, LOEUF=0.249)
NLK	LoF	gnomad	medium	LoF-intolerant (pLI=0.99991, LOEUF=0.113)
NMNAT2	LoF	gnomad	medium	LoF-intolerant (pLI=0.98853, LOEUF=0.265)
NMT1	LoF	gnomad	medium	LoF-intolerant (pLI=0.9955, LOEUF=0.265)
NNT	LoF	gnomad	medium	LoF-intolerant (pLI=0.97271, LOEUF=0.311)
NODAL	LoF	gnomad	medium	LoF-intolerant (pLI=0.97028, LOEUF=0.31)
NOG	LoF	clingen	high	ClinGen haploinsufficiency=3 (sufficient)
NOL4	LoF	gnomad	medium	LoF-intolerant (pLI=0.99949, LOEUF=0.221)
NOL6	LoF	gnomad	medium	LoF-intolerant (pLI=1.0, LOEUF=0.182)
NONO	LoF	clingen	high	ClinGen haploinsufficiency=3 (sufficient)
NOP2	LoF	gnomad	medium	LoF-intolerant (pLI=0.99996, LOEUF=0.168)
NOS1	LoF	gnomad	medium	LoF-intolerant (pLI=1.0, LOEUF=0.19)
NOTCH1	LoF	clingen	high	ClinGen haploinsufficiency=3 (sufficient)
NOTCH2	LoF	gnomad	medium	LoF-intolerant (pLI=1.0, LOEUF=0.116)
NOTCH3	LoF	gnomad	medium	LoF-intolerant (pLI=0.40757, LOEUF=0.322)
NOVA1	LoF	gnomad	medium	LoF-intolerant (pLI=0.99621, LOEUF=0.182)
NOVA2	LoF	gnomad	medium	LoF-intolerant (pLI=0.98259, LOEUF=0.242)
NPAS1	LoF	gnomad	medium	LoF-intolerant (pLI=0.97067, LOEUF=0.319)
NPAS2	LoF	gnomad	medium	LoF-intolerant (pLI=1.0, LOEUF=0.133)
NPAS3	LoF	gnomad	medium	LoF-intolerant (pLI=0.99974, LOEUF=0.211)
NPAS4	LoF	gnomad	medium	LoF-intolerant (pLI=0.97335, LOEUF=0.318)
NPEPPS	LoF	gnomad	medium	LoF-intolerant (pLI=1.0, LOEUF=0.062)
NPLOC4	LoF	gnomad	medium	LoF-intolerant (pLI=0.99998, LOEUF=0.134)
NPM1	LoF	gnomad	medium	LoF-intolerant (pLI=0.99816, LOEUF=0.162)
NPRL3	LoF	clingen	high	ClinGen haploinsufficiency=3 (sufficient)
NPTN	LoF	gnomad	medium	LoF-intolerant (pLI=0.99304, LOEUF=0.247)
NR0B1	LoF	clingen	high	ClinGen haploinsufficiency=3 (sufficient)
NR1H3	LoF	gnomad	medium	LoF-intolerant (pLI=0.90374, LOEUF=0.373)
NR2C2	LoF	gnomad	medium	LoF-intolerant (pLI=0.99892, LOEUF=0.22)
NR2E1	LoF	gnomad	medium	LoF-intolerant (pLI=0.99864, LOEUF=0.156)
NR2F1	LoF	clingen	high	ClinGen haploinsufficiency=3 (sufficient)
NR2F2	LoF	gnomad	medium	LoF-intolerant (pLI=0.98972, LOEUF=0.217)
NR3C1	LoF	gnomad	medium	LoF-intolerant (pLI=0.96958, LOEUF=0.32)
NR3C2	LoF	clingen	high	ClinGen haploinsufficiency=3 (sufficient)
NR4A2	LoF	clingen	high	ClinGen haploinsufficiency=3 (sufficient)
NR4A3	LoF	gnomad	medium	LoF-intolerant (pLI=0.9126, LOEUF=0.36)
NR5A1	LoF	clingen	high	ClinGen haploinsufficiency=3 (sufficient)
NR6A1	LoF	gnomad	medium	LoF-intolerant (pLI=0.98169, LOEUF=0.305)
NRBP1	LoF	gnomad	medium	LoF-intolerant (pLI=0.99998, LOEUF=0.135)
NRF1	LoF	gnomad	medium	LoF-intolerant (pLI=0.99922, LOEUF=0.189)
NRG1	LoF	gnomad	medium	LoF-intolerant (pLI=0.99665, LOEUF=0.258)
NRG2	LoF	gnomad	medium	LoF-intolerant (pLI=0.99925, LOEUF=0.213)
NRIP1	LoF	gnomad	medium	LoF-intolerant (pLI=0.99394, LOEUF=0.279)
NRK	LoF	gnomad	medium	LoF-intolerant (pLI=0.99274, LOEUF=0.289)
NRP1	LoF	gnomad	medium	LoF-intolerant (pLI=0.98584, LOEUF=0.3)
NRXN1	LoF	clingen	high	ClinGen haploinsufficiency=3 (sufficient)
NRXN2	LoF	gnomad	medium	LoF-intolerant (pLI=0.99934, LOEUF=0.258)
NRXN3	LoF	gnomad	medium	LoF-intolerant (pLI=1.0, LOEUF=0.112)
NSD1	LoF	clingen	high	ClinGen haploinsufficiency=3 (sufficient)
NSD2	LoF	clingen	high	ClinGen haploinsufficiency=3 (sufficient)
NSDHL	LoF	clingen	high	ClinGen haploinsufficiency=3 (sufficient)
NTF3	LoF	gnomad	medium	LoF-intolerant (pLI=0.93201, LOEUF=0.366)
NTN1	LoF	gnomad	medium	LoF-intolerant (pLI=0.99687, LOEUF=0.222)
NTN4	LoF	gnomad	medium	LoF-intolerant (pLI=0.91585, LOEUF=0.344)
NTNG1	LoF	gnomad	medium	LoF-intolerant (pLI=0.9167, LOEUF=0.358)
NTNG2	LoF	gnomad	medium	LoF-intolerant (pLI=0.99866, LOEUF=0.201)
NTRK2	LoF	gnomad	medium	LoF-intolerant (pLI=1.0, LOEUF=0.112)
NTRK3	LoF	gnomad	medium	LoF-intolerant (pLI=0.9983, LOEUF=0.259)
NUCKS1	LoF	gnomad	medium	LoF-intolerant (pLI=0.96937, LOEUF=0.312)
NUDT21	LoF	gnomad	medium	LoF-intolerant (pLI=0.98576, LOEUF=0.232)
NUFIP2	LoF	gnomad	medium	LoF-intolerant (pLI=0.99891, LOEUF=0.196)
NUMA1	LoF	gnomad	medium	LoF-intolerant (pLI=1.0, LOEUF=0.217)
NUMBL	LoF	gnomad	medium	LoF-intolerant (pLI=0.99902, LOEUF=0.218)
NUP153	LoF	gnomad	medium	LoF-intolerant (pLI=1.0, LOEUF=0.174)
NUP155	LoF	gnomad	medium	LoF-intolerant (pLI=0.65349, LOEUF=0.323)
NUP188	LoF	gnomad	medium	LoF-intolerant (pLI=0.95428, LOEUF=0.297)
NUP205	LoF	gnomad	medium	LoF-intolerant (pLI=1.0, LOEUF=0.232)
NUP214	LoF	gnomad	medium	LoF-intolerant (pLI=0.054748, LOEUF=0.349)
NUP62	LoF	gnomad	medium	LoF-intolerant (pLI=0.95006, LOEUF=0.317)
NUP85	LoF	gnomad	medium	LoF-intolerant (pLI=1.0, LOEUF=0.145)
NUP98	LoF	gnomad	medium	LoF-intolerant (pLI=1.0, LOEUF=0.122)
NUPL1	LoF	gnomad	medium	LoF-intolerant (pLI=0.92697, LOEUF=0.346)
NUS1	LoF	clingen	high	ClinGen haploinsufficiency=3 (sufficient)
NUTF2	LoF	gnomad	medium	LoF-intolerant (pLI=0.93864, LOEUF=0.338)
NXF1	LoF	gnomad	medium	LoF-intolerant (pLI=0.9763, LOEUF=0.31)
NXN	LoF	gnomad	medium	LoF-intolerant (pLI=0.99725, LOEUF=0.218)
NXPH2	LoF	gnomad	medium	LoF-intolerant (pLI=0.92646, LOEUF=0.359)
NYAP1	LoF	gnomad	medium	LoF-intolerant (pLI=0.99917, LOEUF=0.19)
NYX	LoF	clingen	high	ClinGen haploinsufficiency=3 (sufficient)
OCRL	LoF	clingen	high	ClinGen haploinsufficiency=3 (sufficient)
ODF1	LoF	gnomad	medium	LoF-intolerant (pLI=0.9721, LOEUF=0.271)
OFD1	LoF	clingen	high	ClinGen haploinsufficiency=3 (sufficient)
OGDH	LoF	gnomad	medium	LoF-intolerant (pLI=0.99728, LOEUF=0.274)
OGT	LoF	gnomad	medium	LoF-intolerant (pLI=1.0, LOEUF=0.08)
OLFM1	LoF	gnomad	medium	LoF-intolerant (pLI=0.99679, LOEUF=0.223)
OMG	LoF	gnomad	medium	LoF-intolerant (pLI=0.97114, LOEUF=0.273)
ONECUT2	LoF	gnomad	medium	LoF-intolerant (pLI=0.90701, LOEUF=0.394)
OPA1	LoF	gnomad	medium	LoF-intolerant (pLI=0.98636, LOEUF=0.294)
OPHN1	LoF	clingen	high	ClinGen haploinsufficiency=3 (sufficient)
OPN1LW	LoF	gnomad	medium	LoF-intolerant (pLI=0.97535, LOEUF=0.263)
OSBP	LoF	gnomad	medium	LoF-intolerant (pLI=0.99855, LOEUF=0.26)
OSBPL6	LoF	gnomad	medium	LoF-intolerant (pLI=0.99999, LOEUF=0.202)
OSBPL9	LoF	gnomad	medium	LoF-intolerant (pLI=0.97558, LOEUF=0.309)
OTC	LoF	clingen	high	ClinGen haploinsufficiency=3 (sufficient)
OTUB1	LoF	gnomad	medium	LoF-intolerant (pLI=0.97107, LOEUF=0.309)
OTUD4	LoF	gnomad	medium	LoF-intolerant (pLI=0.99997, LOEUF=0.212)
OTUD5	LoF	gnomad	medium	LoF-intolerant (pLI=0.99717, LOEUF=0.173)
OTUD7A	LoF	gnomad	medium	LoF-intolerant (pLI=0.95249, LOEUF=0.333)
OTX2	LoF	clingen	high	ClinGen haploinsufficiency=3 (sufficient)
OXR1	LoF	gnomad	medium	LoF-intolerant (pLI=0.84148, LOEUF=0.344)
P4HA1	LoF	gnomad	medium	LoF-intolerant (pLI=0.93166, LOEUF=0.344)
P4HB	LoF	gnomad	medium	LoF-intolerant (pLI=0.99662, LOEUF=0.224)
PA2G4	LoF	gnomad	medium	LoF-intolerant (pLI=0.99876, LOEUF=0.199)
PABPC1	LoF	gnomad	medium	LoF-intolerant (pLI=0.99601, LOEUF=0.27)
PABPC4	LoF	gnomad	medium	LoF-intolerant (pLI=0.99905, LOEUF=0.232)
PACS1	LoF	gnomad	medium	LoF-intolerant (pLI=0.99999, LOEUF=0.185)
PACS2	LoF	gnomad	medium	LoF-intolerant (pLI=0.99583, LOEUF=0.279)
PACSIN1	LoF	gnomad	medium	LoF-intolerant (pLI=0.99887, LOEUF=0.197)
PAFAH1B1	LoF	clingen	high	ClinGen haploinsufficiency=3 (sufficient)
PAFAH1B2	LoF	gnomad	medium	LoF-intolerant (pLI=0.93401, LOEUF=0.364)
PAIP1	LoF	gnomad	medium	LoF-intolerant (pLI=0.99884, LOEUF=0.198)
PAK2	LoF	gnomad	medium	LoF-intolerant (pLI=0.97169, LOEUF=0.32)
PAK3	LoF	clingen	high	ClinGen haploinsufficiency=3 (sufficient)
PAK7	LoF	gnomad	medium	LoF-intolerant (pLI=0.99977, LOEUF=0.167)
PALB2	LoF	clingen	high	ClinGen haploinsufficiency=3 (sufficient)
PAN2	LoF	gnomad	medium	LoF-intolerant (pLI=0.93596, LOEUF=0.315)
PAN3	LoF	gnomad	medium	LoF-intolerant (pLI=0.99999, LOEUF=0.15)
PANK4	LoF	gnomad	medium	LoF-intolerant (pLI=0.98325, LOEUF=0.304)
PAPD5	LoF	gnomad	medium	LoF-intolerant (pLI=0.99943, LOEUF=0.208)
PAPD7	LoF	gnomad	medium	LoF-intolerant (pLI=0.99934, LOEUF=0.186)
PAPOLA	LoF	gnomad	medium	LoF-intolerant (pLI=0.99998, LOEUF=0.177)
PAPOLG	LoF	gnomad	medium	LoF-intolerant (pLI=0.9979, LOEUF=0.266)
PARD3	LoF	gnomad	medium	LoF-intolerant (pLI=0.95577, LOEUF=0.306)
PARD6B	LoF	gnomad	medium	LoF-intolerant (pLI=0.92583, LOEUF=0.36)
PARP6	LoF	gnomad	medium	LoF-intolerant (pLI=0.99996, LOEUF=0.186)
PATL1	LoF	gnomad	medium	LoF-intolerant (pLI=0.964, LOEUF=0.316)
PATZ1	LoF	gnomad	medium	LoF-intolerant (pLI=0.99598, LOEUF=0.229)
PAX2	LoF	clingen	high	ClinGen haploinsufficiency=3 (sufficient)
PAX3	LoF	clingen	high	ClinGen haploinsufficiency=3 (sufficient)
PAX5	LoF	gnomad	medium	LoF-intolerant (pLI=0.99798, LOEUF=0.165)
PAX6	LoF	gnomad	medium	LoF-intolerant (pLI=0.99975, LOEUF=0.169)
PAX8	LoF	gnomad	medium	LoF-intolerant (pLI=0.99869, LOEUF=0.2)
PAX9	LoF	clingen	high	ClinGen haploinsufficiency=3 (sufficient)
PAXBP1	LoF	gnomad	medium	LoF-intolerant (pLI=0.99999, LOEUF=0.19)
PAXIP1	LoF	gnomad	medium	LoF-intolerant (pLI=1.0, LOEUF=0.099)
PBRM1	LoF	gnomad	medium	LoF-intolerant (pLI=1.0, LOEUF=0.129)
PBX1	LoF	clingen	high	ClinGen haploinsufficiency=3 (sufficient)
PBX2	LoF	gnomad	medium	LoF-intolerant (pLI=0.99532, LOEUF=0.234)
PCBP1	LoF	gnomad	medium	LoF-intolerant (pLI=0.90945, LOEUF=0.387)
PCBP2	LoF	gnomad	medium	LoF-intolerant (pLI=0.99617, LOEUF=0.228)
PCDH1	LoF	gnomad	medium	LoF-intolerant (pLI=0.99838, LOEUF=0.243)
PCDH19	LoF	clingen	high	ClinGen haploinsufficiency=3 (sufficient)
PCDHAC2	LoF	gnomad	medium	LoF-intolerant (pLI=0.93114, LOEUF=0.344)
PCDHGC4	LoF	gnomad	medium	LoF-intolerant (pLI=0.98025, LOEUF=0.309)
PCF11	LoF	gnomad	medium	LoF-intolerant (pLI=1.0, LOEUF=0.04)
PCGF1	LoF	gnomad	medium	LoF-intolerant (pLI=0.99713, LOEUF=0.174)
PCGF3	LoF	gnomad	medium	LoF-intolerant (pLI=0.95326, LOEUF=0.338)
PCGF5	LoF	gnomad	medium	LoF-intolerant (pLI=0.98007, LOEUF=0.303)
PCIF1	LoF	gnomad	medium	LoF-intolerant (pLI=0.99999, LOEUF=0.155)
PCLO	LoF	gnomad	medium	LoF-intolerant (pLI=1.0, LOEUF=0.124)
PCNA	LoF	gnomad	medium	LoF-intolerant (pLI=0.97606, LOEUF=0.261)
PCNX	LoF	gnomad	medium	LoF-intolerant (pLI=1.0, LOEUF=0.227)
PCNXL3	LoF	gnomad	medium	LoF-intolerant (pLI=0.99999, LOEUF=0.227)
PCSK2	LoF	gnomad	medium	LoF-intolerant (pLI=0.99853, LOEUF=0.241)
PDCD10	LoF	gnomad	medium	LoF-intolerant (pLI=0.96197, LOEUF=0.325)
PDE10A	LoF	gnomad	medium	LoF-intolerant (pLI=0.99986, LOEUF=0.213)
PDE2A	LoF	gnomad	medium	LoF-intolerant (pLI=0.631, LOEUF=0.348)
PDE4A	LoF	gnomad	medium	LoF-intolerant (pLI=0.98167, LOEUF=0.307)
PDE4D	LoF	gnomad	medium	LoF-intolerant (pLI=0.9998, LOEUF=0.206)
PDE8B	LoF	gnomad	medium	LoF-intolerant (pLI=0.99905, LOEUF=0.249)
PDGFC	LoF	gnomad	medium	LoF-intolerant (pLI=0.99374, LOEUF=0.198)
PDGFRA	LoF	gnomad	medium	LoF-intolerant (pLI=1.0, LOEUF=0.169)
PDGFRB	LoF	gnomad	medium	LoF-intolerant (pLI=0.9041, LOEUF=0.325)
PDHA1	LoF	clingen	high	ClinGen haploinsufficiency=3 (sufficient)
PDIA3	LoF	gnomad	medium	LoF-intolerant (pLI=0.99608, LOEUF=0.25)
PDLIM4	LoF	gnomad	medium	LoF-intolerant (pLI=0.98283, LOEUF=0.242)
PDPK1	LoF	gnomad	medium	LoF-intolerant (pLI=0.98013, LOEUF=0.29)
PDS5A	LoF	gnomad	medium	LoF-intolerant (pLI=1.0, LOEUF=0.196)
PDS5B	LoF	gnomad	medium	LoF-intolerant (pLI=1.0, LOEUF=0.18)
PDZD2	LoF	gnomad	medium	LoF-intolerant (pLI=0.99694, LOEUF=0.277)
PDZD8	LoF	gnomad	medium	LoF-intolerant (pLI=0.99984, LOEUF=0.203)
PDZRN3	LoF	gnomad	medium	LoF-intolerant (pLI=0.98471, LOEUF=0.303)
PELP1	LoF	gnomad	medium	LoF-intolerant (pLI=0.99998, LOEUF=0.158)
PER2	LoF	gnomad	medium	LoF-intolerant (pLI=0.7148, LOEUF=0.347)
PEX26	LoF	gnomad	medium	LoF-intolerant (pLI=0.93189, LOEUF=0.366)
PFDN6	LoF	gnomad	medium	LoF-intolerant (pLI=0.93592, LOEUF=0.343)
PGAP2	LoF	gnomad	medium	LoF-intolerant (pLI=0.93451, LOEUF=0.363)
PGD	LoF	gnomad	medium	LoF-intolerant (pLI=0.98788, LOEUF=0.292)
PHACTR3	LoF	gnomad	medium	LoF-intolerant (pLI=0.99687, LOEUF=0.257)
PHC1	LoF	gnomad	medium	LoF-intolerant (pLI=0.99938, LOEUF=0.243)
PHC3	LoF	gnomad	medium	LoF-intolerant (pLI=1.0, LOEUF=0.097)
PHEX	LoF	clingen	high	ClinGen haploinsufficiency=3 (sufficient)
PHF1	LoF	gnomad	medium	LoF-intolerant (pLI=0.99956, LOEUF=0.203)
PHF12	LoF	clingen	high	ClinGen haploinsufficiency=3 (sufficient)
PHF13	LoF	gnomad	medium	LoF-intolerant (pLI=0.98042, LOEUF=0.249)
PHF19	LoF	gnomad	medium	LoF-intolerant (pLI=0.99946, LOEUF=0.222)
PHF2	LoF	gnomad	medium	LoF-intolerant (pLI=1.0, LOEUF=0.177)
PHF20	LoF	gnomad	medium	LoF-intolerant (pLI=0.99875, LOEUF=0.261)
PHF20L1	LoF	gnomad	medium	LoF-intolerant (pLI=1.0, LOEUF=0.187)
PHF21A	LoF	clingen	high	ClinGen haploinsufficiency=3 (sufficient)
PHF21B	LoF	gnomad	medium	LoF-intolerant (pLI=0.98689, LOEUF=0.294)
PHF23	LoF	gnomad	medium	LoF-intolerant (pLI=0.99774, LOEUF=0.167)
PHF3	LoF	gnomad	medium	LoF-intolerant (pLI=0.99256, LOEUF=0.286)
PHF6	LoF	clingen	high	ClinGen haploinsufficiency=3 (sufficient)
PHF8	LoF	clingen	high	ClinGen haploinsufficiency=3 (sufficient)
PHIP	LoF	clingen	high	ClinGen haploinsufficiency=3 (sufficient)
PHLPP1	LoF	gnomad	medium	LoF-intolerant (pLI=0.99927, LOEUF=0.257)
PHOX2B	LoF	clingen	high	ClinGen haploinsufficiency=3 (sufficient)
PI4KB	LoF	gnomad	medium	LoF-intolerant (pLI=0.86607, LOEUF=0.345)
PIAS1	LoF	gnomad	medium	LoF-intolerant (pLI=0.99999, LOEUF=0.094)
PIAS2	LoF	gnomad	medium	LoF-intolerant (pLI=0.99718, LOEUF=0.254)
PIAS3	LoF	gnomad	medium	LoF-intolerant (pLI=0.98499, LOEUF=0.301)
PIAS4	LoF	gnomad	medium	LoF-intolerant (pLI=0.99986, LOEUF=0.118)
PICALM	LoF	gnomad	medium	LoF-intolerant (pLI=0.99896, LOEUF=0.234)
PIGA	LoF	gnomad	medium	LoF-intolerant (pLI=0.96072, LOEUF=0.296)
PIK3AP1	LoF	gnomad	medium	LoF-intolerant (pLI=1.0, LOEUF=0.122)
PIK3C2B	LoF	gnomad	medium	LoF-intolerant (pLI=0.99651, LOEUF=0.279)
PIK3CA	LoF	gnomad	medium	LoF-intolerant (pLI=1.0, LOEUF=0.117)
PIK3CB	LoF	gnomad	medium	LoF-intolerant (pLI=0.99964, LOEUF=0.252)
PIK3CD	LoF	gnomad	medium	LoF-intolerant (pLI=0.99999, LOEUF=0.196)
PIK3R1	LoF	gnomad	medium	LoF-intolerant (pLI=0.99978, LOEUF=0.228)
PIM2	LoF	gnomad	medium	LoF-intolerant (pLI=0.94801, LOEUF=0.321)
PIM3	LoF	gnomad	medium	LoF-intolerant (pLI=0.98192, LOEUF=0.244)
PIP4K2B	LoF	gnomad	medium	LoF-intolerant (pLI=0.99837, LOEUF=0.16)
PIP5K1C	LoF	gnomad	medium	LoF-intolerant (pLI=0.97704, LOEUF=0.313)
PITPNA	LoF	gnomad	medium	LoF-intolerant (pLI=0.96513, LOEUF=0.328)
PITPNB	LoF	gnomad	medium	LoF-intolerant (pLI=0.981, LOEUF=0.287)
PITPNC1	LoF	gnomad	medium	LoF-intolerant (pLI=0.99252, LOEUF=0.249)
PITPNM2	LoF	gnomad	medium	LoF-intolerant (pLI=1.0, LOEUF=0.18)
PITPNM3	LoF	gnomad	medium	LoF-intolerant (pLI=0.99992, LOEUF=0.206)
PITX2	LoF	clingen	high	ClinGen haploinsufficiency=3 (sufficient)
PJA1	LoF	gnomad	medium	LoF-intolerant (pLI=0.92754, LOEUF=0.366)
PKD1	LoF	clingen	high	ClinGen haploinsufficiency=3 (sufficient)
PKD2	LoF	clingen	high	ClinGen haploinsufficiency=3 (sufficient)
PKN2	LoF	gnomad	medium	LoF-intolerant (pLI=1.0, LOEUF=0.15)
PKNOX1	LoF	gnomad	medium	LoF-intolerant (pLI=0.99401, LOEUF=0.262)
PKNOX2	LoF	gnomad	medium	LoF-intolerant (pLI=0.99174, LOEUF=0.272)
PKP2	LoF	clingen	high	ClinGen haploinsufficiency=3 (sufficient)
PLAG1	LoF	gnomad	medium	LoF-intolerant (pLI=0.99532, LOEUF=0.188)
PLAGL1	LoF	gnomad	medium	LoF-intolerant (pLI=0.9764, LOEUF=0.26)
PLAGL2	LoF	gnomad	medium	LoF-intolerant (pLI=0.98253, LOEUF=0.243)
PLCB1	LoF	gnomad	medium	LoF-intolerant (pLI=0.98337, LOEUF=0.296)
PLCB3	LoF	gnomad	medium	LoF-intolerant (pLI=0.93999, LOEUF=0.312)
PLCG2	LoF	gnomad	medium	LoF-intolerant (pLI=0.99562, LOEUF=0.281)
PLCH1	LoF	gnomad	medium	LoF-intolerant (pLI=0.39649, LOEUF=0.338)
PLCL2	LoF	gnomad	medium	LoF-intolerant (pLI=0.99999, LOEUF=0.088)
PLEKHA5	LoF	gnomad	medium	LoF-intolerant (pLI=1.0, LOEUF=0.098)
PLK1	LoF	gnomad	medium	LoF-intolerant (pLI=0.97851, LOEUF=0.31)
PLK2	LoF	gnomad	medium	LoF-intolerant (pLI=0.9999, LOEUF=0.18)
PLP1	unknown	clingen	low	HI=3 and TS=3 (dosage-sensitive both ways)
PLRG1	LoF	gnomad	medium	LoF-intolerant (pLI=0.99911, LOEUF=0.231)
PLS3	LoF	gnomad	medium	LoF-intolerant (pLI=0.98844, LOEUF=0.283)
PLXNA1	LoF	gnomad	medium	LoF-intolerant (pLI=0.99951, LOEUF=0.262)
PLXNA4	LoF	gnomad	medium	LoF-intolerant (pLI=0.99999, LOEUF=0.229)
PLXNB2	LoF	gnomad	medium	LoF-intolerant (pLI=0.99234, LOEUF=0.285)
PLXNC1	LoF	gnomad	medium	LoF-intolerant (pLI=0.99811, LOEUF=0.273)
PLXND1	LoF	gnomad	medium	LoF-intolerant (pLI=1.0, LOEUF=0.157)
PMEPA1	LoF	gnomad	medium	LoF-intolerant (pLI=0.93577, LOEUF=0.343)
PMP22	LoF	clingen	high	ClinGen haploinsufficiency=3 (sufficient)
PMS2	LoF	clingen	high	ClinGen haploinsufficiency=3 (sufficient)
PNISR	LoF	gnomad	medium	LoF-intolerant (pLI=0.99998, LOEUF=0.178)
PNRC1	LoF	gnomad	medium	LoF-intolerant (pLI=0.90825, LOEUF=0.389)
PODXL2	LoF	gnomad	medium	LoF-intolerant (pLI=0.99936, LOEUF=0.141)
POFUT1	LoF	gnomad	medium	LoF-intolerant (pLI=0.96303, LOEUF=0.33)
POGZ	LoF	clingen	high	ClinGen haploinsufficiency=3 (sufficient)
POLA1	LoF	gnomad	medium	LoF-intolerant (pLI=1.0, LOEUF=0.051)
POLD3	LoF	gnomad	medium	LoF-intolerant (pLI=0.99776, LOEUF=0.236)
POLR1A	LoF	gnomad	medium	LoF-intolerant (pLI=0.9998, LOEUF=0.256)
POLR1B	LoF	gnomad	medium	LoF-intolerant (pLI=0.99946, LOEUF=0.246)
POLR1D	LoF	clingen	high	ClinGen haploinsufficiency=3 (sufficient)
POLR2A	LoF	gnomad	medium	LoF-intolerant (pLI=1.0, LOEUF=0.159)
POLR2B	LoF	gnomad	medium	LoF-intolerant (pLI=0.52372, LOEUF=0.344)
POMP	LoF	gnomad	medium	LoF-intolerant (pLI=0.90942, LOEUF=0.387)
PORCN	LoF	clingen	high	ClinGen haploinsufficiency=3 (sufficient)
POU2F1	LoF	gnomad	medium	LoF-intolerant (pLI=0.90229, LOEUF=0.343)
POU2F2	LoF	gnomad	medium	LoF-intolerant (pLI=0.99884, LOEUF=0.197)
POU3F2	LoF	gnomad	medium	LoF-intolerant (pLI=0.92007, LOEUF=0.38)
POU3F4	LoF	clingen	high	ClinGen haploinsufficiency=3 (sufficient)
POU4F3	LoF	clingen	high	ClinGen haploinsufficiency=3 (sufficient)
POU5F1	LoF	gnomad	medium	LoF-intolerant (pLI=0.95371, LOEUF=0.341)
PPAP2B	LoF	gnomad	medium	LoF-intolerant (pLI=0.917, LOEUF=0.383)
PPARD	LoF	gnomad	medium	LoF-intolerant (pLI=0.99497, LOEUF=0.19)
PPARGC1A	LoF	gnomad	medium	LoF-intolerant (pLI=0.9973, LOEUF=0.267)
PPAT	LoF	gnomad	medium	LoF-intolerant (pLI=0.98606, LOEUF=0.296)
PPEF1	LoF	gnomad	medium	LoF-intolerant (pLI=0.9873, LOEUF=0.293)
PPFIA1	LoF	gnomad	medium	LoF-intolerant (pLI=1.0, LOEUF=0.067)
PPFIA2	LoF	gnomad	medium	LoF-intolerant (pLI=1.0, LOEUF=0.139)
PPFIA3	LoF	gnomad	medium	LoF-intolerant (pLI=1.0, LOEUF=0.121)
PPIG	LoF	gnomad	medium	LoF-intolerant (pLI=0.96292, LOEUF=0.32)
PPIL3	LoF	gnomad	medium	LoF-intolerant (pLI=0.90243, LOEUF=0.398)
PPM1A	LoF	gnomad	medium	LoF-intolerant (pLI=0.99834, LOEUF=0.16)
PPM1E	LoF	gnomad	medium	LoF-intolerant (pLI=0.98758, LOEUF=0.293)
PPM1G	LoF	gnomad	medium	LoF-intolerant (pLI=0.9604, LOEUF=0.33)
PPME1	LoF	gnomad	medium	LoF-intolerant (pLI=0.99904, LOEUF=0.193)
PPP1CA	LoF	gnomad	medium	LoF-intolerant (pLI=0.98588, LOEUF=0.274)
PPP1CB	LoF	gnomad	medium	LoF-intolerant (pLI=0.99912, LOEUF=0.147)
PPP1CC	LoF	gnomad	medium	LoF-intolerant (pLI=0.95777, LOEUF=0.336)
PPP1R10	LoF	gnomad	medium	LoF-intolerant (pLI=1.0, LOEUF=0.154)
PPP1R12A	LoF	gnomad	medium	LoF-intolerant (pLI=1.0, LOEUF=0.13)
PPP1R13B	LoF	gnomad	medium	LoF-intolerant (pLI=0.99811, LOEUF=0.269)
PPP1R16B	LoF	gnomad	medium	LoF-intolerant (pLI=0.99974, LOEUF=0.169)
PPP1R37	LoF	gnomad	medium	LoF-intolerant (pLI=0.99448, LOEUF=0.26)
PPP1R7	LoF	gnomad	medium	LoF-intolerant (pLI=0.99458, LOEUF=0.238)
PPP1R8	LoF	gnomad	medium	LoF-intolerant (pLI=0.98791, LOEUF=0.224)
PPP1R9B	LoF	gnomad	medium	LoF-intolerant (pLI=0.99975, LOEUF=0.168)
PPP2CA	LoF	gnomad	medium	LoF-intolerant (pLI=0.9893, LOEUF=0.263)
PPP2R1A	LoF	gnomad	medium	LoF-intolerant (pLI=0.98389, LOEUF=0.303)
PPP2R2A	LoF	gnomad	medium	LoF-intolerant (pLI=0.99495, LOEUF=0.257)
PPP2R2B	LoF	gnomad	medium	LoF-intolerant (pLI=0.98467, LOEUF=0.293)
PPP2R2D	LoF	gnomad	medium	LoF-intolerant (pLI=0.91708, LOEUF=0.375)
PPP2R4	LoF	gnomad	medium	LoF-intolerant (pLI=0.99057, LOEUF=0.258)
PPP2R5B	LoF	gnomad	medium	LoF-intolerant (pLI=0.98416, LOEUF=0.3)
PPP2R5C	LoF	gnomad	medium	LoF-intolerant (pLI=0.97071, LOEUF=0.319)
PPP2R5D	LoF	gnomad	medium	LoF-intolerant (pLI=0.99993, LOEUF=0.175)
PPP2R5E	LoF	gnomad	medium	LoF-intolerant (pLI=0.99997, LOEUF=0.103)
PPP3CA	LoF	gnomad	medium	LoF-intolerant (pLI=0.99988, LOEUF=0.158)
PPP3CB	LoF	gnomad	medium	LoF-intolerant (pLI=0.99998, LOEUF=0.098)
PPP4R1	LoF	gnomad	medium	LoF-intolerant (pLI=0.99958, LOEUF=0.243)
PPP4R2	LoF	gnomad	medium	LoF-intolerant (pLI=0.99835, LOEUF=0.16)
PPP5C	LoF	gnomad	medium	LoF-intolerant (pLI=0.99938, LOEUF=0.209)
PPP6R1	LoF	gnomad	medium	LoF-intolerant (pLI=0.98287, LOEUF=0.304)
PPP6R3	LoF	gnomad	medium	LoF-intolerant (pLI=0.99487, LOEUF=0.284)
PPRC1	LoF	gnomad	medium	LoF-intolerant (pLI=1.0, LOEUF=0.152)
PPTC7	LoF	gnomad	medium	LoF-intolerant (pLI=0.93813, LOEUF=0.359)
PQBP1	LoF	clingen	high	ClinGen haploinsufficiency=3 (sufficient)
PRCC	LoF	gnomad	medium	LoF-intolerant (pLI=0.96281, LOEUF=0.33)
PRDM1	LoF	gnomad	medium	LoF-intolerant (pLI=0.9565, LOEUF=0.333)
PRDM11	LoF	gnomad	medium	LoF-intolerant (pLI=0.97355, LOEUF=0.315)
PRDM12	LoF	gnomad	medium	LoF-intolerant (pLI=0.93018, LOEUF=0.368)
PRDM16	LoF	gnomad	medium	LoF-intolerant (pLI=0.99999, LOEUF=0.187)
PRDM2	LoF	gnomad	medium	LoF-intolerant (pLI=0.99996, LOEUF=0.222)
PREX1	LoF	gnomad	medium	LoF-intolerant (pLI=1.0, LOEUF=0.091)
PRICKLE1	LoF	gnomad	medium	LoF-intolerant (pLI=0.99999, LOEUF=0.129)
PRICKLE2	LoF	gnomad	medium	LoF-intolerant (pLI=0.99544, LOEUF=0.277)
PRKACA	LoF	gnomad	medium	LoF-intolerant (pLI=0.97142, LOEUF=0.318)
PRKAG2	LoF	gnomad	medium	LoF-intolerant (pLI=0.99692, LOEUF=0.256)
PRKAR1A	LoF	clingen	high	ClinGen haploinsufficiency=3 (sufficient)
PRKAR2B	LoF	gnomad	medium	LoF-intolerant (pLI=0.99713, LOEUF=0.22)
PRKCB	LoF	gnomad	medium	LoF-intolerant (pLI=1.0, LOEUF=0.081)
PRKCD	LoF	gnomad	medium	LoF-intolerant (pLI=0.99995, LOEUF=0.171)
PRKCE	LoF	gnomad	medium	LoF-intolerant (pLI=0.99988, LOEUF=0.2)
PRKCG	LoF	gnomad	medium	LoF-intolerant (pLI=0.99985, LOEUF=0.203)
PRKCSH	LoF	clingen	high	ClinGen haploinsufficiency=3 (sufficient)
PRKD2	LoF	gnomad	medium	LoF-intolerant (pLI=0.99995, LOEUF=0.189)
PRKDC	LoF	gnomad	medium	LoF-intolerant (pLI=1.0, LOEUF=0.052)
PRKG1	LoF	gnomad	medium	LoF-intolerant (pLI=0.99938, LOEUF=0.235)
PRKRIR	LoF	gnomad	medium	LoF-intolerant (pLI=0.96834, LOEUF=0.323)
PRLR	LoF	gnomad	medium	LoF-intolerant (pLI=0.98732, LOEUF=0.293)
PRMT1	LoF	gnomad	medium	LoF-intolerant (pLI=0.99907, LOEUF=0.148)
PRMT5	LoF	gnomad	medium	LoF-intolerant (pLI=0.99999, LOEUF=0.124)
PRMT8	LoF	gnomad	medium	LoF-intolerant (pLI=0.98023, LOEUF=0.303)
PROX1	LoF	gnomad	medium	LoF-intolerant (pLI=0.99884, LOEUF=0.221)
PRPF19	LoF	gnomad	medium	LoF-intolerant (pLI=0.99995, LOEUF=0.106)
PRPF3	LoF	gnomad	medium	LoF-intolerant (pLI=1.0, LOEUF=0.068)
PRPF31	LoF	gnomad	medium	LoF-intolerant (pLI=0.98313, LOEUF=0.302)
PRPF39	LoF	gnomad	medium	LoF-intolerant (pLI=0.99875, LOEUF=0.238)
PRPF4	LoF	gnomad	medium	LoF-intolerant (pLI=0.9993, LOEUF=0.227)
PRPF40B	LoF	gnomad	medium	LoF-intolerant (pLI=0.99963, LOEUF=0.246)
PRPF4B	LoF	gnomad	medium	LoF-intolerant (pLI=1.0, LOEUF=0.17)
PRPF8	LoF	gnomad	medium	LoF-intolerant (pLI=1.0, LOEUF=0.178)
PRPS1	LoF	gnomad	medium	LoF-intolerant (pLI=0.91542, LOEUF=0.377)
PRPS2	LoF	gnomad	medium	LoF-intolerant (pLI=0.93544, LOEUF=0.343)
PRR12	LoF	clingen	high	ClinGen haploinsufficiency=3 (sufficient)
PRR14L	LoF	gnomad	medium	LoF-intolerant (pLI=0.99705, LOEUF=0.277)
PRRC2A	LoF	gnomad	medium	LoF-intolerant (pLI=1.0, LOEUF=0.186)
PRRC2B	LoF	gnomad	medium	LoF-intolerant (pLI=1.0, LOEUF=0.188)
PRRC2C	LoF	gnomad	medium	LoF-intolerant (pLI=1.0, LOEUF=0.121)
PRRT2	LoF	clingen	high	ClinGen haploinsufficiency=3 (sufficient)
PSAP	LoF	gnomad	medium	LoF-intolerant (pLI=0.99051, LOEUF=0.285)
PSD	LoF	gnomad	medium	LoF-intolerant (pLI=0.90358, LOEUF=0.337)
PSEN1	LoF	gnomad	medium	LoF-intolerant (pLI=0.97322, LOEUF=0.318)
PSIP1	LoF	gnomad	medium	LoF-intolerant (pLI=0.99668, LOEUF=0.266)
PSMA1	LoF	gnomad	medium	LoF-intolerant (pLI=0.98251, LOEUF=0.284)
PSMA2	LoF	gnomad	medium	LoF-intolerant (pLI=0.98234, LOEUF=0.284)
PSMA3	LoF	gnomad	medium	LoF-intolerant (pLI=0.98462, LOEUF=0.278)
PSMA5	LoF	gnomad	medium	LoF-intolerant (pLI=0.99376, LOEUF=0.198)
PSMA6	LoF	gnomad	medium	LoF-intolerant (pLI=0.98619, LOEUF=0.231)
PSMA7	LoF	gnomad	medium	LoF-intolerant (pLI=0.98768, LOEUF=0.225)
PSMB1	LoF	gnomad	medium	LoF-intolerant (pLI=0.96996, LOEUF=0.276)
PSMB2	LoF	gnomad	medium	LoF-intolerant (pLI=0.91397, LOEUF=0.386)
PSMB3	LoF	gnomad	medium	LoF-intolerant (pLI=0.95656, LOEUF=0.304)
PSMB5	LoF	gnomad	medium	LoF-intolerant (pLI=0.95893, LOEUF=0.3)
PSMC1	LoF	gnomad	medium	LoF-intolerant (pLI=0.99945, LOEUF=0.138)
PSMC2	LoF	gnomad	medium	LoF-intolerant (pLI=0.99985, LOEUF=0.119)
PSMC3	LoF	gnomad	medium	LoF-intolerant (pLI=0.9547, LOEUF=0.338)
PSMC5	LoF	gnomad	medium	LoF-intolerant (pLI=0.93308, LOEUF=0.355)
PSMC6	LoF	gnomad	medium	LoF-intolerant (pLI=0.99662, LOEUF=0.246)
PSMD1	LoF	gnomad	medium	LoF-intolerant (pLI=1.0, LOEUF=0.118)
PSMD11	LoF	gnomad	medium	LoF-intolerant (pLI=0.99987, LOEUF=0.159)
PSMD12	LoF	gnomad	medium	LoF-intolerant (pLI=0.99984, LOEUF=0.162)
PSMD13	LoF	gnomad	medium	LoF-intolerant (pLI=0.99901, LOEUF=0.194)
PSMD14	LoF	gnomad	medium	LoF-intolerant (pLI=0.97662, LOEUF=0.298)
PSMD2	LoF	gnomad	medium	LoF-intolerant (pLI=1.0, LOEUF=0.102)
PSMD3	LoF	gnomad	medium	LoF-intolerant (pLI=0.99997, LOEUF=0.102)
PSMD4	LoF	gnomad	medium	LoF-intolerant (pLI=0.99726, LOEUF=0.172)
PSMD6	LoF	gnomad	medium	LoF-intolerant (pLI=0.99518, LOEUF=0.235)
PSME3	LoF	gnomad	medium	LoF-intolerant (pLI=0.99714, LOEUF=0.174)
PSME4	LoF	gnomad	medium	LoF-intolerant (pLI=1.0, LOEUF=0.177)
PSPC1	LoF	gnomad	medium	LoF-intolerant (pLI=0.99013, LOEUF=0.277)
PTBP1	LoF	gnomad	medium	LoF-intolerant (pLI=0.99961, LOEUF=0.176)
PTBP2	LoF	gnomad	medium	LoF-intolerant (pLI=0.99883, LOEUF=0.222)
PTCH1	LoF	clingen	high	ClinGen haploinsufficiency=3 (sufficient)
PTCHD1	LoF	clingen	high	ClinGen haploinsufficiency=3 (sufficient)
PTEN	LoF	clingen	high	ClinGen haploinsufficiency=3 (sufficient)
PTGER4	LoF	gnomad	medium	LoF-intolerant (pLI=0.9755, LOEUF=0.3)
PTGES3	LoF	gnomad	medium	LoF-intolerant (pLI=0.98536, LOEUF=0.233)
PTGS2	LoF	gnomad	medium	LoF-intolerant (pLI=0.99597, LOEUF=0.263)
PTH1R	LoF	clingen	high	ClinGen haploinsufficiency=3 (sufficient)
PTHLH	LoF	clingen	high	ClinGen haploinsufficiency=3 (sufficient)
PTK2	LoF	gnomad	medium	LoF-intolerant (pLI=0.99987, LOEUF=0.243)
PTK2B	LoF	gnomad	medium	LoF-intolerant (pLI=0.93536, LOEUF=0.313)
PTK7	LoF	gnomad	medium	LoF-intolerant (pLI=0.99721, LOEUF=0.275)
PTP4A2	LoF	gnomad	medium	LoF-intolerant (pLI=0.96626, LOEUF=0.284)
PTPN11	LoF	clingen	high	ClinGen haploinsufficiency=3 (sufficient)
PTPN12	LoF	gnomad	medium	LoF-intolerant (pLI=0.99996, LOEUF=0.186)
PTPN2	LoF	gnomad	medium	LoF-intolerant (pLI=0.99953, LOEUF=0.179)
PTPN4	LoF	gnomad	medium	LoF-intolerant (pLI=0.99663, LOEUF=0.279)
PTPN6	LoF	gnomad	medium	LoF-intolerant (pLI=0.99999, LOEUF=0.132)
PTPRA	LoF	gnomad	medium	LoF-intolerant (pLI=0.99998, LOEUF=0.192)
PTPRB	LoF	gnomad	medium	LoF-intolerant (pLI=0.50207, LOEUF=0.314)
PTPRC	LoF	gnomad	medium	LoF-intolerant (pLI=1.0, LOEUF=0.207)
PTPRD	LoF	gnomad	medium	LoF-intolerant (pLI=1.0, LOEUF=0.112)
PTPRF	LoF	gnomad	medium	LoF-intolerant (pLI=1.0, LOEUF=0.187)
PTPRK	LoF	gnomad	medium	LoF-intolerant (pLI=0.90291, LOEUF=0.309)
PTPRM	LoF	gnomad	medium	LoF-intolerant (pLI=0.99998, LOEUF=0.233)
PTPRS	LoF	gnomad	medium	LoF-intolerant (pLI=0.99983, LOEUF=0.254)
PTPRT	LoF	gnomad	medium	LoF-intolerant (pLI=1.0, LOEUF=0.18)
PTPRU	LoF	gnomad	medium	LoF-intolerant (pLI=0.39251, LOEUF=0.338)
PTPRZ1	LoF	gnomad	medium	LoF-intolerant (pLI=0.98997, LOEUF=0.286)
PUF60	LoF	clingen	high	ClinGen haploinsufficiency=3 (sufficient)
PUM1	LoF	gnomad	medium	LoF-intolerant (pLI=1.0, LOEUF=0.129)
PUM2	LoF	gnomad	medium	LoF-intolerant (pLI=0.99492, LOEUF=0.284)
PURA	LoF	clingen	high	ClinGen haploinsufficiency=3 (sufficient)
PURG	LoF	gnomad	medium	LoF-intolerant (pLI=0.961, LOEUF=0.295)
PVRL2	LoF	gnomad	medium	LoF-intolerant (pLI=0.96926, LOEUF=0.323)
PVRL3	LoF	gnomad	medium	LoF-intolerant (pLI=0.91574, LOEUF=0.366)
PWWP2A	LoF	gnomad	medium	LoF-intolerant (pLI=0.98292, LOEUF=0.297)
PYGO1	LoF	gnomad	medium	LoF-intolerant (pLI=0.98683, LOEUF=0.228)
PYGO2	LoF	gnomad	medium	LoF-intolerant (pLI=0.96676, LOEUF=0.283)
QRICH1	LoF	clingen	high	ClinGen haploinsufficiency=3 (sufficient)
QSER1	LoF	gnomad	medium	LoF-intolerant (pLI=0.99999, LOEUF=0.208)
R3HDM1	LoF	gnomad	medium	LoF-intolerant (pLI=0.86068, LOEUF=0.328)
R3HDM2	LoF	gnomad	medium	LoF-intolerant (pLI=1.0, LOEUF=0.176)
RAB10	LoF	gnomad	medium	LoF-intolerant (pLI=0.97213, LOEUF=0.271)
RAB11A	LoF	gnomad	medium	LoF-intolerant (pLI=0.99151, LOEUF=0.209)
RAB11FIP2	LoF	gnomad	medium	LoF-intolerant (pLI=0.94451, LOEUF=0.351)
RAB11FIP3	LoF	gnomad	medium	LoF-intolerant (pLI=0.9982, LOEUF=0.245)
RAB11FIP4	LoF	gnomad	medium	LoF-intolerant (pLI=0.99199, LOEUF=0.285)
RAB14	LoF	gnomad	medium	LoF-intolerant (pLI=0.99047, LOEUF=0.214)
RAB18	LoF	gnomad	medium	LoF-intolerant (pLI=0.91006, LOEUF=0.39)
RAB2A	LoF	gnomad	medium	LoF-intolerant (pLI=0.98913, LOEUF=0.22)
RAB30	LoF	gnomad	medium	LoF-intolerant (pLI=0.92132, LOEUF=0.378)
RAB35	LoF	gnomad	medium	LoF-intolerant (pLI=0.97845, LOEUF=0.254)
RAB39B	LoF	clingen	high	ClinGen haploinsufficiency=3 (sufficient)
RAB3A	LoF	gnomad	medium	LoF-intolerant (pLI=0.9463, LOEUF=0.324)
RAB3GAP2	LoF	gnomad	medium	LoF-intolerant (pLI=0.98674, LOEUF=0.291)
RAB5C	LoF	gnomad	medium	LoF-intolerant (pLI=0.93717, LOEUF=0.36)
RAB6A	LoF	gnomad	medium	LoF-intolerant (pLI=0.95237, LOEUF=0.34)
RAB6B	LoF	gnomad	medium	LoF-intolerant (pLI=0.95879, LOEUF=0.33)
RAB7A	LoF	gnomad	medium	LoF-intolerant (pLI=0.96933, LOEUF=0.277)
RAB8A	LoF	gnomad	medium	LoF-intolerant (pLI=0.97543, LOEUF=0.262)
RABEP1	LoF	gnomad	medium	LoF-intolerant (pLI=0.99851, LOEUF=0.266)
RABGAP1	LoF	gnomad	medium	LoF-intolerant (pLI=1.0, LOEUF=0.078)
RABL6	LoF	gnomad	medium	LoF-intolerant (pLI=0.99817, LOEUF=0.245)
RAC2	LoF	gnomad	medium	LoF-intolerant (pLI=0.96627, LOEUF=0.284)
RAD21	LoF	clingen	high	ClinGen haploinsufficiency=3 (sufficient)
RAD23B	LoF	gnomad	medium	LoF-intolerant (pLI=0.9963, LOEUF=0.227)
RAD51C	LoF	clingen	high	ClinGen haploinsufficiency=3 (sufficient)
RAD51D	LoF	clingen	high	ClinGen haploinsufficiency=3 (sufficient)
RAD54L2	LoF	gnomad	medium	LoF-intolerant (pLI=1.0, LOEUF=0.076)
RAE1	LoF	gnomad	medium	LoF-intolerant (pLI=0.99902, LOEUF=0.194)
RAI1	LoF	clingen	high	ClinGen haploinsufficiency=3 (sufficient)
RAI14	LoF	gnomad	medium	LoF-intolerant (pLI=0.99122, LOEUF=0.292)
RALA	LoF	gnomad	medium	LoF-intolerant (pLI=0.97289, LOEUF=0.269)
RALGAPA1	LoF	gnomad	medium	LoF-intolerant (pLI=0.99999, LOEUF=0.232)
RALGAPB	LoF	gnomad	medium	LoF-intolerant (pLI=1.0, LOEUF=0.106)
RALGDS	LoF	gnomad	medium	LoF-intolerant (pLI=0.88814, LOEUF=0.341)
RALGPS1	LoF	gnomad	medium	LoF-intolerant (pLI=0.99999, LOEUF=0.127)
RAN	LoF	gnomad	medium	LoF-intolerant (pLI=0.97576, LOEUF=0.262)
RANBP10	LoF	gnomad	medium	LoF-intolerant (pLI=0.96855, LOEUF=0.321)
RANBP2	LoF	gnomad	medium	LoF-intolerant (pLI=1.0, LOEUF=0.142)
RANBP3	LoF	gnomad	medium	LoF-intolerant (pLI=0.99997, LOEUF=0.141)
RANBP9	LoF	gnomad	medium	LoF-intolerant (pLI=0.99999, LOEUF=0.13)
RAP1B	LoF	gnomad	medium	LoF-intolerant (pLI=0.90995, LOEUF=0.39)
RAP1GAP	LoF	gnomad	medium	LoF-intolerant (pLI=0.84376, LOEUF=0.349)
RAP1GAP2	LoF	gnomad	medium	LoF-intolerant (pLI=0.96928, LOEUF=0.316)
RAP1GDS1	LoF	gnomad	medium	LoF-intolerant (pLI=0.93288, LOEUF=0.343)
RAPGEF1	LoF	gnomad	medium	LoF-intolerant (pLI=0.99995, LOEUF=0.222)
RAPGEF2	LoF	gnomad	medium	LoF-intolerant (pLI=1.0, LOEUF=0.197)
RAPGEF4	LoF	gnomad	medium	LoF-intolerant (pLI=0.99218, LOEUF=0.288)
RAPGEF5	LoF	gnomad	medium	LoF-intolerant (pLI=0.98099, LOEUF=0.305)
RAPGEF6	LoF	gnomad	medium	LoF-intolerant (pLI=0.99644, LOEUF=0.279)
RAPH1	LoF	gnomad	medium	LoF-intolerant (pLI=0.99985, LOEUF=0.223)
RARA	LoF	gnomad	medium	LoF-intolerant (pLI=0.96305, LOEUF=0.33)
RARB	LoF	gnomad	medium	LoF-intolerant (pLI=0.99983, LOEUF=0.12)
RARG	LoF	gnomad	medium	LoF-intolerant (pLI=0.99478, LOEUF=0.237)
RASA1	LoF	clingen	high	ClinGen haploinsufficiency=3 (sufficient)
RASAL2	LoF	gnomad	medium	LoF-intolerant (pLI=0.79641, LOEUF=0.335)
RASGEF1A	LoF	gnomad	medium	LoF-intolerant (pLI=0.97444, LOEUF=0.316)
RASGEF1B	LoF	gnomad	medium	LoF-intolerant (pLI=0.92073, LOEUF=0.349)
RASGRF1	LoF	gnomad	medium	LoF-intolerant (pLI=0.99999, LOEUF=0.207)
RASGRP1	LoF	gnomad	medium	LoF-intolerant (pLI=0.96554, LOEUF=0.318)
RASIP1	LoF	gnomad	medium	LoF-intolerant (pLI=0.99803, LOEUF=0.247)
RASSF8	LoF	gnomad	medium	LoF-intolerant (pLI=0.94158, LOEUF=0.349)
RAVER1	LoF	gnomad	medium	LoF-intolerant (pLI=0.91101, LOEUF=0.36)
RB1	LoF	clingen	high	ClinGen haploinsufficiency=3 (sufficient)
RB1CC1	LoF	gnomad	medium	LoF-intolerant (pLI=1.0, LOEUF=0.138)
RBBP4	LoF	gnomad	medium	LoF-intolerant (pLI=0.99565, LOEUF=0.253)
RBBP5	LoF	gnomad	medium	LoF-intolerant (pLI=0.99981, LOEUF=0.189)
RBBP6	LoF	gnomad	medium	LoF-intolerant (pLI=1.0, LOEUF=0.08)
RBBP7	LoF	gnomad	medium	LoF-intolerant (pLI=0.98393, LOEUF=0.28)
RBFOX1	LoF	gnomad	medium	LoF-intolerant (pLI=0.95263, LOEUF=0.336)
RBFOX2	LoF	gnomad	medium	LoF-intolerant (pLI=0.99902, LOEUF=0.194)
RBFOX3	LoF	gnomad	medium	LoF-intolerant (pLI=0.99785, LOEUF=0.166)
RBL2	LoF	gnomad	medium	LoF-intolerant (pLI=0.99835, LOEUF=0.268)
RBM10	LoF	gnomad	medium	LoF-intolerant (pLI=1.0, LOEUF=0.11)
RBM14	LoF	gnomad	medium	LoF-intolerant (pLI=0.99843, LOEUF=0.204)
RBM14-RBM4	LoF	gnomad	medium	LoF-intolerant (pLI=0.98438, LOEUF=0.237)
RBM15	LoF	gnomad	medium	LoF-intolerant (pLI=0.99474, LOEUF=0.276)
RBM15B	LoF	gnomad	medium	LoF-intolerant (pLI=0.99557, LOEUF=0.253)
RBM17	LoF	gnomad	medium	LoF-intolerant (pLI=0.99981, LOEUF=0.122)
RBM20	LoF	gnomad	medium	LoF-intolerant (pLI=0.98954, LOEUF=0.295)
RBM22	LoF	gnomad	medium	LoF-intolerant (pLI=0.99947, LOEUF=0.138)
RBM25	LoF	gnomad	medium	LoF-intolerant (pLI=1.0, LOEUF=0.077)
RBM26	LoF	gnomad	medium	LoF-intolerant (pLI=1.0, LOEUF=0.112)
RBM27	LoF	gnomad	medium	LoF-intolerant (pLI=0.99999, LOEUF=0.206)
RBM33	LoF	gnomad	medium	LoF-intolerant (pLI=1.0, LOEUF=0.082)
RBM39	LoF	gnomad	medium	LoF-intolerant (pLI=0.99981, LOEUF=0.205)
RBM4	LoF	gnomad	medium	LoF-intolerant (pLI=0.99005, LOEUF=0.216)
RBM41	LoF	gnomad	medium	LoF-intolerant (pLI=0.96551, LOEUF=0.319)
RBM47	LoF	gnomad	medium	LoF-intolerant (pLI=0.98493, LOEUF=0.292)
RBM5	LoF	gnomad	medium	LoF-intolerant (pLI=1.0, LOEUF=0.135)
RBM6	LoF	gnomad	medium	LoF-intolerant (pLI=1.0, LOEUF=0.136)
RBMX2	LoF	gnomad	medium	LoF-intolerant (pLI=0.93892, LOEUF=0.337)
RBPJ	LoF	gnomad	medium	LoF-intolerant (pLI=0.99853, LOEUF=0.241)
RBPMS	LoF	gnomad	medium	LoF-intolerant (pLI=0.97173, LOEUF=0.272)
RBX1	LoF	gnomad	medium	LoF-intolerant (pLI=0.94689, LOEUF=0.323)
RC3H1	LoF	gnomad	medium	LoF-intolerant (pLI=0.99309, LOEUF=0.287)
RC3H2	LoF	gnomad	medium	LoF-intolerant (pLI=1.0, LOEUF=0.169)
RCC1	LoF	gnomad	medium	LoF-intolerant (pLI=0.93109, LOEUF=0.357)
RCC2	LoF	gnomad	medium	LoF-intolerant (pLI=0.95567, LOEUF=0.334)
RCOR1	LoF	gnomad	medium	LoF-intolerant (pLI=0.99992, LOEUF=0.111)
RCOR3	LoF	gnomad	medium	LoF-intolerant (pLI=0.988, LOEUF=0.292)
RDH10	LoF	gnomad	medium	LoF-intolerant (pLI=0.98594, LOEUF=0.231)
RDX	LoF	gnomad	medium	LoF-intolerant (pLI=0.85245, LOEUF=0.348)
REEP1	LoF	gnomad	medium	LoF-intolerant (pLI=0.98632, LOEUF=0.23)
REL	LoF	gnomad	medium	LoF-intolerant (pLI=0.99836, LOEUF=0.229)
RELA	LoF	gnomad	medium	LoF-intolerant (pLI=0.99948, LOEUF=0.181)
RELB	LoF	gnomad	medium	LoF-intolerant (pLI=0.994, LOEUF=0.262)
RELL1	LoF	gnomad	medium	LoF-intolerant (pLI=0.95869, LOEUF=0.3)
RELN	LoF	gnomad	medium	LoF-intolerant (pLI=1.0, LOEUF=0.176)
REPS1	LoF	gnomad	medium	LoF-intolerant (pLI=0.98506, LOEUF=0.301)
RERE	LoF	gnomad	medium	LoF-intolerant (pLI=1.0, LOEUF=0.12)
REST	LoF	gnomad	medium	LoF-intolerant (pLI=0.99186, LOEUF=0.286)
RET	LoF	clingen	high	ClinGen haploinsufficiency=3 (sufficient)
REV1	LoF	gnomad	medium	LoF-intolerant (pLI=0.99989, LOEUF=0.236)
REV3L	LoF	gnomad	medium	LoF-intolerant (pLI=1.0, LOEUF=0.117)
REXO1	LoF	gnomad	medium	LoF-intolerant (pLI=0.9864, LOEUF=0.3)
RFC1	LoF	gnomad	medium	LoF-intolerant (pLI=0.97305, LOEUF=0.305)
RFWD2	LoF	gnomad	medium	LoF-intolerant (pLI=0.99994, LOEUF=0.202)
RFX1	LoF	gnomad	medium	LoF-intolerant (pLI=0.99724, LOEUF=0.273)
RFX2	LoF	gnomad	medium	LoF-intolerant (pLI=0.9997, LOEUF=0.213)
RFX3	LoF	clingen	high	ClinGen haploinsufficiency=3 (sufficient)
RFX4	LoF	gnomad	medium	LoF-intolerant (pLI=0.99999, LOEUF=0.147)
RFX7	LoF	gnomad	medium	LoF-intolerant (pLI=1.0, LOEUF=0.132)
RGAG1	LoF	gnomad	medium	LoF-intolerant (pLI=0.99731, LOEUF=0.218)
RGL1	LoF	gnomad	medium	LoF-intolerant (pLI=0.95608, LOEUF=0.32)
RGS19	LoF	gnomad	medium	LoF-intolerant (pLI=0.96134, LOEUF=0.295)
RGS7BP	LoF	gnomad	medium	LoF-intolerant (pLI=0.95778, LOEUF=0.332)
RHEB	LoF	gnomad	medium	LoF-intolerant (pLI=0.98119, LOEUF=0.247)
RIBC1	LoF	gnomad	medium	LoF-intolerant (pLI=0.983, LOEUF=0.282)
RIC8B	LoF	gnomad	medium	LoF-intolerant (pLI=0.99892, LOEUF=0.196)
RICTOR	LoF	gnomad	medium	LoF-intolerant (pLI=1.0, LOEUF=0.155)
RIF1	LoF	gnomad	medium	LoF-intolerant (pLI=1.0, LOEUF=0.113)
RIMS1	LoF	gnomad	medium	LoF-intolerant (pLI=0.9902, LOEUF=0.285)
RIMS2	LoF	gnomad	medium	LoF-intolerant (pLI=1.0, LOEUF=0.206)
RLF	LoF	gnomad	medium	LoF-intolerant (pLI=1.0, LOEUF=0.04)
RLIM	LoF	gnomad	medium	LoF-intolerant (pLI=0.99301, LOEUF=0.247)
RND3	LoF	gnomad	medium	LoF-intolerant (pLI=0.96682, LOEUF=0.283)
RNF111	LoF	gnomad	medium	LoF-intolerant (pLI=0.99987, LOEUF=0.213)
RNF126	LoF	gnomad	medium	LoF-intolerant (pLI=0.95379, LOEUF=0.338)
RNF144A	LoF	gnomad	medium	LoF-intolerant (pLI=0.94776, LOEUF=0.347)
RNF145	LoF	gnomad	medium	LoF-intolerant (pLI=0.98031, LOEUF=0.309)
RNF165	LoF	gnomad	medium	LoF-intolerant (pLI=0.97194, LOEUF=0.317)
RNF17	LoF	gnomad	medium	LoF-intolerant (pLI=1.0, LOEUF=0.089)
RNF19B	LoF	gnomad	medium	LoF-intolerant (pLI=0.92372, LOEUF=0.354)
RNF2	LoF	gnomad	medium	LoF-intolerant (pLI=0.99743, LOEUF=0.171)
RNF214	LoF	gnomad	medium	LoF-intolerant (pLI=0.9096, LOEUF=0.346)
RNF220	LoF	gnomad	medium	LoF-intolerant (pLI=0.99958, LOEUF=0.202)
RNF31	LoF	gnomad	medium	LoF-intolerant (pLI=1.0, LOEUF=0.19)
RNF38	LoF	gnomad	medium	LoF-intolerant (pLI=0.99995, LOEUF=0.145)
RNF40	LoF	gnomad	medium	LoF-intolerant (pLI=0.99987, LOEUF=0.238)
RNF41	LoF	gnomad	medium	LoF-intolerant (pLI=0.96847, LOEUF=0.314)
RNF8	LoF	gnomad	medium	LoF-intolerant (pLI=0.99943, LOEUF=0.183)
RNPS1	LoF	gnomad	medium	LoF-intolerant (pLI=0.9798, LOEUF=0.251)
ROBO2	LoF	gnomad	medium	LoF-intolerant (pLI=1.0, LOEUF=0.159)
ROCK1	LoF	gnomad	medium	LoF-intolerant (pLI=1.0, LOEUF=0.196)
ROCK2	LoF	gnomad	medium	LoF-intolerant (pLI=1.0, LOEUF=0.215)
ROR1	LoF	gnomad	medium	LoF-intolerant (pLI=0.99645, LOEUF=0.267)
RORB	LoF	clingen	high	ClinGen haploinsufficiency=3 (sufficient)
RORC	LoF	gnomad	medium	LoF-intolerant (pLI=0.99985, LOEUF=0.161)
RP11-1055B8.7	LoF	gnomad	medium	LoF-intolerant (pLI=0.99999, LOEUF=0.221)
RP11-152F13.10	LoF	gnomad	medium	LoF-intolerant (pLI=0.9961, LOEUF=0.182)
RP11-159G9.5	LoF	gnomad	medium	LoF-intolerant (pLI=0.99105, LOEUF=0.211)
RP11-603J24.9	LoF	gnomad	medium	LoF-intolerant (pLI=0.90632, LOEUF=0.392)
RP11-762I7.5	LoF	gnomad	medium	LoF-intolerant (pLI=1.0, LOEUF=0.087)
RP2	LoF	clingen	high	ClinGen haploinsufficiency=3 (sufficient)
RPGR	LoF	gnomad	medium	LoF-intolerant (pLI=0.99804, LOEUF=0.21)
RPL10	LoF	gnomad	medium	LoF-intolerant (pLI=0.90915, LOEUF=0.387)
RPL11	LoF	gnomad	medium	LoF-intolerant (pLI=0.96088, LOEUF=0.296)
RPL13	LoF	gnomad	medium	LoF-intolerant (pLI=0.95062, LOEUF=0.316)
RPL15	LoF	gnomad	medium	LoF-intolerant (pLI=0.97146, LOEUF=0.272)
RPL17	LoF	gnomad	medium	LoF-intolerant (pLI=0.92412, LOEUF=0.375)
RPL18	LoF	gnomad	medium	LoF-intolerant (pLI=0.96644, LOEUF=0.284)
RPL18A	LoF	gnomad	medium	LoF-intolerant (pLI=0.98228, LOEUF=0.243)
RPL19	LoF	gnomad	medium	LoF-intolerant (pLI=0.98197, LOEUF=0.244)
RPL23A	LoF	gnomad	medium	LoF-intolerant (pLI=0.90573, LOEUF=0.393)
RPL26	LoF	gnomad	medium	LoF-intolerant (pLI=0.9163, LOEUF=0.376)
RPL27A	LoF	gnomad	medium	LoF-intolerant (pLI=0.91072, LOEUF=0.385)
RPL3	LoF	gnomad	medium	LoF-intolerant (pLI=0.99441, LOEUF=0.239)
RPL4	LoF	gnomad	medium	LoF-intolerant (pLI=0.99984, LOEUF=0.12)
RPL5	LoF	gnomad	medium	LoF-intolerant (pLI=0.99776, LOEUF=0.167)
RPL6	LoF	gnomad	medium	LoF-intolerant (pLI=0.99326, LOEUF=0.201)
RPL7	LoF	gnomad	medium	LoF-intolerant (pLI=0.99626, LOEUF=0.181)
RPL7A	LoF	gnomad	medium	LoF-intolerant (pLI=0.99485, LOEUF=0.191)
RPL8	LoF	gnomad	medium	LoF-intolerant (pLI=0.95531, LOEUF=0.307)
RPL9	LoF	gnomad	medium	LoF-intolerant (pLI=0.96197, LOEUF=0.293)
RPRD2	LoF	gnomad	medium	LoF-intolerant (pLI=1.0, LOEUF=0.064)
RPS10	LoF	gnomad	medium	LoF-intolerant (pLI=0.97108, LOEUF=0.273)
RPS10-NUDT3	LoF	gnomad	medium	LoF-intolerant (pLI=0.95186, LOEUF=0.343)
RPS11	LoF	gnomad	medium	LoF-intolerant (pLI=0.94396, LOEUF=0.328)
RPS14	LoF	gnomad	medium	LoF-intolerant (pLI=0.90388, LOEUF=0.396)
RPS17	LoF	clingen	high	ClinGen haploinsufficiency=3 (sufficient)
RPS18	LoF	gnomad	medium	LoF-intolerant (pLI=0.9759, LOEUF=0.261)
RPS19	LoF	clingen	high	ClinGen haploinsufficiency=3 (sufficient)
RPS24	LoF	clingen	high	ClinGen haploinsufficiency=3 (sufficient)
RPS26	LoF	clingen	high	ClinGen haploinsufficiency=3 (sufficient)
RPS27A	LoF	gnomad	medium	LoF-intolerant (pLI=0.91944, LOEUF=0.37)
RPS3	LoF	gnomad	medium	LoF-intolerant (pLI=0.92, LOEUF=0.38)
RPS3A	LoF	gnomad	medium	LoF-intolerant (pLI=0.97002, LOEUF=0.276)
RPS4X	LoF	gnomad	medium	LoF-intolerant (pLI=0.93222, LOEUF=0.349)
RPS5	LoF	gnomad	medium	LoF-intolerant (pLI=0.94764, LOEUF=0.322)
RPS6	LoF	gnomad	medium	LoF-intolerant (pLI=0.9759, LOEUF=0.261)
RPS6KA3	LoF	clingen	high	ClinGen haploinsufficiency=3 (sufficient)
RPS6KA4	LoF	gnomad	medium	LoF-intolerant (pLI=0.99715, LOEUF=0.268)
RPS6KA5	LoF	gnomad	medium	LoF-intolerant (pLI=0.99909, LOEUF=0.242)
RPS6KA6	LoF	gnomad	medium	LoF-intolerant (pLI=0.9865, LOEUF=0.295)
RPS6KB1	LoF	gnomad	medium	LoF-intolerant (pLI=0.97285, LOEUF=0.317)
RPS7	LoF	gnomad	medium	LoF-intolerant (pLI=0.95439, LOEUF=0.309)
RPS8	LoF	gnomad	medium	LoF-intolerant (pLI=0.99003, LOEUF=0.216)
RPSA	LoF	gnomad	medium	LoF-intolerant (pLI=0.93037, LOEUF=0.368)
RPTOR	LoF	gnomad	medium	LoF-intolerant (pLI=1.0, LOEUF=0.101)
RQCD1	LoF	gnomad	medium	LoF-intolerant (pLI=0.98565, LOEUF=0.275)
RRAGC	LoF	gnomad	medium	LoF-intolerant (pLI=0.97538, LOEUF=0.3)
RRAS2	LoF	gnomad	medium	LoF-intolerant (pLI=0.97463, LOEUF=0.264)
RREB1	LoF	gnomad	medium	LoF-intolerant (pLI=1.0, LOEUF=0.156)
RRM1	LoF	gnomad	medium	LoF-intolerant (pLI=1.0, LOEUF=0.103)
RS1	LoF	clingen	high	ClinGen haploinsufficiency=3 (sufficient)
RSF1	LoF	gnomad	medium	LoF-intolerant (pLI=1.0, LOEUF=0.044)
RSPRY1	LoF	gnomad	medium	LoF-intolerant (pLI=0.99981, LOEUF=0.189)
RSRC2	LoF	gnomad	medium	LoF-intolerant (pLI=0.99905, LOEUF=0.217)
RTF1	LoF	gnomad	medium	LoF-intolerant (pLI=1.0, LOEUF=0.122)
RTN1	LoF	gnomad	medium	LoF-intolerant (pLI=0.98593, LOEUF=0.297)
RTN4R	LoF	gnomad	medium	LoF-intolerant (pLI=0.95882, LOEUF=0.3)
RTN4RL1	LoF	gnomad	medium	LoF-intolerant (pLI=0.96024, LOEUF=0.297)
RUNX1	LoF	clingen	high	ClinGen haploinsufficiency=3 (sufficient)
RUNX1T1	LoF	gnomad	medium	LoF-intolerant (pLI=0.97768, LOEUF=0.312)
RUNX2	LoF	gnomad	medium	LoF-intolerant (pLI=0.94884, LOEUF=0.343)
RUSC1	LoF	gnomad	medium	LoF-intolerant (pLI=0.9413, LOEUF=0.339)
RUSC2	LoF	gnomad	medium	LoF-intolerant (pLI=0.99949, LOEUF=0.253)
RUVBL1	LoF	gnomad	medium	LoF-intolerant (pLI=0.99902, LOEUF=0.194)
RUVBL2	LoF	gnomad	medium	LoF-intolerant (pLI=0.99992, LOEUF=0.111)
RWDD1	LoF	gnomad	medium	LoF-intolerant (pLI=0.91032, LOEUF=0.39)
RXRA	LoF	gnomad	medium	LoF-intolerant (pLI=0.99852, LOEUF=0.157)
RXRB	LoF	gnomad	medium	LoF-intolerant (pLI=0.99719, LOEUF=0.219)
RYK	LoF	gnomad	medium	LoF-intolerant (pLI=0.98922, LOEUF=0.289)
RYR2	LoF	gnomad	medium	LoF-intolerant (pLI=0.99999, LOEUF=0.25)
RYR3	LoF	gnomad	medium	LoF-intolerant (pLI=0.70566, LOEUF=0.279)
S100PBP	LoF	gnomad	medium	LoF-intolerant (pLI=0.94509, LOEUF=0.35)
SAE1	LoF	gnomad	medium	LoF-intolerant (pLI=0.9876, LOEUF=0.269)
SAFB	LoF	gnomad	medium	LoF-intolerant (pLI=1.0, LOEUF=0.138)
SAFB2	LoF	gnomad	medium	LoF-intolerant (pLI=0.99979, LOEUF=0.228)
SALL1	LoF	gnomad	medium	LoF-intolerant (pLI=0.99971, LOEUF=0.196)
SALL4	LoF	clingen	high	ClinGen haploinsufficiency=3 (sufficient)
SAMD4A	LoF	gnomad	medium	LoF-intolerant (pLI=0.99958, LOEUF=0.218)
SAMD4B	LoF	gnomad	medium	LoF-intolerant (pLI=0.99996, LOEUF=0.143)
SAP130	LoF	gnomad	medium	LoF-intolerant (pLI=1.0, LOEUF=0.159)
SARNP	LoF	gnomad	medium	LoF-intolerant (pLI=0.99574, LOEUF=0.185)
SARS	LoF	gnomad	medium	LoF-intolerant (pLI=0.99925, LOEUF=0.213)
SART1	LoF	gnomad	medium	LoF-intolerant (pLI=0.88163, LOEUF=0.337)
SART3	LoF	gnomad	medium	LoF-intolerant (pLI=0.99661, LOEUF=0.278)
SATB1	LoF	gnomad	medium	LoF-intolerant (pLI=0.99051, LOEUF=0.293)
SATB2	LoF	clingen	high	ClinGen haploinsufficiency=3 (sufficient)
SBF1	LoF	gnomad	medium	LoF-intolerant (pLI=0.99933, LOEUF=0.265)
SBNO1	LoF	gnomad	medium	LoF-intolerant (pLI=1.0, LOEUF=0.081)
SCAF1	LoF	gnomad	medium	LoF-intolerant (pLI=0.99819, LOEUF=0.254)
SCAF11	LoF	gnomad	medium	LoF-intolerant (pLI=1.0, LOEUF=0.193)
SCAF4	LoF	gnomad	medium	LoF-intolerant (pLI=1.0, LOEUF=0.106)
SCAF8	LoF	gnomad	medium	LoF-intolerant (pLI=1.0, LOEUF=0.096)
SCAI	LoF	gnomad	medium	LoF-intolerant (pLI=0.99936, LOEUF=0.243)
SCAMP1	LoF	gnomad	medium	LoF-intolerant (pLI=0.977, LOEUF=0.297)
SCARF2	LoF	gnomad	medium	LoF-intolerant (pLI=0.9998, LOEUF=0.19)
SCD	LoF	gnomad	medium	LoF-intolerant (pLI=0.96968, LOEUF=0.312)
SCFD1	LoF	gnomad	medium	LoF-intolerant (pLI=0.99962, LOEUF=0.236)
SCHIP1	LoF	gnomad	medium	LoF-intolerant (pLI=0.98715, LOEUF=0.227)
SCML1	LoF	gnomad	medium	LoF-intolerant (pLI=0.96276, LOEUF=0.292)
SCML2	LoF	gnomad	medium	LoF-intolerant (pLI=0.99961, LOEUF=0.132)
SCN1A	LoF	clingen	high	ClinGen haploinsufficiency=3 (sufficient)
SCN2A	LoF	clingen	high	ClinGen haploinsufficiency=3 (sufficient)
SCN3A	LoF	gnomad	medium	LoF-intolerant (pLI=1.0, LOEUF=0.174)
SCN5A	LoF	clingen	high	ClinGen haploinsufficiency=3 (sufficient)
SCN8A	LoF	gnomad	medium	LoF-intolerant (pLI=1.0, LOEUF=0.13)
SCRIB	LoF	gnomad	medium	LoF-intolerant (pLI=0.92926, LOEUF=0.312)
SCRT2	LoF	gnomad	medium	LoF-intolerant (pLI=0.91009, LOEUF=0.386)
SCUBE1	LoF	gnomad	medium	LoF-intolerant (pLI=0.96076, LOEUF=0.313)
SCUBE3	LoF	gnomad	medium	LoF-intolerant (pLI=0.99939, LOEUF=0.252)
SDHAF2	LoF	clingen	high	ClinGen haploinsufficiency=3 (sufficient)
SDHB	LoF	clingen	high	ClinGen haploinsufficiency=3 (sufficient)
SDHC	LoF	clingen	high	ClinGen haploinsufficiency=3 (sufficient)
SDHD	LoF	clingen	high	ClinGen haploinsufficiency=3 (sufficient)
SEC16A	LoF	gnomad	medium	LoF-intolerant (pLI=0.36049, LOEUF=0.324)
SEC24B	LoF	gnomad	medium	LoF-intolerant (pLI=1.0, LOEUF=0.194)
SEC24C	LoF	gnomad	medium	LoF-intolerant (pLI=1.0, LOEUF=0.174)
SEC61A1	LoF	gnomad	medium	LoF-intolerant (pLI=0.98675, LOEUF=0.295)
SEC62	LoF	gnomad	medium	LoF-intolerant (pLI=0.98295, LOEUF=0.297)
SEL1L	LoF	gnomad	medium	LoF-intolerant (pLI=0.98233, LOEUF=0.303)
SEMA3A	LoF	gnomad	medium	LoF-intolerant (pLI=0.9779, LOEUF=0.307)
SEMA3F	LoF	gnomad	medium	LoF-intolerant (pLI=0.99989, LOEUF=0.219)
SEMA4C	LoF	gnomad	medium	LoF-intolerant (pLI=1.0, LOEUF=0.122)
SEMA4D	LoF	gnomad	medium	LoF-intolerant (pLI=0.97472, LOEUF=0.314)
SEMA6A	LoF	gnomad	medium	LoF-intolerant (pLI=0.99976, LOEUF=0.221)
SEMA6D	LoF	gnomad	medium	LoF-intolerant (pLI=0.93948, LOEUF=0.323)
SENP1	LoF	gnomad	medium	LoF-intolerant (pLI=0.99358, LOEUF=0.285)
SENP2	LoF	gnomad	medium	LoF-intolerant (pLI=0.98262, LOEUF=0.305)
SENP5	LoF	gnomad	medium	LoF-intolerant (pLI=0.99978, LOEUF=0.191)
SENP6	LoF	gnomad	medium	LoF-intolerant (pLI=0.99998, LOEUF=0.215)
SEPHS1	LoF	gnomad	medium	LoF-intolerant (pLI=0.97637, LOEUF=0.298)
SEPT11	LoF	gnomad	medium	LoF-intolerant (pLI=0.95924, LOEUF=0.334)
SEPT5	LoF	gnomad	medium	LoF-intolerant (pLI=0.92671, LOEUF=0.36)
SEPT6	LoF	gnomad	medium	LoF-intolerant (pLI=0.93177, LOEUF=0.363)
SEPT7	LoF	gnomad	medium	LoF-intolerant (pLI=0.99924, LOEUF=0.188)
SEPT9	LoF	gnomad	medium	LoF-intolerant (pLI=0.99579, LOEUF=0.252)
SERBP1	LoF	gnomad	medium	LoF-intolerant (pLI=0.9995, LOEUF=0.181)
SERPINC1	LoF	gnomad	medium	LoF-intolerant (pLI=0.99892, LOEUF=0.151)
SERPING1	LoF	gnomad	medium	LoF-intolerant (pLI=0.96351, LOEUF=0.322)
SESTD1	LoF	gnomad	medium	LoF-intolerant (pLI=0.99802, LOEUF=0.265)
SET	LoF	clingen	high	ClinGen haploinsufficiency=3 (sufficient)
SETBP1	LoF	clingen	high	ClinGen haploinsufficiency=3 (sufficient)
SETD1A	LoF	clingen	high	ClinGen haploinsufficiency=3 (sufficient)
SETD1B	LoF	clingen	high	ClinGen haploinsufficiency=3 (sufficient)
SETD2	LoF	clingen	high	ClinGen haploinsufficiency=3 (sufficient)
SETD5	LoF	clingen	high	ClinGen haploinsufficiency=3 (sufficient)
SETD8	LoF	gnomad	medium	LoF-intolerant (pLI=0.98528, LOEUF=0.276)
SETDB1	LoF	gnomad	medium	LoF-intolerant (pLI=1.0, LOEUF=0.201)
SETX	LoF	gnomad	medium	LoF-intolerant (pLI=0.95483, LOEUF=0.296)
SF1	LoF	gnomad	medium	LoF-intolerant (pLI=0.99943, LOEUF=0.183)
SF3A1	LoF	gnomad	medium	LoF-intolerant (pLI=0.98752, LOEUF=0.298)
SF3A3	LoF	gnomad	medium	LoF-intolerant (pLI=1.0, LOEUF=0.119)
SF3B1	LoF	gnomad	medium	LoF-intolerant (pLI=1.0, LOEUF=0.066)
SF3B2	LoF	gnomad	medium	LoF-intolerant (pLI=0.99992, LOEUF=0.222)
SF3B3	LoF	gnomad	medium	LoF-intolerant (pLI=1.0, LOEUF=0.178)
SF3B4	LoF	clingen	high	ClinGen haploinsufficiency=3 (sufficient)
SFMBT1	LoF	gnomad	medium	LoF-intolerant (pLI=0.93588, LOEUF=0.324)
SFMBT2	LoF	gnomad	medium	LoF-intolerant (pLI=0.99939, LOEUF=0.252)
SFPQ	LoF	gnomad	medium	LoF-intolerant (pLI=0.99992, LOEUF=0.152)
SFRP1	LoF	gnomad	medium	LoF-intolerant (pLI=0.96457, LOEUF=0.288)
SFSWAP	LoF	gnomad	medium	LoF-intolerant (pLI=0.99999, LOEUF=0.168)
SGCE	LoF	clingen	high	ClinGen haploinsufficiency=3 (sufficient)
SGIP1	LoF	gnomad	medium	LoF-intolerant (pLI=0.99997, LOEUF=0.195)
SGMS1	LoF	gnomad	medium	LoF-intolerant (pLI=0.94507, LOEUF=0.346)
SGTA	LoF	gnomad	medium	LoF-intolerant (pLI=0.94632, LOEUF=0.349)
SH2B1	LoF	gnomad	medium	LoF-intolerant (pLI=0.96861, LOEUF=0.323)
SH2D1A	LoF	clingen	high	ClinGen haploinsufficiency=3 (sufficient)
SH3GLB1	LoF	gnomad	medium	LoF-intolerant (pLI=0.99407, LOEUF=0.241)
SH3KBP1	LoF	gnomad	medium	LoF-intolerant (pLI=0.99899, LOEUF=0.194)
SH3PXD2A	LoF	gnomad	medium	LoF-intolerant (pLI=0.98897, LOEUF=0.296)
SHANK1	LoF	gnomad	medium	LoF-intolerant (pLI=1.0, LOEUF=0.184)
SHANK2	LoF	clingen	high	ClinGen haploinsufficiency=3 (sufficient)
SHANK3	LoF	clingen	high	ClinGen haploinsufficiency=3 (sufficient)
SHB	LoF	gnomad	medium	LoF-intolerant (pLI=0.96874, LOEUF=0.322)
SHE	LoF	gnomad	medium	LoF-intolerant (pLI=0.9885, LOEUF=0.283)
SHH	LoF	clingen	high	ClinGen haploinsufficiency=3 (sufficient)
SHOC2	LoF	gnomad	medium	LoF-intolerant (pLI=0.99946, LOEUF=0.138)
SHROOM4	LoF	gnomad	medium	LoF-intolerant (pLI=0.99965, LOEUF=0.226)
SIK1	LoF	gnomad	medium	LoF-intolerant (pLI=0.93716, LOEUF=0.341)
SIK2	LoF	gnomad	medium	LoF-intolerant (pLI=0.99651, LOEUF=0.277)
SIK3	LoF	gnomad	medium	LoF-intolerant (pLI=1.0, LOEUF=0.128)
SIM1	LoF	gnomad	medium	LoF-intolerant (pLI=0.99828, LOEUF=0.253)
SIN3A	LoF	clingen	high	ClinGen haploinsufficiency=3 (sufficient)
SIN3B	LoF	gnomad	medium	LoF-intolerant (pLI=0.99999, LOEUF=0.195)
SIPA1L1	LoF	gnomad	medium	LoF-intolerant (pLI=1.0, LOEUF=0.167)
SIPA1L2	LoF	gnomad	medium	LoF-intolerant (pLI=0.99215, LOEUF=0.287)
SIPA1L3	LoF	gnomad	medium	LoF-intolerant (pLI=1.0, LOEUF=0.2)
SIX2	LoF	gnomad	medium	LoF-intolerant (pLI=0.93869, LOEUF=0.338)
SIX3	LoF	clingen	high	ClinGen haploinsufficiency=3 (sufficient)
SKI	LoF	gnomad	medium	LoF-intolerant (pLI=0.99901, LOEUF=0.194)
SKIDA1	LoF	gnomad	medium	LoF-intolerant (pLI=0.99193, LOEUF=0.252)
SKIL	LoF	gnomad	medium	LoF-intolerant (pLI=0.98512, LOEUF=0.301)
SKIV2L2	LoF	gnomad	medium	LoF-intolerant (pLI=0.86106, LOEUF=0.328)
SKP2	LoF	gnomad	medium	LoF-intolerant (pLI=0.96042, LOEUF=0.333)
SLAIN1	LoF	gnomad	medium	LoF-intolerant (pLI=0.90094, LOEUF=0.375)
SLC12A2	LoF	gnomad	medium	LoF-intolerant (pLI=0.96153, LOEUF=0.31)
SLC12A5	LoF	gnomad	medium	LoF-intolerant (pLI=1.0, LOEUF=0.138)
SLC16A2	LoF	clingen	high	ClinGen haploinsufficiency=3 (sufficient)
SLC17A7	LoF	gnomad	medium	LoF-intolerant (pLI=0.99988, LOEUF=0.116)
SLC1A3	LoF	gnomad	medium	LoF-intolerant (pLI=0.98914, LOEUF=0.281)
SLC20A2	LoF	gnomad	medium	LoF-intolerant (pLI=0.96545, LOEUF=0.326)
SLC25A14	LoF	gnomad	medium	LoF-intolerant (pLI=0.98821, LOEUF=0.223)
SLC25A28	LoF	gnomad	medium	LoF-intolerant (pLI=0.92954, LOEUF=0.369)
SLC25A5	LoF	gnomad	medium	LoF-intolerant (pLI=0.93194, LOEUF=0.349)
SLC29A1	LoF	gnomad	medium	LoF-intolerant (pLI=0.90069, LOEUF=0.375)
SLC2A1	LoF	clingen	high	ClinGen haploinsufficiency=3 (sufficient)
SLC30A1	LoF	gnomad	medium	LoF-intolerant (pLI=0.98532, LOEUF=0.234)
SLC30A10	LoF	gnomad	medium	LoF-intolerant (pLI=0.97952, LOEUF=0.251)
SLC32A1	LoF	gnomad	medium	LoF-intolerant (pLI=0.96675, LOEUF=0.317)
SLC35A2	LoF	clingen	high	ClinGen haploinsufficiency=3 (sufficient)
SLC35F1	LoF	gnomad	medium	LoF-intolerant (pLI=0.95133, LOEUF=0.341)
SLC38A1	LoF	gnomad	medium	LoF-intolerant (pLI=0.93067, LOEUF=0.35)
SLC38A2	LoF	gnomad	medium	LoF-intolerant (pLI=0.99709, LOEUF=0.242)
SLC38A5	LoF	gnomad	medium	LoF-intolerant (pLI=0.97676, LOEUF=0.297)
SLC39A10	LoF	gnomad	medium	LoF-intolerant (pLI=0.9927, LOEUF=0.278)
SLC40A1	LoF	gnomad	medium	LoF-intolerant (pLI=0.98835, LOEUF=0.291)
SLC41A2	LoF	gnomad	medium	LoF-intolerant (pLI=0.96597, LOEUF=0.327)
SLC44A1	LoF	gnomad	medium	LoF-intolerant (pLI=0.99676, LOEUF=0.265)
SLC4A1	LoF	gnomad	medium	LoF-intolerant (pLI=0.84602, LOEUF=0.349)
SLC4A2	LoF	gnomad	medium	LoF-intolerant (pLI=0.98521, LOEUF=0.299)
SLC4A4	LoF	gnomad	medium	LoF-intolerant (pLI=0.99722, LOEUF=0.273)
SLC4A7	LoF	gnomad	medium	LoF-intolerant (pLI=0.73616, LOEUF=0.34)
SLC4A8	LoF	gnomad	medium	LoF-intolerant (pLI=0.99849, LOEUF=0.266)
SLC5A3	LoF	gnomad	medium	LoF-intolerant (pLI=0.96739, LOEUF=0.324)
SLC6A1	LoF	clingen	high	ClinGen haploinsufficiency=3 (sufficient)
SLC6A3	LoF	gnomad	medium	LoF-intolerant (pLI=0.99758, LOEUF=0.251)
SLC6A6	LoF	gnomad	medium	LoF-intolerant (pLI=0.98987, LOEUF=0.291)
SLC6A8	LoF	clingen	high	ClinGen haploinsufficiency=3 (sufficient)
SLC7A1	LoF	gnomad	medium	LoF-intolerant (pLI=0.99291, LOEUF=0.267)
SLC7A3	LoF	gnomad	medium	LoF-intolerant (pLI=0.99614, LOEUF=0.182)
SLC8A1	LoF	gnomad	medium	LoF-intolerant (pLI=0.9957, LOEUF=0.271)
SLC8A2	LoF	gnomad	medium	LoF-intolerant (pLI=0.99633, LOEUF=0.26)
SLC9A3	LoF	gnomad	medium	LoF-intolerant (pLI=0.97845, LOEUF=0.31)
SLC9A6	LoF	clingen	high	ClinGen haploinsufficiency=3 (sufficient)
SLC9A7	LoF	gnomad	medium	LoF-intolerant (pLI=0.99352, LOEUF=0.264)
SLIT1	LoF	gnomad	medium	LoF-intolerant (pLI=0.99999, LOEUF=0.222)
SLIT2	LoF	gnomad	medium	LoF-intolerant (pLI=1.0, LOEUF=0.16)
SLIT3	LoF	gnomad	medium	LoF-intolerant (pLI=0.75233, LOEUF=0.318)
SLITRK1	LoF	gnomad	medium	LoF-intolerant (pLI=0.95737, LOEUF=0.337)
SLITRK3	LoF	gnomad	medium	LoF-intolerant (pLI=0.93906, LOEUF=0.34)
SLK	LoF	gnomad	medium	LoF-intolerant (pLI=0.37441, LOEUF=0.348)
SLMAP	LoF	gnomad	medium	LoF-intolerant (pLI=0.99976, LOEUF=0.24)
SLTM	LoF	gnomad	medium	LoF-intolerant (pLI=0.99785, LOEUF=0.274)
SMAD1	LoF	gnomad	medium	LoF-intolerant (pLI=0.98803, LOEUF=0.267)
SMAD2	LoF	gnomad	medium	LoF-intolerant (pLI=0.99661, LOEUF=0.259)
SMAD3	LoF	clingen	high	ClinGen haploinsufficiency=3 (sufficient)
SMAD4	LoF	clingen	high	ClinGen haploinsufficiency=3 (sufficient)
SMAD5	LoF	gnomad	medium	LoF-intolerant (pLI=0.99838, LOEUF=0.16)
SMAP1	LoF	gnomad	medium	LoF-intolerant (pLI=0.99357, LOEUF=0.264)
SMARCA1	LoF	gnomad	medium	LoF-intolerant (pLI=1.0, LOEUF=0.137)
SMARCA2	LoF	gnomad	medium	LoF-intolerant (pLI=1.0, LOEUF=0.203)
SMARCA4	LoF	clingen	high	ClinGen haploinsufficiency=3 (sufficient)
SMARCA5	LoF	gnomad	medium	LoF-intolerant (pLI=1.0, LOEUF=0.074)
SMARCAD1	LoF	gnomad	medium	LoF-intolerant (pLI=1.0, LOEUF=0.083)
SMARCB1	LoF	clingen	high	ClinGen haploinsufficiency=3 (sufficient)
SMARCC1	LoF	gnomad	medium	LoF-intolerant (pLI=1.0, LOEUF=0.116)
SMARCC2	LoF	gnomad	medium	LoF-intolerant (pLI=1.0, LOEUF=0.117)
SMARCD1	LoF	gnomad	medium	LoF-intolerant (pLI=0.99947, LOEUF=0.206)
SMARCE1	LoF	clingen	high	ClinGen haploinsufficiency=3 (sufficient)
SMC1A	LoF	clingen	high	ClinGen haploinsufficiency=3 (sufficient)
SMC2	LoF	gnomad	medium	LoF-intolerant (pLI=0.9999, LOEUF=0.235)
SMC3	LoF	gnomad	medium	LoF-intolerant (pLI=1.0, LOEUF=0.037)
SMCHD1	LoF	gnomad	medium	LoF-intolerant (pLI=1.0, LOEUF=0.153)
SMEK1	LoF	gnomad	medium	LoF-intolerant (pLI=0.99992, LOEUF=0.194)
SMG1	LoF	gnomad	medium	LoF-intolerant (pLI=1.0, LOEUF=0.053)
SMG6	LoF	gnomad	medium	LoF-intolerant (pLI=0.98164, LOEUF=0.299)
SMG7	LoF	gnomad	medium	LoF-intolerant (pLI=0.99998, LOEUF=0.219)
SMS	LoF	clingen	high	ClinGen haploinsufficiency=3 (sufficient)
SMU1	LoF	gnomad	medium	LoF-intolerant (pLI=0.99994, LOEUF=0.108)
SMURF2	LoF	gnomad	medium	LoF-intolerant (pLI=0.87235, LOEUF=0.334)
SNAP23	LoF	gnomad	medium	LoF-intolerant (pLI=0.92412, LOEUF=0.375)
SNAP25	LoF	gnomad	medium	LoF-intolerant (pLI=0.98653, LOEUF=0.229)
SNAP91	LoF	gnomad	medium	LoF-intolerant (pLI=0.99993, LOEUF=0.193)
SND1	LoF	gnomad	medium	LoF-intolerant (pLI=0.98213, LOEUF=0.301)
SNED1	LoF	gnomad	medium	LoF-intolerant (pLI=0.66246, LOEUF=0.332)
SNPH	LoF	gnomad	medium	LoF-intolerant (pLI=0.97082, LOEUF=0.309)
SNRK	LoF	gnomad	medium	LoF-intolerant (pLI=0.99961, LOEUF=0.132)
SNRNP200	LoF	gnomad	medium	LoF-intolerant (pLI=1.0, LOEUF=0.082)
SNRNP70	LoF	gnomad	medium	LoF-intolerant (pLI=0.99926, LOEUF=0.188)
SNRPA1	LoF	gnomad	medium	LoF-intolerant (pLI=0.98984, LOEUF=0.217)
SNRPE	LoF	gnomad	medium	LoF-intolerant (pLI=0.90614, LOEUF=0.392)
SNW1	LoF	gnomad	medium	LoF-intolerant (pLI=0.99961, LOEUF=0.217)
SNX1	LoF	gnomad	medium	LoF-intolerant (pLI=0.93179, LOEUF=0.344)
SNX18	LoF	gnomad	medium	LoF-intolerant (pLI=0.95637, LOEUF=0.334)
SNX2	LoF	gnomad	medium	LoF-intolerant (pLI=0.98462, LOEUF=0.302)
SNX27	LoF	gnomad	medium	LoF-intolerant (pLI=0.99977, LOEUF=0.192)
SOBP	LoF	gnomad	medium	LoF-intolerant (pLI=0.99972, LOEUF=0.127)
SOCS6	LoF	gnomad	medium	LoF-intolerant (pLI=0.98865, LOEUF=0.221)
SOCS7	LoF	gnomad	medium	LoF-intolerant (pLI=0.99807, LOEUF=0.233)
SOGA1	LoF	gnomad	medium	LoF-intolerant (pLI=1.0, LOEUF=0.194)
SON	LoF	clingen	high	ClinGen haploinsufficiency=3 (sufficient)
SORCS1	LoF	gnomad	medium	LoF-intolerant (pLI=0.55937, LOEUF=0.338)
SORT1	LoF	gnomad	medium	LoF-intolerant (pLI=0.99987, LOEUF=0.212)
SOS1	LoF	gnomad	medium	LoF-intolerant (pLI=1.0, LOEUF=0.14)
SOS2	LoF	gnomad	medium	LoF-intolerant (pLI=0.99955, LOEUF=0.256)
SOX10	LoF	clingen	high	ClinGen haploinsufficiency=3 (sufficient)
SOX11	LoF	clingen	high	ClinGen haploinsufficiency=3 (sufficient)
SOX13	LoF	gnomad	medium	LoF-intolerant (pLI=0.94185, LOEUF=0.339)
SOX2	LoF	clingen	high	ClinGen haploinsufficiency=3 (sufficient)
SOX30	LoF	gnomad	medium	LoF-intolerant (pLI=0.99825, LOEUF=0.23)
SOX4	LoF	gnomad	medium	LoF-intolerant (pLI=0.92656, LOEUF=0.359)
SOX5	LoF	clingen	high	ClinGen haploinsufficiency=3 (sufficient)
SOX6	LoF	gnomad	medium	LoF-intolerant (pLI=0.99984, LOEUF=0.215)
SOX9	LoF	clingen	high	ClinGen haploinsufficiency=3 (sufficient)
SP1	LoF	gnomad	medium	LoF-intolerant (pLI=0.99997, LOEUF=0.1)
SP2	LoF	gnomad	medium	LoF-intolerant (pLI=0.99721, LOEUF=0.219)
SP3	LoF	gnomad	medium	LoF-intolerant (pLI=0.99995, LOEUF=0.146)
SP4	LoF	gnomad	medium	LoF-intolerant (pLI=0.99288, LOEUF=0.283)
SP8	LoF	gnomad	medium	LoF-intolerant (pLI=0.9658, LOEUF=0.285)
SP9	LoF	gnomad	medium	LoF-intolerant (pLI=0.94003, LOEUF=0.335)
SPAG9	LoF	gnomad	medium	LoF-intolerant (pLI=1.0, LOEUF=0.142)
SPAST	LoF	clingen	high	ClinGen haploinsufficiency=3 (sufficient)
SPATA2	LoF	gnomad	medium	LoF-intolerant (pLI=0.97889, LOEUF=0.292)
SPATS2	LoF	gnomad	medium	LoF-intolerant (pLI=0.97239, LOEUF=0.319)
SPCS2	LoF	gnomad	medium	LoF-intolerant (pLI=0.92879, LOEUF=0.355)
SPDEF	LoF	gnomad	medium	LoF-intolerant (pLI=0.97178, LOEUF=0.308)
SPECC1L	LoF	gnomad	medium	LoF-intolerant (pLI=0.85887, LOEUF=0.332)
SPEG	LoF	gnomad	medium	LoF-intolerant (pLI=0.92315, LOEUF=0.293)
SPEN	LoF	clingen	high	ClinGen haploinsufficiency=3 (sufficient)
SPHKAP	LoF	gnomad	medium	LoF-intolerant (pLI=0.93594, LOEUF=0.315)
SPI1	LoF	gnomad	medium	LoF-intolerant (pLI=0.98206, LOEUF=0.244)
SPIB	LoF	gnomad	medium	LoF-intolerant (pLI=0.91231, LOEUF=0.388)
SPIN1	LoF	gnomad	medium	LoF-intolerant (pLI=0.97049, LOEUF=0.274)
SPINK1	LoF	clingen	high	ClinGen haploinsufficiency=3 (sufficient)
SPOP	LoF	gnomad	medium	LoF-intolerant (pLI=0.99922, LOEUF=0.144)
SPPL3	LoF	gnomad	medium	LoF-intolerant (pLI=0.99656, LOEUF=0.179)
SPRED1	LoF	clingen	high	ClinGen haploinsufficiency=3 (sufficient)
SPRTN	LoF	gnomad	medium	LoF-intolerant (pLI=0.97354, LOEUF=0.304)
SPRY2	LoF	gnomad	medium	LoF-intolerant (pLI=0.97126, LOEUF=0.273)
SPTAN1	LoF	clingen	high	ClinGen haploinsufficiency=3 (sufficient)
SPTB	LoF	gnomad	medium	LoF-intolerant (pLI=1.0, LOEUF=0.14)
SPTBN1	LoF	gnomad	medium	LoF-intolerant (pLI=1.0, LOEUF=0.088)
SPTBN4	LoF	gnomad	medium	LoF-intolerant (pLI=1.0, LOEUF=0.191)
SPTY2D1	LoF	gnomad	medium	LoF-intolerant (pLI=0.94476, LOEUF=0.337)
SQLE	LoF	gnomad	medium	LoF-intolerant (pLI=0.97594, LOEUF=0.314)
SRC	LoF	gnomad	medium	LoF-intolerant (pLI=0.99691, LOEUF=0.244)
SRCAP	LoF	clingen	high	ClinGen haploinsufficiency=3 (sufficient)
SRCIN1	LoF	gnomad	medium	LoF-intolerant (pLI=0.99987, LOEUF=0.213)
SREK1	LoF	gnomad	medium	LoF-intolerant (pLI=0.9148, LOEUF=0.351)
SRF	LoF	gnomad	medium	LoF-intolerant (pLI=0.97545, LOEUF=0.3)
SRGAP1	LoF	gnomad	medium	LoF-intolerant (pLI=0.99845, LOEUF=0.267)
SRGAP2	LoF	gnomad	medium	LoF-intolerant (pLI=0.97679, LOEUF=0.312)
SRGAP3	LoF	gnomad	medium	LoF-intolerant (pLI=0.9997, LOEUF=0.243)
SRP54	LoF	gnomad	medium	LoF-intolerant (pLI=0.99895, LOEUF=0.219)
SRPK2	LoF	gnomad	medium	LoF-intolerant (pLI=0.99697, LOEUF=0.269)
SRRM1	LoF	gnomad	medium	LoF-intolerant (pLI=1.0, LOEUF=0.146)
SRRM2	LoF	clingen	high	ClinGen haploinsufficiency=3 (sufficient)
SRSF1	LoF	clingen	high	ClinGen haploinsufficiency=3 (sufficient)
SRSF11	LoF	gnomad	medium	LoF-intolerant (pLI=0.99806, LOEUF=0.233)
SRSF3	LoF	gnomad	medium	LoF-intolerant (pLI=0.96323, LOEUF=0.291)
SRSF6	LoF	gnomad	medium	LoF-intolerant (pLI=0.91099, LOEUF=0.369)
SRSF7	LoF	gnomad	medium	LoF-intolerant (pLI=0.98203, LOEUF=0.299)
SRY	LoF	clingen	high	ClinGen haploinsufficiency=3 (sufficient)
SS18L1	LoF	gnomad	medium	LoF-intolerant (pLI=0.98229, LOEUF=0.306)
SSBP2	LoF	gnomad	medium	LoF-intolerant (pLI=0.99777, LOEUF=0.236)
SSBP3	LoF	gnomad	medium	LoF-intolerant (pLI=0.99968, LOEUF=0.198)
SSH2	LoF	gnomad	medium	LoF-intolerant (pLI=0.99684, LOEUF=0.278)
SSRP1	LoF	gnomad	medium	LoF-intolerant (pLI=0.99585, LOEUF=0.275)
ST18	LoF	gnomad	medium	LoF-intolerant (pLI=0.99459, LOEUF=0.284)
ST3GAL2	LoF	gnomad	medium	LoF-intolerant (pLI=0.9417, LOEUF=0.354)
ST5	LoF	gnomad	medium	LoF-intolerant (pLI=0.99996, LOEUF=0.214)
ST7	LoF	gnomad	medium	LoF-intolerant (pLI=0.99703, LOEUF=0.264)
STAG1	LoF	clingen	high	ClinGen haploinsufficiency=3 (sufficient)
STAG2	LoF	clingen	high	ClinGen haploinsufficiency=3 (sufficient)
STAT1	LoF	gnomad	medium	LoF-intolerant (pLI=0.99999, LOEUF=0.187)
STAT2	LoF	gnomad	medium	LoF-intolerant (pLI=0.93065, LOEUF=0.319)
STAT3	LoF	gnomad	medium	LoF-intolerant (pLI=1.0, LOEUF=0.095)
STAT4	LoF	gnomad	medium	LoF-intolerant (pLI=0.7662, LOEUF=0.347)
STAT5A	LoF	gnomad	medium	LoF-intolerant (pLI=0.99994, LOEUF=0.202)
STAT5B	LoF	gnomad	medium	LoF-intolerant (pLI=0.99988, LOEUF=0.22)
STAT6	LoF	gnomad	medium	LoF-intolerant (pLI=0.98849, LOEUF=0.296)
STAU1	LoF	gnomad	medium	LoF-intolerant (pLI=0.99976, LOEUF=0.168)
STAU2	LoF	gnomad	medium	LoF-intolerant (pLI=0.97269, LOEUF=0.318)
STIM2	LoF	gnomad	medium	LoF-intolerant (pLI=0.9906, LOEUF=0.293)
STIP1	LoF	gnomad	medium	LoF-intolerant (pLI=0.99987, LOEUF=0.201)
STK11	LoF	clingen	high	ClinGen haploinsufficiency=3 (sufficient)
STK38L	LoF	gnomad	medium	LoF-intolerant (pLI=0.93427, LOEUF=0.348)
STK39	LoF	gnomad	medium	LoF-intolerant (pLI=0.99916, LOEUF=0.23)
STK40	LoF	gnomad	medium	LoF-intolerant (pLI=0.99624, LOEUF=0.227)
STMN2	LoF	gnomad	medium	LoF-intolerant (pLI=0.97687, LOEUF=0.259)
STRAP	LoF	gnomad	medium	LoF-intolerant (pLI=0.90143, LOEUF=0.375)
STRBP	LoF	gnomad	medium	LoF-intolerant (pLI=0.99958, LOEUF=0.218)
STRN4	LoF	gnomad	medium	LoF-intolerant (pLI=0.99376, LOEUF=0.28)
STS	LoF	clingen	high	ClinGen haploinsufficiency=3 (sufficient)
STT3B	LoF	gnomad	medium	LoF-intolerant (pLI=0.99896, LOEUF=0.251)
STX12	LoF	gnomad	medium	LoF-intolerant (pLI=0.95624, LOEUF=0.338)
STX1A	LoF	gnomad	medium	LoF-intolerant (pLI=0.9785, LOEUF=0.293)
STX1B	LoF	gnomad	medium	LoF-intolerant (pLI=0.98766, LOEUF=0.268)
STXBP1	LoF	clingen	high	ClinGen haploinsufficiency=3 (sufficient)
STXBP5	LoF	gnomad	medium	LoF-intolerant (pLI=0.99956, LOEUF=0.256)
STXBP5L	LoF	gnomad	medium	LoF-intolerant (pLI=0.99926, LOEUF=0.261)
SUCO	LoF	gnomad	medium	LoF-intolerant (pLI=0.97455, LOEUF=0.303)
SUFU	LoF	clingen	high	ClinGen haploinsufficiency=3 (sufficient)
SUGP1	LoF	gnomad	medium	LoF-intolerant (pLI=0.99568, LOEUF=0.271)
SUGP2	LoF	gnomad	medium	LoF-intolerant (pLI=0.99995, LOEUF=0.189)
SULT4A1	LoF	gnomad	medium	LoF-intolerant (pLI=0.96563, LOEUF=0.319)
SUPT16H	LoF	gnomad	medium	LoF-intolerant (pLI=1.0, LOEUF=0.12)
SUPT5H	LoF	gnomad	medium	LoF-intolerant (pLI=1.0, LOEUF=0.074)
SUPT6H	LoF	gnomad	medium	LoF-intolerant (pLI=1.0, LOEUF=0.087)
SUV39H1	LoF	gnomad	medium	LoF-intolerant (pLI=0.98957, LOEUF=0.218)
SUV39H2	LoF	gnomad	medium	LoF-intolerant (pLI=0.92921, LOEUF=0.358)
SUV420H1	LoF	gnomad	medium	LoF-intolerant (pLI=1.0, LOEUF=0.078)
SUZ12	LoF	gnomad	medium	LoF-intolerant (pLI=0.99998, LOEUF=0.134)
SVEP1	LoF	gnomad	medium	LoF-intolerant (pLI=0.99995, LOEUF=0.254)
SVOP	LoF	gnomad	medium	LoF-intolerant (pLI=0.99938, LOEUF=0.209)
SWT1	LoF	gnomad	medium	LoF-intolerant (pLI=0.99759, LOEUF=0.268)
SYAP1	LoF	gnomad	medium	LoF-intolerant (pLI=0.94312, LOEUF=0.352)
SYCP1	LoF	gnomad	medium	LoF-intolerant (pLI=0.99997, LOEUF=0.22)
SYCP2	LoF	gnomad	medium	LoF-intolerant (pLI=1.0, LOEUF=0.183)
SYK	LoF	gnomad	medium	LoF-intolerant (pLI=0.99986, LOEUF=0.185)
SYMPK	LoF	gnomad	medium	LoF-intolerant (pLI=1.0, LOEUF=0.179)
SYN1	LoF	clingen	high	ClinGen haploinsufficiency=3 (sufficient)
SYNCRIP	LoF	clingen	high	ClinGen haploinsufficiency=3 (sufficient)
SYNGAP1	LoF	clingen	high	ClinGen haploinsufficiency=3 (sufficient)
SYNJ1	LoF	gnomad	medium	LoF-intolerant (pLI=0.42709, LOEUF=0.33)
SYNPO	LoF	gnomad	medium	LoF-intolerant (pLI=0.98573, LOEUF=0.297)
SYNRG	LoF	gnomad	medium	LoF-intolerant (pLI=0.93079, LOEUF=0.319)
SYP	LoF	gnomad	medium	LoF-intolerant (pLI=0.91549, LOEUF=0.385)
SYT11	LoF	gnomad	medium	LoF-intolerant (pLI=0.92676, LOEUF=0.372)
SYT14	LoF	gnomad	medium	LoF-intolerant (pLI=0.94463, LOEUF=0.342)
SYT2	LoF	gnomad	medium	LoF-intolerant (pLI=0.98133, LOEUF=0.287)
SYT7	LoF	gnomad	medium	LoF-intolerant (pLI=0.96342, LOEUF=0.329)
SYVN1	LoF	gnomad	medium	LoF-intolerant (pLI=0.9997, LOEUF=0.171)
TAB2	LoF	gnomad	medium	LoF-intolerant (pLI=0.99998, LOEUF=0.098)
TAF1	LoF	gnomad	medium	LoF-intolerant (pLI=1.0, LOEUF=0.043)
TAF12	LoF	gnomad	medium	LoF-intolerant (pLI=0.95008, LOEUF=0.317)
TAF1L	LoF	gnomad	medium	LoF-intolerant (pLI=0.96182, LOEUF=0.315)
TAF3	LoF	gnomad	medium	LoF-intolerant (pLI=0.99997, LOEUF=0.138)
TAF4	LoF	gnomad	medium	LoF-intolerant (pLI=1.0, LOEUF=0.081)
TAF5	LoF	gnomad	medium	LoF-intolerant (pLI=0.99973, LOEUF=0.211)
TAF5L	LoF	gnomad	medium	LoF-intolerant (pLI=0.99904, LOEUF=0.193)
TAF7L	LoF	gnomad	medium	LoF-intolerant (pLI=0.98636, LOEUF=0.273)
TANC2	LoF	gnomad	medium	LoF-intolerant (pLI=1.0, LOEUF=0.158)
TAOK1	LoF	clingen	high	ClinGen haploinsufficiency=3 (sufficient)
TAOK2	LoF	gnomad	medium	LoF-intolerant (pLI=0.99976, LOEUF=0.241)
TAOK3	LoF	gnomad	medium	LoF-intolerant (pLI=0.99975, LOEUF=0.241)
TARDBP	LoF	gnomad	medium	LoF-intolerant (pLI=0.98542, LOEUF=0.275)
TBC1D10B	LoF	gnomad	medium	LoF-intolerant (pLI=0.99922, LOEUF=0.213)
TBC1D20	LoF	gnomad	medium	LoF-intolerant (pLI=0.93074, LOEUF=0.364)
TBCEL	LoF	gnomad	medium	LoF-intolerant (pLI=0.97472, LOEUF=0.313)
TBL1X	LoF	gnomad	medium	LoF-intolerant (pLI=0.97946, LOEUF=0.309)
TBL1XR1	LoF	clingen	high	ClinGen haploinsufficiency=3 (sufficient)
TBR1	LoF	clingen	high	ClinGen haploinsufficiency=3 (sufficient)
TBX18	LoF	gnomad	medium	LoF-intolerant (pLI=0.99905, LOEUF=0.193)
TBX2	LoF	gnomad	medium	LoF-intolerant (pLI=0.99329, LOEUF=0.246)
TBX20	LoF	gnomad	medium	LoF-intolerant (pLI=0.97302, LOEUF=0.315)
TBX21	LoF	gnomad	medium	LoF-intolerant (pLI=0.99636, LOEUF=0.226)
TBX22	LoF	clingen	high	ClinGen haploinsufficiency=3 (sufficient)
TBX3	LoF	clingen	high	ClinGen haploinsufficiency=3 (sufficient)
TBX4	LoF	clingen	high	ClinGen haploinsufficiency=3 (sufficient)
TBX5	LoF	clingen	high	ClinGen haploinsufficiency=3 (sufficient)
TCEB3	LoF	gnomad	medium	LoF-intolerant (pLI=1.0, LOEUF=0.119)
TCERG1	LoF	gnomad	medium	LoF-intolerant (pLI=0.99996, LOEUF=0.227)
TCF12	LoF	clingen	high	ClinGen haploinsufficiency=3 (sufficient)
TCF20	LoF	clingen	high	ClinGen haploinsufficiency=3 (sufficient)
TCF4	LoF	clingen	high	ClinGen haploinsufficiency=3 (sufficient)
TCF7L2	LoF	gnomad	medium	LoF-intolerant (pLI=0.99537, LOEUF=0.273)
TCFL5	LoF	gnomad	medium	LoF-intolerant (pLI=0.99128, LOEUF=0.255)
TCOF1	LoF	clingen	high	ClinGen haploinsufficiency=3 (sufficient)
TCP1	LoF	gnomad	medium	LoF-intolerant (pLI=0.99527, LOEUF=0.255)
TDRD1	LoF	gnomad	medium	LoF-intolerant (pLI=1.0, LOEUF=0.175)
TDRD5	LoF	gnomad	medium	LoF-intolerant (pLI=0.97247, LOEUF=0.307)
TEAD1	LoF	gnomad	medium	LoF-intolerant (pLI=0.9998, LOEUF=0.123)
TEAD3	LoF	gnomad	medium	LoF-intolerant (pLI=0.99362, LOEUF=0.264)
TECPR2	LoF	gnomad	medium	LoF-intolerant (pLI=0.58003, LOEUF=0.346)
TEK	LoF	gnomad	medium	LoF-intolerant (pLI=1.0, LOEUF=0.179)
TENM1	LoF	gnomad	medium	LoF-intolerant (pLI=1.0, LOEUF=0.193)
TENM2	LoF	gnomad	medium	LoF-intolerant (pLI=1.0, LOEUF=0.191)
TENM3	LoF	gnomad	medium	LoF-intolerant (pLI=0.99955, LOEUF=0.264)
TENM4	LoF	gnomad	medium	LoF-intolerant (pLI=1.0, LOEUF=0.173)
TERC	LoF	clingen	high	ClinGen haploinsufficiency=3 (sufficient)
TERF1	LoF	gnomad	medium	LoF-intolerant (pLI=0.90655, LOEUF=0.372)
TERF2	LoF	gnomad	medium	LoF-intolerant (pLI=0.99237, LOEUF=0.269)
TERT	LoF	gnomad	medium	LoF-intolerant (pLI=0.99046, LOEUF=0.293)
TESK1	LoF	gnomad	medium	LoF-intolerant (pLI=0.99255, LOEUF=0.278)
TET1	LoF	gnomad	medium	LoF-intolerant (pLI=1.0, LOEUF=0.174)
TET3	LoF	gnomad	medium	LoF-intolerant (pLI=1.0, LOEUF=0.086)
TEX10	LoF	gnomad	medium	LoF-intolerant (pLI=1.0, LOEUF=0.163)
TEX11	LoF	gnomad	medium	LoF-intolerant (pLI=1.0, LOEUF=0.08)
TFAP2A	LoF	gnomad	medium	LoF-intolerant (pLI=0.98964, LOEUF=0.261)
TFAP2B	LoF	clingen	high	ClinGen haploinsufficiency=3 (sufficient)
TFAP2C	LoF	gnomad	medium	LoF-intolerant (pLI=0.92204, LOEUF=0.371)
TFAP2D	LoF	gnomad	medium	LoF-intolerant (pLI=0.99199, LOEUF=0.252)
TFAP4	LoF	gnomad	medium	LoF-intolerant (pLI=0.99731, LOEUF=0.172)
TFCP2L1	LoF	gnomad	medium	LoF-intolerant (pLI=0.99996, LOEUF=0.143)
TFDP1	LoF	gnomad	medium	LoF-intolerant (pLI=0.97174, LOEUF=0.318)
TFDP2	LoF	gnomad	medium	LoF-intolerant (pLI=0.9995, LOEUF=0.181)
TFE3	LoF	gnomad	medium	LoF-intolerant (pLI=0.97985, LOEUF=0.29)
TGFB2	LoF	gnomad	medium	LoF-intolerant (pLI=0.99905, LOEUF=0.148)
TGFB3	LoF	gnomad	medium	LoF-intolerant (pLI=0.98727, LOEUF=0.27)
TGFBR1	LoF	clingen	high	ClinGen haploinsufficiency=3 (sufficient)
TGIF1	LoF	clingen	high	ClinGen haploinsufficiency=3 (sufficient)
THBS1	LoF	gnomad	medium	LoF-intolerant (pLI=0.99985, LOEUF=0.235)
THBS2	LoF	gnomad	medium	LoF-intolerant (pLI=0.55641, LOEUF=0.347)
THOC1	LoF	gnomad	medium	LoF-intolerant (pLI=0.99955, LOEUF=0.23)
THOC2	LoF	gnomad	medium	LoF-intolerant (pLI=1.0, LOEUF=0.081)
THRAP3	LoF	gnomad	medium	LoF-intolerant (pLI=0.99998, LOEUF=0.19)
THRB	LoF	gnomad	medium	LoF-intolerant (pLI=0.99676, LOEUF=0.223)
THSD7A	LoF	gnomad	medium	LoF-intolerant (pLI=1.0, LOEUF=0.215)
TIAL1	LoF	gnomad	medium	LoF-intolerant (pLI=0.99992, LOEUF=0.112)
TIAM1	LoF	gnomad	medium	LoF-intolerant (pLI=0.95662, LOEUF=0.304)
TIMM8A	LoF	clingen	high	ClinGen haploinsufficiency=3 (sufficient)
TIPARP	LoF	gnomad	medium	LoF-intolerant (pLI=0.99991, LOEUF=0.113)
TIPRL	LoF	gnomad	medium	LoF-intolerant (pLI=0.95372, LOEUF=0.338)
TJP1	LoF	gnomad	medium	LoF-intolerant (pLI=1.0, LOEUF=0.071)
TKTL1	LoF	gnomad	medium	LoF-intolerant (pLI=0.99933, LOEUF=0.142)
TLE1	LoF	gnomad	medium	LoF-intolerant (pLI=0.99922, LOEUF=0.239)
TLE3	LoF	gnomad	medium	LoF-intolerant (pLI=1.0, LOEUF=0.073)
TLE4	LoF	gnomad	medium	LoF-intolerant (pLI=0.99999, LOEUF=0.15)
TLK1	LoF	gnomad	medium	LoF-intolerant (pLI=0.99999, LOEUF=0.165)
TLK2	LoF	gnomad	medium	LoF-intolerant (pLI=1.0, LOEUF=0.114)
TLN1	LoF	gnomad	medium	LoF-intolerant (pLI=1.0, LOEUF=0.128)
TLN2	LoF	gnomad	medium	LoF-intolerant (pLI=0.99231, LOEUF=0.279)
TLR7	LoF	gnomad	medium	LoF-intolerant (pLI=0.97912, LOEUF=0.305)
TM9SF2	LoF	gnomad	medium	LoF-intolerant (pLI=1.0, LOEUF=0.079)
TM9SF3	LoF	gnomad	medium	LoF-intolerant (pLI=0.99999, LOEUF=0.09)
TM9SF4	LoF	gnomad	medium	LoF-intolerant (pLI=0.999, LOEUF=0.25)
TMEM108	LoF	gnomad	medium	LoF-intolerant (pLI=0.99555, LOEUF=0.187)
TMEM127	LoF	clingen	high	ClinGen haploinsufficiency=3 (sufficient)
TMEM131	LoF	gnomad	medium	LoF-intolerant (pLI=0.99995, LOEUF=0.244)
TMEM132B	LoF	gnomad	medium	LoF-intolerant (pLI=0.99876, LOEUF=0.253)
TMEM132D	LoF	gnomad	medium	LoF-intolerant (pLI=0.99907, LOEUF=0.232)
TMEM164	LoF	gnomad	medium	LoF-intolerant (pLI=0.94373, LOEUF=0.329)
TMEM178B	LoF	gnomad	medium	LoF-intolerant (pLI=0.95458, LOEUF=0.336)
TMEM185B	LoF	gnomad	medium	LoF-intolerant (pLI=0.96815, LOEUF=0.28)
TMEM194A	LoF	gnomad	medium	LoF-intolerant (pLI=0.91617, LOEUF=0.358)
TMEM201	LoF	gnomad	medium	LoF-intolerant (pLI=0.99004, LOEUF=0.286)
TMEM204	LoF	gnomad	medium	LoF-intolerant (pLI=0.91273, LOEUF=0.381)
TMEM259	LoF	gnomad	medium	LoF-intolerant (pLI=0.99408, LOEUF=0.241)
TMEM39A	LoF	gnomad	medium	LoF-intolerant (pLI=0.95467, LOEUF=0.338)
TMEM57	LoF	gnomad	medium	LoF-intolerant (pLI=0.99757, LOEUF=0.259)
TMEM63B	LoF	gnomad	medium	LoF-intolerant (pLI=0.99999, LOEUF=0.168)
TNFAIP3	LoF	gnomad	medium	LoF-intolerant (pLI=0.99972, LOEUF=0.196)
TNFRSF1A	LoF	gnomad	medium	LoF-intolerant (pLI=0.9949, LOEUF=0.236)
TNFSF13B	LoF	gnomad	medium	LoF-intolerant (pLI=0.98193, LOEUF=0.244)
TNIK	LoF	gnomad	medium	LoF-intolerant (pLI=1.0, LOEUF=0.181)
TNPO1	LoF	gnomad	medium	LoF-intolerant (pLI=1.0, LOEUF=0.056)
TNPO2	LoF	gnomad	medium	LoF-intolerant (pLI=1.0, LOEUF=0.129)
TNR	LoF	gnomad	medium	LoF-intolerant (pLI=0.52437, LOEUF=0.336)
TNRC18	LoF	gnomad	medium	LoF-intolerant (pLI=0.99093, LOEUF=0.287)
TNRC6A	LoF	gnomad	medium	LoF-intolerant (pLI=1.0, LOEUF=0.159)
TNRC6B	LoF	clingen	high	ClinGen haploinsufficiency=3 (sufficient)
TNRC6C	LoF	gnomad	medium	LoF-intolerant (pLI=1.0, LOEUF=0.127)
TNS3	LoF	gnomad	medium	LoF-intolerant (pLI=1.0, LOEUF=0.192)
TOB1	LoF	gnomad	medium	LoF-intolerant (pLI=0.95365, LOEUF=0.31)
TOMM40	LoF	gnomad	medium	LoF-intolerant (pLI=0.99218, LOEUF=0.206)
TOMM70A	LoF	gnomad	medium	LoF-intolerant (pLI=0.99841, LOEUF=0.242)
TOP1	LoF	gnomad	medium	LoF-intolerant (pLI=1.0, LOEUF=0.059)
TOP2A	LoF	gnomad	medium	LoF-intolerant (pLI=0.99086, LOEUF=0.288)
TOP2B	LoF	gnomad	medium	LoF-intolerant (pLI=0.99989, LOEUF=0.247)
TOPAZ1	LoF	gnomad	medium	LoF-intolerant (pLI=0.97746, LOEUF=0.301)
TOPBP1	LoF	gnomad	medium	LoF-intolerant (pLI=1.0, LOEUF=0.086)
TOPORS	LoF	gnomad	medium	LoF-intolerant (pLI=0.99904, LOEUF=0.242)
TOX	LoF	gnomad	medium	LoF-intolerant (pLI=0.99869, LOEUF=0.2)
TOX3	LoF	gnomad	medium	LoF-intolerant (pLI=0.9995, LOEUF=0.181)
TOX4	LoF	gnomad	medium	LoF-intolerant (pLI=0.95637, LOEUF=0.334)
TP53	LoF	clingen	high	ClinGen haploinsufficiency=3 (sufficient)
TP53BP1	LoF	gnomad	medium	LoF-intolerant (pLI=0.99985, LOEUF=0.253)
TP63	LoF	gnomad	medium	LoF-intolerant (pLI=0.99728, LOEUF=0.267)
TP73	LoF	gnomad	medium	LoF-intolerant (pLI=0.99696, LOEUF=0.256)
TPP2	LoF	gnomad	medium	LoF-intolerant (pLI=0.99912, LOEUF=0.263)
TPR	LoF	gnomad	medium	LoF-intolerant (pLI=1.0, LOEUF=0.111)
TPSAB1	GoF	clingen	high	ClinGen triplosensitivity=3 (sufficient)
TPX2	LoF	gnomad	medium	LoF-intolerant (pLI=0.99981, LOEUF=0.217)
TRA2B	LoF	gnomad	medium	LoF-intolerant (pLI=0.99312, LOEUF=0.246)
TRAF2	LoF	gnomad	medium	LoF-intolerant (pLI=0.99979, LOEUF=0.123)
TRAF3	LoF	gnomad	medium	LoF-intolerant (pLI=0.99869, LOEUF=0.224)
TRAF4	LoF	gnomad	medium	LoF-intolerant (pLI=0.93602, LOEUF=0.353)
TRAF6	LoF	gnomad	medium	LoF-intolerant (pLI=0.99739, LOEUF=0.217)
TRAM1	LoF	gnomad	medium	LoF-intolerant (pLI=0.92506, LOEUF=0.361)
TRAM2	LoF	gnomad	medium	LoF-intolerant (pLI=0.94418, LOEUF=0.347)
TRAPPC10	LoF	gnomad	medium	LoF-intolerant (pLI=0.99999, LOEUF=0.204)
TRAPPC2	LoF	clingen	high	ClinGen haploinsufficiency=3 (sufficient)
TRAPPC8	LoF	gnomad	medium	LoF-intolerant (pLI=1.0, LOEUF=0.138)
TRERF1	LoF	gnomad	medium	LoF-intolerant (pLI=1.0, LOEUF=0.114)
TRIB2	LoF	gnomad	medium	LoF-intolerant (pLI=0.98349, LOEUF=0.24)
TRIM11	LoF	gnomad	medium	LoF-intolerant (pLI=0.91729, LOEUF=0.375)
TRIM2	LoF	gnomad	medium	LoF-intolerant (pLI=0.99603, LOEUF=0.27)
TRIM24	LoF	gnomad	medium	LoF-intolerant (pLI=1.0, LOEUF=0.115)
TRIM27	LoF	gnomad	medium	LoF-intolerant (pLI=0.99685, LOEUF=0.244)
TRIM28	LoF	gnomad	medium	LoF-intolerant (pLI=1.0, LOEUF=0.082)
TRIM3	LoF	gnomad	medium	LoF-intolerant (pLI=0.9893, LOEUF=0.293)
TRIM33	LoF	gnomad	medium	LoF-intolerant (pLI=1.0, LOEUF=0.086)
TRIM39	LoF	gnomad	medium	LoF-intolerant (pLI=0.99474, LOEUF=0.269)
TRIM41	LoF	gnomad	medium	LoF-intolerant (pLI=0.97384, LOEUF=0.317)
TRIM46	LoF	gnomad	medium	LoF-intolerant (pLI=0.99925, LOEUF=0.228)
TRIM67	LoF	gnomad	medium	LoF-intolerant (pLI=0.96542, LOEUF=0.326)
TRIM71	LoF	gnomad	medium	LoF-intolerant (pLI=0.99969, LOEUF=0.172)
TRIM8	LoF	gnomad	medium	LoF-intolerant (pLI=0.99438, LOEUF=0.26)
TRIM9	LoF	gnomad	medium	LoF-intolerant (pLI=0.99973, LOEUF=0.17)
TRIO	LoF	clingen	high	ClinGen haploinsufficiency=3 (sufficient)
TRIP12	LoF	clingen	high	ClinGen haploinsufficiency=3 (sufficient)
TRIP13	LoF	gnomad	medium	LoF-intolerant (pLI=0.99606, LOEUF=0.25)
TRPC5	LoF	gnomad	medium	LoF-intolerant (pLI=0.99973, LOEUF=0.17)
TRPS1	LoF	clingen	high	ClinGen haploinsufficiency=3 (sufficient)
TRRAP	LoF	gnomad	medium	LoF-intolerant (pLI=1.0, LOEUF=0.06)
TSC1	LoF	clingen	high	ClinGen haploinsufficiency=3 (sufficient)
TSC2	LoF	clingen	high	ClinGen haploinsufficiency=3 (sufficient)
TSC22D1	LoF	gnomad	medium	LoF-intolerant (pLI=0.9599, LOEUF=0.328)
TSC22D2	LoF	gnomad	medium	LoF-intolerant (pLI=0.96853, LOEUF=0.324)
TSC22D4	LoF	gnomad	medium	LoF-intolerant (pLI=0.96057, LOEUF=0.296)
TSHZ1	LoF	gnomad	medium	LoF-intolerant (pLI=0.9973, LOEUF=0.241)
TSHZ2	LoF	gnomad	medium	LoF-intolerant (pLI=0.9814, LOEUF=0.307)
TSHZ3	LoF	gnomad	medium	LoF-intolerant (pLI=0.99053, LOEUF=0.285)
TSKS	LoF	gnomad	medium	LoF-intolerant (pLI=0.99652, LOEUF=0.259)
TSPAN14	LoF	gnomad	medium	LoF-intolerant (pLI=0.97908, LOEUF=0.292)
TSPAN5	LoF	gnomad	medium	LoF-intolerant (pLI=0.90951, LOEUF=0.381)
TTBK1	LoF	gnomad	medium	LoF-intolerant (pLI=0.99967, LOEUF=0.234)
TTBK2	LoF	gnomad	medium	LoF-intolerant (pLI=0.99875, LOEUF=0.261)
TTC17	LoF	gnomad	medium	LoF-intolerant (pLI=0.99996, LOEUF=0.225)
TTC28	LoF	gnomad	medium	LoF-intolerant (pLI=1.0, LOEUF=0.174)
TTC7B	LoF	gnomad	medium	LoF-intolerant (pLI=0.99998, LOEUF=0.189)
TTYH1	LoF	gnomad	medium	LoF-intolerant (pLI=0.99539, LOEUF=0.254)
TTYH3	LoF	gnomad	medium	LoF-intolerant (pLI=0.99916, LOEUF=0.215)
TUBA1A	LoF	gnomad	medium	LoF-intolerant (pLI=0.96654, LOEUF=0.317)
TUBA1B	LoF	gnomad	medium	LoF-intolerant (pLI=0.96767, LOEUF=0.315)
TUBB	LoF	gnomad	medium	LoF-intolerant (pLI=0.97889, LOEUF=0.292)
TUBB2A	LoF	gnomad	medium	LoF-intolerant (pLI=0.93478, LOEUF=0.363)
TUBB2B	LoF	gnomad	medium	LoF-intolerant (pLI=0.9884, LOEUF=0.222)
TUBB3	LoF	gnomad	medium	LoF-intolerant (pLI=0.96761, LOEUF=0.315)
TULP4	LoF	gnomad	medium	LoF-intolerant (pLI=1.0, LOEUF=0.133)
TWF2	LoF	gnomad	medium	LoF-intolerant (pLI=0.98055, LOEUF=0.302)
TWIST1	LoF	clingen	high	ClinGen haploinsufficiency=3 (sufficient)
TXLNA	LoF	gnomad	medium	LoF-intolerant (pLI=0.99731, LOEUF=0.24)
TXLNG	LoF	gnomad	medium	LoF-intolerant (pLI=0.99845, LOEUF=0.158)
U2AF1	LoF	gnomad	medium	LoF-intolerant (pLI=0.9899, LOEUF=0.216)
U2AF2	LoF	gnomad	medium	LoF-intolerant (pLI=0.9996, LOEUF=0.133)
U2SURP	LoF	gnomad	medium	LoF-intolerant (pLI=1.0, LOEUF=0.077)
UBA1	LoF	gnomad	medium	LoF-intolerant (pLI=1.0, LOEUF=0.108)
UBA2	LoF	gnomad	medium	LoF-intolerant (pLI=0.99851, LOEUF=0.241)
UBAP1	LoF	gnomad	medium	LoF-intolerant (pLI=0.91168, LOEUF=0.379)
UBAP2L	LoF	gnomad	medium	LoF-intolerant (pLI=1.0, LOEUF=0.103)
UBE2D2	LoF	gnomad	medium	LoF-intolerant (pLI=0.96547, LOEUF=0.286)
UBE2E2	LoF	gnomad	medium	LoF-intolerant (pLI=0.96378, LOEUF=0.29)
UBE2F	LoF	gnomad	medium	LoF-intolerant (pLI=0.92267, LOEUF=0.377)
UBE2H	LoF	gnomad	medium	LoF-intolerant (pLI=0.94063, LOEUF=0.355)
UBE2I	LoF	gnomad	medium	LoF-intolerant (pLI=0.96496, LOEUF=0.287)
UBE2J2	LoF	gnomad	medium	LoF-intolerant (pLI=0.90974, LOEUF=0.391)
UBE2K	LoF	gnomad	medium	LoF-intolerant (pLI=0.98621, LOEUF=0.231)
UBE2O	LoF	gnomad	medium	LoF-intolerant (pLI=1.0, LOEUF=0.14)
UBE2Q1	LoF	gnomad	medium	LoF-intolerant (pLI=0.99919, LOEUF=0.19)
UBE2R2	LoF	gnomad	medium	LoF-intolerant (pLI=0.97816, LOEUF=0.255)
UBE2Z	LoF	gnomad	medium	LoF-intolerant (pLI=0.93838, LOEUF=0.358)
UBE3A	LoF	clingen	high	ClinGen haploinsufficiency=3 (sufficient)
UBE3C	LoF	gnomad	medium	LoF-intolerant (pLI=1.0, LOEUF=0.183)
UBE4B	LoF	gnomad	medium	LoF-intolerant (pLI=1.0, LOEUF=0.157)
UBFD1	LoF	gnomad	medium	LoF-intolerant (pLI=0.94238, LOEUF=0.353)
UBN1	LoF	gnomad	medium	LoF-intolerant (pLI=0.99995, LOEUF=0.211)
UBN2	LoF	gnomad	medium	LoF-intolerant (pLI=0.99993, LOEUF=0.213)
UBP1	LoF	gnomad	medium	LoF-intolerant (pLI=0.99999, LOEUF=0.088)
UBQLN1	LoF	gnomad	medium	LoF-intolerant (pLI=0.99884, LOEUF=0.221)
UBQLN4	LoF	gnomad	medium	LoF-intolerant (pLI=0.98252, LOEUF=0.303)
UBR1	LoF	gnomad	medium	LoF-intolerant (pLI=0.0054862, LOEUF=0.349)
UBR2	LoF	gnomad	medium	LoF-intolerant (pLI=1.0, LOEUF=0.213)
UBR3	LoF	gnomad	medium	LoF-intolerant (pLI=1.0, LOEUF=0.13)
UBR4	LoF	gnomad	medium	LoF-intolerant (pLI=1.0, LOEUF=0.095)
UBR5	LoF	gnomad	medium	LoF-intolerant (pLI=1.0, LOEUF=0.073)
UBTF	LoF	gnomad	medium	LoF-intolerant (pLI=1.0, LOEUF=0.06)
UBXN7	LoF	gnomad	medium	LoF-intolerant (pLI=0.99988, LOEUF=0.116)
UCHL1	LoF	gnomad	medium	LoF-intolerant (pLI=0.99095, LOEUF=0.212)
UFD1L	LoF	gnomad	medium	LoF-intolerant (pLI=0.99638, LOEUF=0.226)
UGCG	LoF	gnomad	medium	LoF-intolerant (pLI=0.94147, LOEUF=0.349)
UHRF2	LoF	gnomad	medium	LoF-intolerant (pLI=0.99928, LOEUF=0.245)
ULK1	LoF	gnomad	medium	LoF-intolerant (pLI=0.99318, LOEUF=0.288)
UNC13A	LoF	gnomad	medium	LoF-intolerant (pLI=1.0, LOEUF=0.158)
UNC5A	LoF	gnomad	medium	LoF-intolerant (pLI=0.99983, LOEUF=0.204)
UNC5D	LoF	gnomad	medium	LoF-intolerant (pLI=0.92929, LOEUF=0.33)
UNC79	LoF	gnomad	medium	LoF-intolerant (pLI=1.0, LOEUF=0.147)
UNC80	LoF	gnomad	medium	LoF-intolerant (pLI=0.052307, LOEUF=0.307)
UNK	LoF	gnomad	medium	LoF-intolerant (pLI=0.99994, LOEUF=0.19)
UPF1	LoF	gnomad	medium	LoF-intolerant (pLI=1.0, LOEUF=0.162)
UPF2	LoF	gnomad	medium	LoF-intolerant (pLI=1.0, LOEUF=0.099)
UPF3B	LoF	clingen	high	ClinGen haploinsufficiency=3 (sufficient)
USF2	LoF	gnomad	medium	LoF-intolerant (pLI=0.99253, LOEUF=0.249)
USP1	LoF	gnomad	medium	LoF-intolerant (pLI=0.99691, LOEUF=0.257)
USP10	LoF	gnomad	medium	LoF-intolerant (pLI=0.99411, LOEUF=0.282)
USP11	LoF	gnomad	medium	LoF-intolerant (pLI=0.99996, LOEUF=0.167)
USP12	LoF	gnomad	medium	LoF-intolerant (pLI=0.97053, LOEUF=0.319)
USP14	LoF	gnomad	medium	LoF-intolerant (pLI=0.90546, LOEUF=0.348)
USP15	LoF	gnomad	medium	LoF-intolerant (pLI=0.99997, LOEUF=0.211)
USP19	LoF	gnomad	medium	LoF-intolerant (pLI=0.99999, LOEUF=0.203)
USP24	LoF	gnomad	medium	LoF-intolerant (pLI=1.0, LOEUF=0.147)
USP25	LoF	gnomad	medium	LoF-intolerant (pLI=0.7522, LOEUF=0.33)
USP27X	LoF	gnomad	medium	LoF-intolerant (pLI=0.92373, LOEUF=0.363)
USP3	LoF	gnomad	medium	LoF-intolerant (pLI=0.99989, LOEUF=0.156)
USP32	LoF	gnomad	medium	LoF-intolerant (pLI=1.0, LOEUF=0.224)
USP33	LoF	gnomad	medium	LoF-intolerant (pLI=0.86249, LOEUF=0.331)
USP34	LoF	gnomad	medium	LoF-intolerant (pLI=1.0, LOEUF=0.091)
USP37	LoF	gnomad	medium	LoF-intolerant (pLI=0.99999, LOEUF=0.189)
USP42	LoF	gnomad	medium	LoF-intolerant (pLI=1.0, LOEUF=0.133)
USP47	LoF	gnomad	medium	LoF-intolerant (pLI=1.0, LOEUF=0.13)
USP48	LoF	gnomad	medium	LoF-intolerant (pLI=1.0, LOEUF=0.161)
USP49	LoF	gnomad	medium	LoF-intolerant (pLI=0.93828, LOEUF=0.346)
USP5	LoF	gnomad	medium	LoF-intolerant (pLI=0.96396, LOEUF=0.316)
USP7	LoF	clingen	high	ClinGen haploinsufficiency=3 (sufficient)
USP8	LoF	gnomad	medium	LoF-intolerant (pLI=1.0, LOEUF=0.113)
USP9X	LoF	clingen	high	ClinGen haploinsufficiency=3 (sufficient)
UTP14A	LoF	gnomad	medium	LoF-intolerant (pLI=0.99983, LOEUF=0.162)
UTP15	LoF	gnomad	medium	LoF-intolerant (pLI=0.99993, LOEUF=0.11)
UTY	LoF	gnomad	medium	LoF-intolerant (pLI=0.96681, LOEUF=0.325)
UVRAG	LoF	gnomad	medium	LoF-intolerant (pLI=0.98942, LOEUF=0.294)
VASP	LoF	gnomad	medium	LoF-intolerant (pLI=0.94665, LOEUF=0.345)
VAV1	LoF	gnomad	medium	LoF-intolerant (pLI=0.99993, LOEUF=0.226)
VCAN	LoF	gnomad	medium	LoF-intolerant (pLI=1.0, LOEUF=0.199)
VCP	LoF	gnomad	medium	LoF-intolerant (pLI=0.99999, LOEUF=0.127)
VCPIP1	LoF	gnomad	medium	LoF-intolerant (pLI=1.0, LOEUF=0.119)
VDAC1	LoF	gnomad	medium	LoF-intolerant (pLI=0.97266, LOEUF=0.306)
VDAC3	LoF	gnomad	medium	LoF-intolerant (pLI=0.99454, LOEUF=0.193)
VEZF1	LoF	gnomad	medium	LoF-intolerant (pLI=0.99423, LOEUF=0.24)
VHL	LoF	clingen	high	ClinGen haploinsufficiency=3 (sufficient)
VMP1	LoF	gnomad	medium	LoF-intolerant (pLI=0.96271, LOEUF=0.33)
VPRBP	LoF	gnomad	medium	LoF-intolerant (pLI=1.0, LOEUF=0.109)
VPS13D	LoF	gnomad	medium	LoF-intolerant (pLI=1.0749e-06, LOEUF=0.332)
VPS26B	LoF	gnomad	medium	LoF-intolerant (pLI=0.9665, LOEUF=0.317)
VPS35	LoF	gnomad	medium	LoF-intolerant (pLI=0.96921, LOEUF=0.313)
VPS37D	LoF	gnomad	medium	LoF-intolerant (pLI=0.91622, LOEUF=0.376)
VPS4A	LoF	gnomad	medium	LoF-intolerant (pLI=0.94474, LOEUF=0.347)
VPS54	LoF	gnomad	medium	LoF-intolerant (pLI=0.99929, LOEUF=0.254)
VRTN	LoF	gnomad	medium	LoF-intolerant (pLI=0.98901, LOEUF=0.264)
VWC2	LoF	gnomad	medium	LoF-intolerant (pLI=0.97088, LOEUF=0.274)
WAC	LoF	clingen	high	ClinGen haploinsufficiency=3 (sufficient)
WAPAL	LoF	gnomad	medium	LoF-intolerant (pLI=1.0, LOEUF=0.112)
WAS	LoF	clingen	high	ClinGen haploinsufficiency=3 (sufficient)
WASF1	LoF	gnomad	medium	LoF-intolerant (pLI=0.99757, LOEUF=0.215)
WASF2	LoF	gnomad	medium	LoF-intolerant (pLI=0.97567, LOEUF=0.311)
WBP11	LoF	gnomad	medium	LoF-intolerant (pLI=0.99994, LOEUF=0.148)
WDFY3	LoF	clingen	high	ClinGen haploinsufficiency=3 (sufficient)
WDFY4	LoF	gnomad	medium	LoF-intolerant (pLI=0.34009, LOEUF=0.304)
WDR1	LoF	gnomad	medium	LoF-intolerant (pLI=0.99892, LOEUF=0.22)
WDR13	LoF	gnomad	medium	LoF-intolerant (pLI=0.93514, LOEUF=0.362)
WDR18	LoF	gnomad	medium	LoF-intolerant (pLI=0.99271, LOEUF=0.248)
WDR20	LoF	gnomad	medium	LoF-intolerant (pLI=0.91532, LOEUF=0.367)
WDR26	LoF	clingen	high	ClinGen haploinsufficiency=3 (sufficient)
WDR33	LoF	gnomad	medium	LoF-intolerant (pLI=1.0, LOEUF=0.213)
WDR43	LoF	gnomad	medium	LoF-intolerant (pLI=0.99997, LOEUF=0.163)
WDR44	LoF	gnomad	medium	LoF-intolerant (pLI=0.99972, LOEUF=0.195)
WDR45	LoF	clingen	high	ClinGen haploinsufficiency=3 (sufficient)
WDR48	LoF	gnomad	medium	LoF-intolerant (pLI=0.99985, LOEUF=0.215)
WDR5	LoF	gnomad	medium	LoF-intolerant (pLI=0.99978, LOEUF=0.124)
WDR7	LoF	gnomad	medium	LoF-intolerant (pLI=1.0, LOEUF=0.181)
WDTC1	LoF	gnomad	medium	LoF-intolerant (pLI=0.99915, LOEUF=0.23)
WEE1	LoF	gnomad	medium	LoF-intolerant (pLI=0.99973, LOEUF=0.17)
WHSC1	LoF	gnomad	medium	LoF-intolerant (pLI=1.0, LOEUF=0.119)
WHSC1L1	LoF	gnomad	medium	LoF-intolerant (pLI=1.0, LOEUF=0.142)
WIPF1	LoF	gnomad	medium	LoF-intolerant (pLI=0.90296, LOEUF=0.385)
WIZ	LoF	gnomad	medium	LoF-intolerant (pLI=0.99865, LOEUF=0.225)
WNK1	LoF	gnomad	medium	LoF-intolerant (pLI=1.0, LOEUF=0.126)
WNK2	LoF	gnomad	medium	LoF-intolerant (pLI=1.0, LOEUF=0.21)
WNK3	LoF	gnomad	medium	LoF-intolerant (pLI=0.99999, LOEUF=0.191)
WNT3A	LoF	gnomad	medium	LoF-intolerant (pLI=0.96491, LOEUF=0.32)
WNT5A	LoF	gnomad	medium	LoF-intolerant (pLI=0.98732, LOEUF=0.269)
WNT9A	LoF	gnomad	medium	LoF-intolerant (pLI=0.91225, LOEUF=0.388)
WSB2	LoF	gnomad	medium	LoF-intolerant (pLI=0.92938, LOEUF=0.358)
WT1	LoF	clingen	high	ClinGen haploinsufficiency=3 (sufficient)
WTAP	LoF	gnomad	medium	LoF-intolerant (pLI=0.99966, LOEUF=0.13)
WWC3	LoF	gnomad	medium	LoF-intolerant (pLI=0.99996, LOEUF=0.185)
WWP1	LoF	gnomad	medium	LoF-intolerant (pLI=0.99966, LOEUF=0.248)
WWTR1	LoF	gnomad	medium	LoF-intolerant (pLI=0.93914, LOEUF=0.356)
XAB2	LoF	gnomad	medium	LoF-intolerant (pLI=0.97281, LOEUF=0.309)
XIAP	LoF	clingen	high	ClinGen haploinsufficiency=3 (sufficient)
XIST	LoF	clingen	high	ClinGen haploinsufficiency=3 (sufficient)
XK	LoF	gnomad	medium	LoF-intolerant (pLI=0.95373, LOEUF=0.31)
XKR4	LoF	gnomad	medium	LoF-intolerant (pLI=0.99912, LOEUF=0.192)
XKR6	LoF	gnomad	medium	LoF-intolerant (pLI=0.99934, LOEUF=0.186)
XKR7	LoF	gnomad	medium	LoF-intolerant (pLI=0.90831, LOEUF=0.382)
XPO1	LoF	gnomad	medium	LoF-intolerant (pLI=1.0, LOEUF=0.051)
XPO4	LoF	gnomad	medium	LoF-intolerant (pLI=1.0, LOEUF=0.143)
XPO5	LoF	gnomad	medium	LoF-intolerant (pLI=0.99971, LOEUF=0.253)
XPO6	LoF	gnomad	medium	LoF-intolerant (pLI=1.0, LOEUF=0.082)
XPO7	LoF	gnomad	medium	LoF-intolerant (pLI=1.0, LOEUF=0.12)
XPOT	LoF	gnomad	medium	LoF-intolerant (pLI=0.99711, LOEUF=0.276)
XPR1	LoF	gnomad	medium	LoF-intolerant (pLI=0.99999, LOEUF=0.156)
XRCC5	LoF	gnomad	medium	LoF-intolerant (pLI=0.99999, LOEUF=0.147)
XRCC6	LoF	gnomad	medium	LoF-intolerant (pLI=0.99904, LOEUF=0.218)
XRN1	LoF	gnomad	medium	LoF-intolerant (pLI=1.0, LOEUF=0.197)
XYLT1	LoF	gnomad	medium	LoF-intolerant (pLI=0.92418, LOEUF=0.336)
XYLT2	LoF	gnomad	medium	LoF-intolerant (pLI=0.92576, LOEUF=0.341)
YAP1	LoF	gnomad	medium	LoF-intolerant (pLI=0.99918, LOEUF=0.19)
YBX1	LoF	gnomad	medium	LoF-intolerant (pLI=0.94646, LOEUF=0.349)
YBX2	LoF	gnomad	medium	LoF-intolerant (pLI=0.99896, LOEUF=0.15)
YEATS2	LoF	gnomad	medium	LoF-intolerant (pLI=0.99639, LOEUF=0.28)
YIPF5	LoF	gnomad	medium	LoF-intolerant (pLI=0.98529, LOEUF=0.234)
YLPM1	LoF	gnomad	medium	LoF-intolerant (pLI=0.99965, LOEUF=0.261)
YPEL2	LoF	gnomad	medium	LoF-intolerant (pLI=0.95044, LOEUF=0.316)
YTHDC1	LoF	gnomad	medium	LoF-intolerant (pLI=1.0, LOEUF=0.094)
YTHDC2	LoF	gnomad	medium	LoF-intolerant (pLI=1.0, LOEUF=0.131)
YTHDF1	LoF	gnomad	medium	LoF-intolerant (pLI=0.9942, LOEUF=0.241)
YTHDF2	LoF	gnomad	medium	LoF-intolerant (pLI=0.99943, LOEUF=0.139)
YTHDF3	LoF	gnomad	medium	LoF-intolerant (pLI=0.99704, LOEUF=0.22)
YWHAB	LoF	gnomad	medium	LoF-intolerant (pLI=0.98314, LOEUF=0.241)
YWHAE	LoF	gnomad	medium	LoF-intolerant (pLI=0.98479, LOEUF=0.235)
YWHAG	LoF	gnomad	medium	LoF-intolerant (pLI=0.964, LOEUF=0.289)
YWHAZ	LoF	gnomad	medium	LoF-intolerant (pLI=0.93965, LOEUF=0.357)
YY1	LoF	gnomad	medium	LoF-intolerant (pLI=0.9938, LOEUF=0.198)
ZBTB1	LoF	gnomad	medium	LoF-intolerant (pLI=0.99407, LOEUF=0.262)
ZBTB10	LoF	gnomad	medium	LoF-intolerant (pLI=0.99067, LOEUF=0.289)
ZBTB12	LoF	gnomad	medium	LoF-intolerant (pLI=0.94882, LOEUF=0.319)
ZBTB16	LoF	gnomad	medium	LoF-intolerant (pLI=0.99907, LOEUF=0.193)
ZBTB17	LoF	gnomad	medium	LoF-intolerant (pLI=0.97933, LOEUF=0.309)
ZBTB18	LoF	clingen	high	ClinGen haploinsufficiency=3 (sufficient)
ZBTB2	LoF	gnomad	medium	LoF-intolerant (pLI=0.9982, LOEUF=0.162)
ZBTB20	LoF	gnomad	medium	LoF-intolerant (pLI=0.97382, LOEUF=0.317)
ZBTB21	LoF	gnomad	medium	LoF-intolerant (pLI=0.99778, LOEUF=0.249)
ZBTB33	LoF	gnomad	medium	LoF-intolerant (pLI=0.9127, LOEUF=0.388)
ZBTB34	LoF	gnomad	medium	LoF-intolerant (pLI=0.97657, LOEUF=0.298)
ZBTB37	LoF	gnomad	medium	LoF-intolerant (pLI=0.95517, LOEUF=0.339)
ZBTB38	LoF	gnomad	medium	LoF-intolerant (pLI=0.99949, LOEUF=0.221)
ZBTB4	LoF	gnomad	medium	LoF-intolerant (pLI=0.99991, LOEUF=0.113)
ZBTB43	LoF	gnomad	medium	LoF-intolerant (pLI=0.98767, LOEUF=0.225)
ZBTB44	LoF	gnomad	medium	LoF-intolerant (pLI=0.99929, LOEUF=0.142)
ZBTB47	LoF	gnomad	medium	LoF-intolerant (pLI=0.99983, LOEUF=0.12)
ZBTB7A	LoF	gnomad	medium	LoF-intolerant (pLI=0.95915, LOEUF=0.329)
ZC3H11A	LoF	gnomad	medium	LoF-intolerant (pLI=0.99996, LOEUF=0.186)
ZC3H12B	LoF	gnomad	medium	LoF-intolerant (pLI=0.99835, LOEUF=0.206)
ZC3H12C	LoF	gnomad	medium	LoF-intolerant (pLI=0.99838, LOEUF=0.252)
ZC3H13	LoF	gnomad	medium	LoF-intolerant (pLI=1.0, LOEUF=0.211)
ZC3H14	LoF	gnomad	medium	LoF-intolerant (pLI=0.88291, LOEUF=0.342)
ZC3H15	LoF	gnomad	medium	LoF-intolerant (pLI=0.90263, LOEUF=0.374)
ZC3H18	LoF	gnomad	medium	LoF-intolerant (pLI=1.0, LOEUF=0.126)
ZC3H4	LoF	gnomad	medium	LoF-intolerant (pLI=1.0, LOEUF=0.054)
ZC3H7A	LoF	gnomad	medium	LoF-intolerant (pLI=1.0, LOEUF=0.115)
ZC3H7B	LoF	gnomad	medium	LoF-intolerant (pLI=0.92932, LOEUF=0.323)
ZC4H2	LoF	clingen	high	ClinGen haploinsufficiency=3 (sufficient)
ZCCHC11	LoF	gnomad	medium	LoF-intolerant (pLI=1.0, LOEUF=0.107)
ZCCHC14	LoF	gnomad	medium	LoF-intolerant (pLI=0.97852, LOEUF=0.311)
ZCCHC2	LoF	gnomad	medium	LoF-intolerant (pLI=0.99376, LOEUF=0.285)
ZCCHC24	LoF	gnomad	medium	LoF-intolerant (pLI=0.942, LOEUF=0.332)
ZCCHC6	LoF	gnomad	medium	LoF-intolerant (pLI=1.0, LOEUF=0.107)
ZCCHC8	LoF	gnomad	medium	LoF-intolerant (pLI=0.96584, LOEUF=0.323)
ZDHHC17	LoF	gnomad	medium	LoF-intolerant (pLI=0.99989, LOEUF=0.181)
ZDHHC5	LoF	gnomad	medium	LoF-intolerant (pLI=0.99999, LOEUF=0.088)
ZDHHC9	LoF	clingen	high	ClinGen haploinsufficiency=3 (sufficient)
ZEB1	LoF	gnomad	medium	LoF-intolerant (pLI=0.96665, LOEUF=0.317)
ZEB2	LoF	clingen	high	ClinGen haploinsufficiency=3 (sufficient)
ZER1	LoF	gnomad	medium	LoF-intolerant (pLI=0.99992, LOEUF=0.178)
ZFAND3	LoF	gnomad	medium	LoF-intolerant (pLI=0.92174, LOEUF=0.378)
ZFC3H1	LoF	gnomad	medium	LoF-intolerant (pLI=1.0, LOEUF=0.157)
ZFHX2	LoF	gnomad	medium	LoF-intolerant (pLI=0.99711, LOEUF=0.277)
ZFHX3	LoF	gnomad	medium	LoF-intolerant (pLI=1.0, LOEUF=0.136)
ZFHX4	LoF	clingen	high	ClinGen haploinsufficiency=3 (sufficient)
ZFP36L2	LoF	gnomad	medium	LoF-intolerant (pLI=0.966, LOEUF=0.285)
ZFP91	LoF	gnomad	medium	LoF-intolerant (pLI=0.9997, LOEUF=0.172)
ZFPM2	LoF	gnomad	medium	LoF-intolerant (pLI=1.0, LOEUF=0.145)
ZFR	LoF	gnomad	medium	LoF-intolerant (pLI=1.0, LOEUF=0.128)
ZFX	LoF	gnomad	medium	LoF-intolerant (pLI=0.99831, LOEUF=0.16)
ZFYVE9	LoF	gnomad	medium	LoF-intolerant (pLI=0.90244, LOEUF=0.325)
ZIC1	LoF	gnomad	medium	LoF-intolerant (pLI=0.93378, LOEUF=0.364)
ZIC2	LoF	clingen	high	ClinGen haploinsufficiency=3 (sufficient)
ZIC3	LoF	clingen	high	ClinGen haploinsufficiency=3 (sufficient)
ZKSCAN1	LoF	gnomad	medium	LoF-intolerant (pLI=0.96937, LOEUF=0.323)
ZMAT2	LoF	gnomad	medium	LoF-intolerant (pLI=0.98418, LOEUF=0.237)
ZMIZ1	LoF	gnomad	medium	LoF-intolerant (pLI=0.99937, LOEUF=0.252)
ZMIZ2	LoF	gnomad	medium	LoF-intolerant (pLI=0.99981, LOEUF=0.218)
ZMYM2	LoF	gnomad	medium	LoF-intolerant (pLI=0.66648, LOEUF=0.332)
ZMYM3	LoF	gnomad	medium	LoF-intolerant (pLI=1.0, LOEUF=0.106)
ZMYM4	LoF	gnomad	medium	LoF-intolerant (pLI=1.0, LOEUF=0.175)
ZMYND11	LoF	clingen	high	ClinGen haploinsufficiency=3 (sufficient)
ZMYND19	LoF	gnomad	medium	LoF-intolerant (pLI=0.95174, LOEUF=0.34)
ZMYND8	LoF	gnomad	medium	LoF-intolerant (pLI=1.0, LOEUF=0.131)
ZNF131	LoF	gnomad	medium	LoF-intolerant (pLI=0.99983, LOEUF=0.162)
ZNF146	LoF	gnomad	medium	LoF-intolerant (pLI=0.93205, LOEUF=0.349)
ZNF148	LoF	gnomad	medium	LoF-intolerant (pLI=0.99997, LOEUF=0.103)
ZNF182	LoF	gnomad	medium	LoF-intolerant (pLI=0.98405, LOEUF=0.279)
ZNF217	LoF	gnomad	medium	LoF-intolerant (pLI=0.99995, LOEUF=0.147)
ZNF219	LoF	gnomad	medium	LoF-intolerant (pLI=0.99977, LOEUF=0.124)
ZNF236	LoF	gnomad	medium	LoF-intolerant (pLI=1.0, LOEUF=0.169)
ZNF24	LoF	gnomad	medium	LoF-intolerant (pLI=0.98114, LOEUF=0.301)
ZNF280C	LoF	gnomad	medium	LoF-intolerant (pLI=0.99899, LOEUF=0.194)
ZNF281	LoF	gnomad	medium	LoF-intolerant (pLI=0.99624, LOEUF=0.249)
ZNF292	LoF	gnomad	medium	LoF-intolerant (pLI=1.0, LOEUF=0.14)
ZNF296	LoF	gnomad	medium	LoF-intolerant (pLI=0.95906, LOEUF=0.33)
ZNF318	LoF	gnomad	medium	LoF-intolerant (pLI=0.37383, LOEUF=0.339)
ZNF319	LoF	gnomad	medium	LoF-intolerant (pLI=0.99285, LOEUF=0.248)
ZNF326	LoF	gnomad	medium	LoF-intolerant (pLI=0.90182, LOEUF=0.356)
ZNF331	LoF	gnomad	medium	LoF-intolerant (pLI=0.97927, LOEUF=0.292)
ZNF362	LoF	gnomad	medium	LoF-intolerant (pLI=0.94115, LOEUF=0.354)
ZNF367	LoF	gnomad	medium	LoF-intolerant (pLI=0.90568, LOEUF=0.395)
ZNF384	LoF	gnomad	medium	LoF-intolerant (pLI=0.99842, LOEUF=0.228)
ZNF407	LoF	gnomad	medium	LoF-intolerant (pLI=1.0, LOEUF=0.092)
ZNF423	LoF	gnomad	medium	LoF-intolerant (pLI=0.99996, LOEUF=0.187)
ZNF445	LoF	gnomad	medium	LoF-intolerant (pLI=0.9997, LOEUF=0.212)
ZNF462	LoF	clingen	high	ClinGen haploinsufficiency=3 (sufficient)
ZNF483	LoF	gnomad	medium	LoF-intolerant (pLI=0.96736, LOEUF=0.324)
ZNF496	LoF	gnomad	medium	LoF-intolerant (pLI=0.99624, LOEUF=0.249)
ZNF503	LoF	gnomad	medium	LoF-intolerant (pLI=0.94589, LOEUF=0.349)
ZNF512	LoF	gnomad	medium	LoF-intolerant (pLI=0.9765, LOEUF=0.313)
ZNF512B	LoF	gnomad	medium	LoF-intolerant (pLI=0.99992, LOEUF=0.206)
ZNF516	LoF	gnomad	medium	LoF-intolerant (pLI=0.99992, LOEUF=0.176)
ZNF521	LoF	gnomad	medium	LoF-intolerant (pLI=1.0, LOEUF=0.098)
ZNF532	LoF	gnomad	medium	LoF-intolerant (pLI=0.98896, LOEUF=0.296)
ZNF536	LoF	gnomad	medium	LoF-intolerant (pLI=0.99958, LOEUF=0.218)
ZNF541	LoF	gnomad	medium	LoF-intolerant (pLI=1.0, LOEUF=0.155)
ZNF592	LoF	gnomad	medium	LoF-intolerant (pLI=0.99998, LOEUF=0.133)
ZNF608	LoF	gnomad	medium	LoF-intolerant (pLI=0.99999, LOEUF=0.165)
ZNF609	LoF	gnomad	medium	LoF-intolerant (pLI=1.0, LOEUF=0.154)
ZNF618	LoF	gnomad	medium	LoF-intolerant (pLI=0.99842, LOEUF=0.257)
ZNF628	LoF	gnomad	medium	LoF-intolerant (pLI=0.91268, LOEUF=0.359)
ZNF629	LoF	gnomad	medium	LoF-intolerant (pLI=0.99978, LOEUF=0.166)
ZNF638	LoF	gnomad	medium	LoF-intolerant (pLI=1.0, LOEUF=0.169)
ZNF644	LoF	gnomad	medium	LoF-intolerant (pLI=0.99914, LOEUF=0.253)
ZNF654	LoF	gnomad	medium	LoF-intolerant (pLI=0.99753, LOEUF=0.17)
ZNF687	LoF	gnomad	medium	LoF-intolerant (pLI=0.97101, LOEUF=0.319)
ZNF704	LoF	gnomad	medium	LoF-intolerant (pLI=0.99532, LOEUF=0.234)
ZNF710	LoF	gnomad	medium	LoF-intolerant (pLI=0.99003, LOEUF=0.278)
ZNF711	LoF	gnomad	medium	LoF-intolerant (pLI=0.97887, LOEUF=0.305)
ZNF770	LoF	gnomad	medium	LoF-intolerant (pLI=0.99077, LOEUF=0.275)
ZNF777	LoF	gnomad	medium	LoF-intolerant (pLI=0.99998, LOEUF=0.096)
ZNF800	LoF	gnomad	medium	LoF-intolerant (pLI=0.99985, LOEUF=0.161)
ZNF827	LoF	gnomad	medium	LoF-intolerant (pLI=0.99965, LOEUF=0.234)
ZNF865	LoF	gnomad	medium	LoF-intolerant (pLI=0.99814, LOEUF=0.163)
ZNFX1	LoF	gnomad	medium	LoF-intolerant (pLI=0.99983, LOEUF=0.252)
ZNRF1	LoF	gnomad	medium	LoF-intolerant (pLI=0.90588, LOEUF=0.392)
ZNRF3	LoF	gnomad	medium	LoF-intolerant (pLI=0.98884, LOEUF=0.294)
ZRANB1	LoF	gnomad	medium	LoF-intolerant (pLI=0.99885, LOEUF=0.246)
ZRANB2	LoF	gnomad	medium	LoF-intolerant (pLI=0.99949, LOEUF=0.181)
ZRSR2	LoF	gnomad	medium	LoF-intolerant (pLI=0.99963, LOEUF=0.132)
ZSWIM6	LoF	gnomad	medium	LoF-intolerant (pLI=1.0, LOEUF=0.067)
ZSWIM8	LoF	gnomad	medium	LoF-intolerant (pLI=1.0, LOEUF=0.133)
ZXDB	LoF	gnomad	medium	LoF-intolerant (pLI=0.95266, LOEUF=0.312)
ZYG11B	LoF	gnomad	medium	LoF-intolerant (pLI=0.99836, LOEUF=0.252)
ZZEF1	LoF	gnomad	medium	LoF-intolerant (pLI=0.83468, LOEUF=0.291)
ZZZ3	LoF	gnomad	medium	LoF-intolerant (pLI=0.99998, LOEUF=0.177)
